  seed 16 sampel 1/3
    [0] retract g1: sudah REST -> dilewati
    [1] traverse g1 0.000->0.600: CLEAR min 526.7 mm (t1_a2_right_finger_prox_link_0 <-> t2_a1_right_finger_prox_link_0)
[INFO] [1790562434.890716269] [reach_dwell_probe]: torsi RNEA+offset(per-aktuator) vs rating: 1=0.05->6.65/10, 2=1.66->9.36/14, 3=1.22->7.82/10, 4=0.24->2.22/7, 5=0.06->2.04/7, 6=0.00->1.98/7  (terketat t1_a1_joint_3 78 %)
/home/user1/Documents/ceiling_arm/scripts/interarm_collision.py:66: UserWarning: You passed package dir(s) via argument geometry_model and provided package_dirs.
  self.geom = pin.buildGeomFromUrdf(
/home/user1/Documents/ceiling_arm/scripts/interarm_collision.py:168: UserWarning: You passed package dir(s) via argument geometry_model and provided package_dirs.
  self.geom = pin.buildGeomFromUrdf(
[INFO] [1790562460.280902050] [reach_dwell_probe]: jarak antar-lengan minimum sepanjang rencana: 606.7 mm di titik 29 (t1_a1_upper_wrist_link_0 <-> t1_a2_upper_wrist_link_0) -> CLEAR
    [2] task t0 arm_1 -> [1.0714, 0.1765, 1.0] @rail 0.600: PLANNED (25.5 s)
[INFO] [1790562460.328690022] [reach_dwell_probe]: torsi RNEA+offset(per-aktuator) vs rating: 1=0.03->6.63/10, 2=2.13->9.83/14, 3=1.17->7.77/10, 4=0.16->2.14/7, 5=0.06->2.04/7, 6=0.00->1.98/7  (terketat t1_a2_joint_3 78 %)
[INFO] [1790562482.538368596] [reach_dwell_probe]: jarak antar-lengan minimum sepanjang rencana: 500.9 mm di titik 84 (t1_a2_forearm_link_0 <-> t2_a1_arm_link_0) -> CLEAR
    [3] task t3 arm_2 -> [0.1429, 0.3176, 1.0] @rail 0.600: PLANNED (22.3 s)
    [4] retract g1: se-gantry 601.8 / antar 504.7 mm -> CLEAR
    [5] traverse g1 0.600->1.250: CLEAR min 502.7 mm (t1_a2_right_finger_prox_link_0 <-> t2_a1_right_finger_prox_link_0)
[INFO] [1790562498.719765808] [reach_dwell_probe]: torsi RNEA+offset(per-aktuator) vs rating: 1=0.04->6.64/10, 2=4.82->12.52/14, 3=0.67->7.27/10, 4=0.02->2.00/7, 5=0.05->2.03/7, 6=0.00->1.98/7  (terketat t1_a1_joint_2 89 %)
[INFO] [1790562526.133942192] [reach_dwell_probe]: jarak antar-lengan minimum sepanjang rencana: 605.4 mm di titik 127 (t1_a1_arm_link_0 <-> t1_a2_arm_link_0) -> CLEAR
    [6] task t1 arm_1 -> [1.6429, 0.5294, 1.0] @rail 1.250: PLANNED (27.5 s)
[INFO] [1790562526.214112869] [reach_dwell_probe]: torsi RNEA+offset(per-aktuator) vs rating: 1=0.16->6.76/10, 2=5.59->13.29/14, 3=2.22->8.82/10, 4=0.39->2.37/7, 5=0.06->2.04/7, 6=0.00->1.98/7  (terketat t1_a1_joint_2 95 %)
[INFO] [1790562557.991603489] [reach_dwell_probe]: jarak antar-lengan minimum sepanjang rencana: 605.4 mm di titik 0 (t1_a1_arm_link_0 <-> t1_a2_arm_link_0) -> CLEAR
    [7] task t5 arm_1 -> [1.7143, 0.3176, 1.32] @rail 1.250: PLANNED (31.9 s)
    [8] retract g2: sudah REST -> dilewati
    [9] traverse g2 0.000->0.550: CLEAR min 502.7 mm (t1_a2_right_finger_prox_link_0 <-> t2_a1_right_finger_prox_link_0)
[INFO] [1790562558.152024464] [reach_dwell_probe]: torsi RNEA+offset(per-aktuator) vs rating: 1=0.01->6.61/10, 2=5.08->12.78/14, 3=0.74->7.34/10, 4=0.07->2.05/7, 5=0.06->2.04/7, 6=0.00->1.98/7  (terketat t2_a1_joint_2 91 %)
[INFO] [1790562570.278762287] [reach_dwell_probe]: jarak antar-lengan minimum sepanjang rencana: 456.1 mm di titik 41 (t1_a2_upper_wrist_link_0 <-> t2_a1_upper_wrist_link_0) -> CLEAR
    [10] task t4 arm_3 -> [1.0714, -0.1765, 1.0] @rail 0.550: PLANNED (12.2 s)
    [11] retract g2: se-gantry 622.7 / antar 456.7 mm -> CLEAR
    [12] traverse g2 0.550->1.050: CLEAR min 392.0 mm (t1_a1_arm_link_0 <-> t2_a1_arm_link_0)
[INFO] [1790562583.549201703] [reach_dwell_probe]: torsi RNEA+offset(per-aktuator) vs rating: 1=0.00->6.60/10, 2=0.41->8.11/14, 3=2.13->8.73/10, 4=0.36->2.34/7, 5=0.06->2.04/7, 6=0.00->1.98/7  (terketat t2_a1_joint_3 87 %)
[INFO] [1790562609.034412594] [reach_dwell_probe]: jarak antar-lengan minimum sepanjang rencana: 392.0 mm di titik 1 (t1_a1_arm_link_0 <-> t2_a1_arm_link_0) -> CLEAR
    [13] task t2 arm_3 -> [1.5714, -0.3176, 1.08] @rail 1.050: PLANNED (25.5 s)
  seed 16 sampel 2/3
    [0] retract g1: sudah REST -> dilewati
    [1] traverse g1 0.000->0.600: CLEAR min 530.4 mm (t1_a2_right_finger_prox_link_0 <-> t2_a1_right_finger_prox_link_0)
[INFO] [1790562609.188236446] [reach_dwell_probe]: torsi RNEA+offset(per-aktuator) vs rating: 1=0.09->6.69/10, 2=5.03->12.73/14, 3=0.58->7.18/10, 4=0.02->2.00/7, 5=0.06->2.04/7, 6=0.00->1.98/7  (terketat t1_a1_joint_2 91 %)
[INFO] [1790562626.925599467] [reach_dwell_probe]: jarak antar-lengan minimum sepanjang rencana: 622.7 mm di titik 0 (t1_a1_arm_link_0 <-> t1_a2_arm_link_0) -> CLEAR
    [2] task t0 arm_1 -> [1.0714, 0.1765, 1.0] @rail 0.600: PLANNED (17.8 s)
[INFO] [1790562626.975252346] [reach_dwell_probe]: torsi RNEA+offset(per-aktuator) vs rating: 1=0.01->6.61/10, 2=0.27->7.97/14, 3=1.43->8.03/10, 4=0.23->2.21/7, 5=0.05->2.03/7, 6=0.00->1.98/7  (terketat t1_a2_joint_3 80 %)
[INFO] [1790562660.269809949] [reach_dwell_probe]: jarak antar-lengan minimum sepanjang rencana: 534.7 mm di titik 0 (t1_a2_right_finger_prox_link_0 <-> t2_a1_right_finger_prox_link_0) -> CLEAR
    [3] task t3 arm_2 -> [0.1429, 0.3176, 1.0] @rail 0.600: PLANNED (33.3 s)
    [4] retract g1: se-gantry 622.7 / antar 530.4 mm -> CLEAR
    [5] traverse g1 0.600->1.250: CLEAR min 500.8 mm (t1_a2_right_finger_prox_link_0 <-> t2_a1_right_finger_prox_link_0)
[INFO] [1790562674.448168524] [reach_dwell_probe]: torsi RNEA+offset(per-aktuator) vs rating: 1=0.06->6.66/10, 2=3.81->11.51/14, 3=0.38->6.98/10, 4=0.02->2.00/7, 5=0.06->2.04/7, 6=0.00->1.98/7  (terketat t1_a1_joint_2 82 %)
[INFO] [1790562690.035125411] [reach_dwell_probe]: jarak antar-lengan minimum sepanjang rencana: 584.0 mm di titik 38 (t1_a1_forearm_link_0 <-> t1_a2_arm_link_0) -> CLEAR
    [6] task t1 arm_1 -> [1.6429, 0.5294, 1.0] @rail 1.250: PLANNED (15.6 s)
[INFO] [1790562690.086867721] [reach_dwell_probe]: torsi RNEA+offset(per-aktuator) vs rating: 1=0.02->6.62/10, 2=3.86->11.56/14, 3=2.56->9.16/10, 4=0.40->2.38/7, 5=0.06->2.04/7, 6=0.00->1.98/7  (terketat t1_a1_joint_3 92 %)
[INFO] [1790562710.250789000] [reach_dwell_probe]: jarak antar-lengan minimum sepanjang rencana: 648.7 mm di titik 0 (t1_a1_forearm_link_0 <-> t1_a2_arm_link_0) -> CLEAR
    [7] task t5 arm_1 -> [1.7143, 0.3176, 1.32] @rail 1.250: PLANNED (20.2 s)
    [8] retract g2: sudah REST -> dilewati
    [9] traverse g2 0.000->0.550: CLEAR min 500.8 mm (t1_a2_right_finger_prox_link_0 <-> t2_a1_right_finger_prox_link_0)
[INFO] [1790562710.411161876] [reach_dwell_probe]: torsi RNEA+offset(per-aktuator) vs rating: 1=0.09->6.69/10, 2=4.27->11.97/14, 3=0.67->7.27/10, 4=0.12->2.10/7, 5=0.07->2.05/7, 6=0.00->1.98/7  (terketat t2_a1_joint_2 85 %)
[INFO] [1790562739.047659312] [reach_dwell_probe]: jarak antar-lengan minimum sepanjang rencana: 416.8 mm di titik 114 (t1_a2_right_finger_prox_link_0 <-> t2_a1_left_finger_prox_link_0) -> CLEAR
    [10] task t4 arm_3 -> [1.0714, -0.1765, 1.0] @rail 0.550: PLANNED (28.7 s)
    [11] retract g2: se-gantry 614.2 / antar 413.4 mm -> CLEAR
    [12] traverse g2 0.550->1.050: CLEAR min 506.2 mm (t1_a2_right_finger_prox_link_0 <-> t2_a1_right_finger_prox_link_0)
[INFO] [1790562752.065027336] [reach_dwell_probe]: torsi RNEA+offset(per-aktuator) vs rating: 1=0.01->6.61/10, 2=5.33->13.03/14, 3=0.93->7.53/10, 4=0.18->2.16/7, 5=0.07->2.05/7, 6=0.00->1.98/7  (terketat t2_a1_joint_2 93 %)
[INFO] [1790562777.953070969] [reach_dwell_probe]: jarak antar-lengan minimum sepanjang rencana: 440.1 mm di titik 122 (t1_a1_upper_wrist_link_0 <-> t2_a1_arm_link_0) -> CLEAR
    [13] task t2 arm_3 -> [1.5714, -0.3176, 1.08] @rail 1.050: PLANNED (25.9 s)
  seed 16 sampel 3/3
    [0] retract g1: sudah REST -> dilewati
    [1] traverse g1 0.000->0.600: CLEAR min 526.7 mm (t1_a2_right_finger_prox_link_0 <-> t2_a1_right_finger_prox_link_0)
[INFO] [1790562778.110152983] [reach_dwell_probe]: torsi RNEA+offset(per-aktuator) vs rating: 1=0.07->6.67/10, 2=2.96->10.66/14, 3=1.70->8.30/10, 4=0.23->2.21/7, 5=0.06->2.04/7, 6=0.00->1.98/7  (terketat t1_a1_joint_3 83 %)
[INFO] [1790562796.625798664] [reach_dwell_probe]: jarak antar-lengan minimum sepanjang rencana: 622.7 mm di titik 0 (t1_a1_arm_link_0 <-> t1_a2_arm_link_0) -> CLEAR
    [2] task t0 arm_1 -> [1.0714, 0.1765, 1.0] @rail 0.600: PLANNED (18.6 s)
[INFO] [1790562796.690169144] [reach_dwell_probe]: torsi RNEA+offset(per-aktuator) vs rating: 1=0.01->6.61/10, 2=3.19->10.89/14, 3=0.79->7.39/10, 4=0.14->2.12/7, 5=0.07->2.05/7, 6=0.00->1.98/7  (terketat t1_a2_joint_2 78 %)
[INFO] [1790562837.421114634] [reach_dwell_probe]: jarak antar-lengan minimum sepanjang rencana: 484.7 mm di titik 125 (t1_a2_arm_link_0 <-> t2_a1_arm_link_0) -> CLEAR
    [3] task t3 arm_2 -> [0.1429, 0.3176, 1.0] @rail 0.600: PLANNED (40.8 s)
    [4] retract g1: se-gantry 622.7 / antar 484.8 mm -> CLEAR
    [5] traverse g1 0.600->1.250: CLEAR min 502.7 mm (t1_a2_right_finger_prox_link_0 <-> t2_a1_right_finger_prox_link_0)
[INFO] [1790562855.455952407] [reach_dwell_probe]: torsi RNEA+offset(per-aktuator) vs rating: 1=0.02->6.62/10, 2=2.25->9.95/14, 3=1.53->8.13/10, 4=0.25->2.23/7, 5=0.06->2.04/7, 6=0.00->1.98/7  (terketat t1_a1_joint_3 81 %)
[INFO] [1790562879.477406232] [reach_dwell_probe]: jarak antar-lengan minimum sepanjang rencana: 622.0 mm di titik 18 (t1_a1_arm_link_0 <-> t1_a2_arm_link_0) -> CLEAR
    [6] task t1 arm_1 -> [1.6429, 0.5294, 1.0] @rail 1.250: PLANNED (24.1 s)
[INFO] [1790562879.531612140] [reach_dwell_probe]: torsi RNEA+offset(per-aktuator) vs rating: 1=0.07->6.67/10, 2=2.26->9.96/14, 3=2.44->9.04/10, 4=0.41->2.39/7, 5=0.06->2.04/7, 6=0.00->1.98/7  (terketat t1_a1_joint_3 90 %)
[INFO] [1790562896.153273446] [reach_dwell_probe]: jarak antar-lengan minimum sepanjang rencana: 516.4 mm di titik 82 (t1_a1_forearm_link_0 <-> t1_a2_arm_link_0) -> CLEAR
    [7] task t5 arm_1 -> [1.7143, 0.3176, 1.32] @rail 1.250: PLANNED (16.7 s)
    [8] retract g2: sudah REST -> dilewati
    [9] traverse g2 0.000->0.550: CLEAR min 502.7 mm (t1_a2_right_finger_prox_link_0 <-> t2_a1_right_finger_prox_link_0)
[INFO] [1790562896.323092465] [reach_dwell_probe]: torsi RNEA+offset(per-aktuator) vs rating: 1=0.10->6.70/10, 2=4.31->12.01/14, 3=0.65->7.25/10, 4=0.13->2.11/7, 5=0.07->2.05/7, 6=0.00->1.98/7  (terketat t2_a1_joint_2 86 %)
[INFO] [1790562924.420000137] [reach_dwell_probe]: jarak antar-lengan minimum sepanjang rencana: 414.3 mm di titik 105 (t1_a2_right_finger_prox_link_0 <-> t2_a1_left_finger_prox_link_0) -> CLEAR
    [10] task t4 arm_3 -> [1.0714, -0.1765, 1.0] @rail 0.550: PLANNED (28.2 s)
    [11] retract g2: se-gantry 613.0 / antar 411.1 mm -> CLEAR
    [12] traverse g2 0.550->1.050: CLEAR min 506.2 mm (t1_a2_right_finger_prox_link_0 <-> t2_a1_right_finger_prox_link_0)
[INFO] [1790562937.744956859] [reach_dwell_probe]: torsi RNEA+offset(per-aktuator) vs rating: 1=0.01->6.61/10, 2=5.20->12.90/14, 3=1.00->7.60/10, 4=0.18->2.16/7, 5=0.07->2.05/7, 6=0.00->1.98/7  (terketat t2_a1_joint_2 92 %)
[INFO] [1790562963.560662287] [reach_dwell_probe]: jarak antar-lengan minimum sepanjang rencana: 439.4 mm di titik 126 (t1_a1_upper_wrist_link_0 <-> t2_a1_arm_link_0) -> CLEAR
    [13] task t2 arm_3 -> [1.5714, -0.3176, 1.08] @rail 1.050: PLANNED (25.9 s)
seed 16: PLANNED/PLANNED/PLANNED -> LOLOS
  seed 17 sampel 1/3
    [0] retract g1: sudah REST -> dilewati
    [1] traverse g1 0.000->0.500: CLEAR min 546.1 mm (t1_platform_link_0 <-> t2_a1_shoulder_link_0)
[INFO] [1790562963.718976414] [reach_dwell_probe]: torsi RNEA+offset(per-aktuator) vs rating: 1=0.01->6.61/10, 2=4.29->11.99/14, 3=0.47->7.07/10, 4=0.08->2.06/7, 5=0.05->2.03/7, 6=0.00->1.98/7  (terketat t1_a1_joint_2 86 %)
[INFO] [1790562990.129591731] [reach_dwell_probe]: jarak antar-lengan minimum sepanjang rencana: 500.6 mm di titik 126 (t1_a1_lower_wrist_link_0 <-> t1_a2_upper_wrist_link_0) -> CLEAR
    [2] task t4 arm_1 -> [0.7143, 0.2471, 1.0] @rail 0.500: PLANNED (26.5 s)
[INFO] [1790562990.164408096] [reach_dwell_probe]: torsi RNEA+offset(per-aktuator) vs rating: 1=0.02->6.62/10, 2=2.82->10.52/14, 3=1.07->7.67/10, 4=0.22->2.20/7, 5=0.05->2.03/7, 6=0.00->1.98/7  (terketat t1_a2_joint_3 77 %)
[INFO] [1790562999.529789025] [reach_dwell_probe]: jarak antar-lengan minimum sepanjang rencana: 338.5 mm di titik 43 (t1_a1_lower_wrist_link_0 <-> t1_a2_lower_wrist_link_0) -> CLEAR
    [3] task t1 arm_2 -> [0.2857, 0.2471, 1.0] @rail 0.500: PLANNED (9.4 s)
    [4] retract g2: sudah REST -> dilewati
    [5] traverse g2 0.000->0.700: CLEAR min 453.6 mm (t1_a1_right_finger_prox_link_0 <-> t2_a1_right_finger_prox_link_0)
[INFO] [1790562999.737171298] [reach_dwell_probe]: torsi RNEA+offset(per-aktuator) vs rating: 1=0.03->6.63/10, 2=2.52->10.22/14, 3=1.34->7.94/10, 4=0.24->2.22/7, 5=0.08->2.06/7, 6=0.00->1.98/7  (terketat t2_a1_joint_3 79 %)
[INFO] [1790563027.440376875] [reach_dwell_probe]: jarak antar-lengan minimum sepanjang rencana: 472.6 mm di titik 126 (t1_a1_right_finger_prox_link_0 <-> t2_a1_upper_wrist_link_0) -> CLEAR
    [6] task t2 arm_3 -> [0.9286, -0.2471, 1.0] @rail 0.700: PLANNED (27.8 s)
[INFO] [1790563027.486282231] [reach_dwell_probe]: torsi RNEA+offset(per-aktuator) vs rating: 1=0.02->6.62/10, 2=4.19->11.89/14, 3=0.49->7.09/10, 4=0.07->2.05/7, 5=0.06->2.04/7, 6=0.00->1.98/7  (terketat t2_a2_joint_2 85 %)
[INFO] [1790563058.414835982] [reach_dwell_probe]: jarak antar-lengan minimum sepanjang rencana: 539.7 mm di titik 0 (t1_platform_link_0 <-> t2_a2_base_link_0) -> CLEAR
    [7] task t0 arm_4 -> [0.2143, -0.4588, 1.0] @rail 0.700: PLANNED (31.0 s)
[INFO] [1790563058.472712431] [reach_dwell_probe]: torsi RNEA+offset(per-aktuator) vs rating: 1=0.07->6.67/10, 2=2.57->10.27/14, 3=1.37->7.97/10, 4=0.24->2.22/7, 5=0.06->2.04/7, 6=0.00->1.98/7  (terketat t2_a1_joint_3 80 %)
[INFO] [1790563086.289593157] [reach_dwell_probe]: jarak antar-lengan minimum sepanjang rencana: 472.6 mm di titik 0 (t1_a1_right_finger_prox_link_0 <-> t2_a1_upper_wrist_link_0) -> CLEAR
    [8] task t3 arm_3 -> [1.1429, -0.3882, 1.0] @rail 0.700: PLANNED (27.9 s)
[INFO] [1790563086.343208592] [reach_dwell_probe]: torsi RNEA+offset(per-aktuator) vs rating: 1=0.05->6.65/10, 2=4.64->12.34/14, 3=1.09->7.69/10, 4=0.17->2.15/7, 5=0.06->2.04/7, 6=0.00->1.98/7  (terketat t2_a2_joint_2 88 %)
[INFO] [1790563109.514760664] [reach_dwell_probe]: jarak antar-lengan minimum sepanjang rencana: 464.2 mm di titik 90 (t2_a1_arm_link_0 <-> t2_a2_arm_link_0) -> CLEAR
    [9] task t5 arm_4 -> [0.4286, -0.3176, 1.08] @rail 0.700: PLANNED (23.2 s)
  seed 17 sampel 2/3
    [0] retract g1: sudah REST -> dilewati
    [1] traverse g1 0.000->0.500: CLEAR min 546.1 mm (t1_platform_link_0 <-> t2_a1_shoulder_link_0)
[INFO] [1790563109.662142223] [reach_dwell_probe]: torsi RNEA+offset(per-aktuator) vs rating: 1=0.01->6.61/10, 2=2.48->10.18/14, 3=1.14->7.74/10, 4=0.23->2.21/7, 5=0.06->2.04/7, 6=0.00->1.98/7  (terketat t1_a1_joint_3 77 %)
[INFO] [1790563126.405840589] [reach_dwell_probe]: jarak antar-lengan minimum sepanjang rencana: 512.2 mm di titik 80 (t1_a1_gripper_base_link_0 <-> t1_a2_upper_wrist_link_0) -> CLEAR
    [2] task t4 arm_1 -> [0.7143, 0.2471, 1.0] @rail 0.500: PLANNED (16.8 s)
[INFO] [1790563126.460499373] [reach_dwell_probe]: torsi RNEA+offset(per-aktuator) vs rating: 1=0.04->6.64/10, 2=3.65->11.35/14, 3=1.64->8.24/10, 4=0.24->2.22/7, 5=0.05->2.03/7, 6=0.00->1.98/7  (terketat t1_a2_joint_3 82 %)
[INFO] [1790563146.024301184] [reach_dwell_probe]: jarak antar-lengan minimum sepanjang rencana: 341.5 mm di titik 81 (t1_a1_left_finger_prox_link_0 <-> t1_a2_left_finger_prox_link_0) -> CLEAR
    [3] task t1 arm_2 -> [0.2857, 0.2471, 1.0] @rail 0.500: PLANNED (19.6 s)
    [4] retract g2: sudah REST -> dilewati
    [5] traverse g2 0.000->0.700: CLEAR min 469.9 mm (t1_a1_right_finger_prox_link_0 <-> t2_a1_right_finger_prox_link_0)
[INFO] [1790563146.213272582] [reach_dwell_probe]: torsi RNEA+offset(per-aktuator) vs rating: 1=0.04->6.64/10, 2=4.31->12.01/14, 3=0.49->7.09/10, 4=0.07->2.05/7, 5=0.06->2.04/7, 6=0.00->1.98/7  (terketat t2_a1_joint_2 86 %)
[INFO] [1790563172.720921183] [reach_dwell_probe]: jarak antar-lengan minimum sepanjang rencana: 435.0 mm di titik 123 (t1_a1_lower_wrist_link_0 <-> t2_a1_lower_wrist_link_0) -> CLEAR
    [6] task t2 arm_3 -> [0.9286, -0.2471, 1.0] @rail 0.700: PLANNED (26.6 s)
[INFO] [1790563172.773164995] [reach_dwell_probe]: torsi RNEA+offset(per-aktuator) vs rating: 1=0.01->6.61/10, 2=1.01->8.71/14, 3=1.53->8.13/10, 4=0.25->2.23/7, 5=0.06->2.04/7, 6=0.00->1.98/7  (terketat t2_a2_joint_3 81 %)
[INFO] [1790563200.782534200] [reach_dwell_probe]: jarak antar-lengan minimum sepanjang rencana: 516.6 mm di titik 0 (t1_a2_lower_wrist_link_0 <-> t2_a2_lower_wrist_link_0) -> CLEAR
    [7] task t0 arm_4 -> [0.2143, -0.4588, 1.0] @rail 0.700: PLANNED (28.1 s)
[INFO] [1790563200.829822878] [reach_dwell_probe]: torsi RNEA+offset(per-aktuator) vs rating: 1=0.08->6.68/10, 2=4.39->12.09/14, 3=1.05->7.65/10, 4=0.18->2.16/7, 5=0.06->2.04/7, 6=0.00->1.98/7  (terketat t2_a1_joint_2 86 %)
[INFO] [1790563218.040108412] [reach_dwell_probe]: jarak antar-lengan minimum sepanjang rencana: 435.0 mm di titik 0 (t1_a1_lower_wrist_link_0 <-> t2_a1_lower_wrist_link_0) -> CLEAR
    [8] task t3 arm_3 -> [1.1429, -0.3882, 1.0] @rail 0.700: PLANNED (17.3 s)
[INFO] [1790563218.097232748] [reach_dwell_probe]: torsi RNEA+offset(per-aktuator) vs rating: 1=0.01->6.61/10, 2=1.30->9.00/14, 3=1.92->8.52/10, 4=0.35->2.33/7, 5=0.08->2.06/7, 6=0.00->1.98/7  (terketat t2_a2_joint_3 85 %)
[INFO] [1790563247.538100784] [reach_dwell_probe]: jarak antar-lengan minimum sepanjang rencana: 460.1 mm di titik 121 (t1_a2_lower_wrist_link_0 <-> t2_a2_lower_wrist_link_0) -> CLEAR
    [9] task t5 arm_4 -> [0.4286, -0.3176, 1.08] @rail 0.700: PLANNED (29.5 s)
  seed 17 sampel 3/3
    [0] retract g1: sudah REST -> dilewati
    [1] traverse g1 0.000->0.500: CLEAR min 546.1 mm (t1_platform_link_0 <-> t2_a1_shoulder_link_0)
[INFO] [1790563247.698139866] [reach_dwell_probe]: torsi RNEA+offset(per-aktuator) vs rating: 1=0.08->6.68/10, 2=3.88->11.58/14, 3=1.36->7.96/10, 4=0.22->2.20/7, 5=0.06->2.04/7, 6=0.00->1.98/7  (terketat t1_a1_joint_2 83 %)
[INFO] [1790563274.179604739] [reach_dwell_probe]: jarak antar-lengan minimum sepanjang rencana: 515.7 mm di titik 124 (t1_a1_upper_wrist_link_0 <-> t1_a2_upper_wrist_link_0) -> CLEAR
    [2] task t4 arm_1 -> [0.7143, 0.2471, 1.0] @rail 0.500: PLANNED (26.5 s)
[INFO] [1790563274.249300228] [reach_dwell_probe]: torsi RNEA+offset(per-aktuator) vs rating: 1=0.04->6.64/10, 2=3.29->10.99/14, 3=1.28->7.88/10, 4=0.23->2.21/7, 5=0.08->2.06/7, 6=0.00->1.98/7  (terketat t1_a2_joint_3 79 %)
[INFO] [1790563303.466205511] [reach_dwell_probe]: jarak antar-lengan minimum sepanjang rencana: 351.2 mm di titik 124 (t1_a1_gripper_base_link_0 <-> t1_a2_left_finger_prox_link_0) -> CLEAR
    [3] task t1 arm_2 -> [0.2857, 0.2471, 1.0] @rail 0.500: PLANNED (29.3 s)
    [4] retract g2: sudah REST -> dilewati
    [5] traverse g2 0.000->0.700: CLEAR min 449.8 mm (t1_a1_right_finger_prox_link_0 <-> t2_a1_right_finger_prox_link_0)
[INFO] [1790563303.648050565] [reach_dwell_probe]: torsi RNEA+offset(per-aktuator) vs rating: 1=0.10->6.70/10, 2=5.09->12.79/14, 3=0.49->7.09/10, 4=0.02->2.00/7, 5=0.05->2.03/7, 6=0.00->1.98/7  (terketat t2_a1_joint_2 91 %)
[INFO] [1790563321.122902852] [reach_dwell_probe]: jarak antar-lengan minimum sepanjang rencana: 430.3 mm di titik 76 (t1_a1_lower_wrist_link_0 <-> t2_a1_lower_wrist_link_0) -> CLEAR
    [6] task t2 arm_3 -> [0.9286, -0.2471, 1.0] @rail 0.700: PLANNED (17.5 s)
[INFO] [1790563321.160665827] [reach_dwell_probe]: torsi RNEA+offset(per-aktuator) vs rating: 1=0.02->6.62/10, 2=4.46->12.16/14, 3=0.41->7.01/10, 4=0.01->1.99/7, 5=0.06->2.04/7, 6=0.00->1.98/7  (terketat t2_a2_joint_2 87 %)
[INFO] [1790563332.190974392] [reach_dwell_probe]: jarak antar-lengan minimum sepanjang rencana: 504.9 mm di titik 0 (t1_a2_lower_wrist_link_0 <-> t2_a2_lower_wrist_link_0) -> CLEAR
    [7] task t0 arm_4 -> [0.2143, -0.4588, 1.0] @rail 0.700: PLANNED (11.1 s)
[INFO] [1790563332.247786180] [reach_dwell_probe]: torsi RNEA+offset(per-aktuator) vs rating: 1=0.06->6.66/10, 2=5.17->12.87/14, 3=0.99->7.59/10, 4=0.17->2.15/7, 5=0.09->2.07/7, 6=0.00->1.98/7  (terketat t2_a1_joint_2 92 %)
[INFO] [1790563367.571138994] [reach_dwell_probe]: jarak antar-lengan minimum sepanjang rencana: 418.0 mm di titik 19 (t1_a1_lower_wrist_link_0 <-> t2_a1_upper_wrist_link_0) -> CLEAR
    [8] task t3 arm_3 -> [1.1429, -0.3882, 1.0] @rail 0.700: PLANNED (35.4 s)
[INFO] [1790563367.619163471] [reach_dwell_probe]: torsi RNEA+offset(per-aktuator) vs rating: 1=0.04->6.64/10, 2=4.62->12.32/14, 3=1.91->8.51/10, 4=0.35->2.33/7, 5=0.06->2.04/7, 6=0.00->1.98/7  (terketat t2_a2_joint_2 88 %)
[INFO] [1790563380.190830430] [reach_dwell_probe]: jarak antar-lengan minimum sepanjang rencana: 442.7 mm di titik 48 (t1_a2_lower_wrist_link_0 <-> t2_a2_lower_wrist_link_0) -> CLEAR
    [9] task t5 arm_4 -> [0.4286, -0.3176, 1.08] @rail 0.700: PLANNED (12.6 s)
seed 17: PLANNED/PLANNED/PLANNED -> LOLOS
  seed 18 sampel 1/3
    [0] retract g1: sudah REST -> dilewati
    [1] traverse g1 0.000->0.450: CLEAR min 546.1 mm (t1_platform_link_0 <-> t2_a1_shoulder_link_0)
[INFO] [1790563380.321759681] [reach_dwell_probe]: torsi RNEA+offset(per-aktuator) vs rating: 1=0.05->6.65/10, 2=3.03->10.73/14, 3=1.01->7.61/10, 4=0.20->2.18/7, 5=0.06->2.04/7, 6=0.00->1.98/7  (terketat t1_a1_joint_2 77 %)
[INFO] [1790563388.957581154] [reach_dwell_probe]: jarak antar-lengan minimum sepanjang rencana: 488.9 mm di titik 39 (t1_a1_right_finger_prox_link_0 <-> t2_a1_right_finger_prox_link_0) -> CLEAR
    [2] task t3 arm_1 -> [0.7143, 0.1765, 1.0] @rail 0.450: PLANNED (8.7 s)
    [3] retract g1: se-gantry 560.2 / antar 485.1 mm -> CLEAR
    [4] traverse g1 0.450->0.950: CLEAR min 502.7 mm (t1_a2_right_finger_prox_link_0 <-> t2_a1_right_finger_prox_link_0)
[INFO] [1790563401.903440964] [reach_dwell_probe]: torsi RNEA+offset(per-aktuator) vs rating: 1=0.07->6.67/10, 2=5.09->12.79/14, 3=1.57->8.17/10, 4=0.30->2.28/7, 5=0.06->2.04/7, 6=0.00->1.98/7  (terketat t1_a1_joint_2 91 %)
[INFO] [1790563419.552177497] [reach_dwell_probe]: jarak antar-lengan minimum sepanjang rencana: 622.7 mm di titik 0 (t1_a1_arm_link_0 <-> t1_a2_arm_link_0) -> CLEAR
    [5] task t1 arm_1 -> [1.4286, 0.3882, 1.16] @rail 0.950: PLANNED (17.7 s)
[INFO] [1790563419.600897707] [reach_dwell_probe]: torsi RNEA+offset(per-aktuator) vs rating: 1=0.07->6.67/10, 2=5.13->12.83/14, 3=1.59->8.19/10, 4=0.30->2.28/7, 5=0.06->2.04/7, 6=0.00->1.98/7  (terketat t1_a1_joint_2 92 %)
[INFO] [1790563440.691258240] [reach_dwell_probe]: jarak antar-lengan minimum sepanjang rencana: 492.9 mm di titik 99 (t1_a1_upper_wrist_link_0 <-> t1_a2_upper_wrist_link_0) -> CLEAR
    [6] task t5 arm_1 -> [1.1429, 0.3176, 1.0] @rail 0.950: PLANNED (21.1 s)
    [7] retract g2: sudah REST -> dilewati
    [8] traverse g2 0.000->0.100: CLEAR min 510.7 mm (t1_a2_right_finger_prox_link_0 <-> t2_a1_right_finger_prox_link_0)
[INFO] [1790563440.759604524] [reach_dwell_probe]: torsi RNEA+offset(per-aktuator) vs rating: 1=0.05->6.65/10, 2=3.32->11.02/14, 3=1.71->8.31/10, 4=0.25->2.23/7, 5=0.06->2.04/7, 6=0.00->1.98/7  (terketat t2_a1_joint_3 83 %)
[INFO] [1790563453.012454133] [reach_dwell_probe]: jarak antar-lengan minimum sepanjang rencana: 501.9 mm di titik 0 (t1_a2_right_finger_prox_link_0 <-> t2_a1_right_finger_prox_link_0) -> CLEAR
    [9] task t0 arm_3 -> [0.4286, -0.3882, 1.08] @rail 0.100: PLANNED (12.3 s)
    [10] retract g2: se-gantry 555.0 / antar 506.0 mm -> CLEAR
    [11] traverse g2 0.100->1.300: CLEAR min 500.8 mm (t1_a2_right_finger_prox_link_0 <-> t2_a1_right_finger_prox_link_0)
[INFO] [1790563466.147119449] [reach_dwell_probe]: torsi RNEA+offset(per-aktuator) vs rating: 1=0.02->6.62/10, 2=5.27->12.97/14, 3=1.61->8.21/10, 4=0.28->2.26/7, 5=0.09->2.07/7, 6=0.00->1.98/7  (terketat t2_a1_joint_2 93 %)
[INFO] [1790563492.148378403] [reach_dwell_probe]: jarak antar-lengan minimum sepanjang rencana: 622.7 mm di titik 0 (t2_a1_arm_link_0 <-> t2_a2_arm_link_0) -> CLEAR
    [12] task t2 arm_3 -> [1.7857, -0.3882, 1.16] @rail 1.300: PLANNED (26.1 s)
    [13] retract g2: se-gantry 622.7 / antar 539.7 mm -> CLEAR
    [14] traverse g2 1.300->1.550: CLEAR min 539.7 mm (t1_platform_link_0 <-> t2_a2_base_link_0)
[INFO] [1790563504.606613061] [reach_dwell_probe]: torsi RNEA+offset(per-aktuator) vs rating: 1=0.04->6.64/10, 2=4.39->12.09/14, 3=1.24->7.84/10, 4=0.20->2.18/7, 5=0.06->2.04/7, 6=0.00->1.98/7  (terketat t2_a1_joint_2 86 %)
[INFO] [1790563528.942144991] [reach_dwell_probe]: jarak antar-lengan minimum sepanjang rencana: 567.8 mm di titik 51 (t2_a1_arm_link_0 <-> t2_a2_arm_link_0) -> CLEAR
    [15] task t4 arm_3 -> [2.0, -0.4588, 1.08] @rail 1.550: PLANNED (24.4 s)
  seed 18 sampel 2/3
    [0] retract g1: sudah REST -> dilewati
    [1] traverse g1 0.000->0.450: CLEAR min 546.1 mm (t1_platform_link_0 <-> t2_a1_shoulder_link_0)
[INFO] [1790563529.086520814] [reach_dwell_probe]: torsi RNEA+offset(per-aktuator) vs rating: 1=0.11->6.71/10, 2=4.63->12.33/14, 3=1.38->7.98/10, 4=0.19->2.17/7, 5=0.06->2.04/7, 6=0.00->1.98/7  (terketat t1_a1_joint_2 88 %)
[INFO] [1790563556.042715171] [reach_dwell_probe]: jarak antar-lengan minimum sepanjang rencana: 496.1 mm di titik 126 (t1_a1_gripper_base_link_0 <-> t2_a1_right_finger_prox_link_0) -> CLEAR
    [2] task t3 arm_1 -> [0.7143, 0.1765, 1.0] @rail 0.450: PLANNED (27.0 s)
    [3] retract g1: se-gantry 536.8 / antar 496.2 mm -> CLEAR
    [4] traverse g1 0.450->0.950: CLEAR min 502.7 mm (t1_a2_right_finger_prox_link_0 <-> t2_a1_right_finger_prox_link_0)
[INFO] [1790563568.818954244] [reach_dwell_probe]: torsi RNEA+offset(per-aktuator) vs rating: 1=0.02->6.62/10, 2=2.11->9.81/14, 3=2.40->9.00/10, 4=0.38->2.36/7, 5=0.06->2.04/7, 6=0.00->1.98/7  (terketat t1_a1_joint_3 90 %)
[INFO] [1790563584.582205936] [reach_dwell_probe]: jarak antar-lengan minimum sepanjang rencana: 542.2 mm di titik 63 (t1_a1_forearm_link_0 <-> t1_a2_arm_link_0) -> CLEAR
    [5] task t1 arm_1 -> [1.4286, 0.3882, 1.16] @rail 0.950: PLANNED (15.8 s)
[INFO] [1790563584.640928359] [reach_dwell_probe]: torsi RNEA+offset(per-aktuator) vs rating: 1=0.01->6.61/10, 2=2.76->10.46/14, 3=2.43->9.03/10, 4=0.38->2.36/7, 5=0.16->2.14/7, 6=0.00->1.98/7  (terketat t1_a1_joint_3 90 %)
[INFO] [1790563610.758819250] [reach_dwell_probe]: jarak antar-lengan minimum sepanjang rencana: 490.2 mm di titik 136 (t1_a1_gripper_base_link_0 <-> t1_a2_upper_wrist_link_0) -> CLEAR
    [6] task t5 arm_1 -> [1.1429, 0.3176, 1.0] @rail 0.950: PLANNED (26.2 s)
    [7] retract g2: sudah REST -> dilewati
    [8] traverse g2 0.000->0.100: CLEAR min 510.7 mm (t1_a2_right_finger_prox_link_0 <-> t2_a1_right_finger_prox_link_0)
[INFO] [1790563610.824209247] [reach_dwell_probe]: torsi RNEA+offset(per-aktuator) vs rating: 1=0.02->6.62/10, 2=3.84->11.54/14, 3=1.46->8.06/10, 4=0.24->2.22/7, 5=0.06->2.04/7, 6=0.00->1.98/7  (terketat t2_a1_joint_2 82 %)
[INFO] [1790563635.943589627] [reach_dwell_probe]: jarak antar-lengan minimum sepanjang rencana: 488.2 mm di titik 126 (t2_a1_forearm_link_0 <-> t2_a2_arm_link_0) -> CLEAR
    [9] task t0 arm_3 -> [0.4286, -0.3882, 1.08] @rail 0.100: PLANNED (25.2 s)
    [10] retract g2: se-gantry 488.3 / antar 506.6 mm -> CLEAR
    [11] traverse g2 0.100->1.300: CLEAR min 502.7 mm (t1_a2_right_finger_prox_link_0 <-> t2_a1_right_finger_prox_link_0)
[INFO] [1790563647.980409444] [reach_dwell_probe]: torsi RNEA+offset(per-aktuator) vs rating: 1=0.09->6.69/10, 2=2.57->10.27/14, 3=2.17->8.77/10, 4=0.38->2.36/7, 5=0.06->2.04/7, 6=0.00->1.98/7  (terketat t2_a1_joint_3 88 %)
[INFO] [1790563676.066664141] [reach_dwell_probe]: jarak antar-lengan minimum sepanjang rencana: 537.4 mm di titik 131 (t2_a1_forearm_link_0 <-> t2_a2_arm_link_0) -> CLEAR
    [12] task t2 arm_3 -> [1.7857, -0.3882, 1.16] @rail 1.300: PLANNED (28.1 s)
    [13] retract g2: se-gantry 537.7 / antar 539.7 mm -> CLEAR
    [14] traverse g2 1.300->1.550: CLEAR min 539.7 mm (t1_platform_link_0 <-> t2_a2_base_link_0)
[INFO] [1790563688.672595751] [reach_dwell_probe]: torsi RNEA+offset(per-aktuator) vs rating: 1=0.05->6.65/10, 2=4.87->12.57/14, 3=1.15->7.75/10, 4=0.20->2.18/7, 5=0.08->2.06/7, 6=0.00->1.98/7  (terketat t2_a1_joint_2 90 %)
[INFO] [1790563715.645519511] [reach_dwell_probe]: jarak antar-lengan minimum sepanjang rencana: 622.7 mm di titik 0 (t2_a1_arm_link_0 <-> t2_a2_arm_link_0) -> CLEAR
    [15] task t4 arm_3 -> [2.0, -0.4588, 1.08] @rail 1.550: PLANNED (27.0 s)
  seed 18 sampel 3/3
    [0] retract g1: sudah REST -> dilewati
    [1] traverse g1 0.000->0.450: CLEAR min 546.1 mm (t1_platform_link_0 <-> t2_a1_shoulder_link_0)
[INFO] [1790563715.789478444] [reach_dwell_probe]: torsi RNEA+offset(per-aktuator) vs rating: 1=0.04->6.64/10, 2=3.05->10.75/14, 3=1.02->7.62/10, 4=0.21->2.19/7, 5=0.06->2.04/7, 6=0.00->1.98/7  (terketat t1_a1_joint_2 77 %)
[INFO] [1790563724.948841126] [reach_dwell_probe]: jarak antar-lengan minimum sepanjang rencana: 492.3 mm di titik 41 (t1_a1_right_finger_prox_link_0 <-> t2_a1_right_finger_prox_link_0) -> CLEAR
    [2] task t3 arm_1 -> [0.7143, 0.1765, 1.0] @rail 0.450: PLANNED (9.2 s)
    [3] retract g1: se-gantry 559.7 / antar 485.0 mm -> CLEAR
    [4] traverse g1 0.450->0.950: CLEAR min 502.7 mm (t1_a2_right_finger_prox_link_0 <-> t2_a1_right_finger_prox_link_0)
[INFO] [1790563738.186422369] [reach_dwell_probe]: torsi RNEA+offset(per-aktuator) vs rating: 1=0.01->6.61/10, 2=1.85->9.55/14, 3=2.31->8.91/10, 4=0.39->2.37/7, 5=0.06->2.04/7, 6=0.00->1.98/7  (terketat t1_a1_joint_3 89 %)
[INFO] [1790563761.418543593] [reach_dwell_probe]: jarak antar-lengan minimum sepanjang rencana: 534.1 mm di titik 127 (t1_a1_arm_link_0 <-> t1_a2_arm_link_0) -> CLEAR
    [5] task t1 arm_1 -> [1.4286, 0.3882, 1.16] @rail 0.950: PLANNED (23.3 s)
[INFO] [1790563761.463805182] [reach_dwell_probe]: torsi RNEA+offset(per-aktuator) vs rating: 1=0.06->6.66/10, 2=4.30->12.00/14, 3=2.32->8.92/10, 4=0.38->2.36/7, 5=0.06->2.04/7, 6=0.00->1.98/7  (terketat t1_a1_joint_3 89 %)
[INFO] [1790563776.189261854] [reach_dwell_probe]: jarak antar-lengan minimum sepanjang rencana: 491.4 mm di titik 62 (t1_a1_upper_wrist_link_0 <-> t1_a2_upper_wrist_link_0) -> CLEAR
    [6] task t5 arm_1 -> [1.1429, 0.3176, 1.0] @rail 0.950: PLANNED (14.8 s)
    [7] retract g2: sudah REST -> dilewati
    [8] traverse g2 0.000->0.100: CLEAR min 510.7 mm (t1_a2_right_finger_prox_link_0 <-> t2_a1_right_finger_prox_link_0)
[INFO] [1790563776.271914884] [reach_dwell_probe]: torsi RNEA+offset(per-aktuator) vs rating: 1=0.09->6.69/10, 2=4.34->12.04/14, 3=1.35->7.95/10, 4=0.24->2.22/7, 5=0.08->2.06/7, 6=0.00->1.98/7  (terketat t2_a1_joint_2 86 %)
[INFO] [1790563804.348316305] [reach_dwell_probe]: jarak antar-lengan minimum sepanjang rencana: 501.9 mm di titik 0 (t1_a2_right_finger_prox_link_0 <-> t2_a1_right_finger_prox_link_0) -> CLEAR
    [9] task t0 arm_3 -> [0.4286, -0.3882, 1.08] @rail 0.100: PLANNED (28.1 s)
    [10] retract g2: se-gantry 607.1 / antar 510.4 mm -> CLEAR
    [11] traverse g2 0.100->1.300: CLEAR min 502.7 mm (t1_a2_right_finger_prox_link_0 <-> t2_a1_right_finger_prox_link_0)
[INFO] [1790563817.744914957] [reach_dwell_probe]: torsi RNEA+offset(per-aktuator) vs rating: 1=0.07->6.67/10, 2=4.73->12.43/14, 3=1.74->8.34/10, 4=0.28->2.26/7, 5=0.06->2.04/7, 6=0.00->1.98/7  (terketat t2_a1_joint_2 89 %)
[INFO] [1790563841.038742865] [reach_dwell_probe]: jarak antar-lengan minimum sepanjang rencana: 574.4 mm di titik 35 (t2_a1_arm_link_0 <-> t2_a2_arm_link_0) -> CLEAR
    [12] task t2 arm_3 -> [1.7857, -0.3882, 1.16] @rail 1.300: PLANNED (23.3 s)
    [13] retract g2: se-gantry 574.4 / antar 539.7 mm -> CLEAR
    [14] traverse g2 1.300->1.550: CLEAR min 539.7 mm (t1_platform_link_0 <-> t2_a2_base_link_0)
[INFO] [1790563852.431780107] [reach_dwell_probe]: torsi RNEA+offset(per-aktuator) vs rating: 1=0.02->6.62/10, 2=1.05->8.75/14, 3=2.04->8.64/10, 4=0.36->2.34/7, 5=0.10->2.08/7, 6=0.00->1.98/7  (terketat t2_a1_joint_3 86 %)
[INFO] [1790563879.139940419] [reach_dwell_probe]: jarak antar-lengan minimum sepanjang rencana: 583.0 mm di titik 64 (t2_a1_right_finger_dist_link_0 <-> t2_a2_upper_wrist_link_0) -> CLEAR
    [15] task t4 arm_3 -> [2.0, -0.4588, 1.08] @rail 1.550: PLANNED (26.8 s)
seed 18: PLANNED/PLANNED/PLANNED -> LOLOS
  seed 20 sampel 1/3
    [0] retract g1: sudah REST -> dilewati
    [1] traverse g1 0.000->0.100: CLEAR min 559.3 mm (t1_platform_link_0 <-> t2_a1_shoulder_link_0)
[INFO] [1790563879.205253061] [reach_dwell_probe]: torsi RNEA+offset(per-aktuator) vs rating: 1=0.06->6.66/10, 2=3.63->11.33/14, 3=1.61->8.21/10, 4=0.21->2.19/7, 5=0.06->2.04/7, 6=0.00->1.98/7  (terketat t1_a1_joint_3 82 %)
[INFO] [1790563890.242296887] [reach_dwell_probe]: jarak antar-lengan minimum sepanjang rencana: 532.4 mm di titik 41 (t1_a1_forearm_link_0 <-> t1_a2_arm_link_0) -> CLEAR
    [2] task t5 arm_1 -> [0.5, 0.4588, 1.08] @rail 0.100: PLANNED (11.1 s)
    [3] retract g1: se-gantry 532.4 / antar 559.3 mm -> CLEAR
    [4] traverse g1 0.100->1.400: CLEAR min 502.7 mm (t1_a2_right_finger_prox_link_0 <-> t2_a1_right_finger_prox_link_0)
[INFO] [1790563902.191920437] [reach_dwell_probe]: torsi RNEA+offset(per-aktuator) vs rating: 1=0.02->6.62/10, 2=5.06->12.76/14, 3=2.10->8.70/10, 4=0.37->2.35/7, 5=0.10->2.08/7, 6=0.00->1.98/7  (terketat t1_a1_joint_2 91 %)
[INFO] [1790563927.708243636] [reach_dwell_probe]: jarak antar-lengan minimum sepanjang rencana: 622.7 mm di titik 0 (t1_a1_arm_link_0 <-> t1_a2_arm_link_0) -> CLEAR
    [5] task t3 arm_1 -> [1.8571, 0.3176, 1.24] @rail 1.400: PLANNED (25.6 s)
[INFO] [1790563927.738582289] [reach_dwell_probe]: torsi RNEA+offset(per-aktuator) vs rating: 1=0.04->6.64/10, 2=5.09->12.79/14, 3=0.65->7.25/10, 4=0.02->2.00/7, 5=0.06->2.04/7, 6=0.00->1.98/7  (terketat t1_a2_joint_2 91 %)
[INFO] [1790563938.517104871] [reach_dwell_probe]: jarak antar-lengan minimum sepanjang rencana: 664.0 mm di titik 52 (t1_a2_left_finger_prox_link_0 <-> t2_a1_right_finger_prox_link_0) -> CLEAR
    [6] task t4 arm_2 -> [0.7857, 0.3176, 1.0] @rail 1.400: PLANNED (10.8 s)
    [7] retract g2: sudah REST -> dilewati
    [8] traverse g2 0.000->0.950: CLEAR min 546.1 mm (t1_platform_link_0 <-> t2_a1_shoulder_link_0)
[INFO] [1790563938.770911079] [reach_dwell_probe]: torsi RNEA+offset(per-aktuator) vs rating: 1=0.03->6.63/10, 2=0.73->8.43/14, 3=2.09->8.69/10, 4=0.37->2.35/7, 5=0.11->2.09/7, 6=0.00->1.98/7  (terketat t2_a1_joint_3 87 %)
[INFO] [1790563965.862542377] [reach_dwell_probe]: jarak antar-lengan minimum sepanjang rencana: 546.1 mm di titik 6 (t1_platform_link_0 <-> t2_a1_shoulder_link_0) -> CLEAR
    [9] task t2 arm_3 -> [1.4286, -0.4588, 1.08] @rail 0.950: PLANNED (27.2 s)
[INFO] [1790563965.895836438] [reach_dwell_probe]: torsi RNEA+offset(per-aktuator) vs rating: 1=0.03->6.63/10, 2=4.71->12.41/14, 3=1.07->7.67/10, 4=0.21->2.19/7, 5=0.06->2.04/7, 6=0.00->1.98/7  (terketat t2_a2_joint_2 89 %)
[INFO] [1790563984.429199427] [reach_dwell_probe]: jarak antar-lengan minimum sepanjang rencana: 604.6 mm di titik 0 (t2_a1_arm_link_0 <-> t2_a2_arm_link_0) -> CLEAR
    [10] task t0 arm_4 -> [0.5714, -0.4588, 1.08] @rail 0.950: PLANNED (18.6 s)
[INFO] [1790563984.491662676] [reach_dwell_probe]: torsi RNEA+offset(per-aktuator) vs rating: 1=0.03->6.63/10, 2=4.81->12.51/14, 3=1.10->7.70/10, 4=0.22->2.20/7, 5=0.07->2.05/7, 6=0.00->1.98/7  (terketat t2_a2_joint_2 89 %)
[INFO] [1790564028.731945045] [reach_dwell_probe]: jarak antar-lengan minimum sepanjang rencana: 630.8 mm di titik 0 (t2_a1_arm_link_0 <-> t2_a2_arm_link_0) -> CLEAR
    [11] task t1 arm_4 -> [0.5, -0.3176, 1.0] @rail 0.950: PLANNED (44.3 s)
  seed 20 sampel 2/3
    [0] retract g1: sudah REST -> dilewati
    [1] traverse g1 0.000->0.100: CLEAR min 559.3 mm (t1_platform_link_0 <-> t2_a1_shoulder_link_0)
[INFO] [1790564028.809457377] [reach_dwell_probe]: torsi RNEA+offset(per-aktuator) vs rating: 1=0.03->6.63/10, 2=3.65->11.35/14, 3=1.63->8.23/10, 4=0.22->2.20/7, 5=0.06->2.04/7, 6=0.00->1.98/7  (terketat t1_a1_joint_3 82 %)
[INFO] [1790564040.272488037] [reach_dwell_probe]: jarak antar-lengan minimum sepanjang rencana: 534.9 mm di titik 41 (t1_a1_forearm_link_0 <-> t1_a2_arm_link_0) -> CLEAR
    [2] task t5 arm_1 -> [0.5, 0.4588, 1.08] @rail 0.100: PLANNED (11.5 s)
    [3] retract g1: se-gantry 534.9 / antar 559.3 mm -> CLEAR
    [4] traverse g1 0.100->1.400: CLEAR min 502.7 mm (t1_a2_right_finger_prox_link_0 <-> t2_a1_right_finger_prox_link_0)
[INFO] [1790564052.237648382] [reach_dwell_probe]: torsi RNEA+offset(per-aktuator) vs rating: 1=0.03->6.63/10, 2=5.17->12.87/14, 3=2.05->8.65/10, 4=0.36->2.34/7, 5=0.10->2.08/7, 6=0.00->1.98/7  (terketat t1_a1_joint_2 92 %)
[INFO] [1790564076.982738959] [reach_dwell_probe]: jarak antar-lengan minimum sepanjang rencana: 622.7 mm di titik 0 (t1_a1_arm_link_0 <-> t1_a2_arm_link_0) -> CLEAR
    [5] task t3 arm_1 -> [1.8571, 0.3176, 1.24] @rail 1.400: PLANNED (24.8 s)
[INFO] [1790564077.039749655] [reach_dwell_probe]: torsi RNEA+offset(per-aktuator) vs rating: 1=0.04->6.64/10, 2=2.61->10.31/14, 3=1.16->7.76/10, 4=0.23->2.21/7, 5=0.05->2.03/7, 6=0.00->1.98/7  (terketat t1_a2_joint_3 78 %)
[INFO] [1790564105.227358158] [reach_dwell_probe]: jarak antar-lengan minimum sepanjang rencana: 649.2 mm di titik 116 (t1_a2_gripper_base_link_0 <-> t2_a1_right_finger_prox_link_0) -> CLEAR
    [6] task t4 arm_2 -> [0.7857, 0.3176, 1.0] @rail 1.400: PLANNED (28.2 s)
    [7] retract g2: sudah REST -> dilewati
    [8] traverse g2 0.000->0.950: CLEAR min 520.0 mm (t1_a2_lower_wrist_link_0 <-> t2_a1_upper_wrist_link_0)
[INFO] [1790564105.458299032] [reach_dwell_probe]: torsi RNEA+offset(per-aktuator) vs rating: 1=0.13->6.73/10, 2=5.19->12.89/14, 3=0.89->7.49/10, 4=0.19->2.17/7, 5=0.06->2.04/7, 6=0.00->1.98/7  (terketat t2_a1_joint_2 92 %)
[INFO] [1790564122.718800018] [reach_dwell_probe]: jarak antar-lengan minimum sepanjang rencana: 546.1 mm di titik 17 (t1_platform_link_0 <-> t2_a1_shoulder_link_0) -> CLEAR
    [9] task t2 arm_3 -> [1.4286, -0.4588, 1.08] @rail 0.950: PLANNED (17.3 s)
[INFO] [1790564122.764913315] [reach_dwell_probe]: torsi RNEA+offset(per-aktuator) vs rating: 1=0.06->6.66/10, 2=3.81->11.51/14, 3=1.54->8.14/10, 4=0.22->2.20/7, 5=0.06->2.04/7, 6=0.00->1.98/7  (terketat t2_a2_joint_2 82 %)
[INFO] [1790564135.313468995] [reach_dwell_probe]: jarak antar-lengan minimum sepanjang rencana: 588.8 mm di titik 51 (t2_a1_forearm_link_0 <-> t2_a2_forearm_link_0) -> CLEAR
    [10] task t0 arm_4 -> [0.5714, -0.4588, 1.08] @rail 0.950: PLANNED (12.6 s)
[INFO] [1790564135.368919934] [reach_dwell_probe]: torsi RNEA+offset(per-aktuator) vs rating: 1=0.02->6.62/10, 2=3.87->11.57/14, 3=1.76->8.36/10, 4=0.22->2.20/7, 5=0.07->2.05/7, 6=0.00->1.98/7  (terketat t2_a2_joint_3 84 %)
[INFO] [1790564165.499858175] [reach_dwell_probe]: jarak antar-lengan minimum sepanjang rencana: 588.7 mm di titik 13 (t2_a1_forearm_link_0 <-> t2_a2_forearm_link_0) -> CLEAR
    [11] task t1 arm_4 -> [0.5, -0.3176, 1.0] @rail 0.950: PLANNED (30.2 s)
  seed 20 sampel 3/3
    [0] retract g1: sudah REST -> dilewati
    [1] traverse g1 0.000->0.100: CLEAR min 559.3 mm (t1_platform_link_0 <-> t2_a1_shoulder_link_0)
[INFO] [1790564165.579725260] [reach_dwell_probe]: torsi RNEA+offset(per-aktuator) vs rating: 1=0.01->6.61/10, 2=4.81->12.51/14, 3=1.08->7.68/10, 4=0.22->2.20/7, 5=0.06->2.04/7, 6=0.00->1.98/7  (terketat t1_a1_joint_2 89 %)
[INFO] [1790564180.640271999] [reach_dwell_probe]: jarak antar-lengan minimum sepanjang rencana: 611.8 mm di titik 70 (t1_a1_shoulder_link_0 <-> t2_a1_arm_link_0) -> CLEAR
    [2] task t5 arm_1 -> [0.5, 0.4588, 1.08] @rail 0.100: PLANNED (15.1 s)
    [3] retract g1: se-gantry 622.7 / antar 559.3 mm -> CLEAR
    [4] traverse g1 0.100->1.400: CLEAR min 502.7 mm (t1_a2_right_finger_prox_link_0 <-> t2_a1_right_finger_prox_link_0)
[INFO] [1790564193.507477256] [reach_dwell_probe]: torsi RNEA+offset(per-aktuator) vs rating: 1=0.01->6.61/10, 2=2.35->10.05/14, 3=2.43->9.03/10, 4=0.42->2.40/7, 5=0.07->2.05/7, 6=0.00->1.98/7  (terketat t1_a1_joint_3 90 %)
[INFO] [1790564215.973575113] [reach_dwell_probe]: jarak antar-lengan minimum sepanjang rencana: 491.5 mm di titik 127 (t1_a1_forearm_link_0 <-> t1_a2_arm_link_0) -> CLEAR
    [5] task t3 arm_1 -> [1.8571, 0.3176, 1.24] @rail 1.400: PLANNED (22.5 s)
[INFO] [1790564216.031477217] [reach_dwell_probe]: torsi RNEA+offset(per-aktuator) vs rating: 1=0.01->6.61/10, 2=3.83->11.53/14, 3=1.41->8.01/10, 4=0.22->2.20/7, 5=0.05->2.03/7, 6=0.00->1.98/7  (terketat t1_a2_joint_2 82 %)
[INFO] [1790564239.967294593] [reach_dwell_probe]: jarak antar-lengan minimum sepanjang rencana: 491.5 mm di titik 0 (t1_a1_forearm_link_0 <-> t1_a2_arm_link_0) -> CLEAR
    [6] task t4 arm_2 -> [0.7857, 0.3176, 1.0] @rail 1.400: PLANNED (24.0 s)
    [7] retract g2: sudah REST -> dilewati
    [8] traverse g2 0.000->0.950: CLEAR min 517.8 mm (t1_a2_lower_wrist_link_0 <-> t2_a1_upper_wrist_link_0)
[INFO] [1790564240.201400735] [reach_dwell_probe]: torsi RNEA+offset(per-aktuator) vs rating: 1=0.05->6.65/10, 2=4.58->12.28/14, 3=1.17->7.77/10, 4=0.18->2.16/7, 5=0.06->2.04/7, 6=0.00->1.98/7  (terketat t2_a1_joint_2 88 %)
[INFO] [1790564264.619933830] [reach_dwell_probe]: jarak antar-lengan minimum sepanjang rencana: 546.1 mm di titik 15 (t1_platform_link_0 <-> t2_a1_shoulder_link_0) -> CLEAR
    [9] task t2 arm_3 -> [1.4286, -0.4588, 1.08] @rail 0.950: PLANNED (24.5 s)
[INFO] [1790564264.666444413] [reach_dwell_probe]: torsi RNEA+offset(per-aktuator) vs rating: 1=0.06->6.66/10, 2=3.94->11.64/14, 3=1.49->8.09/10, 4=0.21->2.19/7, 5=0.05->2.03/7, 6=0.00->1.98/7  (terketat t2_a2_joint_2 83 %)
[INFO] [1790564278.785970270] [reach_dwell_probe]: jarak antar-lengan minimum sepanjang rencana: 544.9 mm di titik 51 (t2_a1_arm_link_0 <-> t2_a2_forearm_link_0) -> CLEAR
    [10] task t0 arm_4 -> [0.5714, -0.4588, 1.08] @rail 0.950: PLANNED (14.2 s)
[INFO] [1790564278.846294608] [reach_dwell_probe]: torsi RNEA+offset(per-aktuator) vs rating: 1=0.06->6.66/10, 2=4.00->11.70/14, 3=1.62->8.22/10, 4=0.21->2.19/7, 5=0.08->2.06/7, 6=0.00->1.98/7  (terketat t2_a2_joint_2 84 %)
[INFO] [1790564319.065601238] [reach_dwell_probe]: jarak antar-lengan minimum sepanjang rencana: 509.3 mm di titik 116 (t1_a2_lower_wrist_link_0 <-> t2_a2_arm_link_0) -> CLEAR
    [11] task t1 arm_4 -> [0.5, -0.3176, 1.0] @rail 0.950: PLANNED (40.3 s)
seed 20: PLANNED/PLANNED/PLANNED -> LOLOS
  seed 21 sampel 1/3
    [0] retract g1: sudah REST -> dilewati
    [1] traverse g1 0.000->0.150: CLEAR min 550.9 mm (t1_platform_link_0 <-> t2_a1_shoulder_link_0)
[INFO] [1790564319.157588100] [reach_dwell_probe]: torsi RNEA+offset(per-aktuator) vs rating: 1=0.01->6.61/10, 2=3.56->11.26/14, 3=2.14->8.74/10, 4=0.37->2.35/7, 5=0.10->2.08/7, 6=0.00->1.98/7  (terketat t1_a1_joint_3 87 %)
[INFO] [1790564344.681670222] [reach_dwell_probe]: jarak antar-lengan minimum sepanjang rencana: 582.7 mm di titik 120 (t1_a1_right_finger_prox_link_0 <-> t2_a1_right_finger_prox_link_0) -> CLEAR
    [2] task t0 arm_1 -> [0.5714, 0.3176, 1.16] @rail 0.150: PLANNED (25.6 s)
    [3] retract g1: se-gantry 604.5 / antar 550.9 mm -> CLEAR
    [4] traverse g1 0.150->1.400: CLEAR min 502.7 mm (t1_a2_right_finger_prox_link_0 <-> t2_a1_right_finger_prox_link_0)
[INFO] [1790564357.235595498] [reach_dwell_probe]: torsi RNEA+offset(per-aktuator) vs rating: 1=0.08->6.68/10, 2=5.26->12.96/14, 3=0.82->7.42/10, 4=0.18->2.16/7, 5=0.06->2.04/7, 6=0.00->1.98/7  (terketat t1_a1_joint_2 93 %)
[INFO] [1790564370.328548713] [reach_dwell_probe]: jarak antar-lengan minimum sepanjang rencana: 622.7 mm di titik 0 (t1_a1_arm_link_0 <-> t1_a2_arm_link_0) -> CLEAR
    [5] task t5 arm_1 -> [1.9286, 0.3882, 1.08] @rail 1.400: PLANNED (13.1 s)
    [6] retract g2: sudah REST -> dilewati
    [7] traverse g2 0.000->0.450: CLEAR min 537.4 mm (t1_a2_right_finger_prox_link_0 <-> t2_a1_right_finger_prox_link_0)
[INFO] [1790564370.468333530] [reach_dwell_probe]: torsi RNEA+offset(per-aktuator) vs rating: 1=0.07->6.67/10, 2=3.47->11.17/14, 3=2.48->9.08/10, 4=0.39->2.37/7, 5=0.05->2.03/7, 6=0.00->1.98/7  (terketat t2_a1_joint_3 91 %)
[INFO] [1790564390.163567016] [reach_dwell_probe]: jarak antar-lengan minimum sepanjang rencana: 522.2 mm di titik 0 (t1_a2_right_finger_prox_link_0 <-> t2_a1_right_finger_prox_link_0) -> CLEAR
    [8] task t1 arm_3 -> [0.7857, -0.3882, 1.24] @rail 0.450: PLANNED (19.7 s)
[INFO] [1790564390.220241418] [reach_dwell_probe]: torsi RNEA+offset(per-aktuator) vs rating: 1=0.11->6.71/10, 2=3.52->11.22/14, 3=2.50->9.10/10, 4=0.39->2.37/7, 5=0.06->2.04/7, 6=0.00->1.98/7  (terketat t2_a1_joint_3 91 %)
[INFO] [1790564418.912922111] [reach_dwell_probe]: jarak antar-lengan minimum sepanjang rencana: 481.2 mm di titik 77 (t2_a1_arm_link_0 <-> t2_a2_arm_link_0) -> CLEAR
    [9] task t3 arm_3 -> [0.8571, -0.2471, 1.0] @rail 0.450: PLANNED (28.7 s)
    [10] retract g2: se-gantry 586.1 / antar 485.5 mm -> CLEAR
    [11] traverse g2 0.450->0.550: CLEAR min 506.0 mm (t1_a2_right_finger_prox_link_0 <-> t2_a1_right_finger_prox_link_0)
[INFO] [1790564432.032741522] [reach_dwell_probe]: torsi RNEA+offset(per-aktuator) vs rating: 1=0.08->6.68/10, 2=4.56->12.26/14, 3=2.51->9.11/10, 4=0.39->2.37/7, 5=0.06->2.04/7, 6=0.00->1.98/7  (terketat t2_a2_joint_3 91 %)
[INFO] [1790564453.940861067] [reach_dwell_probe]: jarak antar-lengan minimum sepanjang rencana: 555.4 mm di titik 36 (t2_a1_arm_link_0 <-> t2_a2_arm_link_0) -> CLEAR
    [12] task t4 arm_4 -> [0.2143, -0.3176, 1.32] @rail 0.550: PLANNED (22.0 s)
    [13] retract g2: se-gantry 555.4 / antar 506.0 mm -> CLEAR
    [14] traverse g2 0.550->0.850: CLEAR min 500.8 mm (t1_a2_right_finger_prox_link_0 <-> t2_a1_right_finger_prox_link_0)
[INFO] [1790564466.348826422] [reach_dwell_probe]: torsi RNEA+offset(per-aktuator) vs rating: 1=0.07->6.67/10, 2=1.28->8.98/14, 3=1.85->8.45/10, 4=0.34->2.32/7, 5=0.06->2.04/7, 6=0.00->1.98/7  (terketat t2_a1_joint_3 85 %)
[INFO] [1790564484.026529005] [reach_dwell_probe]: jarak antar-lengan minimum sepanjang rencana: 522.3 mm di titik 57 (t1_a2_right_finger_prox_link_0 <-> t2_a1_right_finger_prox_link_0) -> CLEAR
    [15] task t2 arm_3 -> [1.2857, -0.2471, 1.08] @rail 0.850: PLANNED (17.7 s)
  seed 21 sampel 2/3
    [0] retract g1: sudah REST -> dilewati
    [1] traverse g1 0.000->0.150: CLEAR min 550.9 mm (t1_platform_link_0 <-> t2_a1_shoulder_link_0)
[INFO] [1790564484.120398590] [reach_dwell_probe]: torsi RNEA+offset(per-aktuator) vs rating: 1=0.01->6.61/10, 2=3.53->11.23/14, 3=2.14->8.74/10, 4=0.37->2.35/7, 5=0.11->2.09/7, 6=0.00->1.98/7  (terketat t1_a1_joint_3 87 %)
[INFO] [1790564508.938384189] [reach_dwell_probe]: jarak antar-lengan minimum sepanjang rencana: 591.2 mm di titik 125 (t1_a1_gripper_base_link_0 <-> t2_a1_upper_wrist_link_0) -> CLEAR
    [2] task t0 arm_1 -> [0.5714, 0.3176, 1.16] @rail 0.150: PLANNED (24.9 s)
    [3] retract g1: se-gantry 608.8 / antar 550.9 mm -> CLEAR
    [4] traverse g1 0.150->1.400: CLEAR min 502.7 mm (t1_a2_right_finger_prox_link_0 <-> t2_a1_right_finger_prox_link_0)
[INFO] [1790564520.915309878] [reach_dwell_probe]: torsi RNEA+offset(per-aktuator) vs rating: 1=0.08->6.68/10, 2=5.32->13.02/14, 3=0.81->7.41/10, 4=0.18->2.16/7, 5=0.06->2.04/7, 6=0.00->1.98/7  (terketat t1_a1_joint_2 93 %)
[INFO] [1790564533.702168114] [reach_dwell_probe]: jarak antar-lengan minimum sepanjang rencana: 622.7 mm di titik 0 (t1_a1_arm_link_0 <-> t1_a2_arm_link_0) -> CLEAR
    [5] task t5 arm_1 -> [1.9286, 0.3882, 1.08] @rail 1.400: PLANNED (12.8 s)
    [6] retract g2: sudah REST -> dilewati
    [7] traverse g2 0.000->0.450: CLEAR min 537.4 mm (t1_a2_right_finger_prox_link_0 <-> t2_a1_right_finger_prox_link_0)
[INFO] [1790564533.838602851] [reach_dwell_probe]: torsi RNEA+offset(per-aktuator) vs rating: 1=0.03->6.63/10, 2=4.88->12.58/14, 3=2.09->8.69/10, 4=0.34->2.32/7, 5=0.06->2.04/7, 6=0.00->1.98/7  (terketat t2_a1_joint_2 90 %)
[INFO] [1790564557.925617449] [reach_dwell_probe]: jarak antar-lengan minimum sepanjang rencana: 450.8 mm di titik 115 (t2_a1_forearm_link_0 <-> t2_a2_arm_link_0) -> CLEAR
    [8] task t1 arm_3 -> [0.7857, -0.3882, 1.24] @rail 0.450: PLANNED (24.1 s)
[INFO] [1790564557.974640376] [reach_dwell_probe]: torsi RNEA+offset(per-aktuator) vs rating: 1=0.13->6.73/10, 2=4.92->12.62/14, 3=2.10->8.70/10, 4=0.34->2.32/7, 5=0.06->2.04/7, 6=0.00->1.98/7  (terketat t2_a1_joint_2 90 %)
[INFO] [1790564577.224692539] [reach_dwell_probe]: jarak antar-lengan minimum sepanjang rencana: 439.3 mm di titik 11 (t2_a1_forearm_link_0 <-> t2_a2_arm_link_0) -> CLEAR
    [9] task t3 arm_3 -> [0.8571, -0.2471, 1.0] @rail 0.450: PLANNED (19.3 s)
    [10] retract g2: se-gantry 612.8 / antar 450.2 mm -> CLEAR
    [11] traverse g2 0.450->0.550: CLEAR min 510.7 mm (t1_a2_right_finger_prox_link_0 <-> t2_a1_right_finger_prox_link_0)
[INFO] [1790564588.680365116] [reach_dwell_probe]: torsi RNEA+offset(per-aktuator) vs rating: 1=0.13->6.73/10, 2=5.34->13.04/14, 3=2.24->8.84/10, 4=0.38->2.36/7, 5=0.11->2.09/7, 6=0.00->1.98/7  (terketat t2_a2_joint_2 93 %)
[INFO] [1790564615.410757515] [reach_dwell_probe]: jarak antar-lengan minimum sepanjang rencana: 603.6 mm di titik 127 (t2_a1_arm_link_0 <-> t2_a2_right_finger_prox_link_0) -> CLEAR
    [12] task t4 arm_4 -> [0.2143, -0.3176, 1.32] @rail 0.550: PLANNED (26.8 s)
    [13] retract g2: se-gantry 604.0 / antar 510.7 mm -> CLEAR
    [14] traverse g2 0.550->0.850: CLEAR min 502.7 mm (t1_a2_right_finger_prox_link_0 <-> t2_a1_right_finger_prox_link_0)
[INFO] [1790564628.314756749] [reach_dwell_probe]: torsi RNEA+offset(per-aktuator) vs rating: 1=0.04->6.64/10, 2=4.99->12.69/14, 3=1.11->7.71/10, 4=0.20->2.18/7, 5=0.08->2.06/7, 6=0.00->1.98/7  (terketat t2_a1_joint_2 91 %)
[INFO] [1790564655.298098320] [reach_dwell_probe]: jarak antar-lengan minimum sepanjang rencana: 417.8 mm di titik 124 (t1_a2_arm_link_0 <-> t2_a1_arm_link_0) -> CLEAR
    [15] task t2 arm_3 -> [1.2857, -0.2471, 1.08] @rail 0.850: PLANNED (27.0 s)
  seed 21 sampel 3/3
    [0] retract g1: sudah REST -> dilewati
    [1] traverse g1 0.000->0.150: CLEAR min 550.9 mm (t1_platform_link_0 <-> t2_a1_shoulder_link_0)
[INFO] [1790564655.419105574] [reach_dwell_probe]: torsi RNEA+offset(per-aktuator) vs rating: 1=0.01->6.61/10, 2=3.85->11.55/14, 3=2.01->8.61/10, 4=0.33->2.31/7, 5=0.06->2.04/7, 6=0.00->1.98/7  (terketat t1_a1_joint_3 86 %)
[INFO] [1790564679.335902029] [reach_dwell_probe]: jarak antar-lengan minimum sepanjang rencana: 475.1 mm di titik 127 (t1_a1_arm_link_0 <-> t2_a1_arm_link_0) -> CLEAR
    [2] task t0 arm_1 -> [0.5714, 0.3176, 1.16] @rail 0.150: PLANNED (24.0 s)
    [3] retract g1: se-gantry 501.0 / antar 475.3 mm -> CLEAR
    [4] traverse g1 0.150->1.400: CLEAR min 502.7 mm (t1_a2_right_finger_prox_link_0 <-> t2_a1_right_finger_prox_link_0)
[INFO] [1790564691.097916779] [reach_dwell_probe]: torsi RNEA+offset(per-aktuator) vs rating: 1=0.04->6.64/10, 2=5.45->13.15/14, 3=0.75->7.35/10, 4=0.17->2.15/7, 5=0.06->2.04/7, 6=0.00->1.98/7  (terketat t1_a1_joint_2 94 %)
[INFO] [1790564705.261590010] [reach_dwell_probe]: jarak antar-lengan minimum sepanjang rencana: 622.7 mm di titik 0 (t1_a1_arm_link_0 <-> t1_a2_arm_link_0) -> CLEAR
    [5] task t5 arm_1 -> [1.9286, 0.3882, 1.08] @rail 1.400: PLANNED (14.2 s)
    [6] retract g2: sudah REST -> dilewati
    [7] traverse g2 0.000->0.450: CLEAR min 537.4 mm (t1_a2_right_finger_prox_link_0 <-> t2_a1_right_finger_prox_link_0)
[INFO] [1790564705.416486902] [reach_dwell_probe]: torsi RNEA+offset(per-aktuator) vs rating: 1=0.07->6.67/10, 2=2.36->10.06/14, 3=2.43->9.03/10, 4=0.41->2.39/7, 5=0.07->2.05/7, 6=0.00->1.98/7  (terketat t2_a1_joint_3 90 %)
[INFO] [1790564731.211154475] [reach_dwell_probe]: jarak antar-lengan minimum sepanjang rencana: 470.0 mm di titik 104 (t1_a2_arm_link_0 <-> t2_a1_arm_link_0) -> CLEAR
    [8] task t1 arm_3 -> [0.7857, -0.3882, 1.24] @rail 0.450: PLANNED (25.9 s)
[INFO] [1790564731.267968065] [reach_dwell_probe]: torsi RNEA+offset(per-aktuator) vs rating: 1=0.07->6.67/10, 2=3.94->11.64/14, 3=2.43->9.03/10, 4=0.41->2.39/7, 5=0.08->2.06/7, 6=0.00->1.98/7  (terketat t2_a1_joint_3 90 %)
[INFO] [1790564758.431099188] [reach_dwell_probe]: jarak antar-lengan minimum sepanjang rencana: 467.5 mm di titik 121 (t1_a2_right_finger_prox_link_0 <-> t2_a1_right_finger_dist_link_0) -> CLEAR
    [9] task t3 arm_3 -> [0.8571, -0.2471, 1.0] @rail 0.450: PLANNED (27.2 s)
    [10] retract g2: se-gantry 622.7 / antar 490.1 mm -> CLEAR
    [11] traverse g2 0.450->0.550: CLEAR min 506.0 mm (t1_a2_right_finger_prox_link_0 <-> t2_a1_right_finger_prox_link_0)
[INFO] [1790564771.772939991] [reach_dwell_probe]: torsi RNEA+offset(per-aktuator) vs rating: 1=0.13->6.73/10, 2=5.52->13.22/14, 3=2.14->8.74/10, 4=0.37->2.35/7, 5=0.11->2.09/7, 6=0.00->1.98/7  (terketat t2_a2_joint_2 94 %)
[INFO] [1790564798.297629467] [reach_dwell_probe]: jarak antar-lengan minimum sepanjang rencana: 605.3 mm di titik 127 (t2_a1_arm_link_0 <-> t2_a2_right_finger_prox_link_0) -> CLEAR
    [12] task t4 arm_4 -> [0.2143, -0.3176, 1.32] @rail 0.550: PLANNED (26.6 s)
    [13] retract g2: se-gantry 605.7 / antar 506.0 mm -> CLEAR
    [14] traverse g2 0.550->0.850: CLEAR min 500.8 mm (t1_a2_right_finger_prox_link_0 <-> t2_a1_right_finger_prox_link_0)
[INFO] [1790564810.707013511] [reach_dwell_probe]: torsi RNEA+offset(per-aktuator) vs rating: 1=0.08->6.68/10, 2=4.29->11.99/14, 3=1.37->7.97/10, 4=0.18->2.16/7, 5=0.05->2.03/7, 6=0.00->1.98/7  (terketat t2_a1_joint_2 86 %)
[INFO] [1790564825.411268699] [reach_dwell_probe]: jarak antar-lengan minimum sepanjang rencana: 423.1 mm di titik 73 (t1_a2_arm_link_0 <-> t2_a1_forearm_link_0) -> CLEAR
    [15] task t2 arm_3 -> [1.2857, -0.2471, 1.08] @rail 0.850: PLANNED (14.7 s)
seed 21: PLANNED/PLANNED/PLANNED -> LOLOS
  seed 22 sampel 1/3
    [0] retract g1: sudah REST -> dilewati
    [1] traverse g1 0.000->0.050: CLEAR min 571.6 mm (t1_platform_link_0 <-> t2_a1_shoulder_link_0)
[INFO] [1790564825.481899226] [reach_dwell_probe]: torsi RNEA+offset(per-aktuator) vs rating: 1=0.02->6.62/10, 2=0.60->8.30/14, 3=1.37->7.97/10, 4=0.25->2.23/7, 5=0.08->2.06/7, 6=0.00->1.98/7  (terketat t1_a1_joint_3 80 %)
[INFO] [1790564853.346858330] [reach_dwell_probe]: jarak antar-lengan minimum sepanjang rencana: 594.2 mm di titik 0 (t1_a1_base_link_0 <-> t2_platform_link_0) -> CLEAR
    [2] task t1 arm_1 -> [0.3571, 0.3882, 1.0] @rail 0.050: PLANNED (27.9 s)
[INFO] [1790564853.393217939] [reach_dwell_probe]: torsi RNEA+offset(per-aktuator) vs rating: 1=0.06->6.66/10, 2=0.93->8.63/14, 3=2.07->8.67/10, 4=0.34->2.32/7, 5=0.06->2.04/7, 6=0.00->1.98/7  (terketat t1_a1_joint_3 87 %)
[INFO] [1790564875.412095364] [reach_dwell_probe]: jarak antar-lengan minimum sepanjang rencana: 476.8 mm di titik 79 (t1_a1_left_finger_dist_link_0 <-> t2_a1_right_finger_prox_link_0) -> CLEAR
    [3] task t2 arm_1 -> [0.5, 0.2471, 1.08] @rail 0.050: PLANNED (22.1 s)
[INFO] [1790564875.467551108] [reach_dwell_probe]: torsi RNEA+offset(per-aktuator) vs rating: 1=0.02->6.62/10, 2=3.60->11.30/14, 3=2.08->8.68/10, 4=0.35->2.33/7, 5=0.13->2.11/7, 6=0.00->1.98/7  (terketat t1_a1_joint_3 87 %)
[INFO] [1790564904.457833957] [reach_dwell_probe]: jarak antar-lengan minimum sepanjang rencana: 473.6 mm di titik 21 (t1_a1_gripper_base_link_0 <-> t2_a1_right_finger_prox_link_0) -> CLEAR
    [4] task t5 arm_1 -> [0.2857, 0.3882, 1.0] @rail 0.050: PLANNED (29.0 s)
    [5] retract g2: sudah REST -> dilewati
    [6] traverse g2 0.000->0.650: CLEAR min 539.7 mm (t1_platform_link_0 <-> t2_a2_base_link_0)
[INFO] [1790564904.640153639] [reach_dwell_probe]: torsi RNEA+offset(per-aktuator) vs rating: 1=0.04->6.64/10, 2=4.30->12.00/14, 3=2.43->9.03/10, 4=0.40->2.38/7, 5=0.07->2.05/7, 6=0.00->1.98/7  (terketat t2_a2_joint_3 90 %)
[INFO] [1790564927.755256961] [reach_dwell_probe]: jarak antar-lengan minimum sepanjang rencana: 456.7 mm di titik 82 (t1_a1_lower_wrist_link_0 <-> t2_a2_right_finger_dist_link_0) -> CLEAR
    [7] task t3 arm_4 -> [0.2857, -0.3176, 1.32] @rail 0.650: PLANNED (23.2 s)
    [8] retract g2: se-gantry 482.5 / antar 456.9 mm -> CLEAR
    [9] traverse g2 0.650->0.950: CLEAR min 541.4 mm (t1_platform_link_0 <-> t2_a2_base_link_0)
[INFO] [1790564938.780230561] [reach_dwell_probe]: torsi RNEA+offset(per-aktuator) vs rating: 1=0.03->6.63/10, 2=1.12->8.82/14, 3=2.36->8.96/10, 4=0.40->2.38/7, 5=0.06->2.04/7, 6=0.00->1.98/7  (terketat t2_a1_joint_3 90 %)
[INFO] [1790564961.661532920] [reach_dwell_probe]: jarak antar-lengan minimum sepanjang rencana: 592.2 mm di titik 76 (t2_a1_forearm_link_0 <-> t2_a2_arm_link_0) -> CLEAR
    [10] task t0 arm_3 -> [1.3571, -0.4588, 1.16] @rail 0.950: PLANNED (22.9 s)
[INFO] [1790564961.696904456] [reach_dwell_probe]: torsi RNEA+offset(per-aktuator) vs rating: 1=0.08->6.68/10, 2=3.63->11.33/14, 3=0.46->7.06/10, 4=0.01->1.99/7, 5=0.05->2.03/7, 6=0.00->1.98/7  (terketat t2_a2_joint_2 81 %)
[INFO] [1790564968.753929703] [reach_dwell_probe]: jarak antar-lengan minimum sepanjang rencana: 557.8 mm di titik 37 (t1_a1_forearm_link_0 <-> t2_a2_lower_wrist_link_0) -> CLEAR
    [11] task t4 arm_4 -> [0.6429, -0.2471, 1.0] @rail 0.950: PLANNED (7.1 s)
  seed 22 sampel 2/3
    [0] retract g1: sudah REST -> dilewati
    [1] traverse g1 0.000->0.050: CLEAR min 571.6 mm (t1_platform_link_0 <-> t2_a1_shoulder_link_0)
[INFO] [1790564968.807537917] [reach_dwell_probe]: torsi RNEA+offset(per-aktuator) vs rating: 1=0.01->6.61/10, 2=3.40->11.10/14, 3=0.64->7.24/10, 4=0.01->1.99/7, 5=0.06->2.04/7, 6=0.00->1.98/7  (terketat t1_a1_joint_2 79 %)
[INFO] [1790564980.689122529] [reach_dwell_probe]: jarak antar-lengan minimum sepanjang rencana: 515.4 mm di titik 58 (t1_a1_forearm_link_0 <-> t1_a2_arm_link_0) -> CLEAR
    [2] task t1 arm_1 -> [0.3571, 0.3882, 1.0] @rail 0.050: PLANNED (11.9 s)
[INFO] [1790564980.733528932] [reach_dwell_probe]: torsi RNEA+offset(per-aktuator) vs rating: 1=0.06->6.66/10, 2=3.45->11.15/14, 3=2.27->8.87/10, 4=0.34->2.32/7, 5=0.08->2.06/7, 6=0.00->1.98/7  (terketat t1_a1_joint_3 89 %)
[INFO] [1790564995.476580459] [reach_dwell_probe]: jarak antar-lengan minimum sepanjang rencana: 479.7 mm di titik 72 (t1_a1_left_finger_prox_link_0 <-> t2_a1_right_finger_prox_link_0) -> CLEAR
    [3] task t2 arm_1 -> [0.5, 0.2471, 1.08] @rail 0.050: PLANNED (14.8 s)
[INFO] [1790564995.526737935] [reach_dwell_probe]: torsi RNEA+offset(per-aktuator) vs rating: 1=0.02->6.62/10, 2=3.97->11.67/14, 3=2.29->8.89/10, 4=0.34->2.32/7, 5=0.12->2.10/7, 6=0.00->1.98/7  (terketat t1_a1_joint_3 89 %)
[INFO] [1790565023.515969435] [reach_dwell_probe]: jarak antar-lengan minimum sepanjang rencana: 479.7 mm di titik 0 (t1_a1_left_finger_prox_link_0 <-> t2_a1_right_finger_prox_link_0) -> CLEAR
    [4] task t5 arm_1 -> [0.2857, 0.3882, 1.0] @rail 0.050: PLANNED (28.0 s)
    [5] retract g2: sudah REST -> dilewati
    [6] traverse g2 0.000->0.650: CLEAR min 539.7 mm (t1_platform_link_0 <-> t2_a2_base_link_0)
[INFO] [1790565023.705390006] [reach_dwell_probe]: torsi RNEA+offset(per-aktuator) vs rating: 1=0.06->6.66/10, 2=3.15->10.85/14, 3=2.45->9.05/10, 4=0.41->2.39/7, 5=0.08->2.06/7, 6=0.00->1.98/7  (terketat t2_a2_joint_3 91 %)
[INFO] [1790565048.776557581] [reach_dwell_probe]: jarak antar-lengan minimum sepanjang rencana: 441.3 mm di titik 73 (t1_a1_upper_wrist_link_0 <-> t2_a2_right_finger_dist_link_0) -> CLEAR
    [7] task t3 arm_4 -> [0.2857, -0.3176, 1.32] @rail 0.650: PLANNED (25.1 s)
    [8] retract g2: se-gantry 563.7 / antar 441.3 mm -> CLEAR
    [9] traverse g2 0.650->0.950: CLEAR min 541.4 mm (t1_platform_link_0 <-> t2_a2_base_link_0)
[INFO] [1790565060.685712498] [reach_dwell_probe]: torsi RNEA+offset(per-aktuator) vs rating: 1=0.06->6.66/10, 2=1.41->9.11/14, 3=2.48->9.08/10, 4=0.39->2.37/7, 5=0.06->2.04/7, 6=0.00->1.98/7  (terketat t2_a1_joint_3 91 %)
[INFO] [1790565084.731570363] [reach_dwell_probe]: jarak antar-lengan minimum sepanjang rencana: 612.4 mm di titik 35 (t2_a1_forearm_link_0 <-> t2_a2_arm_link_0) -> CLEAR
    [10] task t0 arm_3 -> [1.3571, -0.4588, 1.16] @rail 0.950: PLANNED (24.1 s)
[INFO] [1790565084.781474366] [reach_dwell_probe]: torsi RNEA+offset(per-aktuator) vs rating: 1=0.03->6.63/10, 2=1.45->9.15/14, 3=1.54->8.14/10, 4=0.25->2.23/7, 5=0.06->2.04/7, 6=0.00->1.98/7  (terketat t2_a2_joint_3 81 %)
[INFO] [1790565117.601908919] [reach_dwell_probe]: jarak antar-lengan minimum sepanjang rencana: 526.0 mm di titik 68 (t1_a1_right_finger_prox_link_0 <-> t2_a2_right_finger_prox_link_0) -> CLEAR
    [11] task t4 arm_4 -> [0.6429, -0.2471, 1.0] @rail 0.950: PLANNED (32.9 s)
  seed 22 sampel 3/3
    [0] retract g1: sudah REST -> dilewati
    [1] traverse g1 0.000->0.050: CLEAR min 571.6 mm (t1_platform_link_0 <-> t2_a1_shoulder_link_0)
[INFO] [1790565117.659878897] [reach_dwell_probe]: torsi RNEA+offset(per-aktuator) vs rating: 1=0.00->6.60/10, 2=1.03->8.73/14, 3=1.11->7.71/10, 4=0.22->2.20/7, 5=0.06->2.04/7, 6=0.00->1.98/7  (terketat t1_a1_joint_3 77 %)
[INFO] [1790565126.359589423] [reach_dwell_probe]: jarak antar-lengan minimum sepanjang rencana: 586.2 mm di titik 43 (t1_a1_lower_wrist_link_0 <-> t2_a1_upper_wrist_link_0) -> CLEAR
    [2] task t1 arm_1 -> [0.3571, 0.3882, 1.0] @rail 0.050: PLANNED (8.7 s)
[INFO] [1790565126.424448373] [reach_dwell_probe]: torsi RNEA+offset(per-aktuator) vs rating: 1=0.02->6.62/10, 2=1.15->8.85/14, 3=2.11->8.71/10, 4=0.36->2.34/7, 5=0.07->2.05/7, 6=0.00->1.98/7  (terketat t1_a1_joint_3 87 %)
[INFO] [1790565153.601699390] [reach_dwell_probe]: jarak antar-lengan minimum sepanjang rencana: 392.1 mm di titik 88 (t1_a1_left_finger_dist_link_0 <-> t2_a1_right_finger_prox_link_0) -> CLEAR
    [3] task t2 arm_1 -> [0.5, 0.2471, 1.08] @rail 0.050: PLANNED (27.2 s)
[INFO] [1790565153.641099601] [reach_dwell_probe]: torsi RNEA+offset(per-aktuator) vs rating: 1=0.00->6.60/10, 2=1.22->8.92/14, 3=2.12->8.72/10, 4=0.35->2.33/7, 5=0.06->2.04/7, 6=0.00->1.98/7  (terketat t1_a1_joint_3 87 %)
[INFO] [1790565172.319311805] [reach_dwell_probe]: jarak antar-lengan minimum sepanjang rencana: 485.8 mm di titik 9 (t1_a1_right_finger_prox_link_0 <-> t2_a1_right_finger_prox_link_0) -> CLEAR
    [4] task t5 arm_1 -> [0.2857, 0.3882, 1.0] @rail 0.050: PLANNED (18.7 s)
    [5] retract g2: sudah REST -> dilewati
    [6] traverse g2 0.000->0.650: CLEAR min 539.7 mm (t1_platform_link_0 <-> t2_a2_base_link_0)
[INFO] [1790565172.504186045] [reach_dwell_probe]: torsi RNEA+offset(per-aktuator) vs rating: 1=0.04->6.64/10, 2=4.17->11.87/14, 3=2.43->9.03/10, 4=0.41->2.39/7, 5=0.07->2.05/7, 6=0.00->1.98/7  (terketat t2_a2_joint_3 90 %)
[INFO] [1790565195.332719598] [reach_dwell_probe]: jarak antar-lengan minimum sepanjang rencana: 491.3 mm di titik 96 (t2_a1_arm_link_0 <-> t2_a2_forearm_link_0) -> CLEAR
    [7] task t3 arm_4 -> [0.2857, -0.3176, 1.32] @rail 0.650: PLANNED (22.9 s)
    [8] retract g2: se-gantry 491.4 / antar 490.2 mm -> CLEAR
    [9] traverse g2 0.650->0.950: CLEAR min 541.4 mm (t1_platform_link_0 <-> t2_a2_base_link_0)
[INFO] [1790565206.332998278] [reach_dwell_probe]: torsi RNEA+offset(per-aktuator) vs rating: 1=0.12->6.72/10, 2=4.44->12.14/14, 3=1.94->8.54/10, 4=0.28->2.26/7, 5=0.06->2.04/7, 6=0.00->1.98/7  (terketat t2_a1_joint_2 87 %)
[INFO] [1790565224.702818035] [reach_dwell_probe]: jarak antar-lengan minimum sepanjang rencana: 576.8 mm di titik 22 (t2_a1_arm_link_0 <-> t2_a2_arm_link_0) -> CLEAR
    [10] task t0 arm_3 -> [1.3571, -0.4588, 1.16] @rail 0.950: PLANNED (18.4 s)
[INFO] [1790565224.753525752] [reach_dwell_probe]: torsi RNEA+offset(per-aktuator) vs rating: 1=0.01->6.61/10, 2=3.88->11.58/14, 3=0.57->7.17/10, 4=0.02->2.00/7, 5=0.06->2.04/7, 6=0.00->1.98/7  (terketat t2_a2_joint_2 83 %)
[INFO] [1790565245.069226499] [reach_dwell_probe]: jarak antar-lengan minimum sepanjang rencana: 575.8 mm di titik 95 (t2_a1_arm_link_0 <-> t2_a2_arm_link_0) -> CLEAR
    [11] task t4 arm_4 -> [0.6429, -0.2471, 1.0] @rail 0.950: PLANNED (20.4 s)
seed 22: PLANNED/PLANNED/PLANNED -> LOLOS
  seed 23 sampel 1/3
[INFO] [1790565245.111943003] [reach_dwell_probe]: torsi RNEA+offset(per-aktuator) vs rating: 1=0.02->6.62/10, 2=1.78->9.48/14, 3=1.17->7.77/10, 4=0.23->2.21/7, 5=0.05->2.03/7, 6=0.00->1.98/7  (terketat t1_a1_joint_3 78 %)
[INFO] [1790565251.516373734] [reach_dwell_probe]: jarak antar-lengan minimum sepanjang rencana: 505.2 mm di titik 30 (t1_a1_upper_wrist_link_0 <-> t1_a2_upper_wrist_link_0) -> CLEAR
    [0] task t2 arm_1 -> [0.2143, 0.3176, 1.0] @rail 0.000: PLANNED (6.4 s)
[INFO] [1790565251.569431256] [reach_dwell_probe]: torsi RNEA+offset(per-aktuator) vs rating: 1=0.06->6.66/10, 2=4.22->11.92/14, 3=1.28->7.88/10, 4=0.25->2.23/7, 5=0.06->2.04/7, 6=0.00->1.98/7  (terketat t1_a1_joint_2 85 %)
[INFO] [1790565278.442598919] [reach_dwell_probe]: jarak antar-lengan minimum sepanjang rencana: 505.2 mm di titik 0 (t1_a1_upper_wrist_link_0 <-> t1_a2_upper_wrist_link_0) -> CLEAR
    [1] task t5 arm_1 -> [0.3571, 0.4588, 1.08] @rail 0.000: PLANNED (26.9 s)
    [2] retract g1: se-gantry 578.0 / antar 501.7 mm -> CLEAR
    [3] traverse g1 0.000->1.250: CLEAR min 502.7 mm (t1_a2_right_finger_prox_link_0 <-> t2_a1_right_finger_prox_link_0)
[INFO] [1790565291.376259809] [reach_dwell_probe]: torsi RNEA+offset(per-aktuator) vs rating: 1=0.01->6.61/10, 2=2.47->10.17/14, 3=2.42->9.02/10, 4=0.41->2.39/7, 5=0.07->2.05/7, 6=0.00->1.98/7  (terketat t1_a1_joint_3 90 %)
[INFO] [1790565317.065788883] [reach_dwell_probe]: jarak antar-lengan minimum sepanjang rencana: 485.0 mm di titik 126 (t1_a1_forearm_link_0 <-> t1_a2_arm_link_0) -> CLEAR
    [4] task t4 arm_1 -> [1.7143, 0.3176, 1.24] @rail 1.250: PLANNED (25.7 s)
    [5] retract g2: sudah REST -> dilewati
    [6] traverse g2 0.000->0.400: CLEAR min 510.7 mm (t1_a2_right_finger_prox_link_0 <-> t2_a1_right_finger_prox_link_0)
[INFO] [1790565317.212826846] [reach_dwell_probe]: torsi RNEA+offset(per-aktuator) vs rating: 1=0.04->6.64/10, 2=4.65->12.35/14, 3=1.84->8.44/10, 4=0.32->2.30/7, 5=0.10->2.08/7, 6=0.00->1.98/7  (terketat t2_a1_joint_2 88 %)
[INFO] [1790565344.772877832] [reach_dwell_probe]: jarak antar-lengan minimum sepanjang rencana: 379.9 mm di titik 128 (t1_a2_arm_link_0 <-> t2_a1_arm_link_0) -> CLEAR
    [7] task t1 arm_3 -> [0.8571, -0.3176, 1.16] @rail 0.400: PLANNED (27.6 s)
    [8] retract g2: se-gantry 622.7 / antar 399.5 mm -> CLEAR
    [9] traverse g2 0.400->0.950: CLEAR min 502.7 mm (t1_a2_right_finger_prox_link_0 <-> t2_a1_right_finger_prox_link_0)
[INFO] [1790565357.650628846] [reach_dwell_probe]: torsi RNEA+offset(per-aktuator) vs rating: 1=0.05->6.65/10, 2=0.15->7.85/14, 3=2.27->8.87/10, 4=0.35->2.33/7, 5=0.06->2.04/7, 6=0.00->1.98/7  (terketat t2_a1_joint_3 89 %)
[INFO] [1790565375.940713259] [reach_dwell_probe]: jarak antar-lengan minimum sepanjang rencana: 546.1 mm di titik 17 (t1_platform_link_0 <-> t2_a1_shoulder_link_0) -> CLEAR
    [10] task t0 arm_3 -> [1.4286, -0.4588, 1.08] @rail 0.950: PLANNED (18.3 s)
[INFO] [1790565376.006294393] [reach_dwell_probe]: torsi RNEA+offset(per-aktuator) vs rating: 1=0.05->6.65/10, 2=0.90->8.60/14, 3=2.29->8.89/10, 4=0.36->2.34/7, 5=0.06->2.04/7, 6=0.00->1.98/7  (terketat t2_a1_joint_3 89 %)
[INFO] [1790565414.062707821] [reach_dwell_probe]: jarak antar-lengan minimum sepanjang rencana: 546.1 mm di titik 71 (t1_platform_link_0 <-> t2_a1_shoulder_link_0) -> CLEAR
    [11] task t3 arm_3 -> [1.3571, -0.4588, 1.0] @rail 0.950: PLANNED (38.1 s)
  seed 23 sampel 2/3
[INFO] [1790565414.091766685] [reach_dwell_probe]: torsi RNEA+offset(per-aktuator) vs rating: 1=0.01->6.61/10, 2=1.78->9.48/14, 3=1.22->7.82/10, 4=0.24->2.22/7, 5=0.05->2.03/7, 6=0.00->1.98/7  (terketat t1_a1_joint_3 78 %)
[INFO] [1790565421.109495084] [reach_dwell_probe]: jarak antar-lengan minimum sepanjang rencana: 506.2 mm di titik 32 (t1_a1_gripper_base_link_0 <-> t1_a2_upper_wrist_link_0) -> CLEAR
    [0] task t2 arm_1 -> [0.2143, 0.3176, 1.0] @rail 0.000: PLANNED (7.0 s)
[INFO] [1790565421.164950755] [reach_dwell_probe]: torsi RNEA+offset(per-aktuator) vs rating: 1=0.06->6.66/10, 2=4.41->12.11/14, 3=1.27->7.87/10, 4=0.25->2.23/7, 5=0.06->2.04/7, 6=0.00->1.98/7  (terketat t1_a1_joint_2 86 %)
[INFO] [1790565450.090653664] [reach_dwell_probe]: jarak antar-lengan minimum sepanjang rencana: 506.2 mm di titik 0 (t1_a1_gripper_base_link_0 <-> t1_a2_upper_wrist_link_0) -> CLEAR
    [1] task t5 arm_1 -> [0.3571, 0.4588, 1.08] @rail 0.000: PLANNED (29.0 s)
    [2] retract g1: se-gantry 570.8 / antar 505.7 mm -> CLEAR
    [3] traverse g1 0.000->1.250: CLEAR min 502.7 mm (t1_a2_right_finger_prox_link_0 <-> t2_a1_right_finger_prox_link_0)
[INFO] [1790565462.447193179] [reach_dwell_probe]: torsi RNEA+offset(per-aktuator) vs rating: 1=0.07->6.67/10, 2=2.60->10.30/14, 3=2.55->9.15/10, 4=0.41->2.39/7, 5=0.06->2.04/7, 6=0.00->1.98/7  (terketat t1_a1_joint_3 91 %)
[INFO] [1790565480.577116168] [reach_dwell_probe]: jarak antar-lengan minimum sepanjang rencana: 582.3 mm di titik 39 (t1_a1_forearm_link_0 <-> t1_a2_arm_link_0) -> CLEAR
    [4] task t4 arm_1 -> [1.7143, 0.3176, 1.24] @rail 1.250: PLANNED (18.2 s)
    [5] retract g2: sudah REST -> dilewati
    [6] traverse g2 0.000->0.400: CLEAR min 510.7 mm (t1_a2_right_finger_prox_link_0 <-> t2_a1_right_finger_prox_link_0)
[INFO] [1790565480.725773074] [reach_dwell_probe]: torsi RNEA+offset(per-aktuator) vs rating: 1=0.03->6.63/10, 2=2.25->9.95/14, 3=2.28->8.88/10, 4=0.38->2.36/7, 5=0.06->2.04/7, 6=0.00->1.98/7  (terketat t2_a1_joint_3 89 %)
[INFO] [1790565503.418418728] [reach_dwell_probe]: jarak antar-lengan minimum sepanjang rencana: 487.8 mm di titik 18 (t1_a2_right_finger_prox_link_0 <-> t2_a1_right_finger_prox_link_0) -> CLEAR
    [7] task t1 arm_3 -> [0.8571, -0.3176, 1.16] @rail 0.400: PLANNED (22.8 s)
    [8] retract g2: se-gantry 568.7 / antar 486.9 mm -> CLEAR
    [9] traverse g2 0.400->0.950: CLEAR min 502.7 mm (t1_a2_right_finger_prox_link_0 <-> t2_a1_right_finger_prox_link_0)
[INFO] [1790565514.506221880] [reach_dwell_probe]: torsi RNEA+offset(per-aktuator) vs rating: 1=0.02->6.62/10, 2=0.48->8.18/14, 3=2.14->8.74/10, 4=0.36->2.34/7, 5=0.05->2.03/7, 6=0.00->1.98/7  (terketat t2_a1_joint_3 87 %)
[INFO] [1790565540.246409606] [reach_dwell_probe]: jarak antar-lengan minimum sepanjang rencana: 546.1 mm di titik 35 (t1_platform_link_0 <-> t2_a1_shoulder_link_0) -> CLEAR
    [10] task t0 arm_3 -> [1.4286, -0.4588, 1.08] @rail 0.950: PLANNED (25.8 s)
[INFO] [1790565540.300337326] [reach_dwell_probe]: torsi RNEA+offset(per-aktuator) vs rating: 1=0.02->6.62/10, 2=0.66->8.36/14, 3=2.14->8.74/10, 4=0.35->2.33/7, 5=0.05->2.03/7, 6=0.00->1.98/7  (terketat t2_a1_joint_3 87 %)
[INFO] [1790565561.482077880] [reach_dwell_probe]: jarak antar-lengan minimum sepanjang rencana: 546.1 mm di titik 43 (t1_platform_link_0 <-> t2_a1_shoulder_link_0) -> CLEAR
    [11] task t3 arm_3 -> [1.3571, -0.4588, 1.0] @rail 0.950: PLANNED (21.2 s)
  seed 23 sampel 3/3
[INFO] [1790565561.512614125] [reach_dwell_probe]: torsi RNEA+offset(per-aktuator) vs rating: 1=0.01->6.61/10, 2=1.92->9.62/14, 3=1.23->7.83/10, 4=0.24->2.22/7, 5=0.05->2.03/7, 6=0.00->1.98/7  (terketat t1_a1_joint_3 78 %)
[INFO] [1790565571.753584243] [reach_dwell_probe]: jarak antar-lengan minimum sepanjang rencana: 503.5 mm di titik 49 (t1_a1_upper_wrist_link_0 <-> t1_a2_upper_wrist_link_0) -> CLEAR
    [0] task t2 arm_1 -> [0.2143, 0.3176, 1.0] @rail 0.000: PLANNED (10.3 s)
[INFO] [1790565571.801926324] [reach_dwell_probe]: torsi RNEA+offset(per-aktuator) vs rating: 1=0.04->6.64/10, 2=4.06->11.76/14, 3=1.46->8.06/10, 4=0.25->2.23/7, 5=0.06->2.04/7, 6=0.00->1.98/7  (terketat t1_a1_joint_2 84 %)
[INFO] [1790565587.060249185] [reach_dwell_probe]: jarak antar-lengan minimum sepanjang rencana: 503.0 mm di titik 4 (t1_a1_upper_wrist_link_0 <-> t1_a2_upper_wrist_link_0) -> CLEAR
    [1] task t5 arm_1 -> [0.3571, 0.4588, 1.08] @rail 0.000: PLANNED (15.3 s)
    [2] retract g1: se-gantry 511.7 / antar 575.1 mm -> CLEAR
    [3] traverse g1 0.000->1.250: CLEAR min 502.7 mm (t1_a2_right_finger_prox_link_0 <-> t2_a1_right_finger_prox_link_0)
[INFO] [1790565599.273203257] [reach_dwell_probe]: torsi RNEA+offset(per-aktuator) vs rating: 1=0.02->6.62/10, 2=5.28->12.98/14, 3=2.00->8.60/10, 4=0.34->2.32/7, 5=0.10->2.08/7, 6=0.00->1.98/7  (terketat t1_a1_joint_2 93 %)
[INFO] [1790565625.132423082] [reach_dwell_probe]: jarak antar-lengan minimum sepanjang rencana: 622.7 mm di titik 0 (t1_a1_arm_link_0 <-> t1_a2_arm_link_0) -> CLEAR
    [4] task t4 arm_1 -> [1.7143, 0.3176, 1.24] @rail 1.250: PLANNED (25.9 s)
    [5] retract g2: sudah REST -> dilewati
    [6] traverse g2 0.000->0.400: CLEAR min 510.7 mm (t1_a2_right_finger_prox_link_0 <-> t2_a1_right_finger_prox_link_0)
[INFO] [1790565625.268252232] [reach_dwell_probe]: torsi RNEA+offset(per-aktuator) vs rating: 1=0.03->6.63/10, 2=4.84->12.54/14, 3=1.78->8.38/10, 4=0.31->2.29/7, 5=0.10->2.08/7, 6=0.00->1.98/7  (terketat t2_a1_joint_2 90 %)
[INFO] [1790565651.634177487] [reach_dwell_probe]: jarak antar-lengan minimum sepanjang rencana: 365.7 mm di titik 125 (t1_a2_arm_link_0 <-> t2_a1_arm_link_0) -> CLEAR
    [7] task t1 arm_3 -> [0.8571, -0.3176, 1.16] @rail 0.400: PLANNED (26.4 s)
    [8] retract g2: se-gantry 622.7 / antar 422.4 mm -> CLEAR
    [9] traverse g2 0.400->0.950: CLEAR min 502.7 mm (t1_a2_right_finger_prox_link_0 <-> t2_a1_right_finger_prox_link_0)
[INFO] [1790565664.250776931] [reach_dwell_probe]: torsi RNEA+offset(per-aktuator) vs rating: 1=0.05->6.65/10, 2=5.24->12.94/14, 3=0.98->7.58/10, 4=0.19->2.17/7, 5=0.08->2.06/7, 6=0.00->1.98/7  (terketat t2_a1_joint_2 92 %)
[INFO] [1790565688.927069298] [reach_dwell_probe]: jarak antar-lengan minimum sepanjang rencana: 546.1 mm di titik 32 (t1_platform_link_0 <-> t2_a1_shoulder_link_0) -> CLEAR
    [10] task t0 arm_3 -> [1.4286, -0.4588, 1.08] @rail 0.950: PLANNED (24.7 s)
[INFO] [1790565688.985162130] [reach_dwell_probe]: torsi RNEA+offset(per-aktuator) vs rating: 1=0.11->6.71/10, 2=5.28->12.98/14, 3=1.00->7.60/10, 4=0.19->2.17/7, 5=0.06->2.04/7, 6=0.00->1.98/7  (terketat t2_a1_joint_2 93 %)
[INFO] [1790565709.622284499] [reach_dwell_probe]: jarak antar-lengan minimum sepanjang rencana: 546.1 mm di titik 42 (t1_platform_link_0 <-> t2_a1_shoulder_link_0) -> CLEAR
    [11] task t3 arm_3 -> [1.3571, -0.4588, 1.0] @rail 0.950: PLANNED (20.7 s)
seed 23: PLANNED/PLANNED/PLANNED -> LOLOS
  seed 26 sampel 1/3
    [0] retract g1: sudah REST -> dilewati
    [1] traverse g1 0.000->0.750: CLEAR min 502.8 mm (t1_a2_right_finger_prox_link_0 <-> t2_a1_right_finger_prox_link_0)
[INFO] [1790565709.826498565] [reach_dwell_probe]: torsi RNEA+offset(per-aktuator) vs rating: 1=0.13->6.73/10, 2=5.18->12.88/14, 3=1.63->8.23/10, 4=0.29->2.27/7, 5=0.09->2.07/7, 6=0.00->1.98/7  (terketat t1_a2_joint_2 92 %)
[INFO] [1790565737.572198303] [reach_dwell_probe]: jarak antar-lengan minimum sepanjang rencana: 500.9 mm di titik 0 (t1_a2_right_finger_prox_link_0 <-> t2_a1_right_finger_prox_link_0) -> CLEAR
    [2] task t1 arm_2 -> [0.4286, 0.3882, 1.16] @rail 0.750: PLANNED (27.8 s)
[INFO] [1790565737.628800185] [reach_dwell_probe]: torsi RNEA+offset(per-aktuator) vs rating: 1=0.14->6.74/10, 2=5.22->12.92/14, 3=1.67->8.27/10, 4=0.28->2.26/7, 5=0.06->2.04/7, 6=0.00->1.98/7  (terketat t1_a2_joint_2 92 %)
[INFO] [1790565763.223687567] [reach_dwell_probe]: jarak antar-lengan minimum sepanjang rencana: 528.8 mm di titik 113 (t1_a2_arm_link_0 <-> t2_a1_arm_link_0) -> CLEAR
    [3] task t5 arm_2 -> [0.1429, 0.3176, 1.0] @rail 0.750: PLANNED (25.7 s)
    [4] retract g1: se-gantry 622.7 / antar 499.8 mm -> CLEAR
    [5] traverse g1 0.750->1.100: CLEAR min 500.8 mm (t1_a2_right_finger_prox_link_0 <-> t2_a1_right_finger_prox_link_0)
[INFO] [1790565775.693394127] [reach_dwell_probe]: torsi RNEA+offset(per-aktuator) vs rating: 1=0.01->6.61/10, 2=3.74->11.44/14, 3=0.60->7.20/10, 4=0.01->1.99/7, 5=0.06->2.04/7, 6=0.00->1.98/7  (terketat t1_a1_joint_2 82 %)
[INFO] [1790565798.497396147] [reach_dwell_probe]: jarak antar-lengan minimum sepanjang rencana: 525.5 mm di titik 99 (t1_a1_arm_link_0 <-> t1_a2_arm_link_0) -> CLEAR
    [6] task t2 arm_1 -> [1.4286, 0.2471, 1.0] @rail 1.100: PLANNED (22.9 s)
[INFO] [1790565798.556105235] [reach_dwell_probe]: torsi RNEA+offset(per-aktuator) vs rating: 1=0.04->6.64/10, 2=5.45->13.15/14, 3=1.90->8.50/10, 4=0.32->2.30/7, 5=0.06->2.04/7, 6=0.00->1.98/7  (terketat t1_a1_joint_2 94 %)
[INFO] [1790565823.472142090] [reach_dwell_probe]: jarak antar-lengan minimum sepanjang rencana: 525.5 mm di titik 0 (t1_a1_arm_link_0 <-> t1_a2_arm_link_0) -> CLEAR
    [7] task t4 arm_1 -> [1.5714, 0.3176, 1.24] @rail 1.100: PLANNED (25.0 s)
    [8] retract g2: sudah REST -> dilewati
    [9] traverse g2 0.000->0.550: CLEAR min 500.8 mm (t1_a2_right_finger_prox_link_0 <-> t2_a1_right_finger_prox_link_0)
[INFO] [1790565823.623321933] [reach_dwell_probe]: torsi RNEA+offset(per-aktuator) vs rating: 1=0.05->6.65/10, 2=4.00->11.70/14, 3=2.42->9.02/10, 4=0.38->2.36/7, 5=0.05->2.03/7, 6=0.00->1.98/7  (terketat t2_a1_joint_3 90 %)
[INFO] [1790565842.395062052] [reach_dwell_probe]: jarak antar-lengan minimum sepanjang rencana: 392.5 mm di titik 92 (t1_a2_arm_link_0 <-> t2_a1_arm_link_0) -> CLEAR
    [10] task t0 arm_3 -> [1.0, -0.3176, 1.24] @rail 0.550: PLANNED (18.8 s)
[INFO] [1790565842.471069004] [reach_dwell_probe]: torsi RNEA+offset(per-aktuator) vs rating: 1=0.07->6.67/10, 2=4.02->11.72/14, 3=2.44->9.04/10, 4=0.38->2.36/7, 5=0.16->2.14/7, 6=0.00->1.98/7  (terketat t2_a1_joint_3 90 %)
[INFO] [1790565876.303241454] [reach_dwell_probe]: jarak antar-lengan minimum sepanjang rencana: 392.5 mm di titik 0 (t1_a2_arm_link_0 <-> t2_a1_arm_link_0) -> CLEAR
    [11] task t3 arm_3 -> [1.0, -0.3882, 1.08] @rail 0.550: PLANNED (33.9 s)
  seed 26 sampel 2/3
    [0] retract g1: sudah REST -> dilewati
    [1] traverse g1 0.000->0.750: CLEAR min 502.8 mm (t1_a2_right_finger_prox_link_0 <-> t2_a1_right_finger_prox_link_0)
[INFO] [1790565876.502210813] [reach_dwell_probe]: torsi RNEA+offset(per-aktuator) vs rating: 1=0.02->6.62/10, 2=2.91->10.61/14, 3=2.11->8.71/10, 4=0.37->2.35/7, 5=0.05->2.03/7, 6=0.00->1.98/7  (terketat t1_a2_joint_3 87 %)
[INFO] [1790565895.039305437] [reach_dwell_probe]: jarak antar-lengan minimum sepanjang rencana: 424.9 mm di titik 87 (t1_a2_arm_link_0 <-> t2_a1_arm_link_0) -> CLEAR
    [2] task t1 arm_2 -> [0.4286, 0.3882, 1.16] @rail 0.750: PLANNED (18.6 s)
[INFO] [1790565895.073388937] [reach_dwell_probe]: torsi RNEA+offset(per-aktuator) vs rating: 1=0.12->6.72/10, 2=5.19->12.89/14, 3=2.15->8.75/10, 4=0.38->2.36/7, 5=0.07->2.05/7, 6=0.00->1.98/7  (terketat t1_a2_joint_2 92 %)
[INFO] [1790565907.536033124] [reach_dwell_probe]: jarak antar-lengan minimum sepanjang rencana: 424.9 mm di titik 0 (t1_a2_arm_link_0 <-> t2_a1_arm_link_0) -> CLEAR
    [3] task t5 arm_2 -> [0.1429, 0.3176, 1.0] @rail 0.750: PLANNED (12.5 s)
    [4] retract g1: se-gantry 622.7 / antar 494.9 mm -> CLEAR
    [5] traverse g1 0.750->1.100: CLEAR min 498.9 mm (t1_a2_right_finger_prox_link_0 <-> t2_a1_right_finger_prox_link_0)
[INFO] [1790565921.167756521] [reach_dwell_probe]: torsi RNEA+offset(per-aktuator) vs rating: 1=0.04->6.64/10, 2=3.12->10.82/14, 3=0.76->7.36/10, 4=0.06->2.04/7, 5=0.06->2.04/7, 6=0.00->1.98/7  (terketat t1_a1_joint_2 77 %)
[INFO] [1790565932.883406831] [reach_dwell_probe]: jarak antar-lengan minimum sepanjang rencana: 582.1 mm di titik 22 (t1_a1_arm_link_0 <-> t1_a2_arm_link_0) -> CLEAR
    [6] task t2 arm_1 -> [1.4286, 0.2471, 1.0] @rail 1.100: PLANNED (11.8 s)
[INFO] [1790565932.949721958] [reach_dwell_probe]: torsi RNEA+offset(per-aktuator) vs rating: 1=0.04->6.64/10, 2=3.21->10.91/14, 3=2.43->9.03/10, 4=0.42->2.40/7, 5=0.07->2.05/7, 6=0.00->1.98/7  (terketat t1_a1_joint_3 90 %)
[INFO] [1790565956.328373684] [reach_dwell_probe]: jarak antar-lengan minimum sepanjang rencana: 491.9 mm di titik 106 (t1_a1_arm_link_0 <-> t1_a2_arm_link_0) -> CLEAR
    [7] task t4 arm_1 -> [1.5714, 0.3176, 1.24] @rail 1.100: PLANNED (23.4 s)
    [8] retract g2: sudah REST -> dilewati
    [9] traverse g2 0.000->0.550: CLEAR min 498.9 mm (t1_a2_right_finger_prox_link_0 <-> t2_a1_right_finger_prox_link_0)
[INFO] [1790565956.493535366] [reach_dwell_probe]: torsi RNEA+offset(per-aktuator) vs rating: 1=0.05->6.65/10, 2=5.06->12.76/14, 3=2.10->8.70/10, 4=0.36->2.34/7, 5=0.10->2.08/7, 6=0.00->1.98/7  (terketat t2_a1_joint_2 91 %)
[INFO] [1790565982.488347805] [reach_dwell_probe]: jarak antar-lengan minimum sepanjang rencana: 378.3 mm di titik 127 (t1_a2_arm_link_0 <-> t2_a1_arm_link_0) -> CLEAR
    [10] task t0 arm_3 -> [1.0, -0.3176, 1.24] @rail 0.550: PLANNED (26.1 s)
[INFO] [1790565982.583385066] [reach_dwell_probe]: torsi RNEA+offset(per-aktuator) vs rating: 1=0.05->6.65/10, 2=5.08->12.78/14, 3=2.13->8.73/10, 4=0.35->2.33/7, 5=0.06->2.04/7, 6=0.00->1.98/7  (terketat t2_a1_joint_2 91 %)
[INFO] [1790566013.729870138] [reach_dwell_probe]: jarak antar-lengan minimum sepanjang rencana: 378.3 mm di titik 0 (t1_a2_arm_link_0 <-> t2_a1_arm_link_0) -> CLEAR
    [11] task t3 arm_3 -> [1.0, -0.3882, 1.08] @rail 0.550: PLANNED (31.2 s)
  seed 26 sampel 3/3
    [0] retract g1: sudah REST -> dilewati
    [1] traverse g1 0.000->0.750: CLEAR min 502.8 mm (t1_a2_right_finger_prox_link_0 <-> t2_a1_right_finger_prox_link_0)
[INFO] [1790566013.917531319] [reach_dwell_probe]: torsi RNEA+offset(per-aktuator) vs rating: 1=0.05->6.65/10, 2=4.32->12.02/14, 3=1.99->8.59/10, 4=0.29->2.27/7, 5=0.05->2.03/7, 6=0.00->1.98/7  (terketat t1_a2_joint_3 86 %)
[INFO] [1790566029.239624030] [reach_dwell_probe]: jarak antar-lengan minimum sepanjang rencana: 501.5 mm di titik 2 (t1_a2_right_finger_prox_link_0 <-> t2_a1_right_finger_prox_link_0) -> CLEAR
    [2] task t1 arm_2 -> [0.4286, 0.3882, 1.16] @rail 0.750: PLANNED (15.4 s)
[INFO] [1790566029.290293408] [reach_dwell_probe]: torsi RNEA+offset(per-aktuator) vs rating: 1=0.08->6.68/10, 2=5.08->12.78/14, 3=2.01->8.61/10, 4=0.30->2.28/7, 5=0.06->2.04/7, 6=0.00->1.98/7  (terketat t1_a2_joint_2 91 %)
[INFO] [1790566049.750781428] [reach_dwell_probe]: jarak antar-lengan minimum sepanjang rencana: 497.1 mm di titik 53 (t1_a2_left_finger_prox_link_0 <-> t2_a1_right_finger_prox_link_0) -> CLEAR
    [3] task t5 arm_2 -> [0.1429, 0.3176, 1.0] @rail 0.750: PLANNED (20.5 s)
    [4] retract g1: se-gantry 622.7 / antar 487.9 mm -> CLEAR
    [5] traverse g1 0.750->1.100: CLEAR min 498.9 mm (t1_a2_right_finger_prox_link_0 <-> t2_a1_right_finger_prox_link_0)
[INFO] [1790566063.139299791] [reach_dwell_probe]: torsi RNEA+offset(per-aktuator) vs rating: 1=0.02->6.62/10, 2=1.00->8.70/14, 3=1.52->8.12/10, 4=0.25->2.23/7, 5=0.06->2.04/7, 6=0.00->1.98/7  (terketat t1_a1_joint_3 81 %)
[INFO] [1790566090.885764146] [reach_dwell_probe]: jarak antar-lengan minimum sepanjang rencana: 622.7 mm di titik 0 (t1_a1_arm_link_0 <-> t1_a2_arm_link_0) -> CLEAR
    [6] task t2 arm_1 -> [1.4286, 0.2471, 1.0] @rail 1.100: PLANNED (27.8 s)
[INFO] [1790566090.943843051] [reach_dwell_probe]: torsi RNEA+offset(per-aktuator) vs rating: 1=0.01->6.61/10, 2=5.12->12.82/14, 3=1.97->8.57/10, 4=0.35->2.33/7, 5=0.08->2.06/7, 6=0.00->1.98/7  (terketat t1_a1_joint_2 92 %)
[INFO] [1790566121.033571956] [reach_dwell_probe]: jarak antar-lengan minimum sepanjang rencana: 542.2 mm di titik 60 (t1_a1_left_finger_dist_link_0 <-> t1_a2_upper_wrist_link_0) -> CLEAR
    [7] task t4 arm_1 -> [1.5714, 0.3176, 1.24] @rail 1.100: PLANNED (30.1 s)
    [8] retract g2: sudah REST -> dilewati
    [9] traverse g2 0.000->0.550: CLEAR min 498.9 mm (t1_a2_right_finger_prox_link_0 <-> t2_a1_right_finger_prox_link_0)
[INFO] [1790566121.203748856] [reach_dwell_probe]: torsi RNEA+offset(per-aktuator) vs rating: 1=0.04->6.64/10, 2=2.76->10.46/14, 3=2.42->9.02/10, 4=0.41->2.39/7, 5=0.07->2.05/7, 6=0.00->1.98/7  (terketat t2_a1_joint_3 90 %)
[INFO] [1790566143.855518029] [reach_dwell_probe]: jarak antar-lengan minimum sepanjang rencana: 546.1 mm di titik 18 (t1_platform_link_0 <-> t2_a1_shoulder_link_0) -> CLEAR
    [10] task t0 arm_3 -> [1.0, -0.3176, 1.24] @rail 0.550: PLANNED (22.7 s)
[INFO] [1790566143.906694258] [reach_dwell_probe]: torsi RNEA+offset(per-aktuator) vs rating: 1=0.06->6.66/10, 2=2.79->10.49/14, 3=2.42->9.02/10, 4=0.40->2.38/7, 5=0.06->2.04/7, 6=0.00->1.98/7  (terketat t2_a1_joint_3 90 %)
[INFO] [1790566154.281109030] [reach_dwell_probe]: jarak antar-lengan minimum sepanjang rencana: 508.0 mm di titik 48 (t2_a1_arm_link_0 <-> t2_a2_arm_link_0) -> CLEAR
    [11] task t3 arm_3 -> [1.0, -0.3882, 1.08] @rail 0.550: PLANNED (10.4 s)
seed 26: PLANNED/PLANNED/PLANNED -> LOLOS
  seed 29 sampel 1/3
[INFO] [1790566154.344122954] [reach_dwell_probe]: torsi RNEA+offset(per-aktuator) vs rating: 1=0.01->6.61/10, 2=0.34->8.04/14, 3=1.41->8.01/10, 4=0.24->2.22/7, 5=0.08->2.06/7, 6=0.00->1.98/7  (terketat t1_a1_joint_3 80 %)
[INFO] [1790566182.812715035] [reach_dwell_probe]: jarak antar-lengan minimum sepanjang rencana: 469.4 mm di titik 128 (t1_a1_right_finger_prox_link_0 <-> t2_a1_right_finger_prox_link_0) -> CLEAR
    [0] task t1 arm_1 -> [0.4286, 0.2471, 1.0] @rail 0.000: PLANNED (28.5 s)
    [1] retract g1: se-gantry 622.7 / antar 463.6 mm -> CLEAR
    [2] traverse g1 0.000->0.550: CLEAR min 543.5 mm (t1_a2_right_finger_prox_link_0 <-> t2_a1_right_finger_prox_link_0)
[INFO] [1790566196.106342644] [reach_dwell_probe]: torsi RNEA+offset(per-aktuator) vs rating: 1=0.04->6.64/10, 2=4.58->12.28/14, 3=1.18->7.78/10, 4=0.18->2.16/7, 5=0.06->2.04/7, 6=0.00->1.98/7  (terketat t1_a1_joint_2 88 %)
[INFO] [1790566219.645104543] [reach_dwell_probe]: jarak antar-lengan minimum sepanjang rencana: 562.3 mm di titik 54 (t1_a1_arm_link_0 <-> t1_a2_arm_link_0) -> CLEAR
    [3] task t0 arm_1 -> [1.0, 0.2471, 1.08] @rail 0.550: PLANNED (23.6 s)
[INFO] [1790566219.718070144] [reach_dwell_probe]: torsi RNEA+offset(per-aktuator) vs rating: 1=0.01->6.61/10, 2=3.95->11.65/14, 3=2.10->8.70/10, 4=0.32->2.30/7, 5=0.06->2.04/7, 6=0.00->1.98/7  (terketat t1_a2_joint_3 87 %)
[INFO] [1790566238.774861435] [reach_dwell_probe]: jarak antar-lengan minimum sepanjang rencana: 460.8 mm di titik 76 (t1_a1_arm_link_0 <-> t1_a2_arm_link_0) -> CLEAR
    [4] task t3 arm_2 -> [0.2143, 0.3176, 1.16] @rail 0.550: PLANNED (19.1 s)
[INFO] [1790566238.837914656] [reach_dwell_probe]: torsi RNEA+offset(per-aktuator) vs rating: 1=0.03->6.63/10, 2=3.99->11.69/14, 3=2.24->8.84/10, 4=0.35->2.33/7, 5=0.08->2.06/7, 6=0.00->1.98/7  (terketat t1_a2_joint_3 88 %)
[INFO] [1790566270.605533146] [reach_dwell_probe]: jarak antar-lengan minimum sepanjang rencana: 460.8 mm di titik 0 (t1_a1_arm_link_0 <-> t1_a2_arm_link_0) -> CLEAR
    [5] task t4 arm_2 -> [0.0714, 0.4588, 1.08] @rail 0.550: PLANNED (31.8 s)
    [6] retract g2: sudah REST -> dilewati
    [7] traverse g2 0.000->0.750: CLEAR min 386.0 mm (t1_a1_arm_link_0 <-> t2_a1_arm_link_0)
[INFO] [1790566270.803560954] [reach_dwell_probe]: torsi RNEA+offset(per-aktuator) vs rating: 1=0.09->6.69/10, 2=4.88->12.58/14, 3=0.61->7.21/10, 4=0.02->2.00/7, 5=0.05->2.03/7, 6=0.00->1.98/7  (terketat t2_a1_joint_2 90 %)
[INFO] [1790566296.596711772] [reach_dwell_probe]: jarak antar-lengan minimum sepanjang rencana: 440.8 mm di titik 2 (t1_a1_arm_link_0 <-> t2_a1_arm_link_0) -> CLEAR
    [8] task t2 arm_3 -> [1.0714, -0.5294, 1.0] @rail 0.750: PLANNED (25.8 s)
[INFO] [1790566296.644849528] [reach_dwell_probe]: torsi RNEA+offset(per-aktuator) vs rating: 1=0.04->6.64/10, 2=4.92->12.62/14, 3=1.44->8.04/10, 4=0.23->2.21/7, 5=0.06->2.04/7, 6=0.00->1.98/7  (terketat t2_a1_joint_2 90 %)
[INFO] [1790566313.670172242] [reach_dwell_probe]: jarak antar-lengan minimum sepanjang rencana: 495.2 mm di titik 68 (t1_a1_arm_link_0 <-> t2_a1_shoulder_link_0) -> CLEAR
    [9] task t5 arm_3 -> [1.2857, -0.5294, 1.0] @rail 0.750: PLANNED (17.1 s)
  seed 29 sampel 2/3
[INFO] [1790566313.723697930] [reach_dwell_probe]: torsi RNEA+offset(per-aktuator) vs rating: 1=0.04->6.64/10, 2=4.10->11.80/14, 3=0.47->7.07/10, 4=0.09->2.07/7, 5=0.06->2.04/7, 6=0.00->1.98/7  (terketat t1_a1_joint_2 84 %)
[INFO] [1790566340.779755411] [reach_dwell_probe]: jarak antar-lengan minimum sepanjang rencana: 483.9 mm di titik 120 (t1_a1_right_finger_dist_link_0 <-> t2_a1_right_finger_prox_link_0) -> CLEAR
    [0] task t1 arm_1 -> [0.4286, 0.2471, 1.0] @rail 0.000: PLANNED (27.1 s)
    [1] retract g1: se-gantry 622.7 / antar 470.3 mm -> CLEAR
    [2] traverse g1 0.000->0.550: CLEAR min 543.5 mm (t1_a2_right_finger_prox_link_0 <-> t2_a1_right_finger_prox_link_0)
[INFO] [1790566354.035466338] [reach_dwell_probe]: torsi RNEA+offset(per-aktuator) vs rating: 1=0.08->6.68/10, 2=4.08->11.78/14, 3=1.48->8.08/10, 4=0.20->2.18/7, 5=0.06->2.04/7, 6=0.00->1.98/7  (terketat t1_a1_joint_2 84 %)
[INFO] [1790566375.319865698] [reach_dwell_probe]: jarak antar-lengan minimum sepanjang rencana: 586.8 mm di titik 22 (t1_a1_arm_link_0 <-> t1_a2_arm_link_0) -> CLEAR
    [3] task t0 arm_1 -> [1.0, 0.2471, 1.08] @rail 0.550: PLANNED (21.3 s)
[INFO] [1790566375.369218865] [reach_dwell_probe]: torsi RNEA+offset(per-aktuator) vs rating: 1=0.06->6.66/10, 2=2.62->10.32/14, 3=2.29->8.89/10, 4=0.39->2.37/7, 5=0.11->2.09/7, 6=0.00->1.98/7  (terketat t1_a2_joint_3 89 %)
[INFO] [1790566408.830740904] [reach_dwell_probe]: jarak antar-lengan minimum sepanjang rencana: 470.2 mm di titik 62 (t1_a2_left_finger_dist_link_0 <-> t2_a1_right_finger_prox_link_0) -> CLEAR
    [4] task t3 arm_2 -> [0.2143, 0.3176, 1.16] @rail 0.550: PLANNED (33.5 s)
[INFO] [1790566408.890071790] [reach_dwell_probe]: torsi RNEA+offset(per-aktuator) vs rating: 1=0.03->6.63/10, 2=2.64->10.34/14, 3=2.32->8.92/10, 4=0.37->2.35/7, 5=0.06->2.04/7, 6=0.00->1.98/7  (terketat t1_a2_joint_3 89 %)
[INFO] [1790566443.769831703] [reach_dwell_probe]: jarak antar-lengan minimum sepanjang rencana: 552.2 mm di titik 135 (t1_a2_shoulder_link_0 <-> t2_platform_link_0) -> CLEAR
    [5] task t4 arm_2 -> [0.0714, 0.4588, 1.08] @rail 0.550: PLANNED (34.9 s)
    [6] retract g2: sudah REST -> dilewati
    [7] traverse g2 0.000->0.750: CLEAR min 486.9 mm (t1_a1_forearm_link_0 <-> t2_a1_arm_link_0)
[INFO] [1790566443.967950648] [reach_dwell_probe]: torsi RNEA+offset(per-aktuator) vs rating: 1=0.01->6.61/10, 2=4.07->11.77/14, 3=0.63->7.23/10, 4=0.01->1.99/7, 5=0.05->2.03/7, 6=0.00->1.98/7  (terketat t2_a1_joint_2 84 %)
[INFO] [1790566474.144801863] [reach_dwell_probe]: jarak antar-lengan minimum sepanjang rencana: 451.7 mm di titik 1 (t1_a1_arm_link_0 <-> t2_a1_arm_link_0) -> CLEAR
    [8] task t2 arm_3 -> [1.0714, -0.5294, 1.0] @rail 0.750: PLANNED (30.2 s)
[INFO] [1790566474.192246820] [reach_dwell_probe]: torsi RNEA+offset(per-aktuator) vs rating: 1=0.08->6.68/10, 2=4.11->11.81/14, 3=1.43->8.03/10, 4=0.23->2.21/7, 5=0.06->2.04/7, 6=0.00->1.98/7  (terketat t2_a1_joint_2 84 %)
[INFO] [1790566489.456575851] [reach_dwell_probe]: jarak antar-lengan minimum sepanjang rencana: 443.0 mm di titik 49 (t1_a1_arm_link_0 <-> t2_a1_arm_link_0) -> CLEAR
    [9] task t5 arm_3 -> [1.2857, -0.5294, 1.0] @rail 0.750: PLANNED (15.3 s)
  seed 29 sampel 3/3
[INFO] [1790566489.497075299] [reach_dwell_probe]: torsi RNEA+offset(per-aktuator) vs rating: 1=0.05->6.65/10, 2=2.93->10.63/14, 3=0.85->7.45/10, 4=0.10->2.08/7, 5=0.05->2.03/7, 6=0.00->1.98/7  (terketat t1_a1_joint_2 76 %)
[INFO] [1790566509.179157529] [reach_dwell_probe]: jarak antar-lengan minimum sepanjang rencana: 470.5 mm di titik 70 (t1_a1_arm_link_0 <-> t2_a1_arm_link_0) -> CLEAR
    [0] task t1 arm_1 -> [0.4286, 0.2471, 1.0] @rail 0.000: PLANNED (19.7 s)
    [1] retract g1: se-gantry 595.8 / antar 480.4 mm -> CLEAR
    [2] traverse g1 0.000->0.550: CLEAR min 543.5 mm (t1_a2_right_finger_prox_link_0 <-> t2_a1_right_finger_prox_link_0)
[INFO] [1790566523.511263795] [reach_dwell_probe]: torsi RNEA+offset(per-aktuator) vs rating: 1=0.06->6.66/10, 2=5.32->13.02/14, 3=0.92->7.52/10, 4=0.17->2.15/7, 5=0.07->2.05/7, 6=0.00->1.98/7  (terketat t1_a1_joint_2 93 %)
[INFO] [1790566550.300699921] [reach_dwell_probe]: jarak antar-lengan minimum sepanjang rencana: 622.7 mm di titik 0 (t1_a1_arm_link_0 <-> t1_a2_arm_link_0) -> CLEAR
    [3] task t0 arm_1 -> [1.0, 0.2471, 1.08] @rail 0.550: PLANNED (26.8 s)
[INFO] [1790566550.354069186] [reach_dwell_probe]: torsi RNEA+offset(per-aktuator) vs rating: 1=0.01->6.61/10, 2=3.09->10.79/14, 3=2.10->8.70/10, 4=0.37->2.35/7, 5=0.06->2.04/7, 6=0.00->1.98/7  (terketat t1_a2_joint_3 87 %)
[INFO] [1790566569.168239437] [reach_dwell_probe]: jarak antar-lengan minimum sepanjang rencana: 546.1 mm di titik 34 (t1_a2_shoulder_link_0 <-> t2_platform_link_0) -> CLEAR
    [4] task t3 arm_2 -> [0.2143, 0.3176, 1.16] @rail 0.550: PLANNED (18.9 s)
[INFO] [1790566569.228388836] [reach_dwell_probe]: torsi RNEA+offset(per-aktuator) vs rating: 1=0.06->6.66/10, 2=4.64->12.34/14, 3=2.12->8.72/10, 4=0.37->2.35/7, 5=0.07->2.05/7, 6=0.00->1.98/7  (terketat t1_a2_joint_2 88 %)
[INFO] [1790566599.083315379] [reach_dwell_probe]: jarak antar-lengan minimum sepanjang rencana: 546.1 mm di titik 15 (t1_a2_shoulder_link_0 <-> t2_platform_link_0) -> CLEAR
    [5] task t4 arm_2 -> [0.0714, 0.4588, 1.08] @rail 0.550: PLANNED (29.9 s)
    [6] retract g2: sudah REST -> dilewati
    [7] traverse g2 0.000->0.750: CLEAR min 469.6 mm (t1_a1_right_finger_prox_link_0 <-> t2_a1_right_finger_prox_link_0)
[INFO] [1790566599.277389317] [reach_dwell_probe]: torsi RNEA+offset(per-aktuator) vs rating: 1=0.01->6.61/10, 2=4.20->11.90/14, 3=0.64->7.24/10, 4=0.01->1.99/7, 5=0.06->2.04/7, 6=0.00->1.98/7  (terketat t2_a1_joint_2 85 %)
[INFO] [1790566631.725112298] [reach_dwell_probe]: jarak antar-lengan minimum sepanjang rencana: 477.6 mm di titik 0 (t1_a1_arm_link_0 <-> t2_a1_arm_link_0) -> CLEAR
    [8] task t2 arm_3 -> [1.0714, -0.5294, 1.0] @rail 0.750: PLANNED (32.5 s)
[INFO] [1790566631.790649853] [reach_dwell_probe]: torsi RNEA+offset(per-aktuator) vs rating: 1=0.04->6.64/10, 2=4.25->11.95/14, 3=0.30->6.90/10, 4=0.10->2.08/7, 5=0.06->2.04/7, 6=0.00->1.98/7  (terketat t2_a1_joint_2 85 %)
[INFO] [1790566666.544198920] [reach_dwell_probe]: jarak antar-lengan minimum sepanjang rencana: 508.8 mm di titik 0 (t1_a1_arm_link_0 <-> t2_a1_arm_link_0) -> CLEAR
    [9] task t5 arm_3 -> [1.2857, -0.5294, 1.0] @rail 0.750: PLANNED (34.8 s)
seed 29: PLANNED/PLANNED/PLANNED -> LOLOS
  seed 33 sampel 1/3
    [0] retract g1: sudah REST -> dilewati
    [1] traverse g1 0.000->0.750: CLEAR min 502.8 mm (t1_a2_right_finger_prox_link_0 <-> t2_a1_right_finger_prox_link_0)
[INFO] [1790566666.740897726] [reach_dwell_probe]: torsi RNEA+offset(per-aktuator) vs rating: 1=0.06->6.66/10, 2=4.41->12.11/14, 3=1.93->8.53/10, 4=0.29->2.27/7, 5=0.05->2.03/7, 6=0.00->1.98/7  (terketat t1_a1_joint_2 87 %)
[INFO] [1790566681.575938656] [reach_dwell_probe]: jarak antar-lengan minimum sepanjang rencana: 540.5 mm di titik 38 (t1_a1_arm_link_0 <-> t1_a2_arm_link_0) -> CLEAR
    [2] task t2 arm_1 -> [1.0714, 0.3176, 1.16] @rail 0.750: PLANNED (14.9 s)
[INFO] [1790566681.651228398] [reach_dwell_probe]: torsi RNEA+offset(per-aktuator) vs rating: 1=0.09->6.69/10, 2=5.45->13.15/14, 3=1.50->8.10/10, 4=0.27->2.25/7, 5=0.09->2.07/7, 6=0.00->1.98/7  (terketat t1_a2_joint_2 94 %)
[INFO] [1790566713.018897636] [reach_dwell_probe]: jarak antar-lengan minimum sepanjang rencana: 500.9 mm di titik 0 (t1_a2_right_finger_prox_link_0 <-> t2_a1_right_finger_prox_link_0) -> CLEAR
    [3] task t3 arm_2 -> [0.3571, 0.4588, 1.16] @rail 0.750: PLANNED (31.4 s)
    [4] retract g1: se-gantry 622.7 / antar 501.5 mm -> CLEAR
    [5] traverse g1 0.750->1.300: CLEAR min 500.8 mm (t1_a2_right_finger_prox_link_0 <-> t2_a1_right_finger_prox_link_0)
[INFO] [1790566727.542506823] [reach_dwell_probe]: torsi RNEA+offset(per-aktuator) vs rating: 1=0.07->6.67/10, 2=3.46->11.16/14, 3=0.90->7.50/10, 4=0.19->2.17/7, 5=0.06->2.04/7, 6=0.00->1.98/7  (terketat t1_a1_joint_2 80 %)
[INFO] [1790566750.411078668] [reach_dwell_probe]: jarak antar-lengan minimum sepanjang rencana: 620.4 mm di titik 35 (t1_a1_forearm_link_0 <-> t1_a2_arm_link_0) -> CLEAR
    [6] task t1 arm_1 -> [1.8571, 0.5294, 1.0] @rail 1.300: PLANNED (22.9 s)
[INFO] [1790566750.453160904] [reach_dwell_probe]: torsi RNEA+offset(per-aktuator) vs rating: 1=0.02->6.62/10, 2=2.33->10.03/14, 3=1.18->7.78/10, 4=0.24->2.22/7, 5=0.06->2.04/7, 6=0.00->1.98/7  (terketat t2_a1_joint_3 78 %)
[INFO] [1790566769.423212323] [reach_dwell_probe]: jarak antar-lengan minimum sepanjang rencana: 569.4 mm di titik 65 (t2_a1_lower_wrist_link_0 <-> t2_a2_upper_wrist_link_0) -> CLEAR
    [7] task t5 arm_3 -> [0.2857, -0.1765, 1.0] @rail 0.000: PLANNED (19.0 s)
    [8] retract g2: se-gantry 569.4 / antar 719.7 mm -> CLEAR
    [9] traverse g2 0.000->1.400: CLEAR min 500.8 mm (t1_a2_right_finger_prox_link_0 <-> t2_a1_right_finger_prox_link_0)
[INFO] [1790566782.410949493] [reach_dwell_probe]: torsi RNEA+offset(per-aktuator) vs rating: 1=0.03->6.63/10, 2=4.88->12.58/14, 3=0.59->7.19/10, 4=0.01->1.99/7, 5=0.06->2.04/7, 6=0.00->1.98/7  (terketat t2_a1_joint_2 90 %)
[INFO] [1790566806.481408314] [reach_dwell_probe]: jarak antar-lengan minimum sepanjang rencana: 494.1 mm di titik 105 (t1_a1_arm_link_0 <-> t2_a1_arm_link_0) -> CLEAR
    [10] task t0 arm_3 -> [1.8571, -0.1765, 1.0] @rail 1.400: PLANNED (24.1 s)
[INFO] [1790566806.536140387] [reach_dwell_probe]: torsi RNEA+offset(per-aktuator) vs rating: 1=0.06->6.66/10, 2=2.78->10.48/14, 3=2.53->9.13/10, 4=0.40->2.38/7, 5=0.05->2.03/7, 6=0.00->1.98/7  (terketat t2_a2_joint_3 91 %)
[INFO] [1790566831.719397714] [reach_dwell_probe]: jarak antar-lengan minimum sepanjang rencana: 443.5 mm di titik 77 (t1_a2_arm_link_0 <-> t2_a2_arm_link_0) -> CLEAR
    [11] task t4 arm_4 -> [1.0714, -0.3176, 1.24] @rail 1.400: PLANNED (25.2 s)
  seed 33 sampel 2/3
    [0] retract g1: sudah REST -> dilewati
    [1] traverse g1 0.000->0.750: CLEAR min 501.5 mm (t1_a2_right_finger_prox_link_0 <-> t2_a1_right_finger_prox_link_0)
[INFO] [1790566831.913094333] [reach_dwell_probe]: torsi RNEA+offset(per-aktuator) vs rating: 1=0.13->6.73/10, 2=4.90->12.60/14, 3=1.63->8.23/10, 4=0.30->2.28/7, 5=0.05->2.03/7, 6=0.00->1.98/7  (terketat t1_a1_joint_2 90 %)
[INFO] [1790566852.876797719] [reach_dwell_probe]: jarak antar-lengan minimum sepanjang rencana: 455.1 mm di titik 95 (t1_a1_arm_link_0 <-> t1_a2_arm_link_0) -> CLEAR
    [2] task t2 arm_1 -> [1.0714, 0.3176, 1.16] @rail 0.750: PLANNED (21.0 s)
[INFO] [1790566852.927453819] [reach_dwell_probe]: torsi RNEA+offset(per-aktuator) vs rating: 1=0.05->6.65/10, 2=2.58->10.28/14, 3=2.14->8.74/10, 4=0.38->2.36/7, 5=0.06->2.04/7, 6=0.00->1.98/7  (terketat t1_a2_joint_3 87 %)
[INFO] [1790566872.407236075] [reach_dwell_probe]: jarak antar-lengan minimum sepanjang rencana: 393.6 mm di titik 86 (t1_a1_arm_link_0 <-> t1_a2_arm_link_0) -> CLEAR
    [3] task t3 arm_2 -> [0.3571, 0.4588, 1.16] @rail 0.750: PLANNED (19.5 s)
    [4] retract g1: se-gantry 394.1 / antar 497.5 mm -> CLEAR
    [5] traverse g1 0.750->1.300: CLEAR min 498.9 mm (t1_a2_right_finger_prox_link_0 <-> t2_a1_right_finger_prox_link_0)
[INFO] [1790566888.502945683] [reach_dwell_probe]: torsi RNEA+offset(per-aktuator) vs rating: 1=0.01->6.61/10, 2=5.15->12.85/14, 3=0.97->7.57/10, 4=0.11->2.09/7, 5=0.05->2.03/7, 6=0.00->1.98/7  (terketat t1_a1_joint_2 92 %)
[INFO] [1790566908.484367325] [reach_dwell_probe]: jarak antar-lengan minimum sepanjang rencana: 622.7 mm di titik 0 (t1_a1_arm_link_0 <-> t1_a2_arm_link_0) -> CLEAR
    [6] task t1 arm_1 -> [1.8571, 0.5294, 1.0] @rail 1.300: PLANNED (20.0 s)
[INFO] [1790566908.527177282] [reach_dwell_probe]: torsi RNEA+offset(per-aktuator) vs rating: 1=0.04->6.64/10, 2=4.08->11.78/14, 3=1.57->8.17/10, 4=0.22->2.20/7, 5=0.07->2.05/7, 6=0.00->1.98/7  (terketat t2_a1_joint_2 84 %)
[INFO] [1790566922.823833726] [reach_dwell_probe]: jarak antar-lengan minimum sepanjang rencana: 616.7 mm di titik 60 (t2_a1_arm_link_0 <-> t2_a2_arm_link_0) -> CLEAR
    [7] task t5 arm_3 -> [0.2857, -0.1765, 1.0] @rail 0.000: PLANNED (14.3 s)
    [8] retract g2: se-gantry 616.7 / antar 652.8 mm -> CLEAR
    [9] traverse g2 0.000->1.400: CLEAR min 498.9 mm (t1_a2_right_finger_prox_link_0 <-> t2_a1_right_finger_prox_link_0)
[INFO] [1790566936.981049998] [reach_dwell_probe]: torsi RNEA+offset(per-aktuator) vs rating: 1=0.05->6.65/10, 2=4.02->11.72/14, 3=0.38->6.98/10, 4=0.06->2.04/7, 5=0.06->2.04/7, 6=0.00->1.98/7  (terketat t2_a1_joint_2 84 %)
[INFO] [1790566956.023113986] [reach_dwell_probe]: jarak antar-lengan minimum sepanjang rencana: 543.9 mm di titik 88 (t1_a1_shoulder_link_0 <-> t2_a1_forearm_link_0) -> CLEAR
    [10] task t0 arm_3 -> [1.8571, -0.1765, 1.0] @rail 1.400: PLANNED (19.1 s)
[INFO] [1790566956.095452044] [reach_dwell_probe]: torsi RNEA+offset(per-aktuator) vs rating: 1=0.02->6.62/10, 2=5.18->12.88/14, 3=1.98->8.58/10, 4=0.33->2.31/7, 5=0.06->2.04/7, 6=0.00->1.98/7  (terketat t2_a2_joint_2 92 %)
[INFO] [1790566985.842611569] [reach_dwell_probe]: jarak antar-lengan minimum sepanjang rencana: 471.9 mm di titik 81 (t1_a2_right_finger_prox_link_0 <-> t2_a2_left_finger_dist_link_0) -> CLEAR
    [11] task t4 arm_4 -> [1.0714, -0.3176, 1.24] @rail 1.400: PLANNED (29.8 s)
  seed 33 sampel 3/3
    [0] retract g1: sudah REST -> dilewati
    [1] traverse g1 0.000->0.750: CLEAR min 500.9 mm (t1_a2_right_finger_prox_link_0 <-> t2_a1_right_finger_prox_link_0)
[INFO] [1790566986.063245312] [reach_dwell_probe]: torsi RNEA+offset(per-aktuator) vs rating: 1=0.02->6.62/10, 2=4.83->12.53/14, 3=1.71->8.31/10, 4=0.28->2.26/7, 5=0.06->2.04/7, 6=0.00->1.98/7  (terketat t1_a1_joint_2 90 %)
[INFO] [1790567010.746517393] [reach_dwell_probe]: jarak antar-lengan minimum sepanjang rencana: 439.9 mm di titik 127 (t1_a1_forearm_link_0 <-> t1_a2_arm_link_0) -> CLEAR
    [2] task t2 arm_1 -> [1.0714, 0.3176, 1.16] @rail 0.750: PLANNED (24.8 s)
[INFO] [1790567010.807771715] [reach_dwell_probe]: torsi RNEA+offset(per-aktuator) vs rating: 1=0.03->6.63/10, 2=1.35->9.05/14, 3=2.34->8.94/10, 4=0.40->2.38/7, 5=0.06->2.04/7, 6=0.00->1.98/7  (terketat t1_a2_joint_3 89 %)
[INFO] [1790567039.670429102] [reach_dwell_probe]: jarak antar-lengan minimum sepanjang rencana: 415.8 mm di titik 72 (t1_a1_forearm_link_0 <-> t1_a2_forearm_link_0) -> CLEAR
    [3] task t3 arm_2 -> [0.3571, 0.4588, 1.16] @rail 0.750: PLANNED (28.9 s)
    [4] retract g1: se-gantry 447.6 / antar 453.8 mm -> CLEAR
    [5] traverse g1 0.750->1.300: CLEAR min 500.8 mm (t1_a2_right_finger_prox_link_0 <-> t2_a1_right_finger_prox_link_0)
[INFO] [1790567052.786618584] [reach_dwell_probe]: torsi RNEA+offset(per-aktuator) vs rating: 1=0.01->6.61/10, 2=4.65->12.35/14, 3=1.37->7.97/10, 4=0.19->2.17/7, 5=0.06->2.04/7, 6=0.00->1.98/7  (terketat t1_a1_joint_2 88 %)
[INFO] [1790567067.027212030] [reach_dwell_probe]: jarak antar-lengan minimum sepanjang rencana: 622.7 mm di titik 0 (t1_a1_arm_link_0 <-> t1_a2_arm_link_0) -> CLEAR
    [6] task t1 arm_1 -> [1.8571, 0.5294, 1.0] @rail 1.300: PLANNED (14.3 s)
[INFO] [1790567067.067715144] [reach_dwell_probe]: torsi RNEA+offset(per-aktuator) vs rating: 1=0.03->6.63/10, 2=3.86->11.56/14, 3=1.61->8.21/10, 4=0.22->2.20/7, 5=0.06->2.04/7, 6=0.00->1.98/7  (terketat t2_a1_joint_2 83 %)
[INFO] [1790567082.939301402] [reach_dwell_probe]: jarak antar-lengan minimum sepanjang rencana: 617.6 mm di titik 68 (t2_a1_arm_link_0 <-> t2_a2_arm_link_0) -> CLEAR
    [7] task t5 arm_3 -> [0.2857, -0.1765, 1.0] @rail 0.000: PLANNED (15.9 s)
    [8] retract g2: se-gantry 617.7 / antar 662.2 mm -> CLEAR
    [9] traverse g2 0.000->1.400: CLEAR min 500.8 mm (t1_a2_right_finger_prox_link_0 <-> t2_a1_right_finger_prox_link_0)
[INFO] [1790567096.742727826] [reach_dwell_probe]: torsi RNEA+offset(per-aktuator) vs rating: 1=0.01->6.61/10, 2=2.80->10.50/14, 3=1.73->8.33/10, 4=0.25->2.23/7, 5=0.06->2.04/7, 6=0.00->1.98/7  (terketat t2_a1_joint_3 83 %)
[INFO] [1790567107.382369490] [reach_dwell_probe]: jarak antar-lengan minimum sepanjang rencana: 583.7 mm di titik 48 (t1_a1_lower_wrist_link_0 <-> t2_a1_upper_wrist_link_0) -> CLEAR
    [10] task t0 arm_3 -> [1.8571, -0.1765, 1.0] @rail 1.400: PLANNED (10.7 s)
[INFO] [1790567107.438283685] [reach_dwell_probe]: torsi RNEA+offset(per-aktuator) vs rating: 1=0.06->6.66/10, 2=4.67->12.37/14, 3=2.26->8.86/10, 4=0.35->2.33/7, 5=0.06->2.04/7, 6=0.00->1.98/7  (terketat t2_a2_joint_3 89 %)
[INFO] [1790567128.641951826] [reach_dwell_probe]: jarak antar-lengan minimum sepanjang rencana: 464.4 mm di titik 89 (t1_a2_arm_link_0 <-> t2_a2_forearm_link_0) -> CLEAR
    [11] task t4 arm_4 -> [1.0714, -0.3176, 1.24] @rail 1.400: PLANNED (21.3 s)
seed 33: PLANNED/PLANNED/PLANNED -> LOLOS
  seed 35 sampel 1/3
    [0] retract g1: sudah REST -> dilewati
    [1] traverse g1 0.000->0.150: CLEAR min 550.9 mm (t1_platform_link_0 <-> t2_a1_shoulder_link_0)
[INFO] [1790567128.732729846] [reach_dwell_probe]: torsi RNEA+offset(per-aktuator) vs rating: 1=0.11->6.71/10, 2=4.57->12.27/14, 3=1.90->8.50/10, 4=0.27->2.25/7, 5=0.05->2.03/7, 6=0.00->1.98/7  (terketat t1_a1_joint_2 88 %)
[INFO] [1790567150.465741194] [reach_dwell_probe]: jarak antar-lengan minimum sepanjang rencana: 572.3 mm di titik 38 (t1_a1_forearm_link_0 <-> t1_a2_arm_link_0) -> CLEAR
    [2] task t0 arm_1 -> [0.6429, 0.3882, 1.16] @rail 0.150: PLANNED (21.8 s)
    [3] retract g1: se-gantry 572.3 / antar 550.9 mm -> CLEAR
    [4] traverse g1 0.150->0.500: CLEAR min 546.1 mm (t1_platform_link_0 <-> t2_a1_shoulder_link_0)
[INFO] [1790567162.419913948] [reach_dwell_probe]: torsi RNEA+offset(per-aktuator) vs rating: 1=0.02->6.62/10, 2=4.60->12.30/14, 3=0.40->7.00/10, 4=0.05->2.03/7, 5=0.06->2.04/7, 6=0.00->1.98/7  (terketat t1_a2_joint_2 88 %)
[INFO] [1790567171.137265697] [reach_dwell_probe]: jarak antar-lengan minimum sepanjang rencana: 546.1 mm di titik 0 (t1_a2_shoulder_link_0 <-> t2_platform_link_0) -> CLEAR
    [5] task t3 arm_2 -> [0.0, 0.2471, 1.0] @rail 0.500: PLANNED (8.8 s)
[INFO] [1790567171.193765613] [reach_dwell_probe]: torsi RNEA+offset(per-aktuator) vs rating: 1=0.06->6.66/10, 2=4.72->12.42/14, 3=2.39->8.99/10, 4=0.40->2.38/7, 5=0.06->2.04/7, 6=0.00->1.98/7  (terketat t1_a2_joint_3 90 %)
[INFO] [1790567197.085659925] [reach_dwell_probe]: jarak antar-lengan minimum sepanjang rencana: 462.7 mm di titik 127 (t1_a2_forearm_link_0 <-> t2_a1_arm_link_0) -> CLEAR
    [6] task t4 arm_2 -> [0.1429, 0.3882, 1.24] @rail 0.500: PLANNED (25.9 s)
[INFO] [1790567197.141234419] [reach_dwell_probe]: torsi RNEA+offset(per-aktuator) vs rating: 1=0.03->6.63/10, 2=4.32->12.02/14, 3=0.55->7.15/10, 4=0.04->2.02/7, 5=0.06->2.04/7, 6=0.00->1.98/7  (terketat t2_a1_joint_2 86 %)
[INFO] [1790567226.678382410] [reach_dwell_probe]: jarak antar-lengan minimum sepanjang rencana: 461.5 mm di titik 12 (t1_a2_forearm_link_0 <-> t2_a1_arm_link_0) -> CLEAR
    [7] task t2 arm_3 -> [0.5, -0.4588, 1.0] @rail 0.000: PLANNED (29.6 s)
    [8] retract g2: se-gantry 622.7 / antar 486.2 mm -> CLEAR
    [9] traverse g2 0.000->1.350: CLEAR min 434.3 mm (t1_a2_arm_link_0 <-> t2_a2_forearm_link_0)
[INFO] [1790567240.004332122] [reach_dwell_probe]: torsi RNEA+offset(per-aktuator) vs rating: 1=0.02->6.62/10, 2=3.27->10.97/14, 3=1.51->8.11/10, 4=0.24->2.22/7, 5=0.06->2.04/7, 6=0.00->1.98/7  (terketat t2_a1_joint_3 81 %)
[INFO] [1790567266.946637421] [reach_dwell_probe]: jarak antar-lengan minimum sepanjang rencana: 622.7 mm di titik 0 (t2_a1_arm_link_0 <-> t2_a2_arm_link_0) -> CLEAR
    [10] task t1 arm_3 -> [1.9286, -0.4588, 1.0] @rail 1.350: PLANNED (27.0 s)
[INFO] [1790567267.002298564] [reach_dwell_probe]: torsi RNEA+offset(per-aktuator) vs rating: 1=0.05->6.65/10, 2=3.79->11.49/14, 3=1.41->8.01/10, 4=0.23->2.21/7, 5=0.05->2.03/7, 6=0.00->1.98/7  (terketat t2_a2_joint_2 82 %)
[INFO] [1790567296.103625669] [reach_dwell_probe]: jarak antar-lengan minimum sepanjang rencana: 607.2 mm di titik 0 (t1_platform_link_0 <-> t2_a2_shoulder_link_0) -> CLEAR
    [11] task t5 arm_4 -> [1.0714, -0.5294, 1.0] @rail 1.350: PLANNED (29.2 s)
  seed 35 sampel 2/3
    [0] retract g1: sudah REST -> dilewati
    [1] traverse g1 0.000->0.150: CLEAR min 550.9 mm (t1_platform_link_0 <-> t2_a1_shoulder_link_0)
[INFO] [1790567296.205194597] [reach_dwell_probe]: torsi RNEA+offset(per-aktuator) vs rating: 1=0.01->6.61/10, 2=1.40->9.10/14, 3=2.34->8.94/10, 4=0.40->2.38/7, 5=0.06->2.04/7, 6=0.00->1.98/7  (terketat t1_a1_joint_3 89 %)
[INFO] [1790567318.354710820] [reach_dwell_probe]: jarak antar-lengan minimum sepanjang rencana: 531.6 mm di titik 127 (t1_a1_arm_link_0 <-> t1_a2_arm_link_0) -> CLEAR
    [2] task t0 arm_1 -> [0.6429, 0.3882, 1.16] @rail 0.150: PLANNED (22.2 s)
    [3] retract g1: se-gantry 531.6 / antar 550.9 mm -> CLEAR
    [4] traverse g1 0.150->0.500: CLEAR min 546.1 mm (t1_platform_link_0 <-> t2_a1_shoulder_link_0)
[INFO] [1790567329.194976297] [reach_dwell_probe]: torsi RNEA+offset(per-aktuator) vs rating: 1=0.02->6.62/10, 2=4.58->12.28/14, 3=0.54->7.14/10, 4=0.04->2.02/7, 5=0.05->2.03/7, 6=0.00->1.98/7  (terketat t1_a2_joint_2 88 %)
[INFO] [1790567353.605467668] [reach_dwell_probe]: jarak antar-lengan minimum sepanjang rencana: 540.2 mm di titik 115 (t1_a2_arm_link_0 <-> t2_a1_arm_link_0) -> CLEAR
    [5] task t3 arm_2 -> [0.0, 0.2471, 1.0] @rail 0.500: PLANNED (24.5 s)
[INFO] [1790567353.669814909] [reach_dwell_probe]: torsi RNEA+offset(per-aktuator) vs rating: 1=0.14->6.74/10, 2=4.74->12.44/14, 3=2.22->8.82/10, 4=0.37->2.35/7, 5=0.06->2.04/7, 6=0.00->1.98/7  (terketat t1_a2_joint_2 89 %)
[INFO] [1790567378.889550403] [reach_dwell_probe]: jarak antar-lengan minimum sepanjang rencana: 540.2 mm di titik 0 (t1_a2_arm_link_0 <-> t2_a1_arm_link_0) -> CLEAR
    [6] task t4 arm_2 -> [0.1429, 0.3882, 1.24] @rail 0.500: PLANNED (25.3 s)
[INFO] [1790567378.941880549] [reach_dwell_probe]: torsi RNEA+offset(per-aktuator) vs rating: 1=0.01->6.61/10, 2=1.40->9.10/14, 3=1.55->8.15/10, 4=0.25->2.23/7, 5=0.05->2.03/7, 6=0.00->1.98/7  (terketat t2_a1_joint_3 82 %)
[INFO] [1790567404.727529863] [reach_dwell_probe]: jarak antar-lengan minimum sepanjang rencana: 546.1 mm di titik 41 (t1_platform_link_0 <-> t2_a1_shoulder_link_0) -> CLEAR
    [7] task t2 arm_3 -> [0.5, -0.4588, 1.0] @rail 0.000: PLANNED (25.8 s)
    [8] retract g2: se-gantry 622.7 / antar 546.1 mm -> CLEAR
    [9] traverse g2 0.000->1.350: CLEAR min 539.7 mm (t1_platform_link_0 <-> t2_a2_base_link_0)
[INFO] [1790567417.321481401] [reach_dwell_probe]: torsi RNEA+offset(per-aktuator) vs rating: 1=0.07->6.67/10, 2=5.08->12.78/14, 3=0.57->7.17/10, 4=0.02->2.00/7, 5=0.06->2.04/7, 6=0.00->1.98/7  (terketat t2_a1_joint_2 91 %)
[INFO] [1790567434.177640354] [reach_dwell_probe]: jarak antar-lengan minimum sepanjang rencana: 622.7 mm di titik 0 (t2_a1_arm_link_0 <-> t2_a2_arm_link_0) -> CLEAR
    [10] task t1 arm_3 -> [1.9286, -0.4588, 1.0] @rail 1.350: PLANNED (16.9 s)
[INFO] [1790567434.227240791] [reach_dwell_probe]: torsi RNEA+offset(per-aktuator) vs rating: 1=0.09->6.69/10, 2=5.16->12.86/14, 3=0.57->7.17/10, 4=0.01->1.99/7, 5=0.06->2.04/7, 6=0.00->1.98/7  (terketat t2_a2_joint_2 92 %)
[INFO] [1790567458.230522093] [reach_dwell_probe]: jarak antar-lengan minimum sepanjang rencana: 607.2 mm di titik 0 (t1_platform_link_0 <-> t2_a2_shoulder_link_0) -> CLEAR
    [11] task t5 arm_4 -> [1.0714, -0.5294, 1.0] @rail 1.350: PLANNED (24.1 s)
  seed 35 sampel 3/3
    [0] retract g1: sudah REST -> dilewati
    [1] traverse g1 0.000->0.150: CLEAR min 550.9 mm (t1_platform_link_0 <-> t2_a1_shoulder_link_0)
[INFO] [1790567458.313414384] [reach_dwell_probe]: torsi RNEA+offset(per-aktuator) vs rating: 1=0.11->6.71/10, 2=4.49->12.19/14, 3=1.96->8.56/10, 4=0.29->2.27/7, 5=0.06->2.04/7, 6=0.00->1.98/7  (terketat t1_a1_joint_2 87 %)
[INFO] [1790567480.230390836] [reach_dwell_probe]: jarak antar-lengan minimum sepanjang rencana: 574.7 mm di titik 38 (t1_a1_forearm_link_0 <-> t1_a2_arm_link_0) -> CLEAR
    [2] task t0 arm_1 -> [0.6429, 0.3882, 1.16] @rail 0.150: PLANNED (22.0 s)
    [3] retract g1: se-gantry 574.7 / antar 550.9 mm -> CLEAR
    [4] traverse g1 0.150->0.500: CLEAR min 546.1 mm (t1_platform_link_0 <-> t2_a1_shoulder_link_0)
[INFO] [1790567492.013865067] [reach_dwell_probe]: torsi RNEA+offset(per-aktuator) vs rating: 1=0.05->6.65/10, 2=3.51->11.21/14, 3=0.55->7.15/10, 4=0.05->2.03/7, 5=0.06->2.04/7, 6=0.00->1.98/7  (terketat t1_a2_joint_2 80 %)
[INFO] [1790567513.940289347] [reach_dwell_probe]: jarak antar-lengan minimum sepanjang rencana: 531.3 mm di titik 74 (t1_a2_arm_link_0 <-> t2_a1_arm_link_0) -> CLEAR
    [5] task t3 arm_2 -> [0.0, 0.2471, 1.0] @rail 0.500: PLANNED (22.0 s)
[INFO] [1790567513.992542204] [reach_dwell_probe]: torsi RNEA+offset(per-aktuator) vs rating: 1=0.05->6.65/10, 2=4.43->12.13/14, 3=2.23->8.83/10, 4=0.38->2.36/7, 5=0.07->2.05/7, 6=0.00->1.98/7  (terketat t1_a2_joint_3 88 %)
[INFO] [1790567542.332657157] [reach_dwell_probe]: jarak antar-lengan minimum sepanjang rencana: 425.4 mm di titik 100 (t1_a2_arm_link_0 <-> t2_a1_arm_link_0) -> CLEAR
    [6] task t4 arm_2 -> [0.1429, 0.3882, 1.24] @rail 0.500: PLANNED (28.4 s)
[INFO] [1790567542.380392504] [reach_dwell_probe]: torsi RNEA+offset(per-aktuator) vs rating: 1=0.09->6.69/10, 2=4.30->12.00/14, 3=0.41->7.01/10, 4=0.07->2.05/7, 5=0.06->2.04/7, 6=0.00->1.98/7  (terketat t2_a1_joint_2 86 %)
[INFO] [1790567557.932581326] [reach_dwell_probe]: jarak antar-lengan minimum sepanjang rencana: 442.7 mm di titik 13 (t1_a2_arm_link_0 <-> t2_a1_arm_link_0) -> CLEAR
    [7] task t2 arm_3 -> [0.5, -0.4588, 1.0] @rail 0.000: PLANNED (15.6 s)
    [8] retract g2: se-gantry 622.7 / antar 437.4 mm -> CLEAR
    [9] traverse g2 0.000->1.350: CLEAR min 453.1 mm (t1_a2_arm_link_0 <-> t2_a1_arm_link_0)
[INFO] [1790567570.610468302] [reach_dwell_probe]: torsi RNEA+offset(per-aktuator) vs rating: 1=0.06->6.66/10, 2=3.62->11.32/14, 3=1.65->8.25/10, 4=0.23->2.21/7, 5=0.07->2.05/7, 6=0.00->1.98/7  (terketat t2_a1_joint_3 82 %)
[INFO] [1790567582.574675512] [reach_dwell_probe]: jarak antar-lengan minimum sepanjang rencana: 622.7 mm di titik 0 (t2_a1_arm_link_0 <-> t2_a2_arm_link_0) -> CLEAR
    [10] task t1 arm_3 -> [1.9286, -0.4588, 1.0] @rail 1.350: PLANNED (12.0 s)
[INFO] [1790567582.630125574] [reach_dwell_probe]: torsi RNEA+offset(per-aktuator) vs rating: 1=0.03->6.63/10, 2=2.28->9.98/14, 3=1.21->7.81/10, 4=0.24->2.22/7, 5=0.06->2.04/7, 6=0.00->1.98/7  (terketat t2_a2_joint_3 78 %)
[INFO] [1790567594.601130970] [reach_dwell_probe]: jarak antar-lengan minimum sepanjang rencana: 607.2 mm di titik 1 (t1_platform_link_0 <-> t2_a2_shoulder_link_0) -> CLEAR
    [11] task t5 arm_4 -> [1.0714, -0.5294, 1.0] @rail 1.350: PLANNED (12.0 s)
seed 35: PLANNED/PLANNED/PLANNED -> LOLOS
  seed 36 sampel 1/3
    [0] retract g1: sudah REST -> dilewati
    [1] traverse g1 0.000->0.900: CLEAR min 502.7 mm (t1_a2_right_finger_prox_link_0 <-> t2_a1_right_finger_prox_link_0)
[INFO] [1790567594.867042794] [reach_dwell_probe]: torsi RNEA+offset(per-aktuator) vs rating: 1=0.09->6.69/10, 2=4.11->11.81/14, 3=2.40->9.00/10, 4=0.38->2.36/7, 5=0.06->2.04/7, 6=0.00->1.98/7  (terketat t1_a1_joint_3 90 %)
[INFO] [1790567613.060282904] [reach_dwell_probe]: jarak antar-lengan minimum sepanjang rencana: 547.6 mm di titik 44 (t1_a1_forearm_link_0 <-> t1_a2_arm_link_0) -> CLEAR
    [2] task t4 arm_1 -> [1.3571, 0.3882, 1.24] @rail 0.900: PLANNED (18.3 s)
    [3] retract g1: se-gantry 547.6 / antar 521.8 mm -> CLEAR
    [4] traverse g1 0.900->1.350: CLEAR min 521.8 mm (t1_a2_right_finger_prox_link_0 <-> t2_a1_right_finger_prox_link_0)
[INFO] [1790567625.343389027] [reach_dwell_probe]: torsi RNEA+offset(per-aktuator) vs rating: 1=0.06->6.66/10, 2=4.51->12.21/14, 3=1.20->7.80/10, 4=0.18->2.16/7, 5=0.06->2.04/7, 6=0.00->1.98/7  (terketat t1_a1_joint_2 87 %)
[INFO] [1790567649.103671806] [reach_dwell_probe]: jarak antar-lengan minimum sepanjang rencana: 582.0 mm di titik 34 (t1_a1_arm_link_0 <-> t1_a2_arm_link_0) -> CLEAR
    [5] task t3 arm_1 -> [1.8571, 0.3176, 1.08] @rail 1.350: PLANNED (23.8 s)
[INFO] [1790567649.161421872] [reach_dwell_probe]: torsi RNEA+offset(per-aktuator) vs rating: 1=0.06->6.66/10, 2=2.32->10.02/14, 3=1.89->8.49/10, 4=0.32->2.30/7, 5=0.10->2.08/7, 6=0.00->1.98/7  (terketat t2_a1_joint_3 85 %)
[INFO] [1790567675.130525083] [reach_dwell_probe]: jarak antar-lengan minimum sepanjang rencana: 622.7 mm di titik 0 (t2_a1_arm_link_0 <-> t2_a2_arm_link_0) -> CLEAR
    [6] task t1 arm_3 -> [0.3571, -0.3176, 1.08] @rail 0.000: PLANNED (26.0 s)
    [7] retract g2: se-gantry 622.7 / antar 717.2 mm -> CLEAR
    [8] traverse g2 0.000->0.200: CLEAR min 636.2 mm (t1_a2_right_finger_prox_link_0 <-> t2_a1_right_finger_prox_link_0)
[INFO] [1790567687.624177230] [reach_dwell_probe]: torsi RNEA+offset(per-aktuator) vs rating: 1=0.05->6.65/10, 2=4.28->11.98/14, 3=0.55->7.15/10, 4=0.10->2.08/7, 5=0.06->2.04/7, 6=0.00->1.98/7  (terketat t2_a1_joint_2 86 %)
[INFO] [1790567717.213124366] [reach_dwell_probe]: jarak antar-lengan minimum sepanjang rencana: 596.3 mm di titik 33 (t2_a1_arm_link_0 <-> t2_a2_arm_link_0) -> CLEAR
    [9] task t0 arm_3 -> [0.7857, -0.4588, 1.0] @rail 0.200: PLANNED (29.6 s)
    [10] retract g2: se-gantry 596.3 / antar 632.8 mm -> CLEAR
    [11] traverse g2 0.200->1.450: CLEAR min 440.9 mm (t1_a1_forearm_link_0 <-> t2_a1_arm_link_0)
[INFO] [1790567730.927950664] [reach_dwell_probe]: torsi RNEA+offset(per-aktuator) vs rating: 1=0.10->6.70/10, 2=4.28->11.98/14, 3=2.02->8.62/10, 4=0.30->2.28/7, 5=0.06->2.04/7, 6=0.00->1.98/7  (terketat t2_a1_joint_3 86 %)
[INFO] [1790567751.081084791] [reach_dwell_probe]: jarak antar-lengan minimum sepanjang rencana: 221.3 mm di titik 92 (t1_a1_arm_link_0 <-> t2_a1_forearm_link_0) -> CLEAR
    [12] task t2 arm_3 -> [1.9286, -0.3176, 1.16] @rail 1.450: PLANNED (20.2 s)
[INFO] [1790567751.111618173] [reach_dwell_probe]: torsi RNEA+offset(per-aktuator) vs rating: 1=0.01->6.61/10, 2=1.79->9.49/14, 3=1.72->8.32/10, 4=0.25->2.23/7, 5=0.06->2.04/7, 6=0.00->1.98/7  (terketat t2_a2_joint_3 83 %)
[INFO] [1790567762.037215546] [reach_dwell_probe]: jarak antar-lengan minimum sepanjang rencana: 548.6 mm di titik 0 (t1_platform_link_0 <-> t2_a2_base_link_0) -> CLEAR
    [13] task t5 arm_4 -> [0.9286, -0.4588, 1.0] @rail 1.450: PLANNED (11.0 s)
  seed 36 sampel 2/3
    [0] retract g1: sudah REST -> dilewati
    [1] traverse g1 0.000->0.900: CLEAR min 500.8 mm (t1_a2_right_finger_prox_link_0 <-> t2_a1_right_finger_prox_link_0)
[INFO] [1790567762.283828533] [reach_dwell_probe]: torsi RNEA+offset(per-aktuator) vs rating: 1=0.02->6.62/10, 2=2.58->10.28/14, 3=2.43->9.03/10, 4=0.41->2.39/7, 5=0.07->2.05/7, 6=0.00->1.98/7  (terketat t1_a1_joint_3 90 %)
[INFO] [1790567785.631848426] [reach_dwell_probe]: jarak antar-lengan minimum sepanjang rencana: 549.0 mm di titik 84 (t1_a1_arm_link_0 <-> t1_a2_arm_link_0) -> CLEAR
    [2] task t4 arm_1 -> [1.3571, 0.3882, 1.24] @rail 0.900: PLANNED (23.4 s)
    [3] retract g1: se-gantry 549.0 / antar 515.5 mm -> CLEAR
    [4] traverse g1 0.900->1.350: CLEAR min 515.5 mm (t1_a2_right_finger_prox_link_0 <-> t2_a1_right_finger_prox_link_0)
[INFO] [1790567796.925455505] [reach_dwell_probe]: torsi RNEA+offset(per-aktuator) vs rating: 1=0.03->6.63/10, 2=1.15->8.85/14, 3=2.03->8.63/10, 4=0.34->2.32/7, 5=0.10->2.08/7, 6=0.00->1.98/7  (terketat t1_a1_joint_3 86 %)
[INFO] [1790567830.129392652] [reach_dwell_probe]: jarak antar-lengan minimum sepanjang rencana: 572.8 mm di titik 128 (t1_a1_arm_link_0 <-> t1_a2_arm_link_0) -> CLEAR
    [5] task t3 arm_1 -> [1.8571, 0.3176, 1.08] @rail 1.350: PLANNED (33.3 s)
[INFO] [1790567830.178381804] [reach_dwell_probe]: torsi RNEA+offset(per-aktuator) vs rating: 1=0.02->6.62/10, 2=2.74->10.44/14, 3=1.87->8.47/10, 4=0.28->2.26/7, 5=0.05->2.03/7, 6=0.00->1.98/7  (terketat t2_a1_joint_3 85 %)
[INFO] [1790567842.356841528] [reach_dwell_probe]: jarak antar-lengan minimum sepanjang rencana: 494.9 mm di titik 58 (t2_a1_arm_link_0 <-> t2_a2_arm_link_0) -> CLEAR
    [6] task t1 arm_3 -> [0.3571, -0.3176, 1.08] @rail 0.000: PLANNED (12.2 s)
    [7] retract g2: se-gantry 494.9 / antar 754.8 mm -> CLEAR
    [8] traverse g2 0.000->0.200: CLEAR min 623.9 mm (t1_a2_right_finger_prox_link_0 <-> t2_a1_right_finger_prox_link_0)
[INFO] [1790567854.649762910] [reach_dwell_probe]: torsi RNEA+offset(per-aktuator) vs rating: 1=0.13->6.73/10, 2=5.19->12.89/14, 3=0.81->7.41/10, 4=0.09->2.07/7, 5=0.06->2.04/7, 6=0.00->1.98/7  (terketat t2_a1_joint_2 92 %)
[INFO] [1790567866.059788074] [reach_dwell_probe]: jarak antar-lengan minimum sepanjang rencana: 554.8 mm di titik 21 (t1_a2_right_finger_prox_link_0 <-> t2_a1_right_finger_prox_link_0) -> CLEAR
    [9] task t0 arm_3 -> [0.7857, -0.4588, 1.0] @rail 0.200: PLANNED (11.5 s)
    [10] retract g2: se-gantry 622.7 / antar 564.1 mm -> CLEAR
    [11] traverse g2 0.200->1.450: CLEAR min 500.8 mm (t1_a2_right_finger_prox_link_0 <-> t2_a1_right_finger_prox_link_0)
[INFO] [1790567878.277639421] [reach_dwell_probe]: torsi RNEA+offset(per-aktuator) vs rating: 1=0.01->6.61/10, 2=1.59->9.29/14, 3=2.33->8.93/10, 4=0.39->2.37/7, 5=0.06->2.04/7, 6=0.00->1.98/7  (terketat t2_a1_joint_3 89 %)
[INFO] [1790567900.309741776] [reach_dwell_probe]: jarak antar-lengan minimum sepanjang rencana: 514.7 mm di titik 114 (t1_a1_lower_wrist_link_0 <-> t2_a1_lower_wrist_link_0) -> CLEAR
    [12] task t2 arm_3 -> [1.9286, -0.3176, 1.16] @rail 1.450: PLANNED (22.1 s)
[INFO] [1790567900.363917788] [reach_dwell_probe]: torsi RNEA+offset(per-aktuator) vs rating: 1=0.05->6.65/10, 2=3.56->11.26/14, 3=0.52->7.12/10, 4=0.05->2.03/7, 5=0.06->2.04/7, 6=0.00->1.98/7  (terketat t2_a2_joint_2 80 %)
[INFO] [1790567921.826181968] [reach_dwell_probe]: jarak antar-lengan minimum sepanjang rencana: 537.7 mm di titik 44 (t2_a1_arm_link_0 <-> t2_a2_forearm_link_0) -> CLEAR
    [13] task t5 arm_4 -> [0.9286, -0.4588, 1.0] @rail 1.450: PLANNED (21.5 s)
  seed 36 sampel 3/3
    [0] retract g1: sudah REST -> dilewati
    [1] traverse g1 0.000->0.900: CLEAR min 500.8 mm (t1_a2_right_finger_prox_link_0 <-> t2_a1_right_finger_prox_link_0)
[INFO] [1790567922.080389559] [reach_dwell_probe]: torsi RNEA+offset(per-aktuator) vs rating: 1=0.04->6.64/10, 2=4.95->12.65/14, 3=2.13->8.73/10, 4=0.37->2.35/7, 5=0.10->2.08/7, 6=0.00->1.98/7  (terketat t1_a1_joint_2 90 %)
[INFO] [1790567949.676131188] [reach_dwell_probe]: jarak antar-lengan minimum sepanjang rencana: 622.7 mm di titik 0 (t1_a1_arm_link_0 <-> t1_a2_arm_link_0) -> CLEAR
    [2] task t4 arm_1 -> [1.3571, 0.3882, 1.24] @rail 0.900: PLANNED (27.7 s)
    [3] retract g1: se-gantry 622.7 / antar 515.5 mm -> CLEAR
    [4] traverse g1 0.900->1.350: CLEAR min 515.5 mm (t1_a2_right_finger_prox_link_0 <-> t2_a1_right_finger_prox_link_0)
[INFO] [1790567963.058200791] [reach_dwell_probe]: torsi RNEA+offset(per-aktuator) vs rating: 1=0.02->6.62/10, 2=5.03->12.73/14, 3=1.08->7.68/10, 4=0.19->2.17/7, 5=0.08->2.06/7, 6=0.00->1.98/7  (terketat t1_a1_joint_2 91 %)
[INFO] [1790567989.950783757] [reach_dwell_probe]: jarak antar-lengan minimum sepanjang rencana: 622.7 mm di titik 0 (t1_a1_arm_link_0 <-> t1_a2_arm_link_0) -> CLEAR
    [5] task t3 arm_1 -> [1.8571, 0.3176, 1.08] @rail 1.350: PLANNED (26.9 s)
[INFO] [1790567990.021596697] [reach_dwell_probe]: torsi RNEA+offset(per-aktuator) vs rating: 1=0.06->6.66/10, 2=2.56->10.26/14, 3=1.85->8.45/10, 4=0.32->2.30/7, 5=0.10->2.08/7, 6=0.00->1.98/7  (terketat t2_a1_joint_3 84 %)
[INFO] [1790568016.767220537] [reach_dwell_probe]: jarak antar-lengan minimum sepanjang rencana: 622.7 mm di titik 0 (t2_a1_arm_link_0 <-> t2_a2_arm_link_0) -> CLEAR
    [6] task t1 arm_3 -> [0.3571, -0.3176, 1.08] @rail 0.000: PLANNED (26.8 s)
    [7] retract g2: se-gantry 622.7 / antar 723.8 mm -> CLEAR
    [8] traverse g2 0.000->0.200: CLEAR min 636.2 mm (t1_a2_right_finger_prox_link_0 <-> t2_a1_right_finger_prox_link_0)
[INFO] [1790568029.583652539] [reach_dwell_probe]: torsi RNEA+offset(per-aktuator) vs rating: 1=0.03->6.63/10, 2=5.06->12.76/14, 3=0.88->7.48/10, 4=0.10->2.08/7, 5=0.06->2.04/7, 6=0.00->1.98/7  (terketat t2_a1_joint_2 91 %)
[INFO] [1790568059.260428356] [reach_dwell_probe]: jarak antar-lengan minimum sepanjang rencana: 570.5 mm di titik 24 (t1_a2_right_finger_prox_link_0 <-> t2_a1_right_finger_prox_link_0) -> CLEAR
    [9] task t0 arm_3 -> [0.7857, -0.4588, 1.0] @rail 0.200: PLANNED (29.7 s)
    [10] retract g2: se-gantry 622.7 / antar 575.8 mm -> CLEAR
    [11] traverse g2 0.200->1.450: CLEAR min 502.7 mm (t1_a2_right_finger_prox_link_0 <-> t2_a1_right_finger_prox_link_0)
[INFO] [1790568072.731992767] [reach_dwell_probe]: torsi RNEA+offset(per-aktuator) vs rating: 1=0.10->6.70/10, 2=4.38->12.08/14, 3=1.98->8.58/10, 4=0.29->2.27/7, 5=0.06->2.04/7, 6=0.00->1.98/7  (terketat t2_a1_joint_2 86 %)
[INFO] [1790568093.203182774] [reach_dwell_probe]: jarak antar-lengan minimum sepanjang rencana: 436.6 mm di titik 88 (t1_a1_upper_wrist_link_0 <-> t2_a1_forearm_link_0) -> CLEAR
    [12] task t2 arm_3 -> [1.9286, -0.3176, 1.16] @rail 1.450: PLANNED (20.5 s)
[INFO] [1790568093.257442805] [reach_dwell_probe]: torsi RNEA+offset(per-aktuator) vs rating: 1=0.01->6.61/10, 2=1.70->9.40/14, 3=1.54->8.14/10, 4=0.25->2.23/7, 5=0.06->2.04/7, 6=0.00->1.98/7  (terketat t2_a2_joint_3 81 %)
[INFO] [1790568125.030790298] [reach_dwell_probe]: jarak antar-lengan minimum sepanjang rencana: 548.6 mm di titik 0 (t1_platform_link_0 <-> t2_a2_base_link_0) -> CLEAR
    [13] task t5 arm_4 -> [0.9286, -0.4588, 1.0] @rail 1.450: PLANNED (31.8 s)
seed 36: PLANNED/PLANNED/PLANNED -> LOLOS
  seed 40 sampel 1/3
    [0] retract g1: sudah REST -> dilewati
    [1] traverse g1 0.000->0.300: CLEAR min 546.1 mm (t1_platform_link_0 <-> t2_a1_shoulder_link_0)
[INFO] [1790568125.147955801] [reach_dwell_probe]: torsi RNEA+offset(per-aktuator) vs rating: 1=0.05->6.65/10, 2=2.61->10.31/14, 3=1.36->7.96/10, 4=0.23->2.21/7, 5=0.08->2.06/7, 6=0.00->1.98/7  (terketat t1_a2_joint_3 80 %)
[INFO] [1790568153.126658118] [reach_dwell_probe]: jarak antar-lengan minimum sepanjang rencana: 544.2 mm di titik 127 (t1_a2_upper_wrist_link_0 <-> t2_a1_upper_wrist_link_0) -> CLEAR
    [2] task t2 arm_2 -> [0.0, 0.1765, 1.0] @rail 0.300: PLANNED (28.0 s)
[INFO] [1790568153.171165960] [reach_dwell_probe]: torsi RNEA+offset(per-aktuator) vs rating: 1=0.05->6.65/10, 2=4.06->11.76/14, 3=1.39->7.99/10, 4=0.23->2.21/7, 5=0.06->2.04/7, 6=0.00->1.98/7  (terketat t1_a2_joint_2 84 %)
[INFO] [1790568164.095367326] [reach_dwell_probe]: jarak antar-lengan minimum sepanjang rencana: 529.6 mm di titik 46 (t1_a1_upper_wrist_link_0 <-> t1_a2_upper_wrist_link_0) -> CLEAR
    [3] task t3 arm_2 -> [0.0714, 0.3176, 1.0] @rail 0.300: PLANNED (11.0 s)
    [4] retract g1: se-gantry 529.7 / antar 546.1 mm -> CLEAR
    [5] traverse g1 0.300->1.400: CLEAR min 500.8 mm (t1_a2_right_finger_prox_link_0 <-> t2_a1_right_finger_prox_link_0)
[INFO] [1790568176.878913396] [reach_dwell_probe]: torsi RNEA+offset(per-aktuator) vs rating: 1=0.08->6.68/10, 2=2.78->10.48/14, 3=2.35->8.95/10, 4=0.36->2.34/7, 5=0.06->2.04/7, 6=0.00->1.98/7  (terketat t1_a1_joint_3 89 %)
[INFO] [1790568200.723611561] [reach_dwell_probe]: jarak antar-lengan minimum sepanjang rencana: 590.9 mm di titik 37 (t1_a1_forearm_link_0 <-> t1_a2_arm_link_0) -> CLEAR
    [6] task t5 arm_1 -> [1.8571, 0.3176, 1.16] @rail 1.400: PLANNED (23.9 s)
    [7] retract g2: sudah REST -> dilewati
    [8] traverse g2 0.000->0.550: CLEAR min 506.0 mm (t1_a2_right_finger_prox_link_0 <-> t2_a1_right_finger_prox_link_0)
[INFO] [1790568200.900150862] [reach_dwell_probe]: torsi RNEA+offset(per-aktuator) vs rating: 1=0.08->6.68/10, 2=4.15->11.85/14, 3=0.38->6.98/10, 4=0.11->2.09/7, 5=0.06->2.04/7, 6=0.00->1.98/7  (terketat t2_a1_joint_2 85 %)
[INFO] [1790568227.658374466] [reach_dwell_probe]: jarak antar-lengan minimum sepanjang rencana: 434.9 mm di titik 98 (t1_a2_upper_wrist_link_0 <-> t2_a1_lower_wrist_link_0) -> CLEAR
    [9] task t0 arm_3 -> [1.1429, -0.2471, 1.0] @rail 0.550: PLANNED (26.8 s)
[INFO] [1790568227.704632118] [reach_dwell_probe]: torsi RNEA+offset(per-aktuator) vs rating: 1=0.07->6.67/10, 2=3.82->11.52/14, 3=1.56->8.16/10, 4=0.22->2.20/7, 5=0.06->2.04/7, 6=0.00->1.98/7  (terketat t2_a2_joint_2 82 %)
[INFO] [1790568247.562891605] [reach_dwell_probe]: jarak antar-lengan minimum sepanjang rencana: 629.5 mm di titik 44 (t2_a1_shoulder_link_0 <-> t2_a2_forearm_link_0) -> CLEAR
    [10] task t4 arm_4 -> [0.1429, -0.4588, 1.08] @rail 0.550: PLANNED (19.9 s)
    [11] retract g2: se-gantry 559.7 / antar 427.0 mm -> CLEAR
    [12] traverse g2 0.550->0.900: CLEAR min 500.8 mm (t1_a2_right_finger_prox_link_0 <-> t2_a1_right_finger_prox_link_0)
[INFO] [1790568262.514902609] [reach_dwell_probe]: torsi RNEA+offset(per-aktuator) vs rating: 1=0.13->6.73/10, 2=4.94->12.64/14, 3=0.48->7.08/10, 4=0.02->2.00/7, 5=0.06->2.04/7, 6=0.00->1.98/7  (terketat t2_a1_joint_2 90 %)
[INFO] [1790568271.363133286] [reach_dwell_probe]: jarak antar-lengan minimum sepanjang rencana: 546.1 mm di titik 17 (t1_platform_link_0 <-> t2_a1_shoulder_link_0) -> CLEAR
    [13] task t1 arm_3 -> [1.5, -0.3882, 1.0] @rail 0.900: PLANNED (8.9 s)
  seed 40 sampel 2/3
    [0] retract g1: sudah REST -> dilewati
    [1] traverse g1 0.000->0.300: CLEAR min 546.1 mm (t1_platform_link_0 <-> t2_a1_shoulder_link_0)
[INFO] [1790568271.480537704] [reach_dwell_probe]: torsi RNEA+offset(per-aktuator) vs rating: 1=0.05->6.65/10, 2=2.85->10.55/14, 3=1.34->7.94/10, 4=0.23->2.21/7, 5=0.08->2.06/7, 6=0.00->1.98/7  (terketat t1_a2_joint_3 79 %)
[INFO] [1790568299.966908654] [reach_dwell_probe]: jarak antar-lengan minimum sepanjang rencana: 542.2 mm di titik 127 (t1_a2_left_finger_prox_link_0 <-> t2_a1_right_finger_prox_link_0) -> CLEAR
    [2] task t2 arm_2 -> [0.0, 0.1765, 1.0] @rail 0.300: PLANNED (28.5 s)
[INFO] [1790568300.009190003] [reach_dwell_probe]: torsi RNEA+offset(per-aktuator) vs rating: 1=0.07->6.67/10, 2=3.99->11.69/14, 3=1.37->7.97/10, 4=0.23->2.21/7, 5=0.06->2.04/7, 6=0.00->1.98/7  (terketat t1_a2_joint_2 83 %)
[INFO] [1790568310.544078376] [reach_dwell_probe]: jarak antar-lengan minimum sepanjang rencana: 533.9 mm di titik 44 (t1_a1_upper_wrist_link_0 <-> t1_a2_upper_wrist_link_0) -> CLEAR
    [3] task t3 arm_2 -> [0.0714, 0.3176, 1.0] @rail 0.300: PLANNED (10.6 s)
    [4] retract g1: se-gantry 534.0 / antar 546.1 mm -> CLEAR
    [5] traverse g1 0.300->1.400: CLEAR min 500.8 mm (t1_a2_right_finger_prox_link_0 <-> t2_a1_right_finger_prox_link_0)
[INFO] [1790568322.848971389] [reach_dwell_probe]: torsi RNEA+offset(per-aktuator) vs rating: 1=0.05->6.65/10, 2=4.27->11.97/14, 3=1.90->8.50/10, 4=0.31->2.29/7, 5=0.05->2.03/7, 6=0.00->1.98/7  (terketat t1_a1_joint_2 85 %)
[INFO] [1790568346.117164269] [reach_dwell_probe]: jarak antar-lengan minimum sepanjang rencana: 567.1 mm di titik 45 (t1_a1_arm_link_0 <-> t1_a2_arm_link_0) -> CLEAR
    [6] task t5 arm_1 -> [1.8571, 0.3176, 1.16] @rail 1.400: PLANNED (23.3 s)
    [7] retract g2: sudah REST -> dilewati
    [8] traverse g2 0.000->0.550: CLEAR min 506.0 mm (t1_a2_right_finger_prox_link_0 <-> t2_a1_right_finger_prox_link_0)
[INFO] [1790568346.288489821] [reach_dwell_probe]: torsi RNEA+offset(per-aktuator) vs rating: 1=0.06->6.66/10, 2=3.06->10.76/14, 3=1.06->7.66/10, 4=0.21->2.19/7, 5=0.06->2.04/7, 6=0.00->1.98/7  (terketat t2_a1_joint_2 77 %)
[INFO] [1790568374.877244778] [reach_dwell_probe]: jarak antar-lengan minimum sepanjang rencana: 408.0 mm di titik 88 (t1_a2_right_finger_prox_link_0 <-> t2_a1_right_finger_prox_link_0) -> CLEAR
    [9] task t0 arm_3 -> [1.1429, -0.2471, 1.0] @rail 0.550: PLANNED (28.7 s)
[INFO] [1790568374.918809378] [reach_dwell_probe]: torsi RNEA+offset(per-aktuator) vs rating: 1=0.07->6.67/10, 2=3.64->11.34/14, 3=1.62->8.22/10, 4=0.22->2.20/7, 5=0.06->2.04/7, 6=0.00->1.98/7  (terketat t2_a2_joint_3 82 %)
[INFO] [1790568390.541443138] [reach_dwell_probe]: jarak antar-lengan minimum sepanjang rencana: 627.2 mm di titik 44 (t2_a1_shoulder_link_0 <-> t2_a2_forearm_link_0) -> CLEAR
    [10] task t4 arm_4 -> [0.1429, -0.4588, 1.08] @rail 0.550: PLANNED (15.7 s)
    [11] retract g2: se-gantry 576.7 / antar 409.3 mm -> CLEAR
    [12] traverse g2 0.550->0.900: CLEAR min 500.8 mm (t1_a2_right_finger_prox_link_0 <-> t2_a1_right_finger_prox_link_0)
[INFO] [1790568404.785307897] [reach_dwell_probe]: torsi RNEA+offset(per-aktuator) vs rating: 1=0.08->6.68/10, 2=3.03->10.73/14, 3=1.67->8.27/10, 4=0.23->2.21/7, 5=0.06->2.04/7, 6=0.00->1.98/7  (terketat t2_a1_joint_3 83 %)
[INFO] [1790568414.397496347] [reach_dwell_probe]: jarak antar-lengan minimum sepanjang rencana: 546.1 mm di titik 17 (t1_platform_link_0 <-> t2_a1_shoulder_link_0) -> CLEAR
    [13] task t1 arm_3 -> [1.5, -0.3882, 1.0] @rail 0.900: PLANNED (9.7 s)
  seed 40 sampel 3/3
    [0] retract g1: sudah REST -> dilewati
    [1] traverse g1 0.000->0.300: CLEAR min 546.1 mm (t1_platform_link_0 <-> t2_a1_shoulder_link_0)
[INFO] [1790568414.516888913] [reach_dwell_probe]: torsi RNEA+offset(per-aktuator) vs rating: 1=0.04->6.64/10, 2=3.77->11.47/14, 3=1.42->8.02/10, 4=0.23->2.21/7, 5=0.06->2.04/7, 6=0.00->1.98/7  (terketat t1_a2_joint_2 82 %)
[INFO] [1790568439.096254203] [reach_dwell_probe]: jarak antar-lengan minimum sepanjang rencana: 507.4 mm di titik 80 (t1_a2_right_finger_prox_link_0 <-> t2_a2_lower_wrist_link_0) -> CLEAR
    [2] task t2 arm_2 -> [0.0, 0.1765, 1.0] @rail 0.300: PLANNED (24.6 s)
[INFO] [1790568439.144949912] [reach_dwell_probe]: torsi RNEA+offset(per-aktuator) vs rating: 1=0.08->6.68/10, 2=3.81->11.51/14, 3=1.43->8.03/10, 4=0.24->2.22/7, 5=0.06->2.04/7, 6=0.00->1.98/7  (terketat t1_a2_joint_2 82 %)
[INFO] [1790568466.780248486] [reach_dwell_probe]: jarak antar-lengan minimum sepanjang rencana: 531.5 mm di titik 119 (t1_a1_upper_wrist_link_0 <-> t1_a2_upper_wrist_link_0) -> CLEAR
    [3] task t3 arm_2 -> [0.0714, 0.3176, 1.0] @rail 0.300: PLANNED (27.7 s)
    [4] retract g1: se-gantry 531.6 / antar 546.1 mm -> CLEAR
    [5] traverse g1 0.300->1.400: CLEAR min 500.8 mm (t1_a2_right_finger_prox_link_0 <-> t2_a1_right_finger_prox_link_0)
[INFO] [1790568479.940396041] [reach_dwell_probe]: torsi RNEA+offset(per-aktuator) vs rating: 1=0.02->6.62/10, 2=4.79->12.49/14, 3=1.79->8.39/10, 4=0.31->2.29/7, 5=0.09->2.07/7, 6=0.00->1.98/7  (terketat t1_a1_joint_2 89 %)
[INFO] [1790568506.828376236] [reach_dwell_probe]: jarak antar-lengan minimum sepanjang rencana: 622.7 mm di titik 0 (t1_a1_arm_link_0 <-> t1_a2_arm_link_0) -> CLEAR
    [6] task t5 arm_1 -> [1.8571, 0.3176, 1.16] @rail 1.400: PLANNED (27.0 s)
    [7] retract g2: sudah REST -> dilewati
    [8] traverse g2 0.000->0.550: CLEAR min 506.0 mm (t1_a2_right_finger_prox_link_0 <-> t2_a1_right_finger_prox_link_0)
[INFO] [1790568506.997778142] [reach_dwell_probe]: torsi RNEA+offset(per-aktuator) vs rating: 1=0.01->6.61/10, 2=5.08->12.78/14, 3=0.89->7.49/10, 4=0.10->2.08/7, 5=0.06->2.04/7, 6=0.00->1.98/7  (terketat t2_a1_joint_2 91 %)
[INFO] [1790568532.863944120] [reach_dwell_probe]: jarak antar-lengan minimum sepanjang rencana: 468.8 mm di titik 127 (t1_a2_upper_wrist_link_0 <-> t2_a1_lower_wrist_link_0) -> CLEAR
    [9] task t0 arm_3 -> [1.1429, -0.2471, 1.0] @rail 0.550: PLANNED (25.9 s)
[INFO] [1790568532.928085234] [reach_dwell_probe]: torsi RNEA+offset(per-aktuator) vs rating: 1=0.07->6.67/10, 2=1.44->9.14/14, 3=1.99->8.59/10, 4=0.34->2.32/7, 5=0.10->2.08/7, 6=0.00->1.98/7  (terketat t2_a2_joint_3 86 %)
[INFO] [1790568561.514728845] [reach_dwell_probe]: jarak antar-lengan minimum sepanjang rencana: 663.1 mm di titik 0 (t2_a1_arm_link_0 <-> t2_a2_arm_link_0) -> CLEAR
    [10] task t4 arm_4 -> [0.1429, -0.4588, 1.08] @rail 0.550: PLANNED (28.7 s)
    [11] retract g2: se-gantry 622.7 / antar 469.2 mm -> CLEAR
    [12] traverse g2 0.550->0.900: CLEAR min 500.8 mm (t1_a2_right_finger_prox_link_0 <-> t2_a1_right_finger_prox_link_0)
[INFO] [1790568574.872943840] [reach_dwell_probe]: torsi RNEA+offset(per-aktuator) vs rating: 1=0.02->6.62/10, 2=4.91->12.61/14, 3=0.68->7.28/10, 4=0.03->2.01/7, 5=0.06->2.04/7, 6=0.00->1.98/7  (terketat t2_a1_joint_2 90 %)
[INFO] [1790568597.736728324] [reach_dwell_probe]: jarak antar-lengan minimum sepanjang rencana: 546.1 mm di titik 82 (t1_platform_link_0 <-> t2_a1_shoulder_link_0) -> CLEAR
    [13] task t1 arm_3 -> [1.5, -0.3882, 1.0] @rail 0.900: PLANNED (22.9 s)
seed 40: PLANNED/PLANNED/PLANNED -> LOLOS
  seed 42 sampel 1/3
[INFO] [1790568597.792227713] [reach_dwell_probe]: torsi RNEA+offset(per-aktuator) vs rating: 1=0.08->6.68/10, 2=4.95->12.65/14, 3=1.12->7.72/10, 4=0.19->2.17/7, 5=0.08->2.06/7, 6=0.00->1.98/7  (terketat t1_a1_joint_2 90 %)
[INFO] [1790568629.127474609] [reach_dwell_probe]: jarak antar-lengan minimum sepanjang rencana: 492.0 mm di titik 127 (t1_a1_arm_link_0 <-> t1_a2_arm_link_0) -> CLEAR
    [0] task t2 arm_1 -> [0.3571, 0.4588, 1.08] @rail 0.000: PLANNED (31.4 s)
    [1] retract g1: se-gantry 492.3 / antar 560.9 mm -> CLEAR
    [2] traverse g1 0.000->0.350: CLEAR min 546.1 mm (t1_platform_link_0 <-> t2_a1_shoulder_link_0)
[INFO] [1790568643.264130362] [reach_dwell_probe]: torsi RNEA+offset(per-aktuator) vs rating: 1=0.09->6.69/10, 2=4.14->11.84/14, 3=0.40->7.00/10, 4=0.09->2.07/7, 5=0.06->2.04/7, 6=0.00->1.98/7  (terketat t1_a1_joint_2 85 %)
[INFO] [1790568656.247897298] [reach_dwell_probe]: jarak antar-lengan minimum sepanjang rencana: 622.7 mm di titik 0 (t1_a1_arm_link_0 <-> t1_a2_arm_link_0) -> CLEAR
    [3] task t0 arm_1 -> [0.8571, 0.3176, 1.0] @rail 0.350: PLANNED (13.0 s)
[INFO] [1790568656.294035302] [reach_dwell_probe]: torsi RNEA+offset(per-aktuator) vs rating: 1=0.01->6.61/10, 2=4.01->11.71/14, 3=0.38->6.98/10, 4=0.05->2.03/7, 5=0.06->2.04/7, 6=0.00->1.98/7  (terketat t1_a2_joint_2 84 %)
[INFO] [1790568667.342466441] [reach_dwell_probe]: jarak antar-lengan minimum sepanjang rencana: 546.1 mm di titik 35 (t1_a2_shoulder_link_0 <-> t2_platform_link_0) -> CLEAR
    [4] task t3 arm_2 -> [0.1429, 0.3176, 1.0] @rail 0.350: PLANNED (11.1 s)
    [5] retract g2: sudah REST -> dilewati
    [6] traverse g2 0.000->0.650: CLEAR min 500.3 mm (t1_a1_arm_link_0 <-> t2_a1_arm_link_0)
[INFO] [1790568667.553225342] [reach_dwell_probe]: torsi RNEA+offset(per-aktuator) vs rating: 1=0.09->6.69/10, 2=3.99->11.69/14, 3=2.43->9.03/10, 4=0.41->2.39/7, 5=0.07->2.05/7, 6=0.00->1.98/7  (terketat t2_a1_joint_3 90 %)
[INFO] [1790568689.657144755] [reach_dwell_probe]: jarak antar-lengan minimum sepanjang rencana: 508.0 mm di titik 107 (t1_a1_forearm_link_0 <-> t2_a1_right_finger_prox_link_0) -> CLEAR
    [7] task t4 arm_3 -> [1.0714, -0.3176, 1.32] @rail 0.650: PLANNED (22.2 s)
    [8] retract g2: se-gantry 580.7 / antar 511.8 mm -> CLEAR
    [9] traverse g2 0.650->0.800: CLEAR min 517.5 mm (t1_a1_arm_link_0 <-> t2_a1_arm_link_0)
[INFO] [1790568700.340637856] [reach_dwell_probe]: torsi RNEA+offset(per-aktuator) vs rating: 1=0.08->6.68/10, 2=3.96->11.66/14, 3=0.69->7.29/10, 4=0.15->2.13/7, 5=0.05->2.03/7, 6=0.00->1.98/7  (terketat t2_a1_joint_2 83 %)
[INFO] [1790568730.268757128] [reach_dwell_probe]: jarak antar-lengan minimum sepanjang rencana: 529.4 mm di titik 74 (t1_a1_forearm_link_0 <-> t2_a1_forearm_link_0) -> CLEAR
    [10] task t1 arm_3 -> [1.4286, -0.3176, 1.0] @rail 0.800: PLANNED (30.0 s)
    [11] retract g2: se-gantry 619.7 / antar 536.6 mm -> CLEAR
    [12] traverse g2 0.800->1.550: CLEAR min 535.4 mm (t1_a1_arm_link_0 <-> t2_a2_forearm_link_0)
[INFO] [1790568743.923105470] [reach_dwell_probe]: torsi RNEA+offset(per-aktuator) vs rating: 1=0.09->6.69/10, 2=4.43->12.13/14, 3=1.35->7.95/10, 4=0.19->2.17/7, 5=0.05->2.03/7, 6=0.00->1.98/7  (terketat t2_a1_joint_2 87 %)
[INFO] [1790568761.103203905] [reach_dwell_probe]: jarak antar-lengan minimum sepanjang rencana: 565.6 mm di titik 38 (t2_a1_forearm_link_0 <-> t2_a2_arm_link_0) -> CLEAR
    [13] task t5 arm_3 -> [2.0, -0.2471, 1.08] @rail 1.550: PLANNED (17.2 s)
  seed 42 sampel 2/3
[INFO] [1790568761.145749222] [reach_dwell_probe]: torsi RNEA+offset(per-aktuator) vs rating: 1=0.04->6.64/10, 2=1.79->9.49/14, 3=1.79->8.39/10, 4=0.33->2.31/7, 5=0.06->2.04/7, 6=0.00->1.98/7  (terketat t1_a1_joint_3 84 %)
[INFO] [1790568774.325155324] [reach_dwell_probe]: jarak antar-lengan minimum sepanjang rencana: 575.1 mm di titik 0 (t1_a1_base_link_0 <-> t2_platform_link_0) -> CLEAR
    [0] task t2 arm_1 -> [0.3571, 0.4588, 1.08] @rail 0.000: PLANNED (13.2 s)
    [1] retract g1: se-gantry 622.7 / antar 575.1 mm -> CLEAR
    [2] traverse g1 0.000->0.350: CLEAR min 546.1 mm (t1_platform_link_0 <-> t2_a1_shoulder_link_0)
[INFO] [1790568785.956576003] [reach_dwell_probe]: torsi RNEA+offset(per-aktuator) vs rating: 1=0.09->6.69/10, 2=4.09->11.79/14, 3=0.40->7.00/10, 4=0.10->2.08/7, 5=0.06->2.04/7, 6=0.00->1.98/7  (terketat t1_a1_joint_2 84 %)
[INFO] [1790568798.574307655] [reach_dwell_probe]: jarak antar-lengan minimum sepanjang rencana: 622.7 mm di titik 0 (t1_a1_arm_link_0 <-> t1_a2_arm_link_0) -> CLEAR
    [3] task t0 arm_1 -> [0.8571, 0.3176, 1.0] @rail 0.350: PLANNED (12.7 s)
[INFO] [1790568798.626820789] [reach_dwell_probe]: torsi RNEA+offset(per-aktuator) vs rating: 1=0.03->6.63/10, 2=4.30->12.00/14, 3=0.50->7.10/10, 4=0.07->2.05/7, 5=0.06->2.04/7, 6=0.00->1.98/7  (terketat t1_a2_joint_2 86 %)
[INFO] [1790568826.411163897] [reach_dwell_probe]: jarak antar-lengan minimum sepanjang rencana: 546.1 mm di titik 52 (t1_a2_shoulder_link_0 <-> t2_platform_link_0) -> CLEAR
    [4] task t3 arm_2 -> [0.1429, 0.3176, 1.0] @rail 0.350: PLANNED (27.8 s)
    [5] retract g2: sudah REST -> dilewati
    [6] traverse g2 0.000->0.650: CLEAR min 507.8 mm (t1_a1_arm_link_0 <-> t2_a1_arm_link_0)
[INFO] [1790568826.638945234] [reach_dwell_probe]: torsi RNEA+offset(per-aktuator) vs rating: 1=0.08->6.68/10, 2=5.04->12.74/14, 3=2.38->8.98/10, 4=0.42->2.40/7, 5=0.11->2.09/7, 6=0.00->1.98/7  (terketat t2_a1_joint_2 91 %)
[INFO] [1790568854.265704811] [reach_dwell_probe]: jarak antar-lengan minimum sepanjang rencana: 317.3 mm di titik 112 (t1_a1_forearm_link_0 <-> t2_a1_forearm_link_0) -> CLEAR
    [7] task t4 arm_3 -> [1.0714, -0.3176, 1.32] @rail 0.650: PLANNED (27.7 s)
    [8] retract g2: se-gantry 573.9 / antar 326.8 mm -> CLEAR
    [9] traverse g2 0.650->0.800: CLEAR min 523.2 mm (t1_a1_arm_link_0 <-> t2_a1_arm_link_0)
[INFO] [1790568867.559157336] [reach_dwell_probe]: torsi RNEA+offset(per-aktuator) vs rating: 1=0.08->6.68/10, 2=4.02->11.72/14, 3=0.61->7.21/10, 4=0.15->2.13/7, 5=0.06->2.04/7, 6=0.00->1.98/7  (terketat t2_a1_joint_2 84 %)
[INFO] [1790568896.796908507] [reach_dwell_probe]: jarak antar-lengan minimum sepanjang rencana: 530.3 mm di titik 76 (t1_a1_arm_link_0 <-> t2_a1_forearm_link_0) -> CLEAR
    [10] task t1 arm_3 -> [1.4286, -0.3176, 1.0] @rail 0.800: PLANNED (29.3 s)
    [11] retract g2: se-gantry 618.7 / antar 536.2 mm -> CLEAR
    [12] traverse g2 0.800->1.550: CLEAR min 539.7 mm (t1_platform_link_0 <-> t2_a2_base_link_0)
[INFO] [1790568909.790241574] [reach_dwell_probe]: torsi RNEA+offset(per-aktuator) vs rating: 1=0.02->6.62/10, 2=5.08->12.78/14, 3=0.92->7.52/10, 4=0.19->2.17/7, 5=0.05->2.03/7, 6=0.00->1.98/7  (terketat t2_a1_joint_2 91 %)
[INFO] [1790568923.656480714] [reach_dwell_probe]: jarak antar-lengan minimum sepanjang rencana: 622.7 mm di titik 0 (t2_a1_arm_link_0 <-> t2_a2_arm_link_0) -> CLEAR
    [13] task t5 arm_3 -> [2.0, -0.2471, 1.08] @rail 1.550: PLANNED (13.9 s)
  seed 42 sampel 3/3
[INFO] [1790568923.698764226] [reach_dwell_probe]: torsi RNEA+offset(per-aktuator) vs rating: 1=0.05->6.65/10, 2=3.78->11.48/14, 3=1.56->8.16/10, 4=0.21->2.19/7, 5=0.06->2.04/7, 6=0.00->1.98/7  (terketat t1_a1_joint_2 82 %)
[INFO] [1790568935.660613982] [reach_dwell_probe]: jarak antar-lengan minimum sepanjang rencana: 505.8 mm di titik 51 (t1_a1_forearm_link_0 <-> t1_a2_arm_link_0) -> CLEAR
    [0] task t2 arm_1 -> [0.3571, 0.4588, 1.08] @rail 0.000: PLANNED (12.0 s)
    [1] retract g1: se-gantry 505.8 / antar 575.1 mm -> CLEAR
    [2] traverse g1 0.000->0.350: CLEAR min 546.1 mm (t1_platform_link_0 <-> t2_a1_shoulder_link_0)
[INFO] [1790568948.233263956] [reach_dwell_probe]: torsi RNEA+offset(per-aktuator) vs rating: 1=0.02->6.62/10, 2=4.17->11.87/14, 3=0.47->7.07/10, 4=0.09->2.07/7, 5=0.06->2.04/7, 6=0.00->1.98/7  (terketat t1_a1_joint_2 85 %)
[INFO] [1790568973.607620960] [reach_dwell_probe]: jarak antar-lengan minimum sepanjang rencana: 622.7 mm di titik 0 (t1_a1_arm_link_0 <-> t1_a2_arm_link_0) -> CLEAR
    [3] task t0 arm_1 -> [0.8571, 0.3176, 1.0] @rail 0.350: PLANNED (25.4 s)
[INFO] [1790568973.640787723] [reach_dwell_probe]: torsi RNEA+offset(per-aktuator) vs rating: 1=0.00->6.60/10, 2=1.77->9.47/14, 3=1.23->7.83/10, 4=0.24->2.22/7, 5=0.06->2.04/7, 6=0.00->1.98/7  (terketat t1_a2_joint_3 78 %)
[INFO] [1790568984.676354902] [reach_dwell_probe]: jarak antar-lengan minimum sepanjang rencana: 546.1 mm di titik 43 (t1_a2_shoulder_link_0 <-> t2_platform_link_0) -> CLEAR
    [4] task t3 arm_2 -> [0.1429, 0.3176, 1.0] @rail 0.350: PLANNED (11.1 s)
    [5] retract g2: sudah REST -> dilewati
    [6] traverse g2 0.000->0.650: CLEAR min 534.3 mm (t1_a1_gripper_base_link_0 <-> t2_a1_right_finger_prox_link_0)
[INFO] [1790568984.900555926] [reach_dwell_probe]: torsi RNEA+offset(per-aktuator) vs rating: 1=0.10->6.70/10, 2=4.82->12.52/14, 3=2.43->9.03/10, 4=0.43->2.41/7, 5=0.12->2.10/7, 6=0.00->1.98/7  (terketat t2_a1_joint_3 90 %)
[INFO] [1790569011.665340914] [reach_dwell_probe]: jarak antar-lengan minimum sepanjang rencana: 475.2 mm di titik 99 (t1_a1_forearm_link_0 <-> t2_a1_forearm_link_0) -> CLEAR
    [7] task t4 arm_3 -> [1.0714, -0.3176, 1.32] @rail 0.650: PLANNED (26.9 s)
    [8] retract g2: se-gantry 503.4 / antar 479.5 mm -> CLEAR
    [9] traverse g2 0.650->0.800: CLEAR min 539.7 mm (t1_platform_link_0 <-> t2_a2_base_link_0)
[INFO] [1790569024.334927536] [reach_dwell_probe]: torsi RNEA+offset(per-aktuator) vs rating: 1=0.01->6.61/10, 2=5.03->12.73/14, 3=0.96->7.56/10, 4=0.12->2.10/7, 5=0.06->2.04/7, 6=0.00->1.98/7  (terketat t2_a1_joint_2 91 %)
[INFO] [1790569050.487081110] [reach_dwell_probe]: jarak antar-lengan minimum sepanjang rencana: 622.7 mm di titik 0 (t2_a1_arm_link_0 <-> t2_a2_arm_link_0) -> CLEAR
    [10] task t1 arm_3 -> [1.4286, -0.3176, 1.0] @rail 0.800: PLANNED (26.2 s)
    [11] retract g2: se-gantry 622.7 / antar 539.7 mm -> CLEAR
    [12] traverse g2 0.800->1.550: CLEAR min 539.7 mm (t1_platform_link_0 <-> t2_a2_base_link_0)
[INFO] [1790569062.955775980] [reach_dwell_probe]: torsi RNEA+offset(per-aktuator) vs rating: 1=0.06->6.66/10, 2=1.17->8.87/14, 3=1.87->8.47/10, 4=0.34->2.32/7, 5=0.06->2.04/7, 6=0.00->1.98/7  (terketat t2_a1_joint_3 85 %)
[INFO] [1790569079.232973308] [reach_dwell_probe]: jarak antar-lengan minimum sepanjang rencana: 622.7 mm di titik 0 (t2_a1_arm_link_0 <-> t2_a2_arm_link_0) -> CLEAR
    [13] task t5 arm_3 -> [2.0, -0.2471, 1.08] @rail 1.550: PLANNED (16.3 s)
seed 42: PLANNED/PLANNED/PLANNED -> LOLOS
