[INFO] [1790560432.861524155] [reach_dwell_probe]: torsi RNEA+offset(per-aktuator) vs rating: 1=0.03->6.63/10, 2=7.34->15.04/14, 3=0.98->7.58/10, 4=0.19->2.17/7, 5=0.08->2.06/7, 6=0.00->1.98/7  (terketat t2_a2_joint_2 107 %)
[ERROR] [1790560432.861898908] [reach_dwell_probe]: A6/S3: rencana DITOLAK SEBELUM GERAK -- t2_a2_joint_2 diperkirakan 15.04 N.m > rating 14. Pose ini menuntut torsi di atas rating sendi; itu sifat POSE, bukan sifat penjaga. (Penyaring sengaja konservatif: pada kalibrasi G16 ia menolak 1 dari 4 pose yang ternyata aman.)
KD1 lulus: 61 tuple = 41 z1.40 tolak + 20 z1.32 terima; rel dalam [0, 1.6]
KD2 lulus: /tmp/reach_dwell_live.urdf sha f02e7c532cdb
KD3 lulus: offset joint_2 = 7.7
[ 0] s1 arm_4 z1.40 @0.60 oracle4 F: TORQUE-UNSAFE (0.1 s) RNEA j2 7.34 @ 82/123 statis-akhir 5.33
[INFO] [1790560432.939141955] [reach_dwell_probe]: torsi RNEA+offset(per-aktuator) vs rating: 1=0.05->6.65/10, 2=6.93->14.63/14, 3=1.11->7.71/10, 4=0.22->2.20/7, 5=0.05->2.03/7, 6=0.00->1.98/7  (terketat t2_a2_joint_2 105 %)
[ERROR] [1790560432.939475440] [reach_dwell_probe]: A6/S3: rencana DITOLAK SEBELUM GERAK -- t2_a2_joint_2 diperkirakan 14.63 N.m > rating 14. Pose ini menuntut torsi di atas rating sendi; itu sifat POSE, bukan sifat penjaga. (Penyaring sengaja konservatif: pada kalibrasi G16 ia menolak 1 dari 4 pose yang ternyata aman.)
[ 0] s2 arm_4 z1.40 @0.60 oracle4 F: TORQUE-UNSAFE (0.1 s) RNEA j2 6.93 @ 84/118 statis-akhir 5.52
[INFO] [1790560433.022816326] [reach_dwell_probe]: torsi RNEA+offset(per-aktuator) vs rating: 1=0.05->6.65/10, 2=7.00->14.70/14, 3=1.03->7.63/10, 4=0.21->2.19/7, 5=0.06->2.04/7, 6=0.00->1.98/7  (terketat t2_a2_joint_2 105 %)
[ERROR] [1790560433.023167075] [reach_dwell_probe]: A6/S3: rencana DITOLAK SEBELUM GERAK -- t2_a2_joint_2 diperkirakan 14.70 N.m > rating 14. Pose ini menuntut torsi di atas rating sendi; itu sifat POSE, bukan sifat penjaga. (Penyaring sengaja konservatif: pada kalibrasi G16 ia menolak 1 dari 4 pose yang ternyata aman.)
[ 0] s3 arm_4 z1.40 @0.60 oracle4 F: TORQUE-UNSAFE (0.1 s) RNEA j2 7.00 @ 83/117 statis-akhir 5.52
[INFO] [1790560433.124913089] [reach_dwell_probe]: torsi RNEA+offset(per-aktuator) vs rating: 1=0.09->6.69/10, 2=6.44->14.14/14, 3=1.24->7.84/10, 4=0.19->2.17/7, 5=0.06->2.04/7, 6=0.00->1.98/7  (terketat t1_a2_joint_2 101 %)
[ERROR] [1790560433.125304782] [reach_dwell_probe]: A6/S3: rencana DITOLAK SEBELUM GERAK -- t1_a2_joint_2 diperkirakan 14.14 N.m > rating 14. Pose ini menuntut torsi di atas rating sendi; itu sifat POSE, bukan sifat penjaga. (Penyaring sengaja konservatif: pada kalibrasi G16 ia menolak 1 dari 4 pose yang ternyata aman.)
[ 1] s1 arm_2 z1.40 @0.60 oracle4 F: TORQUE-UNSAFE (0.1 s) RNEA j2 6.44 @ 96/129 statis-akhir 5.55
[INFO] [1790560433.294134203] [reach_dwell_probe]: torsi RNEA+offset(per-aktuator) vs rating: 1=0.03->6.63/10, 2=7.28->14.98/14, 3=1.04->7.64/10, 4=0.19->2.17/7, 5=0.07->2.05/7, 6=0.00->1.98/7  (terketat t1_a2_joint_2 107 %)
[ERROR] [1790560433.294568177] [reach_dwell_probe]: A6/S3: rencana DITOLAK SEBELUM GERAK -- t1_a2_joint_2 diperkirakan 14.98 N.m > rating 14. Pose ini menuntut torsi di atas rating sendi; itu sifat POSE, bukan sifat penjaga. (Penyaring sengaja konservatif: pada kalibrasi G16 ia menolak 1 dari 4 pose yang ternyata aman.)
[ 1] s2 arm_2 z1.40 @0.60 oracle4 F: TORQUE-UNSAFE (0.2 s) RNEA j2 7.28 @ 85/127 statis-akhir 5.34
[INFO] [1790560433.408505477] [reach_dwell_probe]: torsi RNEA+offset(per-aktuator) vs rating: 1=0.03->6.63/10, 2=7.17->14.87/14, 3=1.19->7.79/10, 4=0.21->2.19/7, 5=0.08->2.06/7, 6=0.00->1.98/7  (terketat t1_a2_joint_2 106 %)
[ERROR] [1790560433.408872252] [reach_dwell_probe]: A6/S3: rencana DITOLAK SEBELUM GERAK -- t1_a2_joint_2 diperkirakan 14.87 N.m > rating 14. Pose ini menuntut torsi di atas rating sendi; itu sifat POSE, bukan sifat penjaga. (Penyaring sengaja konservatif: pada kalibrasi G16 ia menolak 1 dari 4 pose yang ternyata aman.)
[ 1] s3 arm_2 z1.40 @0.60 oracle4 F: TORQUE-UNSAFE (0.1 s) RNEA j2 7.17 @ 85/126 statis-akhir 5.32
[INFO] [1790560433.479382870] [reach_dwell_probe]: torsi RNEA+offset(per-aktuator) vs rating: 1=0.03->6.63/10, 2=7.16->14.86/14, 3=0.84->7.44/10, 4=0.18->2.16/7, 5=0.06->2.04/7, 6=0.00->1.98/7  (terketat t1_a2_joint_2 106 %)
[ERROR] [1790560433.479804254] [reach_dwell_probe]: A6/S3: rencana DITOLAK SEBELUM GERAK -- t1_a2_joint_2 diperkirakan 14.86 N.m > rating 14. Pose ini menuntut torsi di atas rating sendi; itu sifat POSE, bukan sifat penjaga. (Penyaring sengaja konservatif: pada kalibrasi G16 ia menolak 1 dari 4 pose yang ternyata aman.)
[ 2] s1 arm_2 z1.40 @0.75 oracle4 F: TORQUE-UNSAFE (0.1 s) RNEA j2 7.16 @ 80/116 statis-akhir 5.53
[INFO] [1790560433.564162602] [reach_dwell_probe]: torsi RNEA+offset(per-aktuator) vs rating: 1=0.03->6.63/10, 2=7.05->14.75/14, 3=0.97->7.57/10, 4=0.20->2.18/7, 5=0.06->2.04/7, 6=0.00->1.98/7  (terketat t1_a2_joint_2 105 %)
[ERROR] [1790560433.564632823] [reach_dwell_probe]: A6/S3: rencana DITOLAK SEBELUM GERAK -- t1_a2_joint_2 diperkirakan 14.75 N.m > rating 14. Pose ini menuntut torsi di atas rating sendi; itu sifat POSE, bukan sifat penjaga. (Penyaring sengaja konservatif: pada kalibrasi G16 ia menolak 1 dari 4 pose yang ternyata aman.)
[ 2] s2 arm_2 z1.40 @0.75 oracle4 F: TORQUE-UNSAFE (0.1 s) RNEA j2 7.05 @ 82/117 statis-akhir 5.51
[INFO] [1790560433.623213307] [reach_dwell_probe]: torsi RNEA+offset(per-aktuator) vs rating: 1=0.14->6.74/10, 2=6.59->14.29/14, 3=1.31->7.91/10, 4=0.18->2.16/7, 5=0.05->2.03/7, 6=0.00->1.98/7  (terketat t1_a2_joint_2 102 %)
[ERROR] [1790560433.623579585] [reach_dwell_probe]: A6/S3: rencana DITOLAK SEBELUM GERAK -- t1_a2_joint_2 diperkirakan 14.29 N.m > rating 14. Pose ini menuntut torsi di atas rating sendi; itu sifat POSE, bukan sifat penjaga. (Penyaring sengaja konservatif: pada kalibrasi G16 ia menolak 1 dari 4 pose yang ternyata aman.)
[ 2] s3 arm_2 z1.40 @0.75 oracle4 F: TORQUE-UNSAFE (0.1 s) RNEA j2 6.59 @ 86/121 statis-akhir 5.37
[INFO] [1790560433.699791882] [reach_dwell_probe]: torsi RNEA+offset(per-aktuator) vs rating: 1=0.04->6.64/10, 2=7.17->14.87/14, 3=1.18->7.78/10, 4=0.20->2.18/7, 5=0.08->2.06/7, 6=0.00->1.98/7  (terketat t1_a2_joint_2 106 %)
[ERROR] [1790560433.700342170] [reach_dwell_probe]: A6/S3: rencana DITOLAK SEBELUM GERAK -- t1_a2_joint_2 diperkirakan 14.87 N.m > rating 14. Pose ini menuntut torsi di atas rating sendi; itu sifat POSE, bukan sifat penjaga. (Penyaring sengaja konservatif: pada kalibrasi G16 ia menolak 1 dari 4 pose yang ternyata aman.)
[ 3] s1 arm_2 z1.40 @0.70 oracle4 F: TORQUE-UNSAFE (0.1 s) RNEA j2 7.17 @ 86/127 statis-akhir 5.34
[INFO] [1790560433.798635219] [reach_dwell_probe]: torsi RNEA+offset(per-aktuator) vs rating: 1=0.04->6.64/10, 2=7.28->14.98/14, 3=1.07->7.67/10, 4=0.20->2.18/7, 5=0.08->2.06/7, 6=0.00->1.98/7  (terketat t1_a2_joint_2 107 %)
[ERROR] [1790560433.799086825] [reach_dwell_probe]: A6/S3: rencana DITOLAK SEBELUM GERAK -- t1_a2_joint_2 diperkirakan 14.98 N.m > rating 14. Pose ini menuntut torsi di atas rating sendi; itu sifat POSE, bukan sifat penjaga. (Penyaring sengaja konservatif: pada kalibrasi G16 ia menolak 1 dari 4 pose yang ternyata aman.)
[ 3] s2 arm_2 z1.40 @0.70 oracle4 F: TORQUE-UNSAFE (0.1 s) RNEA j2 7.28 @ 83/123 statis-akhir 5.29
[INFO] [1790560433.919887755] [reach_dwell_probe]: torsi RNEA+offset(per-aktuator) vs rating: 1=0.06->6.66/10, 2=6.44->14.14/14, 3=1.24->7.84/10, 4=0.19->2.17/7, 5=0.06->2.04/7, 6=0.00->1.98/7  (terketat t1_a2_joint_2 101 %)
[ERROR] [1790560433.920265337] [reach_dwell_probe]: A6/S3: rencana DITOLAK SEBELUM GERAK -- t1_a2_joint_2 diperkirakan 14.14 N.m > rating 14. Pose ini menuntut torsi di atas rating sendi; itu sifat POSE, bukan sifat penjaga. (Penyaring sengaja konservatif: pada kalibrasi G16 ia menolak 1 dari 4 pose yang ternyata aman.)
[ 3] s3 arm_2 z1.40 @0.70 oracle4 F: TORQUE-UNSAFE (0.1 s) RNEA j2 6.44 @ 96/127 statis-akhir 5.59
[INFO] [1790560433.996932764] [reach_dwell_probe]: torsi RNEA+offset(per-aktuator) vs rating: 1=0.01->6.61/10, 2=2.43->10.13/14, 3=2.48->9.08/10, 4=0.27->2.25/7, 5=0.11->2.09/7, 6=0.00->1.98/7  (terketat t1_a2_joint_3 91 %)
/home/user1/Documents/ceiling_arm/scripts/interarm_collision.py:66: UserWarning: You passed package dir(s) via argument geometry_model and provided package_dirs.
  self.geom = pin.buildGeomFromUrdf(
/home/user1/Documents/ceiling_arm/scripts/interarm_collision.py:168: UserWarning: You passed package dir(s) via argument geometry_model and provided package_dirs.
  self.geom = pin.buildGeomFromUrdf(
[INFO] [1790560462.589598517] [reach_dwell_probe]: jarak antar-lengan minimum sepanjang rencana: 468.8 mm di titik 12 (t1_a2_right_finger_prox_link_0 <-> t2_a1_right_finger_prox_link_0) -> CLEAR
[ 4] s1 arm_2 z1.40 @0.90 oracle4 F: PLANNED (28.7 s) RNEA j2 2.43 @ 73/126 statis-akhir 1.48
[INFO] [1790560462.661477572] [reach_dwell_probe]: torsi RNEA+offset(per-aktuator) vs rating: 1=0.03->6.63/10, 2=7.08->14.78/14, 3=0.93->7.53/10, 4=0.19->2.17/7, 5=0.05->2.03/7, 6=0.00->1.98/7  (terketat t1_a2_joint_2 106 %)
[ERROR] [1790560462.661865632] [reach_dwell_probe]: A6/S3: rencana DITOLAK SEBELUM GERAK -- t1_a2_joint_2 diperkirakan 14.78 N.m > rating 14. Pose ini menuntut torsi di atas rating sendi; itu sifat POSE, bukan sifat penjaga. (Penyaring sengaja konservatif: pada kalibrasi G16 ia menolak 1 dari 4 pose yang ternyata aman.)
[ 4] s2 arm_2 z1.40 @0.90 oracle4 F: TORQUE-UNSAFE (0.1 s) RNEA j2 7.08 @ 81/116 statis-akhir 5.51
[INFO] [1790560462.762537170] [reach_dwell_probe]: torsi RNEA+offset(per-aktuator) vs rating: 1=0.03->6.63/10, 2=7.23->14.93/14, 3=0.75->7.35/10, 4=0.17->2.15/7, 5=0.06->2.04/7, 6=0.00->1.98/7  (terketat t1_a2_joint_2 107 %)
[ERROR] [1790560462.762915745] [reach_dwell_probe]: A6/S3: rencana DITOLAK SEBELUM GERAK -- t1_a2_joint_2 diperkirakan 14.93 N.m > rating 14. Pose ini menuntut torsi di atas rating sendi; itu sifat POSE, bukan sifat penjaga. (Penyaring sengaja konservatif: pada kalibrasi G16 ia menolak 1 dari 4 pose yang ternyata aman.)
[ 4] s3 arm_2 z1.40 @0.90 oracle4 F: TORQUE-UNSAFE (0.1 s) RNEA j2 7.23 @ 80/115 statis-akhir 5.57
[INFO] [1790560462.858100290] [reach_dwell_probe]: torsi RNEA+offset(per-aktuator) vs rating: 1=0.04->6.64/10, 2=2.30->10.00/14, 3=2.48->9.08/10, 4=0.27->2.25/7, 5=0.11->2.09/7, 6=0.00->1.98/7  (terketat t1_a1_joint_3 91 %)
[INFO] [1790560487.649863098] [reach_dwell_probe]: jarak antar-lengan minimum sepanjang rencana: 323.1 mm di titik 70 (t1_a1_right_finger_dist_link_0 <-> t2_a1_arm_link_0) -> CLEAR
[ 5] s1 arm_1 z1.40 @0.10 oracle4 F: PLANNED (24.9 s) RNEA j2 2.30 @ 71/126 statis-akhir 1.25
[INFO] [1790560487.763701217] [reach_dwell_probe]: torsi RNEA+offset(per-aktuator) vs rating: 1=0.01->6.61/10, 2=2.27->9.97/14, 3=2.46->9.06/10, 4=0.41->2.39/7, 5=0.06->2.04/7, 6=0.00->1.98/7  (terketat t1_a1_joint_3 91 %)
[INFO] [1790560513.263395226] [reach_dwell_probe]: jarak antar-lengan minimum sepanjang rencana: 395.8 mm di titik 77 (t1_a1_lower_wrist_link_0 <-> t2_a1_arm_link_0) -> CLEAR
[ 5] s2 arm_1 z1.40 @0.10 oracle4 F: PLANNED (25.6 s) RNEA j2 2.27 @ 68/117 statis-akhir 0.88
[INFO] [1790560513.349275276] [reach_dwell_probe]: torsi RNEA+offset(per-aktuator) vs rating: 1=0.03->6.63/10, 2=2.24->9.94/14, 3=2.48->9.08/10, 4=0.27->2.25/7, 5=0.11->2.09/7, 6=0.00->1.98/7  (terketat t1_a1_joint_3 91 %)
[INFO] [1790560537.962434362] [reach_dwell_probe]: jarak antar-lengan minimum sepanjang rencana: 323.8 mm di titik 70 (t1_a1_right_finger_dist_link_0 <-> t2_a1_arm_link_0) -> CLEAR
[ 5] s3 arm_1 z1.40 @0.10 oracle4 F: PLANNED (24.7 s) RNEA j2 2.24 @ 70/125 statis-akhir 1.15
[INFO] [1790560538.037382838] [reach_dwell_probe]: torsi RNEA+offset(per-aktuator) vs rating: 1=0.06->6.66/10, 2=6.47->14.17/14, 3=1.45->8.05/10, 4=0.19->2.17/7, 5=0.05->2.03/7, 6=0.00->1.98/7  (terketat t1_a2_joint_2 101 %)
[ERROR] [1790560538.037798538] [reach_dwell_probe]: A6/S3: rencana DITOLAK SEBELUM GERAK -- t1_a2_joint_2 diperkirakan 14.17 N.m > rating 14. Pose ini menuntut torsi di atas rating sendi; itu sifat POSE, bukan sifat penjaga. (Penyaring sengaja konservatif: pada kalibrasi G16 ia menolak 1 dari 4 pose yang ternyata aman.)
[ 6] s1 arm_2 z1.40 @0.75 oracle4 F: TORQUE-UNSAFE (0.1 s) RNEA j2 6.47 @ 76/106 statis-akhir 5.38
[INFO] [1790560538.121851278] [reach_dwell_probe]: torsi RNEA+offset(per-aktuator) vs rating: 1=0.08->6.68/10, 2=7.10->14.80/14, 3=0.92->7.52/10, 4=0.19->2.17/7, 5=0.06->2.04/7, 6=0.00->1.98/7  (terketat t1_a2_joint_2 106 %)
[ERROR] [1790560538.122280175] [reach_dwell_probe]: A6/S3: rencana DITOLAK SEBELUM GERAK -- t1_a2_joint_2 diperkirakan 14.80 N.m > rating 14. Pose ini menuntut torsi di atas rating sendi; itu sifat POSE, bukan sifat penjaga. (Penyaring sengaja konservatif: pada kalibrasi G16 ia menolak 1 dari 4 pose yang ternyata aman.)
[ 6] s2 arm_2 z1.40 @0.75 oracle4 F: TORQUE-UNSAFE (0.1 s) RNEA j2 7.10 @ 81/116 statis-akhir 5.53
[INFO] [1790560538.195883572] [reach_dwell_probe]: torsi RNEA+offset(per-aktuator) vs rating: 1=0.07->6.67/10, 2=6.47->14.17/14, 3=1.21->7.81/10, 4=0.19->2.17/7, 5=0.05->2.03/7, 6=0.00->1.98/7  (terketat t1_a2_joint_2 101 %)
[ERROR] [1790560538.196408718] [reach_dwell_probe]: A6/S3: rencana DITOLAK SEBELUM GERAK -- t1_a2_joint_2 diperkirakan 14.17 N.m > rating 14. Pose ini menuntut torsi di atas rating sendi; itu sifat POSE, bukan sifat penjaga. (Penyaring sengaja konservatif: pada kalibrasi G16 ia menolak 1 dari 4 pose yang ternyata aman.)
[ 6] s3 arm_2 z1.40 @0.75 oracle4 F: TORQUE-UNSAFE (0.1 s) RNEA j2 6.47 @ 97/130 statis-akhir 5.58
[INFO] [1790560538.281218092] [reach_dwell_probe]: torsi RNEA+offset(per-aktuator) vs rating: 1=0.10->6.70/10, 2=6.40->14.10/14, 3=1.28->7.88/10, 4=0.20->2.18/7, 5=0.05->2.03/7, 6=0.00->1.98/7  (terketat t1_a2_joint_2 101 %)
[ERROR] [1790560538.281591410] [reach_dwell_probe]: A6/S3: rencana DITOLAK SEBELUM GERAK -- t1_a2_joint_2 diperkirakan 14.10 N.m > rating 14. Pose ini menuntut torsi di atas rating sendi; itu sifat POSE, bukan sifat penjaga. (Penyaring sengaja konservatif: pada kalibrasi G16 ia menolak 1 dari 4 pose yang ternyata aman.)
[ 7] s1 arm_2 z1.40 @0.90 oracle4 F: TORQUE-UNSAFE (0.1 s) RNEA j2 6.40 @ 96/128 statis-akhir 5.54
[INFO] [1790560538.386512647] [reach_dwell_probe]: torsi RNEA+offset(per-aktuator) vs rating: 1=0.12->6.72/10, 2=6.42->14.12/14, 3=1.51->8.11/10, 4=0.20->2.18/7, 5=0.05->2.03/7, 6=0.00->1.98/7  (terketat t1_a2_joint_2 101 %)
[ERROR] [1790560538.386954859] [reach_dwell_probe]: A6/S3: rencana DITOLAK SEBELUM GERAK -- t1_a2_joint_2 diperkirakan 14.12 N.m > rating 14. Pose ini menuntut torsi di atas rating sendi; itu sifat POSE, bukan sifat penjaga. (Penyaring sengaja konservatif: pada kalibrasi G16 ia menolak 1 dari 4 pose yang ternyata aman.)
[ 7] s2 arm_2 z1.40 @0.90 oracle4 F: TORQUE-UNSAFE (0.1 s) RNEA j2 6.42 @ 77/106 statis-akhir 5.36
[INFO] [1790560538.467516910] [reach_dwell_probe]: torsi RNEA+offset(per-aktuator) vs rating: 1=0.14->6.74/10, 2=6.36->14.06/14, 3=1.33->7.93/10, 4=0.21->2.19/7, 5=0.05->2.03/7, 6=0.00->1.98/7  (terketat t1_a2_joint_2 100 %)
[ERROR] [1790560538.468180194] [reach_dwell_probe]: A6/S3: rencana DITOLAK SEBELUM GERAK -- t1_a2_joint_2 diperkirakan 14.06 N.m > rating 14. Pose ini menuntut torsi di atas rating sendi; itu sifat POSE, bukan sifat penjaga. (Penyaring sengaja konservatif: pada kalibrasi G16 ia menolak 1 dari 4 pose yang ternyata aman.)
[ 7] s3 arm_2 z1.40 @0.90 oracle4 F: TORQUE-UNSAFE (0.1 s) RNEA j2 6.36 @ 97/128 statis-akhir 5.56
[INFO] [1790560538.545908974] [reach_dwell_probe]: torsi RNEA+offset(per-aktuator) vs rating: 1=0.14->6.74/10, 2=6.58->14.28/14, 3=1.32->7.92/10, 4=0.18->2.16/7, 5=0.06->2.04/7, 6=0.00->1.98/7  (terketat t2_a2_joint_2 102 %)
[ERROR] [1790560538.546401538] [reach_dwell_probe]: A6/S3: rencana DITOLAK SEBELUM GERAK -- t2_a2_joint_2 diperkirakan 14.28 N.m > rating 14. Pose ini menuntut torsi di atas rating sendi; itu sifat POSE, bukan sifat penjaga. (Penyaring sengaja konservatif: pada kalibrasi G16 ia menolak 1 dari 4 pose yang ternyata aman.)
[ 8] s1 arm_4 z1.40 @1.05 oracle4 F: TORQUE-UNSAFE (0.1 s) RNEA j2 6.58 @ 92/128 statis-akhir 5.39
[INFO] [1790560538.620018926] [reach_dwell_probe]: torsi RNEA+offset(per-aktuator) vs rating: 1=0.03->6.63/10, 2=7.42->15.12/14, 3=0.90->7.50/10, 4=0.16->2.14/7, 5=0.07->2.05/7, 6=0.00->1.98/7  (terketat t2_a2_joint_2 108 %)
[ERROR] [1790560538.620378523] [reach_dwell_probe]: A6/S3: rencana DITOLAK SEBELUM GERAK -- t2_a2_joint_2 diperkirakan 15.12 N.m > rating 14. Pose ini menuntut torsi di atas rating sendi; itu sifat POSE, bukan sifat penjaga. (Penyaring sengaja konservatif: pada kalibrasi G16 ia menolak 1 dari 4 pose yang ternyata aman.)
[ 8] s2 arm_4 z1.40 @1.05 oracle4 F: TORQUE-UNSAFE (0.1 s) RNEA j2 7.42 @ 84/125 statis-akhir 5.37
[INFO] [1790560538.692882699] [reach_dwell_probe]: torsi RNEA+offset(per-aktuator) vs rating: 1=0.03->6.63/10, 2=7.27->14.97/14, 3=0.70->7.30/10, 4=0.16->2.14/7, 5=0.06->2.04/7, 6=0.00->1.98/7  (terketat t2_a2_joint_2 107 %)
[ERROR] [1790560538.693252032] [reach_dwell_probe]: A6/S3: rencana DITOLAK SEBELUM GERAK -- t2_a2_joint_2 diperkirakan 14.97 N.m > rating 14. Pose ini menuntut torsi di atas rating sendi; itu sifat POSE, bukan sifat penjaga. (Penyaring sengaja konservatif: pada kalibrasi G16 ia menolak 1 dari 4 pose yang ternyata aman.)
[ 8] s3 arm_4 z1.40 @1.05 oracle4 F: TORQUE-UNSAFE (0.1 s) RNEA j2 7.27 @ 79/114 statis-akhir 5.54
[INFO] [1790560538.765369589] [reach_dwell_probe]: torsi RNEA+offset(per-aktuator) vs rating: 1=0.14->6.74/10, 2=6.58->14.28/14, 3=1.32->7.92/10, 4=0.17->2.15/7, 5=0.06->2.04/7, 6=0.00->1.98/7  (terketat t1_a2_joint_2 102 %)
[ERROR] [1790560538.765839067] [reach_dwell_probe]: A6/S3: rencana DITOLAK SEBELUM GERAK -- t1_a2_joint_2 diperkirakan 14.28 N.m > rating 14. Pose ini menuntut torsi di atas rating sendi; itu sifat POSE, bukan sifat penjaga. (Penyaring sengaja konservatif: pada kalibrasi G16 ia menolak 1 dari 4 pose yang ternyata aman.)
[ 9] s1 arm_2 z1.40 @1.05 oracle4 F: TORQUE-UNSAFE (0.1 s) RNEA j2 6.58 @ 88/123 statis-akhir 5.40
[INFO] [1790560538.826796827] [reach_dwell_probe]: torsi RNEA+offset(per-aktuator) vs rating: 1=0.03->6.63/10, 2=7.52->15.22/14, 3=0.79->7.39/10, 4=0.15->2.13/7, 5=0.07->2.05/7, 6=0.00->1.98/7  (terketat t1_a2_joint_2 109 %)
[ERROR] [1790560538.827185594] [reach_dwell_probe]: A6/S3: rencana DITOLAK SEBELUM GERAK -- t1_a2_joint_2 diperkirakan 15.22 N.m > rating 14. Pose ini menuntut torsi di atas rating sendi; itu sifat POSE, bukan sifat penjaga. (Penyaring sengaja konservatif: pada kalibrasi G16 ia menolak 1 dari 4 pose yang ternyata aman.)
[ 9] s2 arm_2 z1.40 @1.05 oracle4 F: TORQUE-UNSAFE (0.1 s) RNEA j2 7.52 @ 82/124 statis-akhir 5.36
[INFO] [1790560538.887191272] [reach_dwell_probe]: torsi RNEA+offset(per-aktuator) vs rating: 1=0.03->6.63/10, 2=7.29->14.99/14, 3=0.67->7.27/10, 4=0.15->2.13/7, 5=0.06->2.04/7, 6=0.00->1.98/7  (terketat t1_a2_joint_2 107 %)
[ERROR] [1790560538.887654302] [reach_dwell_probe]: A6/S3: rencana DITOLAK SEBELUM GERAK -- t1_a2_joint_2 diperkirakan 14.99 N.m > rating 14. Pose ini menuntut torsi di atas rating sendi; itu sifat POSE, bukan sifat penjaga. (Penyaring sengaja konservatif: pada kalibrasi G16 ia menolak 1 dari 4 pose yang ternyata aman.)
[ 9] s3 arm_2 z1.40 @1.05 oracle4 F: TORQUE-UNSAFE (0.1 s) RNEA j2 7.29 @ 79/114 statis-akhir 5.59
[INFO] [1790560538.937787500] [reach_dwell_probe]: torsi RNEA+offset(per-aktuator) vs rating: 1=0.14->6.74/10, 2=6.72->14.42/14, 3=1.16->7.76/10, 4=0.15->2.13/7, 5=0.06->2.04/7, 6=0.00->1.98/7  (terketat t1_a1_joint_2 103 %)
[ERROR] [1790560538.938169373] [reach_dwell_probe]: A6/S3: rencana DITOLAK SEBELUM GERAK -- t1_a1_joint_2 diperkirakan 14.42 N.m > rating 14. Pose ini menuntut torsi di atas rating sendi; itu sifat POSE, bukan sifat penjaga. (Penyaring sengaja konservatif: pada kalibrasi G16 ia menolak 1 dari 4 pose yang ternyata aman.)
[10] s1 arm_1 z1.40 @0.05 oracle4 F: TORQUE-UNSAFE (0.0 s) RNEA j2 6.72 @ 75/107 statis-akhir 5.43
[INFO] [1790560539.003045477] [reach_dwell_probe]: torsi RNEA+offset(per-aktuator) vs rating: 1=0.01->6.61/10, 2=2.76->10.46/14, 3=2.55->9.15/10, 4=0.40->2.38/7, 5=0.06->2.04/7, 6=0.00->1.98/7  (terketat t1_a1_joint_3 91 %)
[INFO] [1790560563.204471584] [reach_dwell_probe]: jarak antar-lengan minimum sepanjang rencana: 594.2 mm di titik 0 (t1_a1_base_link_0 <-> t2_platform_link_0) -> CLEAR
[10] s2 arm_1 z1.40 @0.05 oracle4 F: PLANNED (24.3 s) RNEA j2 2.76 @ 75/118 statis-akhir 1.88
[INFO] [1790560563.270249769] [reach_dwell_probe]: torsi RNEA+offset(per-aktuator) vs rating: 1=0.01->6.61/10, 2=2.81->10.51/14, 3=2.49->9.09/10, 4=0.27->2.25/7, 5=0.11->2.09/7, 6=0.00->1.98/7  (terketat t1_a1_joint_3 91 %)
[INFO] [1790560585.260165424] [reach_dwell_probe]: jarak antar-lengan minimum sepanjang rencana: 594.2 mm di titik 0 (t1_a1_base_link_0 <-> t2_platform_link_0) -> CLEAR
[10] s3 arm_1 z1.40 @0.05 oracle4 F: PLANNED (22.0 s) RNEA j2 2.81 @ 79/128 statis-akhir 2.10
[INFO] [1790560585.336740477] [reach_dwell_probe]: torsi RNEA+offset(per-aktuator) vs rating: 1=0.09->6.69/10, 2=7.00->14.70/14, 3=1.03->7.63/10, 4=0.21->2.19/7, 5=0.06->2.04/7, 6=0.00->1.98/7  (terketat t2_a2_joint_2 105 %)
[ERROR] [1790560585.337130987] [reach_dwell_probe]: A6/S3: rencana DITOLAK SEBELUM GERAK -- t2_a2_joint_2 diperkirakan 14.70 N.m > rating 14. Pose ini menuntut torsi di atas rating sendi; itu sifat POSE, bukan sifat penjaga. (Penyaring sengaja konservatif: pada kalibrasi G16 ia menolak 1 dari 4 pose yang ternyata aman.)
[11] s1 arm_4 z1.40 @0.95 oracle4 F: TORQUE-UNSAFE (0.1 s) RNEA j2 7.00 @ 83/117 statis-akhir 5.52
[INFO] [1790560585.405933512] [reach_dwell_probe]: torsi RNEA+offset(per-aktuator) vs rating: 1=0.08->6.68/10, 2=7.12->14.82/14, 3=0.89->7.49/10, 4=0.19->2.17/7, 5=0.06->2.04/7, 6=0.00->1.98/7  (terketat t2_a2_joint_2 106 %)
[ERROR] [1790560585.406250645] [reach_dwell_probe]: A6/S3: rencana DITOLAK SEBELUM GERAK -- t2_a2_joint_2 diperkirakan 14.82 N.m > rating 14. Pose ini menuntut torsi di atas rating sendi; itu sifat POSE, bukan sifat penjaga. (Penyaring sengaja konservatif: pada kalibrasi G16 ia menolak 1 dari 4 pose yang ternyata aman.)
[11] s2 arm_4 z1.40 @0.95 oracle4 F: TORQUE-UNSAFE (0.1 s) RNEA j2 7.12 @ 82/117 statis-akhir 5.53
[INFO] [1790560585.475299740] [reach_dwell_probe]: torsi RNEA+offset(per-aktuator) vs rating: 1=0.11->6.71/10, 2=7.28->14.98/14, 3=1.06->7.66/10, 4=0.20->2.18/7, 5=0.08->2.06/7, 6=0.00->1.98/7  (terketat t2_a2_joint_2 107 %)
[ERROR] [1790560585.475694717] [reach_dwell_probe]: A6/S3: rencana DITOLAK SEBELUM GERAK -- t2_a2_joint_2 diperkirakan 14.98 N.m > rating 14. Pose ini menuntut torsi di atas rating sendi; itu sifat POSE, bukan sifat penjaga. (Penyaring sengaja konservatif: pada kalibrasi G16 ia menolak 1 dari 4 pose yang ternyata aman.)
[11] s3 arm_4 z1.40 @0.95 oracle4 F: TORQUE-UNSAFE (0.1 s) RNEA j2 7.28 @ 83/123 statis-akhir 5.30
[INFO] [1790560585.547832342] [reach_dwell_probe]: torsi RNEA+offset(per-aktuator) vs rating: 1=0.04->6.64/10, 2=7.47->15.17/14, 3=0.84->7.44/10, 4=0.14->2.12/7, 5=0.07->2.05/7, 6=0.00->1.98/7  (terketat t2_a2_joint_2 108 %)
[ERROR] [1790560585.548227866] [reach_dwell_probe]: A6/S3: rencana DITOLAK SEBELUM GERAK -- t2_a2_joint_2 diperkirakan 15.17 N.m > rating 14. Pose ini menuntut torsi di atas rating sendi; itu sifat POSE, bukan sifat penjaga. (Penyaring sengaja konservatif: pada kalibrasi G16 ia menolak 1 dari 4 pose yang ternyata aman.)
[12] s1 arm_4 z1.40 @1.15 oracle4 F: TORQUE-UNSAFE (0.1 s) RNEA j2 7.47 @ 86/129 statis-akhir 5.39
[INFO] [1790560585.623730767] [reach_dwell_probe]: torsi RNEA+offset(per-aktuator) vs rating: 1=0.03->6.63/10, 2=7.11->14.81/14, 3=0.90->7.50/10, 4=0.19->2.17/7, 5=0.05->2.03/7, 6=0.00->1.98/7  (terketat t2_a2_joint_2 106 %)
[ERROR] [1790560585.624137542] [reach_dwell_probe]: A6/S3: rencana DITOLAK SEBELUM GERAK -- t2_a2_joint_2 diperkirakan 14.81 N.m > rating 14. Pose ini menuntut torsi di atas rating sendi; itu sifat POSE, bukan sifat penjaga. (Penyaring sengaja konservatif: pada kalibrasi G16 ia menolak 1 dari 4 pose yang ternyata aman.)
[12] s2 arm_4 z1.40 @1.15 oracle4 F: TORQUE-UNSAFE (0.1 s) RNEA j2 7.11 @ 81/117 statis-akhir 5.52
[INFO] [1790560585.692393597] [reach_dwell_probe]: torsi RNEA+offset(per-aktuator) vs rating: 1=0.15->6.75/10, 2=6.61->14.31/14, 3=1.28->7.88/10, 4=0.17->2.15/7, 5=0.06->2.04/7, 6=0.00->1.98/7  (terketat t2_a2_joint_2 102 %)
[ERROR] [1790560585.692801916] [reach_dwell_probe]: A6/S3: rencana DITOLAK SEBELUM GERAK -- t2_a2_joint_2 diperkirakan 14.31 N.m > rating 14. Pose ini menuntut torsi di atas rating sendi; itu sifat POSE, bukan sifat penjaga. (Penyaring sengaja konservatif: pada kalibrasi G16 ia menolak 1 dari 4 pose yang ternyata aman.)
[12] s3 arm_4 z1.40 @1.15 oracle4 F: TORQUE-UNSAFE (0.1 s) RNEA j2 6.61 @ 74/104 statis-akhir 5.41
[INFO] [1790560585.779577755] [reach_dwell_probe]: torsi RNEA+offset(per-aktuator) vs rating: 1=0.05->6.65/10, 2=7.22->14.92/14, 3=1.13->7.73/10, 4=0.20->2.18/7, 5=0.08->2.06/7, 6=0.00->1.98/7  (terketat t2_a1_joint_2 107 %)
[ERROR] [1790560585.779957856] [reach_dwell_probe]: A6/S3: rencana DITOLAK SEBELUM GERAK -- t2_a1_joint_2 diperkirakan 14.92 N.m > rating 14. Pose ini menuntut torsi di atas rating sendi; itu sifat POSE, bukan sifat penjaga. (Penyaring sengaja konservatif: pada kalibrasi G16 ia menolak 1 dari 4 pose yang ternyata aman.)
[13] s1 arm_3 z1.40 @0.45 oracle4 F: TORQUE-UNSAFE (0.1 s) RNEA j2 7.22 @ 86/127 statis-akhir 5.34
[INFO] [1790560585.885214058] [reach_dwell_probe]: torsi RNEA+offset(per-aktuator) vs rating: 1=0.05->6.65/10, 2=7.29->14.99/14, 3=1.05->7.65/10, 4=0.18->2.16/7, 5=0.07->2.05/7, 6=0.00->1.98/7  (terketat t2_a1_joint_2 107 %)
[ERROR] [1790560585.885564545] [reach_dwell_probe]: A6/S3: rencana DITOLAK SEBELUM GERAK -- t2_a1_joint_2 diperkirakan 14.99 N.m > rating 14. Pose ini menuntut torsi di atas rating sendi; itu sifat POSE, bukan sifat penjaga. (Penyaring sengaja konservatif: pada kalibrasi G16 ia menolak 1 dari 4 pose yang ternyata aman.)
[13] s2 arm_3 z1.40 @0.45 oracle4 F: TORQUE-UNSAFE (0.1 s) RNEA j2 7.29 @ 86/127 statis-akhir 5.34
[INFO] [1790560585.973382034] [reach_dwell_probe]: torsi RNEA+offset(per-aktuator) vs rating: 1=0.03->6.63/10, 2=6.99->14.69/14, 3=1.04->7.64/10, 4=0.21->2.19/7, 5=0.06->2.04/7, 6=0.00->1.98/7  (terketat t2_a1_joint_2 105 %)
[ERROR] [1790560585.973772629] [reach_dwell_probe]: A6/S3: rencana DITOLAK SEBELUM GERAK -- t2_a1_joint_2 diperkirakan 14.69 N.m > rating 14. Pose ini menuntut torsi di atas rating sendi; itu sifat POSE, bukan sifat penjaga. (Penyaring sengaja konservatif: pada kalibrasi G16 ia menolak 1 dari 4 pose yang ternyata aman.)
[13] s3 arm_3 z1.40 @0.45 oracle4 F: TORQUE-UNSAFE (0.1 s) RNEA j2 6.99 @ 83/117 statis-akhir 5.53
[INFO] [1790560586.029903704] [reach_dwell_probe]: torsi RNEA+offset(per-aktuator) vs rating: 1=0.04->6.64/10, 2=6.47->14.17/14, 3=1.44->8.04/10, 4=0.21->2.19/7, 5=0.05->2.03/7, 6=0.00->1.98/7  (terketat t2_a1_joint_2 101 %)
[ERROR] [1790560586.030308473] [reach_dwell_probe]: A6/S3: rencana DITOLAK SEBELUM GERAK -- t2_a1_joint_2 diperkirakan 14.17 N.m > rating 14. Pose ini menuntut torsi di atas rating sendi; itu sifat POSE, bukan sifat penjaga. (Penyaring sengaja konservatif: pada kalibrasi G16 ia menolak 1 dari 4 pose yang ternyata aman.)
[14] s1 arm_3 z1.40 @0.60 oracle4 F: TORQUE-UNSAFE (0.1 s) RNEA j2 6.47 @ 77/108 statis-akhir 5.34
[INFO] [1790560586.107499286] [reach_dwell_probe]: torsi RNEA+offset(per-aktuator) vs rating: 1=0.10->6.70/10, 2=7.32->15.02/14, 3=1.00->7.60/10, 4=0.19->2.17/7, 5=0.07->2.05/7, 6=0.00->1.98/7  (terketat t2_a1_joint_2 107 %)
[ERROR] [1790560586.107791153] [reach_dwell_probe]: A6/S3: rencana DITOLAK SEBELUM GERAK -- t2_a1_joint_2 diperkirakan 15.02 N.m > rating 14. Pose ini menuntut torsi di atas rating sendi; itu sifat POSE, bukan sifat penjaga. (Penyaring sengaja konservatif: pada kalibrasi G16 ia menolak 1 dari 4 pose yang ternyata aman.)
[14] s2 arm_3 z1.40 @0.60 oracle4 F: TORQUE-UNSAFE (0.1 s) RNEA j2 7.32 @ 84/124 statis-akhir 5.35
[INFO] [1790560586.201317080] [reach_dwell_probe]: torsi RNEA+offset(per-aktuator) vs rating: 1=0.08->6.68/10, 2=7.08->14.78/14, 3=0.94->7.54/10, 4=0.20->2.18/7, 5=0.06->2.04/7, 6=0.00->1.98/7  (terketat t2_a1_joint_2 106 %)
[ERROR] [1790560586.201693915] [reach_dwell_probe]: A6/S3: rencana DITOLAK SEBELUM GERAK -- t2_a1_joint_2 diperkirakan 14.78 N.m > rating 14. Pose ini menuntut torsi di atas rating sendi; itu sifat POSE, bukan sifat penjaga. (Penyaring sengaja konservatif: pada kalibrasi G16 ia menolak 1 dari 4 pose yang ternyata aman.)
[14] s3 arm_3 z1.40 @0.60 oracle4 F: TORQUE-UNSAFE (0.1 s) RNEA j2 7.08 @ 82/117 statis-akhir 5.52
[INFO] [1790560586.268803082] [reach_dwell_probe]: torsi RNEA+offset(per-aktuator) vs rating: 1=0.02->6.62/10, 2=6.47->14.17/14, 3=1.21->7.81/10, 4=0.18->2.16/7, 5=0.06->2.04/7, 6=0.00->1.98/7  (terketat t2_a2_joint_2 101 %)
[ERROR] [1790560586.269153531] [reach_dwell_probe]: A6/S3: rencana DITOLAK SEBELUM GERAK -- t2_a2_joint_2 diperkirakan 14.17 N.m > rating 14. Pose ini menuntut torsi di atas rating sendi; itu sifat POSE, bukan sifat penjaga. (Penyaring sengaja konservatif: pada kalibrasi G16 ia menolak 1 dari 4 pose yang ternyata aman.)
[15] s1 arm_4 z1.40 @1.25 oracle4 F: TORQUE-UNSAFE (0.1 s) RNEA j2 6.47 @ 92/123 statis-akhir 5.59
[INFO] [1790560586.372491878] [reach_dwell_probe]: torsi RNEA+offset(per-aktuator) vs rating: 1=0.13->6.73/10, 2=7.03->14.73/14, 3=0.99->7.59/10, 4=0.21->2.19/7, 5=0.05->2.03/7, 6=0.00->1.98/7  (terketat t2_a2_joint_2 105 %)
[ERROR] [1790560586.372900944] [reach_dwell_probe]: A6/S3: rencana DITOLAK SEBELUM GERAK -- t2_a2_joint_2 diperkirakan 14.73 N.m > rating 14. Pose ini menuntut torsi di atas rating sendi; itu sifat POSE, bukan sifat penjaga. (Penyaring sengaja konservatif: pada kalibrasi G16 ia menolak 1 dari 4 pose yang ternyata aman.)
[15] s2 arm_4 z1.40 @1.25 oracle4 F: TORQUE-UNSAFE (0.1 s) RNEA j2 7.03 @ 92/132 statis-akhir 5.48
[INFO] [1790560586.477581913] [reach_dwell_probe]: torsi RNEA+offset(per-aktuator) vs rating: 1=0.04->6.64/10, 2=6.31->14.01/14, 3=1.62->8.22/10, 4=0.22->2.20/7, 5=0.06->2.04/7, 6=0.00->1.98/7  (terketat t2_a2_joint_2 100 %)
[ERROR] [1790560586.477977382] [reach_dwell_probe]: A6/S3: rencana DITOLAK SEBELUM GERAK -- t2_a2_joint_2 diperkirakan 14.01 N.m > rating 14. Pose ini menuntut torsi di atas rating sendi; itu sifat POSE, bukan sifat penjaga. (Penyaring sengaja konservatif: pada kalibrasi G16 ia menolak 1 dari 4 pose yang ternyata aman.)
[15] s3 arm_4 z1.40 @1.25 oracle4 F: TORQUE-UNSAFE (0.1 s) RNEA j2 6.31 @ 78/107 statis-akhir 5.35
[INFO] [1790560586.544598326] [reach_dwell_probe]: torsi RNEA+offset(per-aktuator) vs rating: 1=0.08->6.68/10, 2=7.07->14.77/14, 3=0.94->7.54/10, 4=0.20->2.18/7, 5=0.06->2.04/7, 6=0.00->1.98/7  (terketat t2_a2_joint_2 106 %)
[ERROR] [1790560586.545133622] [reach_dwell_probe]: A6/S3: rencana DITOLAK SEBELUM GERAK -- t2_a2_joint_2 diperkirakan 14.77 N.m > rating 14. Pose ini menuntut torsi di atas rating sendi; itu sifat POSE, bukan sifat penjaga. (Penyaring sengaja konservatif: pada kalibrasi G16 ia menolak 1 dari 4 pose yang ternyata aman.)
[16] s1 arm_4 z1.40 @1.40 oracle4 F: TORQUE-UNSAFE (0.1 s) RNEA j2 7.07 @ 82/118 statis-akhir 5.50
[INFO] [1790560586.601447246] [reach_dwell_probe]: torsi RNEA+offset(per-aktuator) vs rating: 1=0.06->6.66/10, 2=6.48->14.18/14, 3=1.20->7.80/10, 4=0.18->2.16/7, 5=0.06->2.04/7, 6=0.00->1.98/7  (terketat t2_a2_joint_2 101 %)
[ERROR] [1790560586.601822980] [reach_dwell_probe]: A6/S3: rencana DITOLAK SEBELUM GERAK -- t2_a2_joint_2 diperkirakan 14.18 N.m > rating 14. Pose ini menuntut torsi di atas rating sendi; itu sifat POSE, bukan sifat penjaga. (Penyaring sengaja konservatif: pada kalibrasi G16 ia menolak 1 dari 4 pose yang ternyata aman.)
[16] s2 arm_4 z1.40 @1.40 oracle4 F: TORQUE-UNSAFE (0.1 s) RNEA j2 6.48 @ 91/123 statis-akhir 5.57
[INFO] [1790560586.666570891] [reach_dwell_probe]: torsi RNEA+offset(per-aktuator) vs rating: 1=0.05->6.65/10, 2=7.29->14.99/14, 3=1.04->7.64/10, 4=0.19->2.17/7, 5=0.08->2.06/7, 6=0.00->1.98/7  (terketat t2_a2_joint_2 107 %)
[ERROR] [1790560586.666948670] [reach_dwell_probe]: A6/S3: rencana DITOLAK SEBELUM GERAK -- t2_a2_joint_2 diperkirakan 14.99 N.m > rating 14. Pose ini menuntut torsi di atas rating sendi; itu sifat POSE, bukan sifat penjaga. (Penyaring sengaja konservatif: pada kalibrasi G16 ia menolak 1 dari 4 pose yang ternyata aman.)
[16] s3 arm_4 z1.40 @1.40 oracle4 F: TORQUE-UNSAFE (0.1 s) RNEA j2 7.29 @ 83/123 statis-akhir 5.34
[INFO] [1790560586.738512135] [reach_dwell_probe]: torsi RNEA+offset(per-aktuator) vs rating: 1=0.04->6.64/10, 2=7.23->14.93/14, 3=1.11->7.71/10, 4=0.20->2.18/7, 5=0.08->2.06/7, 6=0.00->1.98/7  (terketat t1_a1_joint_2 107 %)
[ERROR] [1790560586.738900381] [reach_dwell_probe]: A6/S3: rencana DITOLAK SEBELUM GERAK -- t1_a1_joint_2 diperkirakan 14.93 N.m > rating 14. Pose ini menuntut torsi di atas rating sendi; itu sifat POSE, bukan sifat penjaga. (Penyaring sengaja konservatif: pada kalibrasi G16 ia menolak 1 dari 4 pose yang ternyata aman.)
[17] s1 arm_1 z1.40 @0.50 oracle4 F: TORQUE-UNSAFE (0.1 s) RNEA j2 7.23 @ 85/126 statis-akhir 5.33
[INFO] [1790560586.800325423] [reach_dwell_probe]: torsi RNEA+offset(per-aktuator) vs rating: 1=0.01->6.61/10, 2=2.44->10.14/14, 3=2.55->9.15/10, 4=0.39->2.37/7, 5=0.06->2.04/7, 6=0.00->1.98/7  (terketat t1_a1_joint_3 91 %)
[INFO] [1790560610.064947634] [reach_dwell_probe]: jarak antar-lengan minimum sepanjang rencana: 622.7 mm di titik 0 (t1_a1_arm_link_0 <-> t1_a2_arm_link_0) -> CLEAR
[17] s2 arm_1 z1.40 @0.50 oracle4 F: PLANNED (23.3 s) RNEA j2 2.44 @ 71/118 statis-akhir 1.39
[INFO] [1790560610.136770615] [reach_dwell_probe]: torsi RNEA+offset(per-aktuator) vs rating: 1=0.04->6.64/10, 2=7.37->15.07/14, 3=0.95->7.55/10, 4=0.17->2.15/7, 5=0.07->2.05/7, 6=0.00->1.98/7  (terketat t1_a1_joint_2 108 %)
[ERROR] [1790560610.137105450] [reach_dwell_probe]: A6/S3: rencana DITOLAK SEBELUM GERAK -- t1_a1_joint_2 diperkirakan 15.07 N.m > rating 14. Pose ini menuntut torsi di atas rating sendi; itu sifat POSE, bukan sifat penjaga. (Penyaring sengaja konservatif: pada kalibrasi G16 ia menolak 1 dari 4 pose yang ternyata aman.)
[17] s3 arm_1 z1.40 @0.50 oracle4 F: TORQUE-UNSAFE (0.1 s) RNEA j2 7.37 @ 84/126 statis-akhir 5.32
[INFO] [1790560610.196235298] [reach_dwell_probe]: torsi RNEA+offset(per-aktuator) vs rating: 1=0.03->6.63/10, 2=7.00->14.70/14, 3=1.03->7.63/10, 4=0.21->2.19/7, 5=0.06->2.04/7, 6=0.00->1.98/7  (terketat t2_a1_joint_2 105 %)
[ERROR] [1790560610.196685107] [reach_dwell_probe]: A6/S3: rencana DITOLAK SEBELUM GERAK -- t2_a1_joint_2 diperkirakan 14.70 N.m > rating 14. Pose ini menuntut torsi di atas rating sendi; itu sifat POSE, bukan sifat penjaga. (Penyaring sengaja konservatif: pada kalibrasi G16 ia menolak 1 dari 4 pose yang ternyata aman.)
[18] s1 arm_3 z1.40 @0.60 oracle4 F: TORQUE-UNSAFE (0.1 s) RNEA j2 7.00 @ 83/118 statis-akhir 5.51
[INFO] [1790560610.254036602] [reach_dwell_probe]: torsi RNEA+offset(per-aktuator) vs rating: 1=0.12->6.72/10, 2=6.22->13.92/14, 3=1.72->8.32/10, 4=0.23->2.21/7, 5=0.06->2.04/7, 6=0.00->1.98/7  (terketat t2_a1_joint_2 99 %)
[INFO] [1790560634.815360004] [reach_dwell_probe]: jarak antar-lengan minimum sepanjang rencana: 490.4 mm di titik 42 (t2_a1_forearm_link_0 <-> t2_a2_arm_link_0) -> CLEAR
[18] s2 arm_3 z1.40 @0.60 oracle4 F: PLANNED (24.6 s) RNEA j2 6.22 @ 79/108 statis-akhir 5.34
[INFO] [1790560634.888765091] [reach_dwell_probe]: torsi RNEA+offset(per-aktuator) vs rating: 1=0.05->6.65/10, 2=7.25->14.95/14, 3=1.10->7.70/10, 4=0.19->2.17/7, 5=0.08->2.06/7, 6=0.00->1.98/7  (terketat t2_a1_joint_2 107 %)
[ERROR] [1790560634.889187648] [reach_dwell_probe]: A6/S3: rencana DITOLAK SEBELUM GERAK -- t2_a1_joint_2 diperkirakan 14.95 N.m > rating 14. Pose ini menuntut torsi di atas rating sendi; itu sifat POSE, bukan sifat penjaga. (Penyaring sengaja konservatif: pada kalibrasi G16 ia menolak 1 dari 4 pose yang ternyata aman.)
[18] s3 arm_3 z1.40 @0.60 oracle4 F: TORQUE-UNSAFE (0.1 s) RNEA j2 7.25 @ 85/126 statis-akhir 5.33
[INFO] [1790560634.960468111] [reach_dwell_probe]: torsi RNEA+offset(per-aktuator) vs rating: 1=0.07->6.67/10, 2=6.44->14.14/14, 3=1.49->8.09/10, 4=0.21->2.19/7, 5=0.06->2.04/7, 6=0.00->1.98/7  (terketat t2_a1_joint_2 101 %)
[ERROR] [1790560634.960754213] [reach_dwell_probe]: A6/S3: rencana DITOLAK SEBELUM GERAK -- t2_a1_joint_2 diperkirakan 14.14 N.m > rating 14. Pose ini menuntut torsi di atas rating sendi; itu sifat POSE, bukan sifat penjaga. (Penyaring sengaja konservatif: pada kalibrasi G16 ia menolak 1 dari 4 pose yang ternyata aman.)
[19] s1 arm_3 z1.40 @0.75 oracle4 F: TORQUE-UNSAFE (0.1 s) RNEA j2 6.44 @ 77/107 statis-akhir 5.32
[INFO] [1790560635.041445398] [reach_dwell_probe]: torsi RNEA+offset(per-aktuator) vs rating: 1=0.07->6.67/10, 2=6.45->14.15/14, 3=1.48->8.08/10, 4=0.21->2.19/7, 5=0.06->2.04/7, 6=0.00->1.98/7  (terketat t2_a1_joint_2 101 %)
[ERROR] [1790560635.041737985] [reach_dwell_probe]: A6/S3: rencana DITOLAK SEBELUM GERAK -- t2_a1_joint_2 diperkirakan 14.15 N.m > rating 14. Pose ini menuntut torsi di atas rating sendi; itu sifat POSE, bukan sifat penjaga. (Penyaring sengaja konservatif: pada kalibrasi G16 ia menolak 1 dari 4 pose yang ternyata aman.)
[19] s2 arm_3 z1.40 @0.75 oracle4 F: TORQUE-UNSAFE (0.1 s) RNEA j2 6.45 @ 76/107 statis-akhir 5.31
[INFO] [1790560635.130292496] [reach_dwell_probe]: torsi RNEA+offset(per-aktuator) vs rating: 1=0.05->6.65/10, 2=7.08->14.78/14, 3=0.93->7.53/10, 4=0.20->2.18/7, 5=0.06->2.04/7, 6=0.00->1.98/7  (terketat t2_a1_joint_2 106 %)
[ERROR] [1790560635.130626225] [reach_dwell_probe]: A6/S3: rencana DITOLAK SEBELUM GERAK -- t2_a1_joint_2 diperkirakan 14.78 N.m > rating 14. Pose ini menuntut torsi di atas rating sendi; itu sifat POSE, bukan sifat penjaga. (Penyaring sengaja konservatif: pada kalibrasi G16 ia menolak 1 dari 4 pose yang ternyata aman.)
[19] s3 arm_3 z1.40 @0.75 oracle4 F: TORQUE-UNSAFE (0.1 s) RNEA j2 7.08 @ 82/118 statis-akhir 5.52
[INFO] [1790560635.196303952] [reach_dwell_probe]: torsi RNEA+offset(per-aktuator) vs rating: 1=0.02->6.62/10, 2=6.39->14.09/14, 3=1.30->7.90/10, 4=0.20->2.18/7, 5=0.06->2.04/7, 6=0.00->1.98/7  (terketat t2_a2_joint_2 101 %)
[ERROR] [1790560635.196593888] [reach_dwell_probe]: A6/S3: rencana DITOLAK SEBELUM GERAK -- t2_a2_joint_2 diperkirakan 14.09 N.m > rating 14. Pose ini menuntut torsi di atas rating sendi; itu sifat POSE, bukan sifat penjaga. (Penyaring sengaja konservatif: pada kalibrasi G16 ia menolak 1 dari 4 pose yang ternyata aman.)
[20] s1 arm_4 z1.40 @1.40 oracle4 F: TORQUE-UNSAFE (0.1 s) RNEA j2 6.39 @ 95/126 statis-akhir 5.55
[INFO] [1790560635.287742159] [reach_dwell_probe]: torsi RNEA+offset(per-aktuator) vs rating: 1=0.09->6.69/10, 2=7.36->15.06/14, 3=0.96->7.56/10, 4=0.18->2.16/7, 5=0.07->2.05/7, 6=0.00->1.98/7  (terketat t2_a2_joint_2 108 %)
[ERROR] [1790560635.288179476] [reach_dwell_probe]: A6/S3: rencana DITOLAK SEBELUM GERAK -- t2_a2_joint_2 diperkirakan 15.06 N.m > rating 14. Pose ini menuntut torsi di atas rating sendi; itu sifat POSE, bukan sifat penjaga. (Penyaring sengaja konservatif: pada kalibrasi G16 ia menolak 1 dari 4 pose yang ternyata aman.)
[20] s2 arm_4 z1.40 @1.40 oracle4 F: TORQUE-UNSAFE (0.1 s) RNEA j2 7.36 @ 83/124 statis-akhir 5.35
[INFO] [1790560635.375235042] [reach_dwell_probe]: torsi RNEA+offset(per-aktuator) vs rating: 1=0.02->6.62/10, 2=6.49->14.19/14, 3=1.19->7.79/10, 4=0.18->2.16/7, 5=0.06->2.04/7, 6=0.00->1.98/7  (terketat t2_a2_joint_2 101 %)
[ERROR] [1790560635.375557356] [reach_dwell_probe]: A6/S3: rencana DITOLAK SEBELUM GERAK -- t2_a2_joint_2 diperkirakan 14.19 N.m > rating 14. Pose ini menuntut torsi di atas rating sendi; itu sifat POSE, bukan sifat penjaga. (Penyaring sengaja konservatif: pada kalibrasi G16 ia menolak 1 dari 4 pose yang ternyata aman.)
[20] s3 arm_4 z1.40 @1.40 oracle4 F: TORQUE-UNSAFE (0.1 s) RNEA j2 6.49 @ 93/125 statis-akhir 5.59
[INFO] [1790560635.441116774] [reach_dwell_probe]: torsi RNEA+offset(per-aktuator) vs rating: 1=0.06->6.66/10, 2=6.54->14.24/14, 3=1.14->7.74/10, 4=0.17->2.15/7, 5=0.06->2.04/7, 6=0.00->1.98/7  (terketat t2_a2_joint_2 102 %)
[ERROR] [1790560635.441405318] [reach_dwell_probe]: A6/S3: rencana DITOLAK SEBELUM GERAK -- t2_a2_joint_2 diperkirakan 14.24 N.m > rating 14. Pose ini menuntut torsi di atas rating sendi; itu sifat POSE, bukan sifat penjaga. (Penyaring sengaja konservatif: pada kalibrasi G16 ia menolak 1 dari 4 pose yang ternyata aman.)
[21] s1 arm_4 z1.40 @1.55 oracle4 F: TORQUE-UNSAFE (0.1 s) RNEA j2 6.54 @ 95/128 statis-akhir 5.62
[INFO] [1790560635.506324493] [reach_dwell_probe]: torsi RNEA+offset(per-aktuator) vs rating: 1=0.04->6.64/10, 2=7.23->14.93/14, 3=1.13->7.73/10, 4=0.19->2.17/7, 5=0.08->2.06/7, 6=0.00->1.98/7  (terketat t2_a2_joint_2 107 %)
[ERROR] [1790560635.506611718] [reach_dwell_probe]: A6/S3: rencana DITOLAK SEBELUM GERAK -- t2_a2_joint_2 diperkirakan 14.93 N.m > rating 14. Pose ini menuntut torsi di atas rating sendi; itu sifat POSE, bukan sifat penjaga. (Penyaring sengaja konservatif: pada kalibrasi G16 ia menolak 1 dari 4 pose yang ternyata aman.)
[21] s2 arm_4 z1.40 @1.55 oracle4 F: TORQUE-UNSAFE (0.1 s) RNEA j2 7.23 @ 86/128 statis-akhir 5.31
[INFO] [1790560635.559927341] [reach_dwell_probe]: torsi RNEA+offset(per-aktuator) vs rating: 1=0.06->6.66/10, 2=6.40->14.10/14, 3=1.28->7.88/10, 4=0.20->2.18/7, 5=0.05->2.03/7, 6=0.00->1.98/7  (terketat t2_a2_joint_2 101 %)
[ERROR] [1790560635.560344505] [reach_dwell_probe]: A6/S3: rencana DITOLAK SEBELUM GERAK -- t2_a2_joint_2 diperkirakan 14.10 N.m > rating 14. Pose ini menuntut torsi di atas rating sendi; itu sifat POSE, bukan sifat penjaga. (Penyaring sengaja konservatif: pada kalibrasi G16 ia menolak 1 dari 4 pose yang ternyata aman.)
[21] s3 arm_4 z1.40 @1.55 oracle4 F: TORQUE-UNSAFE (0.0 s) RNEA j2 6.40 @ 93/124 statis-akhir 5.56
[INFO] [1790560635.630321565] [reach_dwell_probe]: torsi RNEA+offset(per-aktuator) vs rating: 1=0.14->6.74/10, 2=6.62->14.32/14, 3=1.28->7.88/10, 4=0.18->2.16/7, 5=0.06->2.04/7, 6=0.00->1.98/7  (terketat t2_a1_joint_2 102 %)
[ERROR] [1790560635.630679706] [reach_dwell_probe]: A6/S3: rencana DITOLAK SEBELUM GERAK -- t2_a1_joint_2 diperkirakan 14.32 N.m > rating 14. Pose ini menuntut torsi di atas rating sendi; itu sifat POSE, bukan sifat penjaga. (Penyaring sengaja konservatif: pada kalibrasi G16 ia menolak 1 dari 4 pose yang ternyata aman.)
[22] s1 arm_3 z1.40 @0.60 oracle4 F: TORQUE-UNSAFE (0.1 s) RNEA j2 6.62 @ 88/124 statis-akhir 5.37
[INFO] [1790560635.689774765] [reach_dwell_probe]: torsi RNEA+offset(per-aktuator) vs rating: 1=0.03->6.63/10, 2=7.13->14.83/14, 3=0.87->7.47/10, 4=0.18->2.16/7, 5=0.05->2.03/7, 6=0.00->1.98/7  (terketat t2_a1_joint_2 106 %)
[ERROR] [1790560635.690248934] [reach_dwell_probe]: A6/S3: rencana DITOLAK SEBELUM GERAK -- t2_a1_joint_2 diperkirakan 14.83 N.m > rating 14. Pose ini menuntut torsi di atas rating sendi; itu sifat POSE, bukan sifat penjaga. (Penyaring sengaja konservatif: pada kalibrasi G16 ia menolak 1 dari 4 pose yang ternyata aman.)
[22] s2 arm_3 z1.40 @0.60 oracle4 F: TORQUE-UNSAFE (0.1 s) RNEA j2 7.13 @ 81/116 statis-akhir 5.52
[INFO] [1790560635.765252926] [reach_dwell_probe]: torsi RNEA+offset(per-aktuator) vs rating: 1=0.15->6.75/10, 2=6.63->14.33/14, 3=1.26->7.86/10, 4=0.17->2.15/7, 5=0.06->2.04/7, 6=0.00->1.98/7  (terketat t2_a1_joint_2 102 %)
[ERROR] [1790560635.765590513] [reach_dwell_probe]: A6/S3: rencana DITOLAK SEBELUM GERAK -- t2_a1_joint_2 diperkirakan 14.33 N.m > rating 14. Pose ini menuntut torsi di atas rating sendi; itu sifat POSE, bukan sifat penjaga. (Penyaring sengaja konservatif: pada kalibrasi G16 ia menolak 1 dari 4 pose yang ternyata aman.)
[22] s3 arm_3 z1.40 @0.60 oracle4 F: TORQUE-UNSAFE (0.1 s) RNEA j2 6.63 @ 87/123 statis-akhir 5.41
[INFO] [1790560635.862731899] [reach_dwell_probe]: torsi RNEA+offset(per-aktuator) vs rating: 1=0.02->6.62/10, 2=6.43->14.13/14, 3=1.25->7.85/10, 4=0.19->2.17/7, 5=0.06->2.04/7, 6=0.00->1.98/7  (terketat t1_a2_joint_2 101 %)
[ERROR] [1790560635.863100985] [reach_dwell_probe]: A6/S3: rencana DITOLAK SEBELUM GERAK -- t1_a2_joint_2 diperkirakan 14.13 N.m > rating 14. Pose ini menuntut torsi di atas rating sendi; itu sifat POSE, bukan sifat penjaga. (Penyaring sengaja konservatif: pada kalibrasi G16 ia menolak 1 dari 4 pose yang ternyata aman.)
[23] s1 arm_2 z1.40 @1.45 oracle4 F: TORQUE-UNSAFE (0.1 s) RNEA j2 6.43 @ 95/127 statis-akhir 5.55
[INFO] [1790560635.986924900] [reach_dwell_probe]: torsi RNEA+offset(per-aktuator) vs rating: 1=0.10->6.70/10, 2=7.22->14.92/14, 3=1.13->7.73/10, 4=0.19->2.17/7, 5=0.08->2.06/7, 6=0.00->1.98/7  (terketat t1_a2_joint_2 107 %)
[ERROR] [1790560635.987332991] [reach_dwell_probe]: A6/S3: rencana DITOLAK SEBELUM GERAK -- t1_a2_joint_2 diperkirakan 14.92 N.m > rating 14. Pose ini menuntut torsi di atas rating sendi; itu sifat POSE, bukan sifat penjaga. (Penyaring sengaja konservatif: pada kalibrasi G16 ia menolak 1 dari 4 pose yang ternyata aman.)
[23] s2 arm_2 z1.40 @1.45 oracle4 F: TORQUE-UNSAFE (0.1 s) RNEA j2 7.22 @ 86/128 statis-akhir 5.31
[INFO] [1790560636.080249535] [reach_dwell_probe]: torsi RNEA+offset(per-aktuator) vs rating: 1=0.02->6.62/10, 2=6.40->14.10/14, 3=1.29->7.89/10, 4=0.20->2.18/7, 5=0.06->2.04/7, 6=0.00->1.98/7  (terketat t1_a2_joint_2 101 %)
[ERROR] [1790560636.080582433] [reach_dwell_probe]: A6/S3: rencana DITOLAK SEBELUM GERAK -- t1_a2_joint_2 diperkirakan 14.10 N.m > rating 14. Pose ini menuntut torsi di atas rating sendi; itu sifat POSE, bukan sifat penjaga. (Penyaring sengaja konservatif: pada kalibrasi G16 ia menolak 1 dari 4 pose yang ternyata aman.)
[23] s3 arm_2 z1.40 @1.45 oracle4 F: TORQUE-UNSAFE (0.1 s) RNEA j2 6.40 @ 94/125 statis-akhir 5.57
[INFO] [1790560636.176645782] [reach_dwell_probe]: torsi RNEA+offset(per-aktuator) vs rating: 1=0.03->6.63/10, 2=6.47->14.17/14, 3=1.21->7.81/10, 4=0.18->2.16/7, 5=0.05->2.03/7, 6=0.00->1.98/7  (terketat t1_a2_joint_2 101 %)
[ERROR] [1790560636.177052291] [reach_dwell_probe]: A6/S3: rencana DITOLAK SEBELUM GERAK -- t1_a2_joint_2 diperkirakan 14.17 N.m > rating 14. Pose ini menuntut torsi di atas rating sendi; itu sifat POSE, bukan sifat penjaga. (Penyaring sengaja konservatif: pada kalibrasi G16 ia menolak 1 dari 4 pose yang ternyata aman.)
[24] s1 arm_2 z1.40 @1.55 oracle4 F: TORQUE-UNSAFE (0.1 s) RNEA j2 6.47 @ 95/127 statis-akhir 5.59
[INFO] [1790560636.260558046] [reach_dwell_probe]: torsi RNEA+offset(per-aktuator) vs rating: 1=0.03->6.63/10, 2=6.55->14.25/14, 3=1.13->7.73/10, 4=0.17->2.15/7, 5=0.06->2.04/7, 6=0.00->1.98/7  (terketat t1_a2_joint_2 102 %)
[ERROR] [1790560636.260929762] [reach_dwell_probe]: A6/S3: rencana DITOLAK SEBELUM GERAK -- t1_a2_joint_2 diperkirakan 14.25 N.m > rating 14. Pose ini menuntut torsi di atas rating sendi; itu sifat POSE, bukan sifat penjaga. (Penyaring sengaja konservatif: pada kalibrasi G16 ia menolak 1 dari 4 pose yang ternyata aman.)
[24] s2 arm_2 z1.40 @1.55 oracle4 F: TORQUE-UNSAFE (0.1 s) RNEA j2 6.55 @ 96/129 statis-akhir 5.61
[INFO] [1790560636.328436137] [reach_dwell_probe]: torsi RNEA+offset(per-aktuator) vs rating: 1=0.02->6.62/10, 2=6.44->14.14/14, 3=1.24->7.84/10, 4=0.19->2.17/7, 5=0.05->2.03/7, 6=0.00->1.98/7  (terketat t1_a2_joint_2 101 %)
[ERROR] [1790560636.328760210] [reach_dwell_probe]: A6/S3: rencana DITOLAK SEBELUM GERAK -- t1_a2_joint_2 diperkirakan 14.14 N.m > rating 14. Pose ini menuntut torsi di atas rating sendi; itu sifat POSE, bukan sifat penjaga. (Penyaring sengaja konservatif: pada kalibrasi G16 ia menolak 1 dari 4 pose yang ternyata aman.)
[24] s3 arm_2 z1.40 @1.55 oracle4 F: TORQUE-UNSAFE (0.1 s) RNEA j2 6.44 @ 94/126 statis-akhir 5.55
[INFO] [1790560636.449026768] [reach_dwell_probe]: torsi RNEA+offset(per-aktuator) vs rating: 1=0.14->6.74/10, 2=6.43->14.13/14, 3=1.25->7.85/10, 4=0.20->2.18/7, 5=0.06->2.04/7, 6=0.00->1.98/7  (terketat t1_a1_joint_2 101 %)
[ERROR] [1790560636.449403071] [reach_dwell_probe]: A6/S3: rencana DITOLAK SEBELUM GERAK -- t1_a1_joint_2 diperkirakan 14.13 N.m > rating 14. Pose ini menuntut torsi di atas rating sendi; itu sifat POSE, bukan sifat penjaga. (Penyaring sengaja konservatif: pada kalibrasi G16 ia menolak 1 dari 4 pose yang ternyata aman.)
[25] s1 arm_1 z1.40 @0.80 oracle4 F: TORQUE-UNSAFE (0.1 s) RNEA j2 6.43 @ 99/133 statis-akhir 5.55
[INFO] [1790560636.557930677] [reach_dwell_probe]: torsi RNEA+offset(per-aktuator) vs rating: 1=0.04->6.64/10, 2=7.26->14.96/14, 3=1.06->7.66/10, 4=0.20->2.18/7, 5=0.07->2.05/7, 6=0.00->1.98/7  (terketat t1_a1_joint_2 107 %)
[ERROR] [1790560636.558345164] [reach_dwell_probe]: A6/S3: rencana DITOLAK SEBELUM GERAK -- t1_a1_joint_2 diperkirakan 14.96 N.m > rating 14. Pose ini menuntut torsi di atas rating sendi; itu sifat POSE, bukan sifat penjaga. (Penyaring sengaja konservatif: pada kalibrasi G16 ia menolak 1 dari 4 pose yang ternyata aman.)
[25] s2 arm_1 z1.40 @0.80 oracle4 F: TORQUE-UNSAFE (0.1 s) RNEA j2 7.26 @ 83/124 statis-akhir 5.35
[INFO] [1790560636.710844249] [reach_dwell_probe]: torsi RNEA+offset(per-aktuator) vs rating: 1=0.01->6.61/10, 2=2.27->9.97/14, 3=2.48->9.08/10, 4=0.27->2.25/7, 5=0.11->2.09/7, 6=0.00->1.98/7  (terketat t1_a1_joint_3 91 %)
[INFO] [1790560658.986395115] [reach_dwell_probe]: jarak antar-lengan minimum sepanjang rencana: 620.2 mm di titik 50 (t1_a1_arm_link_0 <-> t1_a2_arm_link_0) -> CLEAR
[25] s3 arm_1 z1.40 @0.80 oracle4 F: PLANNED (22.4 s) RNEA j2 2.27 @ 71/126 statis-akhir 1.20
[INFO] [1790560659.060919117] [reach_dwell_probe]: torsi RNEA+offset(per-aktuator) vs rating: 1=0.02->6.62/10, 2=6.39->14.09/14, 3=1.29->7.89/10, 4=0.20->2.18/7, 5=0.06->2.04/7, 6=0.00->1.98/7  (terketat t1_a2_joint_2 101 %)
[ERROR] [1790560659.061284135] [reach_dwell_probe]: A6/S3: rencana DITOLAK SEBELUM GERAK -- t1_a2_joint_2 diperkirakan 14.09 N.m > rating 14. Pose ini menuntut torsi di atas rating sendi; itu sifat POSE, bukan sifat penjaga. (Penyaring sengaja konservatif: pada kalibrasi G16 ia menolak 1 dari 4 pose yang ternyata aman.)
[26] s1 arm_2 z1.40 @1.60 oracle4 F: TORQUE-UNSAFE (0.1 s) RNEA j2 6.39 @ 95/127 statis-akhir 5.56
[INFO] [1790560659.176849930] [reach_dwell_probe]: torsi RNEA+offset(per-aktuator) vs rating: 1=0.02->6.62/10, 2=6.47->14.17/14, 3=1.21->7.81/10, 4=0.19->2.17/7, 5=0.06->2.04/7, 6=0.00->1.98/7  (terketat t1_a2_joint_2 101 %)
[ERROR] [1790560659.177203279] [reach_dwell_probe]: A6/S3: rencana DITOLAK SEBELUM GERAK -- t1_a2_joint_2 diperkirakan 14.17 N.m > rating 14. Pose ini menuntut torsi di atas rating sendi; itu sifat POSE, bukan sifat penjaga. (Penyaring sengaja konservatif: pada kalibrasi G16 ia menolak 1 dari 4 pose yang ternyata aman.)
[26] s2 arm_2 z1.40 @1.60 oracle4 F: TORQUE-UNSAFE (0.1 s) RNEA j2 6.47 @ 95/128 statis-akhir 5.55
[INFO] [1790560659.260323955] [reach_dwell_probe]: torsi RNEA+offset(per-aktuator) vs rating: 1=0.02->6.62/10, 2=6.42->14.12/14, 3=1.26->7.86/10, 4=0.19->2.17/7, 5=0.06->2.04/7, 6=0.00->1.98/7  (terketat t1_a2_joint_2 101 %)
[ERROR] [1790560659.260631282] [reach_dwell_probe]: A6/S3: rencana DITOLAK SEBELUM GERAK -- t1_a2_joint_2 diperkirakan 14.12 N.m > rating 14. Pose ini menuntut torsi di atas rating sendi; itu sifat POSE, bukan sifat penjaga. (Penyaring sengaja konservatif: pada kalibrasi G16 ia menolak 1 dari 4 pose yang ternyata aman.)
[26] s3 arm_2 z1.40 @1.60 oracle4 F: TORQUE-UNSAFE (0.1 s) RNEA j2 6.42 @ 94/126 statis-akhir 5.56
[INFO] [1790560659.335849353] [reach_dwell_probe]: torsi RNEA+offset(per-aktuator) vs rating: 1=0.03->6.63/10, 2=7.24->14.94/14, 3=1.11->7.71/10, 4=0.20->2.18/7, 5=0.08->2.06/7, 6=0.00->1.98/7  (terketat t2_a1_joint_2 107 %)
[ERROR] [1790560659.336215713] [reach_dwell_probe]: A6/S3: rencana DITOLAK SEBELUM GERAK -- t2_a1_joint_2 diperkirakan 14.94 N.m > rating 14. Pose ini menuntut torsi di atas rating sendi; itu sifat POSE, bukan sifat penjaga. (Penyaring sengaja konservatif: pada kalibrasi G16 ia menolak 1 dari 4 pose yang ternyata aman.)
[27] s1 arm_3 z1.40 @0.90 oracle4 F: TORQUE-UNSAFE (0.1 s) RNEA j2 7.24 @ 84/125 statis-akhir 5.32
[INFO] [1790560659.418108290] [reach_dwell_probe]: torsi RNEA+offset(per-aktuator) vs rating: 1=0.03->6.63/10, 2=7.22->14.92/14, 3=1.13->7.73/10, 4=0.21->2.19/7, 5=0.08->2.06/7, 6=0.00->1.98/7  (terketat t2_a1_joint_2 107 %)
[ERROR] [1790560659.418428056] [reach_dwell_probe]: A6/S3: rencana DITOLAK SEBELUM GERAK -- t2_a1_joint_2 diperkirakan 14.92 N.m > rating 14. Pose ini menuntut torsi di atas rating sendi; itu sifat POSE, bukan sifat penjaga. (Penyaring sengaja konservatif: pada kalibrasi G16 ia menolak 1 dari 4 pose yang ternyata aman.)
[27] s2 arm_3 z1.40 @0.90 oracle4 F: TORQUE-UNSAFE (0.1 s) RNEA j2 7.22 @ 84/125 statis-akhir 5.30
[INFO] [1790560659.509463184] [reach_dwell_probe]: torsi RNEA+offset(per-aktuator) vs rating: 1=0.05->6.65/10, 2=6.81->14.51/14, 3=1.24->7.84/10, 4=0.24->2.22/7, 5=0.05->2.03/7, 6=0.00->1.98/7  (terketat t2_a1_joint_2 104 %)
[ERROR] [1790560659.509846682] [reach_dwell_probe]: A6/S3: rencana DITOLAK SEBELUM GERAK -- t2_a1_joint_2 diperkirakan 14.51 N.m > rating 14. Pose ini menuntut torsi di atas rating sendi; itu sifat POSE, bukan sifat penjaga. (Penyaring sengaja konservatif: pada kalibrasi G16 ia menolak 1 dari 4 pose yang ternyata aman.)
[27] s3 arm_3 z1.40 @0.90 oracle4 F: TORQUE-UNSAFE (0.1 s) RNEA j2 6.81 @ 85/119 statis-akhir 5.49
[INFO] [1790560659.596402716] [reach_dwell_probe]: torsi RNEA+offset(per-aktuator) vs rating: 1=0.03->6.63/10, 2=7.35->15.05/14, 3=0.97->7.57/10, 4=0.18->2.16/7, 5=0.07->2.05/7, 6=0.00->1.98/7  (terketat t1_a1_joint_2 108 %)
[ERROR] [1790560659.596760987] [reach_dwell_probe]: A6/S3: rencana DITOLAK SEBELUM GERAK -- t1_a1_joint_2 diperkirakan 15.05 N.m > rating 14. Pose ini menuntut torsi di atas rating sendi; itu sifat POSE, bukan sifat penjaga. (Penyaring sengaja konservatif: pada kalibrasi G16 ia menolak 1 dari 4 pose yang ternyata aman.)
[28] s1 arm_1 z1.40 @0.90 oracle4 F: TORQUE-UNSAFE (0.1 s) RNEA j2 7.35 @ 83/123 statis-akhir 5.35
[INFO] [1790560659.660250704] [reach_dwell_probe]: torsi RNEA+offset(per-aktuator) vs rating: 1=0.09->6.69/10, 2=6.44->14.14/14, 3=1.24->7.84/10, 4=0.19->2.17/7, 5=0.06->2.04/7, 6=0.00->1.98/7  (terketat t1_a1_joint_2 101 %)
[ERROR] [1790560659.660603835] [reach_dwell_probe]: A6/S3: rencana DITOLAK SEBELUM GERAK -- t1_a1_joint_2 diperkirakan 14.14 N.m > rating 14. Pose ini menuntut torsi di atas rating sendi; itu sifat POSE, bukan sifat penjaga. (Penyaring sengaja konservatif: pada kalibrasi G16 ia menolak 1 dari 4 pose yang ternyata aman.)
[28] s2 arm_1 z1.40 @0.90 oracle4 F: TORQUE-UNSAFE (0.1 s) RNEA j2 6.44 @ 96/128 statis-akhir 5.57
[INFO] [1790560659.731672155] [reach_dwell_probe]: torsi RNEA+offset(per-aktuator) vs rating: 1=0.03->6.63/10, 2=2.32->10.02/14, 3=2.59->9.19/10, 4=0.40->2.38/7, 5=0.14->2.12/7, 6=0.00->1.98/7  (terketat t1_a1_joint_3 92 %)
[INFO] [1790560684.783364489] [reach_dwell_probe]: jarak antar-lengan minimum sepanjang rencana: 433.4 mm di titik 39 (t1_a1_right_finger_dist_link_0 <-> t1_a2_upper_wrist_link_0) -> CLEAR
[28] s3 arm_1 z1.40 @0.90 oracle4 F: PLANNED (25.1 s) RNEA j2 2.32 @ 80/126 statis-akhir 0.86
[INFO] [1790560684.879878438] [reach_dwell_probe]: torsi RNEA+offset(per-aktuator) vs rating: 1=0.01->6.61/10, 2=2.44->10.14/14, 3=2.48->9.08/10, 4=0.27->2.25/7, 5=0.11->2.09/7, 6=0.00->1.98/7  (terketat t1_a1_joint_3 91 %)
[INFO] [1790560708.672626053] [reach_dwell_probe]: jarak antar-lengan minimum sepanjang rencana: 622.7 mm di titik 0 (t1_a1_arm_link_0 <-> t1_a2_arm_link_0) -> CLEAR
[29] s1 arm_1 z1.40 @0.90 oracle4 F: PLANNED (23.9 s) RNEA j2 2.44 @ 74/127 statis-akhir 1.50
[INFO] [1790560708.813635072] [reach_dwell_probe]: torsi RNEA+offset(per-aktuator) vs rating: 1=0.03->6.63/10, 2=7.22->14.92/14, 3=1.11->7.71/10, 4=0.20->2.18/7, 5=0.08->2.06/7, 6=0.00->1.98/7  (terketat t1_a1_joint_2 107 %)
[ERROR] [1790560708.814082926] [reach_dwell_probe]: A6/S3: rencana DITOLAK SEBELUM GERAK -- t1_a1_joint_2 diperkirakan 14.92 N.m > rating 14. Pose ini menuntut torsi di atas rating sendi; itu sifat POSE, bukan sifat penjaga. (Penyaring sengaja konservatif: pada kalibrasi G16 ia menolak 1 dari 4 pose yang ternyata aman.)
[29] s2 arm_1 z1.40 @0.90 oracle4 F: TORQUE-UNSAFE (0.1 s) RNEA j2 7.22 @ 84/124 statis-akhir 5.34
[INFO] [1790560708.956838499] [reach_dwell_probe]: torsi RNEA+offset(per-aktuator) vs rating: 1=0.01->6.61/10, 2=2.39->10.09/14, 3=2.48->9.08/10, 4=0.28->2.26/7, 5=0.11->2.09/7, 6=0.00->1.98/7  (terketat t1_a1_joint_3 91 %)
[INFO] [1790560731.906941933] [reach_dwell_probe]: jarak antar-lengan minimum sepanjang rencana: 622.7 mm di titik 0 (t1_a1_arm_link_0 <-> t1_a2_arm_link_0) -> CLEAR
[29] s3 arm_1 z1.40 @0.90 oracle4 F: PLANNED (23.1 s) RNEA j2 2.39 @ 74/129 statis-akhir 1.40
[INFO] [1790560731.985363674] [reach_dwell_probe]: torsi RNEA+offset(per-aktuator) vs rating: 1=0.06->6.66/10, 2=6.46->14.16/14, 3=1.22->7.82/10, 4=0.19->2.17/7, 5=0.06->2.04/7, 6=0.00->1.98/7  (terketat t2_a1_joint_2 101 %)
[ERROR] [1790560731.985810562] [reach_dwell_probe]: A6/S3: rencana DITOLAK SEBELUM GERAK -- t2_a1_joint_2 diperkirakan 14.16 N.m > rating 14. Pose ini menuntut torsi di atas rating sendi; itu sifat POSE, bukan sifat penjaga. (Penyaring sengaja konservatif: pada kalibrasi G16 ia menolak 1 dari 4 pose yang ternyata aman.)
[30] s1 arm_3 z1.40 @1.30 oracle4 F: TORQUE-UNSAFE (0.1 s) RNEA j2 6.46 @ 94/126 statis-akhir 5.59
[INFO] [1790560732.048654002] [reach_dwell_probe]: torsi RNEA+offset(per-aktuator) vs rating: 1=0.03->6.63/10, 2=6.25->13.95/14, 3=1.69->8.29/10, 4=0.23->2.21/7, 5=0.06->2.04/7, 6=0.00->1.98/7  (terketat t2_a1_joint_2 100 %)
[INFO] [1790560754.185696325] [reach_dwell_probe]: jarak antar-lengan minimum sepanjang rencana: 409.0 mm di titik 77 (t2_a1_arm_link_0 <-> t2_a2_arm_link_0) -> CLEAR
[30] s2 arm_3 z1.40 @1.30 oracle4 F: PLANNED (22.2 s) RNEA j2 6.25 @ 79/108 statis-akhir 5.32
[INFO] [1790560754.281633451] [reach_dwell_probe]: torsi RNEA+offset(per-aktuator) vs rating: 1=0.03->6.63/10, 2=6.41->14.11/14, 3=1.51->8.11/10, 4=0.21->2.19/7, 5=0.06->2.04/7, 6=0.00->1.98/7  (terketat t2_a1_joint_2 101 %)
[ERROR] [1790560754.282178837] [reach_dwell_probe]: A6/S3: rencana DITOLAK SEBELUM GERAK -- t2_a1_joint_2 diperkirakan 14.11 N.m > rating 14. Pose ini menuntut torsi di atas rating sendi; itu sifat POSE, bukan sifat penjaga. (Penyaring sengaja konservatif: pada kalibrasi G16 ia menolak 1 dari 4 pose yang ternyata aman.)
[30] s3 arm_3 z1.40 @1.30 oracle4 F: TORQUE-UNSAFE (0.1 s) RNEA j2 6.41 @ 77/107 statis-akhir 5.32
[INFO] [1790560754.377952320] [reach_dwell_probe]: torsi RNEA+offset(per-aktuator) vs rating: 1=0.05->6.65/10, 2=7.32->15.02/14, 3=1.01->7.61/10, 4=0.19->2.17/7, 5=0.07->2.05/7, 6=0.00->1.98/7  (terketat t2_a1_joint_2 107 %)
[ERROR] [1790560754.378424822] [reach_dwell_probe]: A6/S3: rencana DITOLAK SEBELUM GERAK -- t2_a1_joint_2 diperkirakan 15.02 N.m > rating 14. Pose ini menuntut torsi di atas rating sendi; itu sifat POSE, bukan sifat penjaga. (Penyaring sengaja konservatif: pada kalibrasi G16 ia menolak 1 dari 4 pose yang ternyata aman.)
[31] s1 arm_3 z1.40 @1.10 oracle4 F: TORQUE-UNSAFE (0.1 s) RNEA j2 7.32 @ 83/125 statis-akhir 5.30
[INFO] [1790560754.458574889] [reach_dwell_probe]: torsi RNEA+offset(per-aktuator) vs rating: 1=0.05->6.65/10, 2=7.31->15.01/14, 3=1.02->7.62/10, 4=0.19->2.17/7, 5=0.07->2.05/7, 6=0.00->1.98/7  (terketat t2_a1_joint_2 107 %)
[ERROR] [1790560754.459073180] [reach_dwell_probe]: A6/S3: rencana DITOLAK SEBELUM GERAK -- t2_a1_joint_2 diperkirakan 15.01 N.m > rating 14. Pose ini menuntut torsi di atas rating sendi; itu sifat POSE, bukan sifat penjaga. (Penyaring sengaja konservatif: pada kalibrasi G16 ia menolak 1 dari 4 pose yang ternyata aman.)
[31] s2 arm_3 z1.40 @1.10 oracle4 F: TORQUE-UNSAFE (0.1 s) RNEA j2 7.31 @ 84/124 statis-akhir 5.34
[INFO] [1790560754.528538440] [reach_dwell_probe]: torsi RNEA+offset(per-aktuator) vs rating: 1=0.13->6.73/10, 2=6.28->13.98/14, 3=1.65->8.25/10, 4=0.23->2.21/7, 5=0.06->2.04/7, 6=0.00->1.98/7  (terketat t2_a1_joint_2 100 %)
[INFO] [1790560776.358826632] [reach_dwell_probe]: jarak antar-lengan minimum sepanjang rencana: 492.2 mm di titik 41 (t2_a1_forearm_link_0 <-> t2_a2_arm_link_0) -> CLEAR
[31] s3 arm_3 z1.40 @1.10 oracle4 F: PLANNED (21.9 s) RNEA j2 6.28 @ 79/108 statis-akhir 5.33
[INFO] [1790560776.467252009] [reach_dwell_probe]: torsi RNEA+offset(per-aktuator) vs rating: 1=0.09->6.69/10, 2=6.42->14.12/14, 3=1.27->7.87/10, 4=0.19->2.17/7, 5=0.05->2.03/7, 6=0.00->1.98/7  (terketat t2_a1_joint_2 101 %)
[ERROR] [1790560776.467723792] [reach_dwell_probe]: A6/S3: rencana DITOLAK SEBELUM GERAK -- t2_a1_joint_2 diperkirakan 14.12 N.m > rating 14. Pose ini menuntut torsi di atas rating sendi; itu sifat POSE, bukan sifat penjaga. (Penyaring sengaja konservatif: pada kalibrasi G16 ia menolak 1 dari 4 pose yang ternyata aman.)
[32] s1 arm_3 z1.40 @1.25 oracle4 F: TORQUE-UNSAFE (0.1 s) RNEA j2 6.42 @ 92/124 statis-akhir 5.54
[INFO] [1790560776.556918438] [reach_dwell_probe]: torsi RNEA+offset(per-aktuator) vs rating: 1=0.10->6.70/10, 2=7.34->15.04/14, 3=1.00->7.60/10, 4=0.17->2.15/7, 5=0.07->2.05/7, 6=0.00->1.98/7  (terketat t2_a1_joint_2 107 %)
[ERROR] [1790560776.557397232] [reach_dwell_probe]: A6/S3: rencana DITOLAK SEBELUM GERAK -- t2_a1_joint_2 diperkirakan 15.04 N.m > rating 14. Pose ini menuntut torsi di atas rating sendi; itu sifat POSE, bukan sifat penjaga. (Penyaring sengaja konservatif: pada kalibrasi G16 ia menolak 1 dari 4 pose yang ternyata aman.)
[32] s2 arm_3 z1.40 @1.25 oracle4 F: TORQUE-UNSAFE (0.1 s) RNEA j2 7.34 @ 85/127 statis-akhir 5.32
[INFO] [1790560776.621428477] [reach_dwell_probe]: torsi RNEA+offset(per-aktuator) vs rating: 1=0.05->6.65/10, 2=6.51->14.21/14, 3=1.39->7.99/10, 4=0.19->2.17/7, 5=0.05->2.03/7, 6=0.00->1.98/7  (terketat t2_a1_joint_2 102 %)
[ERROR] [1790560776.621711306] [reach_dwell_probe]: A6/S3: rencana DITOLAK SEBELUM GERAK -- t2_a1_joint_2 diperkirakan 14.21 N.m > rating 14. Pose ini menuntut torsi di atas rating sendi; itu sifat POSE, bukan sifat penjaga. (Penyaring sengaja konservatif: pada kalibrasi G16 ia menolak 1 dari 4 pose yang ternyata aman.)
[32] s3 arm_3 z1.40 @1.25 oracle4 F: TORQUE-UNSAFE (0.1 s) RNEA j2 6.51 @ 76/107 statis-akhir 5.38
[INFO] [1790560776.695457215] [reach_dwell_probe]: torsi RNEA+offset(per-aktuator) vs rating: 1=0.02->6.62/10, 2=6.42->14.12/14, 3=1.27->7.87/10, 4=0.20->2.18/7, 5=0.06->2.04/7, 6=0.00->1.98/7  (terketat t2_a1_joint_2 101 %)
[ERROR] [1790560776.695827608] [reach_dwell_probe]: A6/S3: rencana DITOLAK SEBELUM GERAK -- t2_a1_joint_2 diperkirakan 14.12 N.m > rating 14. Pose ini menuntut torsi di atas rating sendi; itu sifat POSE, bukan sifat penjaga. (Penyaring sengaja konservatif: pada kalibrasi G16 ia menolak 1 dari 4 pose yang ternyata aman.)
[33] s1 arm_3 z1.40 @1.40 oracle4 F: TORQUE-UNSAFE (0.1 s) RNEA j2 6.42 @ 94/126 statis-akhir 5.54
[INFO] [1790560776.769446539] [reach_dwell_probe]: torsi RNEA+offset(per-aktuator) vs rating: 1=0.02->6.62/10, 2=6.38->14.08/14, 3=1.30->7.90/10, 4=0.20->2.18/7, 5=0.06->2.04/7, 6=0.00->1.98/7  (terketat t2_a1_joint_2 101 %)
[ERROR] [1790560776.769755162] [reach_dwell_probe]: A6/S3: rencana DITOLAK SEBELUM GERAK -- t2_a1_joint_2 diperkirakan 14.08 N.m > rating 14. Pose ini menuntut torsi di atas rating sendi; itu sifat POSE, bukan sifat penjaga. (Penyaring sengaja konservatif: pada kalibrasi G16 ia menolak 1 dari 4 pose yang ternyata aman.)
[33] s2 arm_3 z1.40 @1.40 oracle4 F: TORQUE-UNSAFE (0.1 s) RNEA j2 6.38 @ 95/126 statis-akhir 5.55
[INFO] [1790560776.851966816] [reach_dwell_probe]: torsi RNEA+offset(per-aktuator) vs rating: 1=0.03->6.63/10, 2=2.16->9.86/14, 3=2.48->9.08/10, 4=0.27->2.25/7, 5=0.11->2.09/7, 6=0.00->1.98/7  (terketat t2_a1_joint_3 91 %)
[INFO] [1790560801.337075378] [reach_dwell_probe]: jarak antar-lengan minimum sepanjang rencana: 581.8 mm di titik 99 (t2_a1_right_finger_dist_link_0 <-> t2_a2_arm_link_0) -> CLEAR
[33] s3 arm_3 z1.40 @1.40 oracle4 F: PLANNED (24.6 s) RNEA j2 2.16 @ 70/125 statis-akhir 1.04
[INFO] [1790560801.432269644] [reach_dwell_probe]: torsi RNEA+offset(per-aktuator) vs rating: 1=0.03->6.63/10, 2=6.53->14.23/14, 3=1.15->7.75/10, 4=0.17->2.15/7, 5=0.06->2.04/7, 6=0.00->1.98/7  (terketat t2_a1_joint_2 102 %)
[ERROR] [1790560801.432642068] [reach_dwell_probe]: A6/S3: rencana DITOLAK SEBELUM GERAK -- t2_a1_joint_2 diperkirakan 14.23 N.m > rating 14. Pose ini menuntut torsi di atas rating sendi; itu sifat POSE, bukan sifat penjaga. (Penyaring sengaja konservatif: pada kalibrasi G16 ia menolak 1 dari 4 pose yang ternyata aman.)
[34] s1 arm_3 z1.40 @1.45 oracle4 F: TORQUE-UNSAFE (0.1 s) RNEA j2 6.53 @ 94/127 statis-akhir 5.59
[INFO] [1790560801.496127083] [reach_dwell_probe]: torsi RNEA+offset(per-aktuator) vs rating: 1=0.03->6.63/10, 2=6.55->14.25/14, 3=1.13->7.73/10, 4=0.17->2.15/7, 5=0.06->2.04/7, 6=0.00->1.98/7  (terketat t2_a1_joint_2 102 %)
[ERROR] [1790560801.496608818] [reach_dwell_probe]: A6/S3: rencana DITOLAK SEBELUM GERAK -- t2_a1_joint_2 diperkirakan 14.25 N.m > rating 14. Pose ini menuntut torsi di atas rating sendi; itu sifat POSE, bukan sifat penjaga. (Penyaring sengaja konservatif: pada kalibrasi G16 ia menolak 1 dari 4 pose yang ternyata aman.)
[34] s2 arm_3 z1.40 @1.45 oracle4 F: TORQUE-UNSAFE (0.1 s) RNEA j2 6.55 @ 94/127 statis-akhir 5.62
[INFO] [1790560801.582957792] [reach_dwell_probe]: torsi RNEA+offset(per-aktuator) vs rating: 1=0.13->6.73/10, 2=7.24->14.94/14, 3=1.11->7.71/10, 4=0.20->2.18/7, 5=0.08->2.06/7, 6=0.00->1.98/7  (terketat t2_a1_joint_2 107 %)
[ERROR] [1790560801.583305530] [reach_dwell_probe]: A6/S3: rencana DITOLAK SEBELUM GERAK -- t2_a1_joint_2 diperkirakan 14.94 N.m > rating 14. Pose ini menuntut torsi di atas rating sendi; itu sifat POSE, bukan sifat penjaga. (Penyaring sengaja konservatif: pada kalibrasi G16 ia menolak 1 dari 4 pose yang ternyata aman.)
[34] s3 arm_3 z1.40 @1.45 oracle4 F: TORQUE-UNSAFE (0.1 s) RNEA j2 7.24 @ 88/130 statis-akhir 5.32
[INFO] [1790560801.660364959] [reach_dwell_probe]: torsi RNEA+offset(per-aktuator) vs rating: 1=0.04->6.64/10, 2=7.14->14.84/14, 3=1.21->7.81/10, 4=0.21->2.19/7, 5=0.08->2.06/7, 6=0.00->1.98/7  (terketat t2_a1_joint_2 106 %)
[ERROR] [1790560801.660698953] [reach_dwell_probe]: A6/S3: rencana DITOLAK SEBELUM GERAK -- t2_a1_joint_2 diperkirakan 14.84 N.m > rating 14. Pose ini menuntut torsi di atas rating sendi; itu sifat POSE, bukan sifat penjaga. (Penyaring sengaja konservatif: pada kalibrasi G16 ia menolak 1 dari 4 pose yang ternyata aman.)
[35] s1 arm_3 z1.40 @1.30 oracle4 F: TORQUE-UNSAFE (0.1 s) RNEA j2 7.14 @ 87/129 statis-akhir 5.31
[INFO] [1790560801.728172003] [reach_dwell_probe]: torsi RNEA+offset(per-aktuator) vs rating: 1=0.06->6.66/10, 2=6.46->14.16/14, 3=1.22->7.82/10, 4=0.19->2.17/7, 5=0.06->2.04/7, 6=0.00->1.98/7  (terketat t2_a1_joint_2 101 %)
[ERROR] [1790560801.728530301] [reach_dwell_probe]: A6/S3: rencana DITOLAK SEBELUM GERAK -- t2_a1_joint_2 diperkirakan 14.16 N.m > rating 14. Pose ini menuntut torsi di atas rating sendi; itu sifat POSE, bukan sifat penjaga. (Penyaring sengaja konservatif: pada kalibrasi G16 ia menolak 1 dari 4 pose yang ternyata aman.)
[35] s2 arm_3 z1.40 @1.30 oracle4 F: TORQUE-UNSAFE (0.1 s) RNEA j2 6.46 @ 96/128 statis-akhir 5.56
[INFO] [1790560801.811969150] [reach_dwell_probe]: torsi RNEA+offset(per-aktuator) vs rating: 1=0.05->6.65/10, 2=7.15->14.85/14, 3=1.19->7.79/10, 4=0.22->2.20/7, 5=0.08->2.06/7, 6=0.00->1.98/7  (terketat t2_a1_joint_2 106 %)
[ERROR] [1790560801.812564917] [reach_dwell_probe]: A6/S3: rencana DITOLAK SEBELUM GERAK -- t2_a1_joint_2 diperkirakan 14.85 N.m > rating 14. Pose ini menuntut torsi di atas rating sendi; itu sifat POSE, bukan sifat penjaga. (Penyaring sengaja konservatif: pada kalibrasi G16 ia menolak 1 dari 4 pose yang ternyata aman.)
[35] s3 arm_3 z1.40 @1.30 oracle4 F: TORQUE-UNSAFE (0.1 s) RNEA j2 7.15 @ 84/124 statis-akhir 5.30
[INFO] [1790560801.874322258] [reach_dwell_probe]: torsi RNEA+offset(per-aktuator) vs rating: 1=0.02->6.62/10, 2=6.49->14.19/14, 3=1.19->7.79/10, 4=0.18->2.16/7, 5=0.06->2.04/7, 6=0.00->1.98/7  (terketat t2_a1_joint_2 101 %)
[ERROR] [1790560801.874717148] [reach_dwell_probe]: A6/S3: rencana DITOLAK SEBELUM GERAK -- t2_a1_joint_2 diperkirakan 14.19 N.m > rating 14. Pose ini menuntut torsi di atas rating sendi; itu sifat POSE, bukan sifat penjaga. (Penyaring sengaja konservatif: pada kalibrasi G16 ia menolak 1 dari 4 pose yang ternyata aman.)
[36] s1 arm_3 z1.40 @1.55 oracle4 F: TORQUE-UNSAFE (0.1 s) RNEA j2 6.49 @ 93/125 statis-akhir 5.60
[INFO] [1790560801.933171613] [reach_dwell_probe]: torsi RNEA+offset(per-aktuator) vs rating: 1=0.03->6.63/10, 2=6.34->14.04/14, 3=1.60->8.20/10, 4=0.22->2.20/7, 5=0.06->2.04/7, 6=0.00->1.98/7  (terketat t2_a1_joint_2 100 %)
[ERROR] [1790560801.933486163] [reach_dwell_probe]: A6/S3: rencana DITOLAK SEBELUM GERAK -- t2_a1_joint_2 diperkirakan 14.04 N.m > rating 14. Pose ini menuntut torsi di atas rating sendi; itu sifat POSE, bukan sifat penjaga. (Penyaring sengaja konservatif: pada kalibrasi G16 ia menolak 1 dari 4 pose yang ternyata aman.)
[36] s2 arm_3 z1.40 @1.55 oracle4 F: TORQUE-UNSAFE (0.1 s) RNEA j2 6.34 @ 78/108 statis-akhir 5.31
[INFO] [1790560802.006240578] [reach_dwell_probe]: torsi RNEA+offset(per-aktuator) vs rating: 1=0.02->6.62/10, 2=6.44->14.14/14, 3=1.24->7.84/10, 4=0.19->2.17/7, 5=0.05->2.03/7, 6=0.00->1.98/7  (terketat t2_a1_joint_2 101 %)
[ERROR] [1790560802.006590688] [reach_dwell_probe]: A6/S3: rencana DITOLAK SEBELUM GERAK -- t2_a1_joint_2 diperkirakan 14.14 N.m > rating 14. Pose ini menuntut torsi di atas rating sendi; itu sifat POSE, bukan sifat penjaga. (Penyaring sengaja konservatif: pada kalibrasi G16 ia menolak 1 dari 4 pose yang ternyata aman.)
[36] s3 arm_3 z1.40 @1.55 oracle4 F: TORQUE-UNSAFE (0.1 s) RNEA j2 6.44 @ 95/128 statis-akhir 5.57
[INFO] [1790560802.078729244] [reach_dwell_probe]: torsi RNEA+offset(per-aktuator) vs rating: 1=0.04->6.64/10, 2=2.30->10.00/14, 3=2.45->9.05/10, 4=0.42->2.40/7, 5=0.07->2.05/7, 6=0.00->1.98/7  (terketat t1_a1_joint_3 91 %)
[INFO] [1790560824.824880485] [reach_dwell_probe]: jarak antar-lengan minimum sepanjang rencana: 522.9 mm di titik 45 (t1_a1_lower_wrist_link_0 <-> t1_a2_arm_link_0) -> CLEAR
[37] s1 arm_1 z1.40 @1.35 oracle4 F: PLANNED (22.8 s) RNEA j2 2.30 @ 69/116 statis-akhir 0.96
[INFO] [1790560824.899287169] [reach_dwell_probe]: torsi RNEA+offset(per-aktuator) vs rating: 1=0.03->6.63/10, 2=7.29->14.99/14, 3=1.05->7.65/10, 4=0.19->2.17/7, 5=0.08->2.06/7, 6=0.00->1.98/7  (terketat t1_a1_joint_2 107 %)
[ERROR] [1790560824.899667065] [reach_dwell_probe]: A6/S3: rencana DITOLAK SEBELUM GERAK -- t1_a1_joint_2 diperkirakan 14.99 N.m > rating 14. Pose ini menuntut torsi di atas rating sendi; itu sifat POSE, bukan sifat penjaga. (Penyaring sengaja konservatif: pada kalibrasi G16 ia menolak 1 dari 4 pose yang ternyata aman.)
[37] s2 arm_1 z1.40 @1.35 oracle4 F: TORQUE-UNSAFE (0.1 s) RNEA j2 7.29 @ 86/128 statis-akhir 5.32
[INFO] [1790560824.978158236] [reach_dwell_probe]: torsi RNEA+offset(per-aktuator) vs rating: 1=0.03->6.63/10, 2=7.45->15.15/14, 3=0.86->7.46/10, 4=0.16->2.14/7, 5=0.07->2.05/7, 6=0.00->1.98/7  (terketat t1_a1_joint_2 108 %)
[ERROR] [1790560824.978540581] [reach_dwell_probe]: A6/S3: rencana DITOLAK SEBELUM GERAK -- t1_a1_joint_2 diperkirakan 15.15 N.m > rating 14. Pose ini menuntut torsi di atas rating sendi; itu sifat POSE, bukan sifat penjaga. (Penyaring sengaja konservatif: pada kalibrasi G16 ia menolak 1 dari 4 pose yang ternyata aman.)
[37] s3 arm_1 z1.40 @1.35 oracle4 F: TORQUE-UNSAFE (0.1 s) RNEA j2 7.45 @ 84/125 statis-akhir 5.35
[INFO] [1790560825.056784957] [reach_dwell_probe]: torsi RNEA+offset(per-aktuator) vs rating: 1=0.11->6.71/10, 2=7.35->15.05/14, 3=0.98->7.58/10, 4=0.17->2.15/7, 5=0.07->2.05/7, 6=0.00->1.98/7  (terketat t1_a1_joint_2 107 %)
[ERROR] [1790560825.057161961] [reach_dwell_probe]: A6/S3: rencana DITOLAK SEBELUM GERAK -- t1_a1_joint_2 diperkirakan 15.05 N.m > rating 14. Pose ini menuntut torsi di atas rating sendi; itu sifat POSE, bukan sifat penjaga. (Penyaring sengaja konservatif: pada kalibrasi G16 ia menolak 1 dari 4 pose yang ternyata aman.)
[38] s1 arm_1 z1.40 @1.55 oracle4 F: TORQUE-UNSAFE (0.1 s) RNEA j2 7.35 @ 85/126 statis-akhir 5.36
[INFO] [1790560825.124717557] [reach_dwell_probe]: torsi RNEA+offset(per-aktuator) vs rating: 1=0.05->6.65/10, 2=6.49->14.19/14, 3=1.42->8.02/10, 4=0.19->2.17/7, 5=0.05->2.03/7, 6=0.00->1.98/7  (terketat t1_a1_joint_2 101 %)
[ERROR] [1790560825.125140795] [reach_dwell_probe]: A6/S3: rencana DITOLAK SEBELUM GERAK -- t1_a1_joint_2 diperkirakan 14.19 N.m > rating 14. Pose ini menuntut torsi di atas rating sendi; itu sifat POSE, bukan sifat penjaga. (Penyaring sengaja konservatif: pada kalibrasi G16 ia menolak 1 dari 4 pose yang ternyata aman.)
[38] s2 arm_1 z1.40 @1.55 oracle4 F: TORQUE-UNSAFE (0.1 s) RNEA j2 6.49 @ 76/106 statis-akhir 5.34
[INFO] [1790560825.202114820] [reach_dwell_probe]: torsi RNEA+offset(per-aktuator) vs rating: 1=0.01->6.61/10, 2=2.43->10.13/14, 3=2.60->9.20/10, 4=0.40->2.38/7, 5=0.14->2.12/7, 6=0.00->1.98/7  (terketat t1_a1_joint_3 92 %)
[INFO] [1790560847.971478954] [reach_dwell_probe]: jarak antar-lengan minimum sepanjang rencana: 424.1 mm di titik 36 (t1_a1_left_finger_dist_link_0 <-> t1_a2_lower_wrist_link_0) -> CLEAR
[38] s3 arm_1 z1.40 @1.55 oracle4 F: PLANNED (22.8 s) RNEA j2 2.43 @ 79/124 statis-akhir 1.00
[INFO] [1790560848.039606110] [reach_dwell_probe]: torsi RNEA+offset(per-aktuator) vs rating: 1=0.03->6.63/10, 2=7.17->14.87/14, 3=0.82->7.42/10, 4=0.18->2.16/7, 5=0.05->2.03/7, 6=0.00->1.98/7  (terketat t1_a1_joint_2 106 %)
[ERROR] [1790560848.039935227] [reach_dwell_probe]: A6/S3: rencana DITOLAK SEBELUM GERAK -- t1_a1_joint_2 diperkirakan 14.87 N.m > rating 14. Pose ini menuntut torsi di atas rating sendi; itu sifat POSE, bukan sifat penjaga. (Penyaring sengaja konservatif: pada kalibrasi G16 ia menolak 1 dari 4 pose yang ternyata aman.)
[39] s1 arm_1 z1.40 @1.45 oracle4 F: TORQUE-UNSAFE (0.1 s) RNEA j2 7.17 @ 80/115 statis-akhir 5.55
[INFO] [1790560848.116863172] [reach_dwell_probe]: torsi RNEA+offset(per-aktuator) vs rating: 1=0.01->6.61/10, 2=2.65->10.35/14, 3=2.55->9.15/10, 4=0.40->2.38/7, 5=0.05->2.03/7, 6=0.00->1.98/7  (terketat t1_a1_joint_3 91 %)
[INFO] [1790560871.825392365] [reach_dwell_probe]: jarak antar-lengan minimum sepanjang rencana: 622.7 mm di titik 0 (t1_a1_arm_link_0 <-> t1_a2_arm_link_0) -> CLEAR
[39] s2 arm_1 z1.40 @1.45 oracle4 F: PLANNED (23.8 s) RNEA j2 2.65 @ 73/118 statis-akhir 1.69
[INFO] [1790560871.892011944] [reach_dwell_probe]: torsi RNEA+offset(per-aktuator) vs rating: 1=0.14->6.74/10, 2=6.64->14.34/14, 3=1.24->7.84/10, 4=0.17->2.15/7, 5=0.06->2.04/7, 6=0.00->1.98/7  (terketat t1_a1_joint_2 102 %)
[ERROR] [1790560871.892407856] [reach_dwell_probe]: A6/S3: rencana DITOLAK SEBELUM GERAK -- t1_a1_joint_2 diperkirakan 14.34 N.m > rating 14. Pose ini menuntut torsi di atas rating sendi; itu sifat POSE, bukan sifat penjaga. (Penyaring sengaja konservatif: pada kalibrasi G16 ia menolak 1 dari 4 pose yang ternyata aman.)
[39] s3 arm_1 z1.40 @1.45 oracle4 F: TORQUE-UNSAFE (0.1 s) RNEA j2 6.64 @ 91/128 statis-akhir 5.42
[INFO] [1790560871.957250354] [reach_dwell_probe]: torsi RNEA+offset(per-aktuator) vs rating: 1=0.01->6.61/10, 2=2.43->10.13/14, 3=2.48->9.08/10, 4=0.26->2.24/7, 5=0.11->2.09/7, 6=0.00->1.98/7  (terketat t1_a1_joint_3 91 %)
[INFO] [1790560893.569848727] [reach_dwell_probe]: jarak antar-lengan minimum sepanjang rencana: 622.7 mm di titik 7 (t1_a1_arm_link_0 <-> t1_a2_arm_link_0) -> CLEAR
[40] s1 arm_1 z1.40 @1.50 oracle4 F: PLANNED (21.7 s) RNEA j2 2.43 @ 72/124 statis-akhir 1.49
[INFO] [1790560893.632858047] [reach_dwell_probe]: torsi RNEA+offset(per-aktuator) vs rating: 1=0.01->6.61/10, 2=2.39->10.09/14, 3=2.55->9.15/10, 4=0.38->2.36/7, 5=0.06->2.04/7, 6=0.00->1.98/7  (terketat t1_a1_joint_3 92 %)
[INFO] [1790560916.574751851] [reach_dwell_probe]: jarak antar-lengan minimum sepanjang rencana: 622.7 mm di titik 0 (t1_a1_arm_link_0 <-> t1_a2_arm_link_0) -> CLEAR
[40] s2 arm_1 z1.40 @1.50 oracle4 F: PLANNED (23.0 s) RNEA j2 2.39 @ 71/117 statis-akhir 1.32
[INFO] [1790560916.652337025] [reach_dwell_probe]: torsi RNEA+offset(per-aktuator) vs rating: 1=0.05->6.65/10, 2=2.23->9.93/14, 3=2.46->9.06/10, 4=0.42->2.40/7, 5=0.06->2.04/7, 6=0.00->1.98/7  (terketat t1_a1_joint_3 91 %)
[INFO] [1790560939.444144744] [reach_dwell_probe]: jarak antar-lengan minimum sepanjang rencana: 522.4 mm di titik 46 (t1_a1_lower_wrist_link_0 <-> t1_a2_arm_link_0) -> CLEAR
[40] s3 arm_1 z1.40 @1.50 oracle4 F: PLANNED (22.9 s) RNEA j2 2.23 @ 68/117 statis-akhir 0.86
[INFO] [1790560939.522278010] [reach_dwell_probe]: torsi RNEA+offset(per-aktuator) vs rating: 1=0.10->6.70/10, 2=4.65->12.35/14, 3=2.39->8.99/10, 4=0.40->2.38/7, 5=0.06->2.04/7, 6=0.00->1.98/7  (terketat t2_a2_joint_3 90 %)
[INFO] [1790560962.209972292] [reach_dwell_probe]: jarak antar-lengan minimum sepanjang rencana: 463.9 mm di titik 123 (t1_a2_arm_link_0 <-> t2_a2_arm_link_0) -> CLEAR
[41] s1 arm_4 z1.32 @0.45 oracle4 T: PLANNED (22.8 s) RNEA j2 4.65 @ 122/125 statis-akhir 4.68
[INFO] [1790560962.305787670] [reach_dwell_probe]: torsi RNEA+offset(per-aktuator) vs rating: 1=0.04->6.64/10, 2=3.23->10.93/14, 3=2.45->9.05/10, 4=0.41->2.39/7, 5=0.08->2.06/7, 6=0.00->1.98/7  (terketat t2_a2_joint_3 91 %)
[INFO] [1790560985.920258390] [reach_dwell_probe]: jarak antar-lengan minimum sepanjang rencana: 498.5 mm di titik 126 (t1_a1_forearm_link_0 <-> t2_a2_arm_link_0) -> CLEAR
[41] s2 arm_4 z1.32 @0.45 oracle4 T: PLANNED (23.7 s) RNEA j2 3.23 @ 126/126 statis-akhir 3.26
[INFO] [1790560986.032148739] [reach_dwell_probe]: torsi RNEA+offset(per-aktuator) vs rating: 1=0.05->6.65/10, 2=5.18->12.88/14, 3=2.30->8.90/10, 4=0.40->2.38/7, 5=0.11->2.09/7, 6=0.00->1.98/7  (terketat t2_a2_joint_2 92 %)
[INFO] [1790561015.757577011] [reach_dwell_probe]: jarak antar-lengan minimum sepanjang rencana: 539.7 mm di titik 0 (t1_platform_link_0 <-> t2_a2_base_link_0) -> CLEAR
[41] s3 arm_4 z1.32 @0.45 oracle4 T: PLANNED (29.8 s) RNEA j2 5.18 @ 122/126 statis-akhir 5.19
[INFO] [1790561015.833330445] [reach_dwell_probe]: torsi RNEA+offset(per-aktuator) vs rating: 1=0.03->6.63/10, 2=3.82->11.52/14, 3=2.54->9.14/10, 4=0.46->2.44/7, 5=0.13->2.11/7, 6=0.00->1.98/7  (terketat t1_a2_joint_3 91 %)
[INFO] [1790561043.326767009] [reach_dwell_probe]: jarak antar-lengan minimum sepanjang rencana: 459.0 mm di titik 68 (t1_a2_right_finger_dist_link_0 <-> t2_a1_upper_wrist_link_0) -> CLEAR
[42] s1 arm_2 z1.32 @0.50 oracle4 T: PLANNED (27.6 s) RNEA j2 3.82 @ 127/127 statis-akhir 3.85
[INFO] [1790561043.397270880] [reach_dwell_probe]: torsi RNEA+offset(per-aktuator) vs rating: 1=0.04->6.64/10, 2=3.46->11.16/14, 3=2.56->9.16/10, 4=0.46->2.44/7, 5=0.13->2.11/7, 6=0.00->1.98/7  (terketat t1_a2_joint_3 92 %)
[INFO] [1790561068.501626155] [reach_dwell_probe]: jarak antar-lengan minimum sepanjang rencana: 440.1 mm di titik 66 (t1_a2_right_finger_dist_link_0 <-> t2_a1_upper_wrist_link_0) -> CLEAR
[42] s2 arm_2 z1.32 @0.50 oracle4 T: PLANNED (25.2 s) RNEA j2 3.46 @ 126/126 statis-akhir 3.50
[INFO] [1790561068.587370286] [reach_dwell_probe]: torsi RNEA+offset(per-aktuator) vs rating: 1=0.05->6.65/10, 2=4.03->11.73/14, 3=2.54->9.14/10, 4=0.45->2.43/7, 5=0.12->2.10/7, 6=0.00->1.98/7  (terketat t1_a2_joint_3 91 %)
[INFO] [1790561095.443815800] [reach_dwell_probe]: jarak antar-lengan minimum sepanjang rencana: 456.5 mm di titik 60 (t1_a2_right_finger_dist_link_0 <-> t2_a1_right_finger_prox_link_0) -> CLEAR
[42] s3 arm_2 z1.32 @0.50 oracle4 T: PLANNED (26.9 s) RNEA j2 4.03 @ 128/128 statis-akhir 4.06
[INFO] [1790561095.530069960] [reach_dwell_probe]: torsi RNEA+offset(per-aktuator) vs rating: 1=0.02->6.62/10, 2=4.85->12.55/14, 3=2.35->8.95/10, 4=0.39->2.37/7, 5=0.06->2.04/7, 6=0.00->1.98/7  (terketat t2_a2_joint_2 90 %)
[INFO] [1790561118.820764060] [reach_dwell_probe]: jarak antar-lengan minimum sepanjang rencana: 428.4 mm di titik 126 (t2_a1_arm_link_0 <-> t2_a2_forearm_link_0) -> CLEAR
[43] s1 arm_4 z1.32 @0.65 oracle4 T: PLANNED (23.4 s) RNEA j2 4.85 @ 123/126 statis-akhir 4.89
[INFO] [1790561118.890699264] [reach_dwell_probe]: torsi RNEA+offset(per-aktuator) vs rating: 1=0.02->6.62/10, 2=4.72->12.42/14, 3=2.38->8.98/10, 4=0.40->2.38/7, 5=0.06->2.04/7, 6=0.00->1.98/7  (terketat t2_a2_joint_3 90 %)
[INFO] [1790561142.832780264] [reach_dwell_probe]: jarak antar-lengan minimum sepanjang rencana: 428.6 mm di titik 126 (t2_a1_arm_link_0 <-> t2_a2_forearm_link_0) -> CLEAR
[43] s2 arm_4 z1.32 @0.65 oracle4 T: PLANNED (24.0 s) RNEA j2 4.72 @ 123/126 statis-akhir 4.76
[INFO] [1790561142.915209172] [reach_dwell_probe]: torsi RNEA+offset(per-aktuator) vs rating: 1=0.08->6.68/10, 2=4.71->12.41/14, 3=2.47->9.07/10, 4=0.43->2.41/7, 5=0.12->2.10/7, 6=0.00->1.98/7  (terketat t2_a2_joint_3 91 %)
[INFO] [1790561168.431256521] [reach_dwell_probe]: jarak antar-lengan minimum sepanjang rencana: 547.7 mm di titik 0 (t1_platform_link_0 <-> t2_a2_base_link_0) -> CLEAR
[43] s3 arm_4 z1.32 @0.65 oracle4 T: PLANNED (25.6 s) RNEA j2 4.71 @ 124/127 statis-akhir 4.73
[INFO] [1790561168.520192587] [reach_dwell_probe]: torsi RNEA+offset(per-aktuator) vs rating: 1=0.05->6.65/10, 2=4.52->12.22/14, 3=2.40->9.00/10, 4=0.40->2.38/7, 5=0.06->2.04/7, 6=0.00->1.98/7  (terketat t2_a1_joint_3 90 %)
[INFO] [1790561192.475940475] [reach_dwell_probe]: jarak antar-lengan minimum sepanjang rencana: 494.0 mm di titik 87 (t2_a1_forearm_link_0 <-> t2_a2_arm_link_0) -> CLEAR
[44] s1 arm_3 z1.32 @0.00 oracle4 T: PLANNED (24.0 s) RNEA j2 4.52 @ 126/126 statis-akhir 4.57
[INFO] [1790561192.559739075] [reach_dwell_probe]: torsi RNEA+offset(per-aktuator) vs rating: 1=0.07->6.67/10, 2=3.35->11.05/14, 3=2.45->9.05/10, 4=0.41->2.39/7, 5=0.08->2.06/7, 6=0.00->1.98/7  (terketat t2_a1_joint_3 90 %)
[INFO] [1790561217.425074523] [reach_dwell_probe]: jarak antar-lengan minimum sepanjang rencana: 438.5 mm di titik 127 (t1_a1_forearm_link_0 <-> t2_a1_forearm_link_0) -> CLEAR
[44] s2 arm_3 z1.32 @0.00 oracle4 T: PLANNED (24.9 s) RNEA j2 3.35 @ 127/127 statis-akhir 3.37
[INFO] [1790561217.493218283] [reach_dwell_probe]: torsi RNEA+offset(per-aktuator) vs rating: 1=0.06->6.66/10, 2=3.46->11.16/14, 3=2.45->9.05/10, 4=0.41->2.39/7, 5=0.08->2.06/7, 6=0.00->1.98/7  (terketat t2_a1_joint_3 90 %)
[INFO] [1790561241.884687850] [reach_dwell_probe]: jarak antar-lengan minimum sepanjang rencana: 429.0 mm di titik 126 (t1_a1_forearm_link_0 <-> t2_a1_forearm_link_0) -> CLEAR
[44] s3 arm_3 z1.32 @0.00 oracle4 T: PLANNED (24.5 s) RNEA j2 3.46 @ 126/126 statis-akhir 3.48
[INFO] [1790561241.968395418] [reach_dwell_probe]: torsi RNEA+offset(per-aktuator) vs rating: 1=0.05->6.65/10, 2=3.41->11.11/14, 3=2.45->9.05/10, 4=0.41->2.39/7, 5=0.08->2.06/7, 6=0.00->1.98/7  (terketat t1_a1_joint_3 90 %)
[INFO] [1790561265.143397621] [reach_dwell_probe]: jarak antar-lengan minimum sepanjang rencana: 383.2 mm di titik 125 (t1_a1_arm_link_0 <-> t2_a1_arm_link_0) -> CLEAR
[45] s1 arm_1 z1.32 @0.05 oracle4 T: PLANNED (23.3 s) RNEA j2 3.41 @ 125/125 statis-akhir 3.45
[INFO] [1790561265.211368235] [reach_dwell_probe]: torsi RNEA+offset(per-aktuator) vs rating: 1=0.03->6.63/10, 2=2.83->10.53/14, 3=2.46->9.06/10, 4=0.41->2.39/7, 5=0.08->2.06/7, 6=0.00->1.98/7  (terketat t1_a1_joint_3 91 %)
[INFO] [1790561288.457284247] [reach_dwell_probe]: jarak antar-lengan minimum sepanjang rencana: 424.8 mm di titik 125 (t1_a1_arm_link_0 <-> t2_a1_arm_link_0) -> CLEAR
[45] s2 arm_1 z1.32 @0.05 oracle4 T: PLANNED (23.3 s) RNEA j2 2.83 @ 127/127 statis-akhir 2.86
[INFO] [1790561288.536635714] [reach_dwell_probe]: torsi RNEA+offset(per-aktuator) vs rating: 1=0.05->6.65/10, 2=5.00->12.70/14, 3=2.39->8.99/10, 4=0.42->2.40/7, 5=0.11->2.09/7, 6=0.00->1.98/7  (terketat t1_a1_joint_2 91 %)
[INFO] [1790561314.591721552] [reach_dwell_probe]: jarak antar-lengan minimum sepanjang rencana: 581.3 mm di titik 65 (t1_a1_left_finger_dist_link_0 <-> t1_a2_upper_wrist_link_0) -> CLEAR
[45] s3 arm_1 z1.32 @0.05 oracle4 T: PLANNED (26.1 s) RNEA j2 5.00 @ 122/125 statis-akhir 5.02
[INFO] [1790561314.668026687] [reach_dwell_probe]: torsi RNEA+offset(per-aktuator) vs rating: 1=0.08->6.68/10, 2=3.58->11.28/14, 3=2.55->9.15/10, 4=0.46->2.44/7, 5=0.12->2.10/7, 6=0.00->1.98/7  (terketat t1_a1_joint_3 91 %)
[INFO] [1790561339.615773172] [reach_dwell_probe]: jarak antar-lengan minimum sepanjang rencana: 539.5 mm di titik 126 (t1_a1_forearm_link_0 <-> t2_a1_arm_link_0) -> CLEAR
[46] s1 arm_1 z1.32 @0.15 oracle4 T: PLANNED (25.0 s) RNEA j2 3.58 @ 126/126 statis-akhir 3.62
[INFO] [1790561339.686599937] [reach_dwell_probe]: torsi RNEA+offset(per-aktuator) vs rating: 1=0.07->6.67/10, 2=3.45->11.15/14, 3=2.55->9.15/10, 4=0.46->2.44/7, 5=0.13->2.11/7, 6=0.00->1.98/7  (terketat t1_a1_joint_3 91 %)
[INFO] [1790561365.156268074] [reach_dwell_probe]: jarak antar-lengan minimum sepanjang rencana: 545.6 mm di titik 126 (t1_a1_forearm_link_0 <-> t2_a1_arm_link_0) -> CLEAR
[46] s2 arm_1 z1.32 @0.15 oracle4 T: PLANNED (25.5 s) RNEA j2 3.45 @ 126/126 statis-akhir 3.49
[INFO] [1790561365.241084691] [reach_dwell_probe]: torsi RNEA+offset(per-aktuator) vs rating: 1=0.08->6.68/10, 2=3.37->11.07/14, 3=2.56->9.16/10, 4=0.46->2.44/7, 5=0.13->2.11/7, 6=0.00->1.98/7  (terketat t1_a1_joint_3 92 %)
[INFO] [1790561391.070156007] [reach_dwell_probe]: jarak antar-lengan minimum sepanjang rencana: 527.7 mm di titik 127 (t1_a1_arm_link_0 <-> t2_a1_lower_wrist_link_0) -> CLEAR
[46] s3 arm_1 z1.32 @0.15 oracle4 T: PLANNED (25.9 s) RNEA j2 3.37 @ 127/127 statis-akhir 3.41
[INFO] [1790561391.134177452] [reach_dwell_probe]: torsi RNEA+offset(per-aktuator) vs rating: 1=0.00->6.60/10, 2=3.26->10.96/14, 3=2.45->9.05/10, 4=0.41->2.39/7, 5=0.08->2.06/7, 6=0.00->1.98/7  (terketat t1_a2_joint_3 90 %)
[INFO] [1790561413.837200678] [reach_dwell_probe]: jarak antar-lengan minimum sepanjang rencana: 456.8 mm di titik 126 (t1_a1_arm_link_0 <-> t1_a2_arm_link_0) -> CLEAR
[47] s1 arm_2 z1.32 @0.95 oracle4 T: PLANNED (22.8 s) RNEA j2 3.26 @ 126/126 statis-akhir 3.29
[INFO] [1790561413.906561585] [reach_dwell_probe]: torsi RNEA+offset(per-aktuator) vs rating: 1=0.01->6.61/10, 2=3.36->11.06/14, 3=2.45->9.05/10, 4=0.41->2.39/7, 5=0.08->2.06/7, 6=0.00->1.98/7  (terketat t1_a2_joint_3 90 %)
[INFO] [1790561435.620886698] [reach_dwell_probe]: jarak antar-lengan minimum sepanjang rencana: 467.4 mm di titik 125 (t1_a1_arm_link_0 <-> t1_a2_arm_link_0) -> CLEAR
[47] s2 arm_2 z1.32 @0.95 oracle4 T: PLANNED (21.8 s) RNEA j2 3.36 @ 125/125 statis-akhir 3.39
[INFO] [1790561435.687339742] [reach_dwell_probe]: torsi RNEA+offset(per-aktuator) vs rating: 1=0.05->6.65/10, 2=4.37->12.07/14, 3=2.42->9.02/10, 4=0.41->2.39/7, 5=0.07->2.05/7, 6=0.00->1.98/7  (terketat t1_a2_joint_3 90 %)
[INFO] [1790561459.392489861] [reach_dwell_probe]: jarak antar-lengan minimum sepanjang rencana: 494.6 mm di titik 21 (t1_a2_right_finger_prox_link_0 <-> t2_a1_right_finger_prox_link_0) -> CLEAR
[47] s3 arm_2 z1.32 @0.95 oracle4 T: PLANNED (23.8 s) RNEA j2 4.37 @ 125/125 statis-akhir 4.42
[INFO] [1790561459.469409548] [reach_dwell_probe]: torsi RNEA+offset(per-aktuator) vs rating: 1=0.01->6.61/10, 2=3.17->10.87/14, 3=2.44->9.04/10, 4=0.42->2.40/7, 5=0.06->2.04/7, 6=0.00->1.98/7  (terketat t2_a2_joint_3 90 %)
[INFO] [1790561482.615437704] [reach_dwell_probe]: jarak antar-lengan minimum sepanjang rencana: 570.5 mm di titik 78 (t2_a1_arm_link_0 <-> t2_a2_upper_wrist_link_0) -> CLEAR
[48] s1 arm_4 z1.32 @0.90 oracle4 T: PLANNED (23.2 s) RNEA j2 3.17 @ 114/114 statis-akhir 3.20
[INFO] [1790561482.674291776] [reach_dwell_probe]: torsi RNEA+offset(per-aktuator) vs rating: 1=0.06->6.66/10, 2=4.89->12.59/14, 3=2.31->8.91/10, 4=0.39->2.37/7, 5=0.06->2.04/7, 6=0.00->1.98/7  (terketat t2_a2_joint_2 90 %)
[INFO] [1790561507.272927280] [reach_dwell_probe]: jarak antar-lengan minimum sepanjang rencana: 601.4 mm di titik 114 (t2_a1_arm_link_0 <-> t2_a2_right_finger_prox_link_0) -> CLEAR
[48] s2 arm_4 z1.32 @0.90 oracle4 T: PLANNED (24.7 s) RNEA j2 4.89 @ 111/114 statis-akhir 4.93
[INFO] [1790561507.335794887] [reach_dwell_probe]: torsi RNEA+offset(per-aktuator) vs rating: 1=0.08->6.68/10, 2=5.39->13.09/14, 3=2.13->8.73/10, 4=0.37->2.35/7, 5=0.06->2.04/7, 6=0.00->1.98/7  (terketat t2_a2_joint_2 94 %)
[INFO] [1790561531.561901104] [reach_dwell_probe]: jarak antar-lengan minimum sepanjang rencana: 606.2 mm di titik 114 (t2_a1_arm_link_0 <-> t2_a2_gripper_base_link_0) -> CLEAR
[48] s3 arm_4 z1.32 @0.90 oracle4 T: PLANNED (24.3 s) RNEA j2 5.39 @ 110/114 statis-akhir 5.41
[INFO] [1790561531.629610530] [reach_dwell_probe]: torsi RNEA+offset(per-aktuator) vs rating: 1=0.08->6.68/10, 2=5.05->12.75/14, 3=2.36->8.96/10, 4=0.42->2.40/7, 5=0.11->2.09/7, 6=0.00->1.98/7  (terketat t1_a2_joint_2 91 %)
[INFO] [1790561557.760487395] [reach_dwell_probe]: jarak antar-lengan minimum sepanjang rencana: 446.5 mm di titik 94 (t1_a2_arm_link_0 <-> t2_a1_arm_link_0) -> CLEAR
[49] s1 arm_2 z1.32 @1.00 oracle4 T: PLANNED (26.2 s) RNEA j2 5.05 @ 121/125 statis-akhir 5.07
[INFO] [1790561557.849452303] [reach_dwell_probe]: torsi RNEA+offset(per-aktuator) vs rating: 1=0.05->6.65/10, 2=3.14->10.84/14, 3=2.45->9.05/10, 4=0.41->2.39/7, 5=0.08->2.06/7, 6=0.00->1.98/7  (terketat t1_a2_joint_3 91 %)
[INFO] [1790561580.938645221] [reach_dwell_probe]: jarak antar-lengan minimum sepanjang rencana: 467.5 mm di titik 31 (t1_a2_right_finger_prox_link_0 <-> t2_a1_right_finger_prox_link_0) -> CLEAR
[49] s2 arm_2 z1.32 @1.00 oracle4 T: PLANNED (23.2 s) RNEA j2 3.14 @ 127/127 statis-akhir 3.17
[INFO] [1790561581.040239619] [reach_dwell_probe]: torsi RNEA+offset(per-aktuator) vs rating: 1=0.07->6.67/10, 2=4.68->12.38/14, 3=2.46->9.06/10, 4=0.43->2.41/7, 5=0.12->2.10/7, 6=0.00->1.98/7  (terketat t1_a2_joint_3 91 %)
[INFO] [1790561608.381945438] [reach_dwell_probe]: jarak antar-lengan minimum sepanjang rencana: 494.7 mm di titik 81 (t1_a2_arm_link_0 <-> t2_a1_arm_link_0) -> CLEAR
[49] s3 arm_2 z1.32 @1.00 oracle4 T: PLANNED (27.4 s) RNEA j2 4.68 @ 123/127 statis-akhir 4.72
[INFO] [1790561608.437753169] [reach_dwell_probe]: torsi RNEA+offset(per-aktuator) vs rating: 1=0.03->6.63/10, 2=3.10->10.80/14, 3=2.55->9.15/10, 4=0.40->2.38/7, 5=0.05->2.03/7, 6=0.00->1.98/7  (terketat t1_a2_joint_3 92 %)
[INFO] [1790561628.778124505] [reach_dwell_probe]: jarak antar-lengan minimum sepanjang rencana: 508.6 mm di titik 89 (t1_a1_arm_link_0 <-> t1_a2_forearm_link_0) -> CLEAR
[50] s1 arm_2 z1.32 @1.25 oracle4 T: PLANNED (20.4 s) RNEA j2 3.10 @ 104/104 statis-akhir 3.12
[INFO] [1790561628.839407613] [reach_dwell_probe]: torsi RNEA+offset(per-aktuator) vs rating: 1=0.02->6.62/10, 2=2.72->10.42/14, 3=2.55->9.15/10, 4=0.41->2.39/7, 5=0.06->2.04/7, 6=0.00->1.98/7  (terketat t1_a2_joint_3 92 %)
[INFO] [1790561648.801479108] [reach_dwell_probe]: jarak antar-lengan minimum sepanjang rencana: 502.0 mm di titik 103 (t1_a1_arm_link_0 <-> t1_a2_forearm_link_0) -> CLEAR
[50] s2 arm_2 z1.32 @1.25 oracle4 T: PLANNED (20.0 s) RNEA j2 2.72 @ 103/103 statis-akhir 2.74
[INFO] [1790561648.868192588] [reach_dwell_probe]: torsi RNEA+offset(per-aktuator) vs rating: 1=0.02->6.62/10, 2=2.05->9.75/14, 3=2.46->9.06/10, 4=0.40->2.38/7, 5=0.09->2.07/7, 6=0.00->1.98/7  (terketat t1_a2_joint_3 91 %)
[INFO] [1790561671.748422371] [reach_dwell_probe]: jarak antar-lengan minimum sepanjang rencana: 548.1 mm di titik 31 (t1_a2_right_finger_dist_link_0 <-> t2_a1_right_finger_prox_link_0) -> CLEAR
[50] s3 arm_2 z1.32 @1.25 oracle4 T: PLANNED (22.9 s) RNEA j2 2.05 @ 128/128 statis-akhir 2.07
[INFO] [1790561671.823605558] [reach_dwell_probe]: torsi RNEA+offset(per-aktuator) vs rating: 1=0.11->6.71/10, 2=4.86->12.56/14, 3=2.34->8.94/10, 4=0.39->2.37/7, 5=0.06->2.04/7, 6=0.00->1.98/7  (terketat t2_a1_joint_2 90 %)
[INFO] [1790561697.043282398] [reach_dwell_probe]: jarak antar-lengan minimum sepanjang rencana: 549.6 mm di titik 93 (t2_a1_right_finger_dist_link_0 <-> t2_a2_upper_wrist_link_0) -> CLEAR
[51] s1 arm_3 z1.32 @0.70 oracle4 T: PLANNED (25.3 s) RNEA j2 4.86 @ 123/127 statis-akhir 4.90
[INFO] [1790561697.134374576] [reach_dwell_probe]: torsi RNEA+offset(per-aktuator) vs rating: 1=0.10->6.70/10, 2=3.54->11.24/14, 3=2.55->9.15/10, 4=0.46->2.44/7, 5=0.13->2.11/7, 6=0.00->1.98/7  (terketat t2_a1_joint_3 92 %)
[INFO] [1790561722.724290835] [reach_dwell_probe]: jarak antar-lengan minimum sepanjang rencana: 607.9 mm di titik 126 (t2_a1_forearm_link_0 <-> t2_a2_arm_link_0) -> CLEAR
[51] s2 arm_3 z1.32 @0.70 oracle4 T: PLANNED (25.7 s) RNEA j2 3.54 @ 126/126 statis-akhir 3.58
[INFO] [1790561722.792160010] [reach_dwell_probe]: torsi RNEA+offset(per-aktuator) vs rating: 1=0.12->6.72/10, 2=4.62->12.32/14, 3=2.39->8.99/10, 4=0.40->2.38/7, 5=0.06->2.04/7, 6=0.00->1.98/7  (terketat t2_a1_joint_3 90 %)
[INFO] [1790561748.025416053] [reach_dwell_probe]: jarak antar-lengan minimum sepanjang rencana: 538.7 mm di titik 90 (t2_a1_right_finger_dist_link_0 <-> t2_a2_upper_wrist_link_0) -> CLEAR
[51] s3 arm_3 z1.32 @0.70 oracle4 T: PLANNED (25.3 s) RNEA j2 4.62 @ 123/126 statis-akhir 4.66
[INFO] [1790561748.113217674] [reach_dwell_probe]: torsi RNEA+offset(per-aktuator) vs rating: 1=0.04->6.64/10, 2=3.88->11.58/14, 3=2.55->9.15/10, 4=0.45->2.43/7, 5=0.13->2.11/7, 6=0.00->1.98/7  (terketat t2_a2_joint_3 92 %)
[INFO] [1790561775.274441348] [reach_dwell_probe]: jarak antar-lengan minimum sepanjang rencana: 570.9 mm di titik 46 (t2_a1_upper_wrist_link_0 <-> t2_a2_left_finger_dist_link_0) -> CLEAR
[52] s1 arm_4 z1.32 @1.45 oracle4 T: PLANNED (27.2 s) RNEA j2 3.88 @ 123/126 statis-akhir 3.93
[INFO] [1790561775.350896155] [reach_dwell_probe]: torsi RNEA+offset(per-aktuator) vs rating: 1=0.04->6.64/10, 2=3.81->11.51/14, 3=2.44->9.04/10, 4=0.41->2.39/7, 5=0.07->2.05/7, 6=0.00->1.98/7  (terketat t2_a2_joint_3 90 %)
[INFO] [1790561799.771155743] [reach_dwell_probe]: jarak antar-lengan minimum sepanjang rencana: 498.3 mm di titik 100 (t2_a1_arm_link_0 <-> t2_a2_forearm_link_0) -> CLEAR
[52] s2 arm_4 z1.32 @1.45 oracle4 T: PLANNED (24.5 s) RNEA j2 3.81 @ 126/126 statis-akhir 3.84
[INFO] [1790561799.852160800] [reach_dwell_probe]: torsi RNEA+offset(per-aktuator) vs rating: 1=0.01->6.61/10, 2=4.62->12.32/14, 3=2.39->8.99/10, 4=0.41->2.39/7, 5=0.06->2.04/7, 6=0.00->1.98/7  (terketat t2_a2_joint_3 90 %)
[INFO] [1790561823.860923772] [reach_dwell_probe]: jarak antar-lengan minimum sepanjang rencana: 420.2 mm di titik 128 (t2_a1_arm_link_0 <-> t2_a2_arm_link_0) -> CLEAR
[52] s3 arm_4 z1.32 @1.45 oracle4 T: PLANNED (24.1 s) RNEA j2 4.62 @ 128/128 statis-akhir 4.66
[INFO] [1790561823.921218739] [reach_dwell_probe]: torsi RNEA+offset(per-aktuator) vs rating: 1=0.02->6.62/10, 2=3.03->10.73/14, 3=2.46->9.06/10, 4=0.41->2.39/7, 5=0.08->2.06/7, 6=0.00->1.98/7  (terketat t2_a2_joint_3 91 %)
[INFO] [1790561847.595168424] [reach_dwell_probe]: jarak antar-lengan minimum sepanjang rencana: 472.9 mm di titik 127 (t2_a1_arm_link_0 <-> t2_a2_forearm_link_0) -> CLEAR
[53] s1 arm_4 z1.32 @1.50 oracle4 T: PLANNED (23.7 s) RNEA j2 3.03 @ 127/127 statis-akhir 3.05
[INFO] [1790561847.659262071] [reach_dwell_probe]: torsi RNEA+offset(per-aktuator) vs rating: 1=0.01->6.61/10, 2=4.31->12.01/14, 3=2.42->9.02/10, 4=0.41->2.39/7, 5=0.06->2.04/7, 6=0.00->1.98/7  (terketat t2_a2_joint_3 90 %)
[INFO] [1790561870.136900843] [reach_dwell_probe]: jarak antar-lengan minimum sepanjang rencana: 457.8 mm di titik 126 (t2_a1_arm_link_0 <-> t2_a2_arm_link_0) -> CLEAR
[53] s2 arm_4 z1.32 @1.50 oracle4 T: PLANNED (22.5 s) RNEA j2 4.31 @ 126/126 statis-akhir 4.35
[INFO] [1790561870.211792726] [reach_dwell_probe]: torsi RNEA+offset(per-aktuator) vs rating: 1=0.02->6.62/10, 2=4.92->12.62/14, 3=2.41->9.01/10, 4=0.42->2.40/7, 5=0.11->2.09/7, 6=0.00->1.98/7  (terketat t2_a2_joint_2 90 %)
[INFO] [1790561895.620994883] [reach_dwell_probe]: jarak antar-lengan minimum sepanjang rencana: 622.7 mm di titik 0 (t2_a1_arm_link_0 <-> t2_a2_arm_link_0) -> CLEAR
[53] s3 arm_4 z1.32 @1.50 oracle4 T: PLANNED (25.5 s) RNEA j2 4.92 @ 123/126 statis-akhir 4.94
[INFO] [1790561895.704196098] [reach_dwell_probe]: torsi RNEA+offset(per-aktuator) vs rating: 1=0.02->6.62/10, 2=3.13->10.83/14, 3=2.45->9.05/10, 4=0.41->2.39/7, 5=0.08->2.06/7, 6=0.00->1.98/7  (terketat t1_a1_joint_3 91 %)
[INFO] [1790561918.888270117] [reach_dwell_probe]: jarak antar-lengan minimum sepanjang rencana: 473.6 mm di titik 127 (t1_a1_forearm_link_0 <-> t1_a2_arm_link_0) -> CLEAR
[54] s1 arm_1 z1.32 @0.65 oracle4 T: PLANNED (23.3 s) RNEA j2 3.13 @ 127/127 statis-akhir 3.15
[INFO] [1790561918.962711481] [reach_dwell_probe]: torsi RNEA+offset(per-aktuator) vs rating: 1=0.02->6.62/10, 2=4.82->12.52/14, 3=2.43->9.03/10, 4=0.43->2.41/7, 5=0.12->2.10/7, 6=0.00->1.98/7  (terketat t1_a1_joint_3 90 %)
[INFO] [1790561946.857179536] [reach_dwell_probe]: jarak antar-lengan minimum sepanjang rencana: 616.7 mm di titik 53 (t1_a1_left_finger_dist_link_0 <-> t1_a2_upper_wrist_link_0) -> CLEAR
[54] s2 arm_1 z1.32 @0.65 oracle4 T: PLANNED (28.0 s) RNEA j2 4.82 @ 123/126 statis-akhir 4.84
[INFO] [1790561946.931737761] [reach_dwell_probe]: torsi RNEA+offset(per-aktuator) vs rating: 1=0.01->6.61/10, 2=3.48->11.18/14, 3=2.44->9.04/10, 4=0.42->2.40/7, 5=0.08->2.06/7, 6=0.00->1.98/7  (terketat t1_a1_joint_3 90 %)
[INFO] [1790561970.954396914] [reach_dwell_probe]: jarak antar-lengan minimum sepanjang rencana: 455.7 mm di titik 127 (t1_a1_forearm_link_0 <-> t1_a2_arm_link_0) -> CLEAR
[54] s3 arm_1 z1.32 @0.65 oracle4 T: PLANNED (24.1 s) RNEA j2 3.48 @ 127/127 statis-akhir 3.51
[INFO] [1790561971.026064301] [reach_dwell_probe]: torsi RNEA+offset(per-aktuator) vs rating: 1=0.07->6.67/10, 2=2.80->10.50/14, 3=2.55->9.15/10, 4=0.41->2.39/7, 5=0.06->2.04/7, 6=0.00->1.98/7  (terketat t1_a1_joint_3 92 %)
[INFO] [1790561993.480473998] [reach_dwell_probe]: jarak antar-lengan minimum sepanjang rencana: 579.1 mm di titik 46 (t1_a1_forearm_link_0 <-> t1_a2_arm_link_0) -> CLEAR
[55] s1 arm_1 z1.32 @0.75 oracle4 T: PLANNED (22.5 s) RNEA j2 2.80 @ 104/104 statis-akhir 2.80
[INFO] [1790561993.539738572] [reach_dwell_probe]: torsi RNEA+offset(per-aktuator) vs rating: 1=0.01->6.61/10, 2=1.91->9.61/14, 3=2.47->9.07/10, 4=0.40->2.38/7, 5=0.09->2.07/7, 6=0.00->1.98/7  (terketat t1_a1_joint_3 91 %)
[INFO] [1790562016.286237496] [reach_dwell_probe]: jarak antar-lengan minimum sepanjang rencana: 508.5 mm di titik 126 (t1_a1_forearm_link_0 <-> t1_a2_arm_link_0) -> CLEAR
[55] s2 arm_1 z1.32 @0.75 oracle4 T: PLANNED (22.8 s) RNEA j2 1.91 @ 126/126 statis-akhir 1.92
[INFO] [1790562016.338735099] [reach_dwell_probe]: torsi RNEA+offset(per-aktuator) vs rating: 1=0.08->6.68/10, 2=2.80->10.50/14, 3=2.56->9.16/10, 4=0.41->2.39/7, 5=0.06->2.04/7, 6=0.00->1.98/7  (terketat t1_a1_joint_3 92 %)
[INFO] [1790562039.801561067] [reach_dwell_probe]: jarak antar-lengan minimum sepanjang rencana: 581.1 mm di titik 45 (t1_a1_forearm_link_0 <-> t1_a2_arm_link_0) -> CLEAR
[55] s3 arm_1 z1.32 @0.75 oracle4 T: PLANNED (23.5 s) RNEA j2 2.80 @ 103/103 statis-akhir 2.81
[INFO] [1790562039.860284214] [reach_dwell_probe]: torsi RNEA+offset(per-aktuator) vs rating: 1=0.01->6.61/10, 2=2.98->10.68/14, 3=2.46->9.06/10, 4=0.41->2.39/7, 5=0.08->2.06/7, 6=0.00->1.98/7  (terketat t1_a1_joint_3 91 %)
[INFO] [1790562063.275395313] [reach_dwell_probe]: jarak antar-lengan minimum sepanjang rencana: 471.5 mm di titik 127 (t1_a1_forearm_link_0 <-> t1_a2_arm_link_0) -> CLEAR
[56] s1 arm_1 z1.32 @0.85 oracle4 T: PLANNED (23.5 s) RNEA j2 2.98 @ 127/127 statis-akhir 3.00
[INFO] [1790562063.346281145] [reach_dwell_probe]: torsi RNEA+offset(per-aktuator) vs rating: 1=0.03->6.63/10, 2=4.73->12.43/14, 3=2.37->8.97/10, 4=0.40->2.38/7, 5=0.06->2.04/7, 6=0.00->1.98/7  (terketat t1_a1_joint_3 90 %)
[INFO] [1790562087.201619093] [reach_dwell_probe]: jarak antar-lengan minimum sepanjang rencana: 508.8 mm di titik 79 (t1_a1_arm_link_0 <-> t1_a2_arm_link_0) -> CLEAR
[56] s2 arm_1 z1.32 @0.85 oracle4 T: PLANNED (23.9 s) RNEA j2 4.73 @ 122/126 statis-akhir 4.77
[INFO] [1790562087.268775687] [reach_dwell_probe]: torsi RNEA+offset(per-aktuator) vs rating: 1=0.01->6.61/10, 2=3.16->10.86/14, 3=2.45->9.05/10, 4=0.41->2.39/7, 5=0.08->2.06/7, 6=0.00->1.98/7  (terketat t1_a1_joint_3 90 %)
[INFO] [1790562111.822476226] [reach_dwell_probe]: jarak antar-lengan minimum sepanjang rencana: 468.2 mm di titik 127 (t1_a1_forearm_link_0 <-> t1_a2_arm_link_0) -> CLEAR
[56] s3 arm_1 z1.32 @0.85 oracle4 T: PLANNED (24.6 s) RNEA j2 3.16 @ 127/127 statis-akhir 3.18
[INFO] [1790562111.896248912] [reach_dwell_probe]: torsi RNEA+offset(per-aktuator) vs rating: 1=0.05->6.65/10, 2=5.31->13.01/14, 3=2.26->8.86/10, 4=0.39->2.37/7, 5=0.11->2.09/7, 6=0.00->1.98/7  (terketat t2_a1_joint_2 93 %)
[INFO] [1790562137.494781159] [reach_dwell_probe]: jarak antar-lengan minimum sepanjang rencana: 618.6 mm di titik 68 (t2_a1_left_finger_dist_link_0 <-> t2_a2_upper_wrist_link_0) -> CLEAR
[57] s1 arm_3 z1.32 @0.90 oracle4 T: PLANNED (25.7 s) RNEA j2 5.31 @ 124/127 statis-akhir 5.31
[INFO] [1790562137.554082223] [reach_dwell_probe]: torsi RNEA+offset(per-aktuator) vs rating: 1=0.05->6.65/10, 2=5.32->13.02/14, 3=2.26->8.86/10, 4=0.39->2.37/7, 5=0.11->2.09/7, 6=0.00->1.98/7  (terketat t2_a1_joint_2 93 %)
[INFO] [1790562163.258724854] [reach_dwell_probe]: jarak antar-lengan minimum sepanjang rencana: 619.4 mm di titik 67 (t2_a1_left_finger_dist_link_0 <-> t2_a2_upper_wrist_link_0) -> CLEAR
[57] s2 arm_3 z1.32 @0.90 oracle4 T: PLANNED (25.8 s) RNEA j2 5.32 @ 123/127 statis-akhir 5.32
[INFO] [1790562163.328896993] [reach_dwell_probe]: torsi RNEA+offset(per-aktuator) vs rating: 1=0.09->6.69/10, 2=4.44->12.14/14, 3=2.53->9.13/10, 4=0.40->2.38/7, 5=0.06->2.04/7, 6=0.00->1.98/7  (terketat t2_a1_joint_3 91 %)
[INFO] [1790562186.045915023] [reach_dwell_probe]: jarak antar-lengan minimum sepanjang rencana: 531.0 mm di titik 52 (t2_a1_forearm_link_0 <-> t2_a2_arm_link_0) -> CLEAR
[57] s3 arm_3 z1.32 @0.90 oracle4 T: PLANNED (22.8 s) RNEA j2 4.44 @ 104/104 statis-akhir 4.49
[INFO] [1790562186.101633066] [reach_dwell_probe]: torsi RNEA+offset(per-aktuator) vs rating: 1=0.03->6.63/10, 2=3.43->11.13/14, 3=2.55->9.15/10, 4=0.46->2.44/7, 5=0.13->2.11/7, 6=0.00->1.98/7  (terketat t1_a1_joint_3 92 %)
[INFO] [1790562210.466482942] [reach_dwell_probe]: jarak antar-lengan minimum sepanjang rencana: 472.6 mm di titik 61 (t1_a1_left_finger_dist_link_0 <-> t1_a2_upper_wrist_link_0) -> CLEAR
[58] s1 arm_1 z1.32 @1.00 oracle4 T: PLANNED (24.4 s) RNEA j2 3.43 @ 125/125 statis-akhir 3.46
[INFO] [1790562210.551308012] [reach_dwell_probe]: torsi RNEA+offset(per-aktuator) vs rating: 1=0.02->6.62/10, 2=4.78->12.48/14, 3=2.45->9.05/10, 4=0.43->2.41/7, 5=0.12->2.10/7, 6=0.00->1.98/7  (terketat t1_a1_joint_3 90 %)
[INFO] [1790562235.293531798] [reach_dwell_probe]: jarak antar-lengan minimum sepanjang rencana: 611.2 mm di titik 53 (t1_a1_left_finger_dist_link_0 <-> t1_a2_upper_wrist_link_0) -> CLEAR
[58] s2 arm_1 z1.32 @1.00 oracle4 T: PLANNED (24.8 s) RNEA j2 4.78 @ 123/126 statis-akhir 4.81
[INFO] [1790562235.370165998] [reach_dwell_probe]: torsi RNEA+offset(per-aktuator) vs rating: 1=0.01->6.61/10, 2=3.02->10.72/14, 3=2.46->9.06/10, 4=0.41->2.39/7, 5=0.08->2.06/7, 6=0.00->1.98/7  (terketat t1_a1_joint_3 91 %)
[INFO] [1790562258.571715457] [reach_dwell_probe]: jarak antar-lengan minimum sepanjang rencana: 471.3 mm di titik 127 (t1_a1_forearm_link_0 <-> t1_a2_arm_link_0) -> CLEAR
[58] s3 arm_1 z1.32 @1.00 oracle4 T: PLANNED (23.3 s) RNEA j2 3.02 @ 127/127 statis-akhir 3.04
[INFO] [1790562258.625760795] [reach_dwell_probe]: torsi RNEA+offset(per-aktuator) vs rating: 1=0.01->6.61/10, 2=3.73->11.43/14, 3=2.44->9.04/10, 4=0.41->2.39/7, 5=0.06->2.04/7, 6=0.00->1.98/7  (terketat t2_a1_joint_3 90 %)
[INFO] [1790562281.911320069] [reach_dwell_probe]: jarak antar-lengan minimum sepanjang rencana: 596.0 mm di titik 79 (t2_a1_upper_wrist_link_0 <-> t2_a2_arm_link_0) -> CLEAR
[59] s1 arm_3 z1.32 @1.30 oracle4 T: PLANNED (23.3 s) RNEA j2 3.73 @ 115/115 statis-akhir 3.78
[INFO] [1790562282.002380649] [reach_dwell_probe]: torsi RNEA+offset(per-aktuator) vs rating: 1=0.01->6.61/10, 2=4.87->12.57/14, 3=2.45->9.05/10, 4=0.38->2.36/7, 5=0.05->2.03/7, 6=0.00->1.98/7  (terketat t2_a1_joint_3 90 %)
[INFO] [1790562304.584345562] [reach_dwell_probe]: jarak antar-lengan minimum sepanjang rencana: 414.7 mm di titik 104 (t2_a1_arm_link_0 <-> t2_a2_arm_link_0) -> CLEAR
[59] s2 arm_3 z1.32 @1.30 oracle4 T: PLANNED (22.7 s) RNEA j2 4.87 @ 100/104 statis-akhir 4.90
[INFO] [1790562304.638616860] [reach_dwell_probe]: torsi RNEA+offset(per-aktuator) vs rating: 1=0.01->6.61/10, 2=3.87->11.57/14, 3=2.44->9.04/10, 4=0.41->2.39/7, 5=0.05->2.03/7, 6=0.00->1.98/7  (terketat t2_a1_joint_3 90 %)
[INFO] [1790562327.853625315] [reach_dwell_probe]: jarak antar-lengan minimum sepanjang rencana: 597.4 mm di titik 80 (t2_a1_upper_wrist_link_0 <-> t2_a2_arm_link_0) -> CLEAR
[59] s3 arm_3 z1.32 @1.30 oracle4 T: PLANNED (23.3 s) RNEA j2 3.87 @ 115/115 statis-akhir 3.91
[INFO] [1790562327.919759610] [reach_dwell_probe]: torsi RNEA+offset(per-aktuator) vs rating: 1=0.01->6.61/10, 2=3.94->11.64/14, 3=2.44->9.04/10, 4=0.41->2.39/7, 5=0.05->2.03/7, 6=0.00->1.98/7  (terketat t2_a1_joint_3 90 %)
[INFO] [1790562352.843295934] [reach_dwell_probe]: jarak antar-lengan minimum sepanjang rencana: 605.0 mm di titik 80 (t2_a1_upper_wrist_link_0 <-> t2_a2_arm_link_0) -> CLEAR
[60] s1 arm_3 z1.32 @1.50 oracle4 T: PLANNED (25.0 s) RNEA j2 3.94 @ 115/115 statis-akhir 3.98
[INFO] [1790562352.909768415] [reach_dwell_probe]: torsi RNEA+offset(per-aktuator) vs rating: 1=0.10->6.70/10, 2=4.89->12.59/14, 3=2.34->8.94/10, 4=0.39->2.37/7, 5=0.06->2.04/7, 6=0.00->1.98/7  (terketat t2_a1_joint_2 90 %)
[INFO] [1790562378.439510450] [reach_dwell_probe]: jarak antar-lengan minimum sepanjang rencana: 538.8 mm di titik 54 (t2_a1_forearm_link_0 <-> t2_a2_arm_link_0) -> CLEAR
[60] s2 arm_3 z1.32 @1.50 oracle4 T: PLANNED (25.6 s) RNEA j2 4.89 @ 123/127 statis-akhir 4.93
[INFO] [1790562378.512241699] [reach_dwell_probe]: torsi RNEA+offset(per-aktuator) vs rating: 1=0.10->6.70/10, 2=4.98->12.68/14, 3=2.32->8.92/10, 4=0.39->2.37/7, 5=0.06->2.04/7, 6=0.00->1.98/7  (terketat t2_a1_joint_2 91 %)
[INFO] [1790562403.621125076] [reach_dwell_probe]: jarak antar-lengan minimum sepanjang rencana: 539.3 mm di titik 53 (t2_a1_forearm_link_0 <-> t2_a2_arm_link_0) -> CLEAR
[60] s3 arm_3 z1.32 @1.50 oracle4 T: PLANNED (25.2 s) RNEA j2 4.98 @ 123/126 statis-akhir 5.02
wall total sesi ini 1971 s
