[0.067s] DEBUG:colcon:Command line arguments: ['/usr/bin/colcon', 'build', '--symlink-install', '--packages-ignore', 'livox_ros_driver2', 'livox_sdk2']
[0.067s] DEBUG:colcon:Parsed command line arguments: Namespace(log_base=None, log_level=None, verb_name='build', build_base='build', install_base='install', merge_install=False, symlink_install=True, test_result_base=None, continue_on_error=False, executor='parallel', parallel_workers=16, event_handlers=None, ignore_user_meta=False, metas=['./colcon.meta'], base_paths=['.'], packages_ignore=['livox_ros_driver2', 'livox_sdk2'], packages_ignore_regex=None, paths=None, packages_up_to=None, packages_up_to_regex=None, packages_above=None, packages_above_and_dependencies=None, packages_above_depth=None, packages_select_by_dep=None, packages_skip_by_dep=None, packages_skip_up_to=None, packages_select_build_failed=False, packages_skip_build_finished=False, packages_select_test_failures=False, packages_skip_test_passed=False, packages_select=None, packages_skip=None, packages_select_regex=None, packages_skip_regex=None, packages_start=None, packages_end=None, allow_overriding=[], cmake_args=None, cmake_target=None, cmake_target_skip_unavailable=False, cmake_clean_cache=False, cmake_clean_first=False, cmake_force_configure=False, ament_cmake_args=None, catkin_cmake_args=None, catkin_skip_building_tests=False, mixin_files=None, mixin=None, verb_parser=<colcon_mixin.mixin.mixin_argument.MixinArgumentDecorator object at 0x73431a017460>, verb_extension=<colcon_core.verb.build.BuildVerb object at 0x73431a016dd0>, main=<bound method BuildVerb.main of <colcon_core.verb.build.BuildVerb object at 0x73431a016dd0>>, mixin_verb=('build',))
[0.165s] Level 1:colcon.colcon_core.package_discovery:discover_packages(colcon_meta) check parameters
[0.165s] Level 1:colcon.colcon_core.package_discovery:discover_packages(recursive) check parameters
[0.165s] Level 1:colcon.colcon_core.package_discovery:discover_packages(ignore) check parameters
[0.165s] Level 1:colcon.colcon_core.package_discovery:discover_packages(path) check parameters
[0.165s] Level 1:colcon.colcon_core.package_discovery:discover_packages(colcon_meta) discover
[0.165s] Level 1:colcon.colcon_core.package_discovery:discover_packages(recursive) discover
[0.165s] INFO:colcon.colcon_core.package_discovery:Crawling recursively for packages in '/home/rama/Documents/code/Docker/moonshot_project/ros2_ws'
[0.165s] Level 1:colcon.colcon_core.package_identification:_identify(.) by extensions ['ignore', 'ignore_ament_install']
[0.165s] Level 1:colcon.colcon_core.package_identification:_identify(.) by extension 'ignore'
[0.165s] Level 1:colcon.colcon_core.package_identification:_identify(.) by extension 'ignore_ament_install'
[0.165s] Level 1:colcon.colcon_core.package_identification:_identify(.) by extensions ['colcon_pkg']
[0.165s] Level 1:colcon.colcon_core.package_identification:_identify(.) by extension 'colcon_pkg'
[0.165s] Level 1:colcon.colcon_core.package_identification:_identify(.) by extensions ['colcon_meta']
[0.165s] Level 1:colcon.colcon_core.package_identification:_identify(.) by extension 'colcon_meta'
[0.165s] Level 1:colcon.colcon_core.package_identification:_identify(.) by extensions ['ros']
[0.165s] Level 1:colcon.colcon_core.package_identification:_identify(.) by extension 'ros'
[0.172s] Level 1:colcon.colcon_core.package_identification:_identify(.) by extensions ['cmake', 'python']
[0.172s] Level 1:colcon.colcon_core.package_identification:_identify(.) by extension 'cmake'
[0.172s] Level 1:colcon.colcon_core.package_identification:_identify(.) by extension 'python'
[0.172s] Level 1:colcon.colcon_core.package_identification:_identify(.) by extensions ['python_setup_py']
[0.172s] Level 1:colcon.colcon_core.package_identification:_identify(.) by extension 'python_setup_py'
[0.172s] Level 1:colcon.colcon_core.package_identification:_identify(build) by extensions ['ignore', 'ignore_ament_install']
[0.172s] Level 1:colcon.colcon_core.package_identification:_identify(build) by extension 'ignore'
[0.172s] Level 1:colcon.colcon_core.package_identification:_identify(build) ignored
[0.172s] Level 1:colcon.colcon_core.package_identification:_identify(install) by extensions ['ignore', 'ignore_ament_install']
[0.172s] Level 1:colcon.colcon_core.package_identification:_identify(install) by extension 'ignore'
[0.172s] Level 1:colcon.colcon_core.package_identification:_identify(install) ignored
[0.172s] Level 1:colcon.colcon_core.package_identification:_identify(log) by extensions ['ignore', 'ignore_ament_install']
[0.172s] Level 1:colcon.colcon_core.package_identification:_identify(log) by extension 'ignore'
[0.172s] Level 1:colcon.colcon_core.package_identification:_identify(log) ignored
[0.172s] Level 1:colcon.colcon_core.package_identification:_identify(src) by extensions ['ignore', 'ignore_ament_install']
[0.172s] Level 1:colcon.colcon_core.package_identification:_identify(src) by extension 'ignore'
[0.173s] Level 1:colcon.colcon_core.package_identification:_identify(src) by extension 'ignore_ament_install'
[0.173s] Level 1:colcon.colcon_core.package_identification:_identify(src) by extensions ['colcon_pkg']
[0.173s] Level 1:colcon.colcon_core.package_identification:_identify(src) by extension 'colcon_pkg'
[0.173s] Level 1:colcon.colcon_core.package_identification:_identify(src) by extensions ['colcon_meta']
[0.173s] Level 1:colcon.colcon_core.package_identification:_identify(src) by extension 'colcon_meta'
[0.173s] Level 1:colcon.colcon_core.package_identification:_identify(src) by extensions ['ros']
[0.173s] Level 1:colcon.colcon_core.package_identification:_identify(src) by extension 'ros'
[0.173s] Level 1:colcon.colcon_core.package_identification:_identify(src) by extensions ['cmake', 'python']
[0.173s] Level 1:colcon.colcon_core.package_identification:_identify(src) by extension 'cmake'
[0.173s] Level 1:colcon.colcon_core.package_identification:_identify(src) by extension 'python'
[0.173s] Level 1:colcon.colcon_core.package_identification:_identify(src) by extensions ['python_setup_py']
[0.173s] Level 1:colcon.colcon_core.package_identification:_identify(src) by extension 'python_setup_py'
[0.173s] Level 1:colcon.colcon_core.package_identification:_identify(src/kinova_gen3_lite_control) by extensions ['ignore', 'ignore_ament_install']
[0.173s] Level 1:colcon.colcon_core.package_identification:_identify(src/kinova_gen3_lite_control) by extension 'ignore'
[0.173s] Level 1:colcon.colcon_core.package_identification:_identify(src/kinova_gen3_lite_control) by extension 'ignore_ament_install'
[0.173s] Level 1:colcon.colcon_core.package_identification:_identify(src/kinova_gen3_lite_control) by extensions ['colcon_pkg']
[0.173s] Level 1:colcon.colcon_core.package_identification:_identify(src/kinova_gen3_lite_control) by extension 'colcon_pkg'
[0.173s] Level 1:colcon.colcon_core.package_identification:_identify(src/kinova_gen3_lite_control) by extensions ['colcon_meta']
[0.173s] Level 1:colcon.colcon_core.package_identification:_identify(src/kinova_gen3_lite_control) by extension 'colcon_meta'
[0.173s] Level 1:colcon.colcon_core.package_identification:_identify(src/kinova_gen3_lite_control) by extensions ['ros']
[0.173s] Level 1:colcon.colcon_core.package_identification:_identify(src/kinova_gen3_lite_control) by extension 'ros'
[0.173s] Level 1:colcon.colcon_core.package_identification:_identify(src/kinova_gen3_lite_control) by extensions ['cmake', 'python']
[0.173s] Level 1:colcon.colcon_core.package_identification:_identify(src/kinova_gen3_lite_control) by extension 'cmake'
[0.173s] Level 1:colcon.colcon_core.package_identification:_identify(src/kinova_gen3_lite_control) by extension 'python'
[0.173s] Level 1:colcon.colcon_core.package_identification:_identify(src/kinova_gen3_lite_control) by extensions ['python_setup_py']
[0.173s] Level 1:colcon.colcon_core.package_identification:_identify(src/kinova_gen3_lite_control) by extension 'python_setup_py'
[0.173s] Level 1:colcon.colcon_core.package_identification:_identify(src/lidar_integration) by extensions ['ignore', 'ignore_ament_install']
[0.173s] Level 1:colcon.colcon_core.package_identification:_identify(src/lidar_integration) by extension 'ignore'
[0.173s] Level 1:colcon.colcon_core.package_identification:_identify(src/lidar_integration) by extension 'ignore_ament_install'
[0.173s] Level 1:colcon.colcon_core.package_identification:_identify(src/lidar_integration) by extensions ['colcon_pkg']
[0.173s] Level 1:colcon.colcon_core.package_identification:_identify(src/lidar_integration) by extension 'colcon_pkg'
[0.173s] Level 1:colcon.colcon_core.package_identification:_identify(src/lidar_integration) by extensions ['colcon_meta']
[0.173s] Level 1:colcon.colcon_core.package_identification:_identify(src/lidar_integration) by extension 'colcon_meta'
[0.173s] Level 1:colcon.colcon_core.package_identification:_identify(src/lidar_integration) by extensions ['ros']
[0.173s] Level 1:colcon.colcon_core.package_identification:_identify(src/lidar_integration) by extension 'ros'
[0.173s] Level 1:colcon.colcon_core.package_identification:_identify(src/lidar_integration) by extensions ['cmake', 'python']
[0.173s] Level 1:colcon.colcon_core.package_identification:_identify(src/lidar_integration) by extension 'cmake'
[0.173s] Level 1:colcon.colcon_core.package_identification:_identify(src/lidar_integration) by extension 'python'
[0.173s] Level 1:colcon.colcon_core.package_identification:_identify(src/lidar_integration) by extensions ['python_setup_py']
[0.173s] Level 1:colcon.colcon_core.package_identification:_identify(src/lidar_integration) by extension 'python_setup_py'
[0.174s] Level 1:colcon.colcon_core.package_identification:_identify(src/livox_ros_driver2) by extensions ['ignore', 'ignore_ament_install']
[0.174s] Level 1:colcon.colcon_core.package_identification:_identify(src/livox_ros_driver2) by extension 'ignore'
[0.174s] Level 1:colcon.colcon_core.package_identification:_identify(src/livox_ros_driver2) by extension 'ignore_ament_install'
[0.174s] Level 1:colcon.colcon_core.package_identification:_identify(src/livox_ros_driver2) by extensions ['colcon_pkg']
[0.174s] Level 1:colcon.colcon_core.package_identification:_identify(src/livox_ros_driver2) by extension 'colcon_pkg'
[0.174s] Level 1:colcon.colcon_core.package_identification:_identify(src/livox_ros_driver2) by extensions ['colcon_meta']
[0.174s] Level 1:colcon.colcon_core.package_identification:_identify(src/livox_ros_driver2) by extension 'colcon_meta'
[0.174s] Level 1:colcon.colcon_core.package_identification:_identify(src/livox_ros_driver2) by extensions ['ros']
[0.174s] Level 1:colcon.colcon_core.package_identification:_identify(src/livox_ros_driver2) by extension 'ros'
[0.176s] DEBUG:colcon.colcon_core.package_identification:Package 'src/livox_ros_driver2' with type 'ros.ament_cmake' and name 'livox_ros_driver2'
[0.176s] Level 1:colcon.colcon_core.package_identification:_identify(src/moving_table_interfaces) by extensions ['ignore', 'ignore_ament_install']
[0.176s] Level 1:colcon.colcon_core.package_identification:_identify(src/moving_table_interfaces) by extension 'ignore'
[0.176s] Level 1:colcon.colcon_core.package_identification:_identify(src/moving_table_interfaces) by extension 'ignore_ament_install'
[0.176s] Level 1:colcon.colcon_core.package_identification:_identify(src/moving_table_interfaces) by extensions ['colcon_pkg']
[0.176s] Level 1:colcon.colcon_core.package_identification:_identify(src/moving_table_interfaces) by extension 'colcon_pkg'
[0.176s] Level 1:colcon.colcon_core.package_identification:_identify(src/moving_table_interfaces) by extensions ['colcon_meta']
[0.176s] Level 1:colcon.colcon_core.package_identification:_identify(src/moving_table_interfaces) by extension 'colcon_meta'
[0.176s] Level 1:colcon.colcon_core.package_identification:_identify(src/moving_table_interfaces) by extensions ['ros']
[0.176s] Level 1:colcon.colcon_core.package_identification:_identify(src/moving_table_interfaces) by extension 'ros'
[0.176s] DEBUG:colcon.colcon_core.package_identification:Package 'src/moving_table_interfaces' with type 'ros.ament_cmake' and name 'moving_table_interfaces'
[0.176s] Level 1:colcon.colcon_core.package_identification:_identify(src/moving_table_pkg) by extensions ['ignore', 'ignore_ament_install']
[0.176s] Level 1:colcon.colcon_core.package_identification:_identify(src/moving_table_pkg) by extension 'ignore'
[0.176s] Level 1:colcon.colcon_core.package_identification:_identify(src/moving_table_pkg) by extension 'ignore_ament_install'
[0.176s] Level 1:colcon.colcon_core.package_identification:_identify(src/moving_table_pkg) by extensions ['colcon_pkg']
[0.176s] Level 1:colcon.colcon_core.package_identification:_identify(src/moving_table_pkg) by extension 'colcon_pkg'
[0.176s] Level 1:colcon.colcon_core.package_identification:_identify(src/moving_table_pkg) by extensions ['colcon_meta']
[0.176s] Level 1:colcon.colcon_core.package_identification:_identify(src/moving_table_pkg) by extension 'colcon_meta'
[0.176s] Level 1:colcon.colcon_core.package_identification:_identify(src/moving_table_pkg) by extensions ['ros']
[0.177s] Level 1:colcon.colcon_core.package_identification:_identify(src/moving_table_pkg) by extension 'ros'
[0.177s] DEBUG:colcon.colcon_core.package_identification:Package 'src/moving_table_pkg' with type 'ros.ament_python' and name 'moving_table_pkg'
[0.177s] Level 1:colcon.colcon_core.package_identification:_identify(src/ros2_kortex) by extensions ['ignore', 'ignore_ament_install']
[0.177s] Level 1:colcon.colcon_core.package_identification:_identify(src/ros2_kortex) by extension 'ignore'
[0.177s] Level 1:colcon.colcon_core.package_identification:_identify(src/ros2_kortex) by extension 'ignore_ament_install'
[0.177s] Level 1:colcon.colcon_core.package_identification:_identify(src/ros2_kortex) by extensions ['colcon_pkg']
[0.177s] Level 1:colcon.colcon_core.package_identification:_identify(src/ros2_kortex) by extension 'colcon_pkg'
[0.177s] Level 1:colcon.colcon_core.package_identification:_identify(src/ros2_kortex) by extensions ['colcon_meta']
[0.177s] Level 1:colcon.colcon_core.package_identification:_identify(src/ros2_kortex) by extension 'colcon_meta'
[0.177s] Level 1:colcon.colcon_core.package_identification:_identify(src/ros2_kortex) by extensions ['ros']
[0.177s] Level 1:colcon.colcon_core.package_identification:_identify(src/ros2_kortex) by extension 'ros'
[0.177s] Level 1:colcon.colcon_core.package_identification:_identify(src/ros2_kortex) by extensions ['cmake', 'python']
[0.177s] Level 1:colcon.colcon_core.package_identification:_identify(src/ros2_kortex) by extension 'cmake'
[0.177s] Level 1:colcon.colcon_core.package_identification:_identify(src/ros2_kortex) by extension 'python'
[0.177s] Level 1:colcon.colcon_core.package_identification:_identify(src/ros2_kortex) by extensions ['python_setup_py']
[0.177s] Level 1:colcon.colcon_core.package_identification:_identify(src/ros2_kortex) by extension 'python_setup_py'
[0.177s] Level 1:colcon.colcon_core.package_identification:_identify(src/ros2_kortex/3rdParty) by extensions ['ignore', 'ignore_ament_install']
[0.177s] Level 1:colcon.colcon_core.package_identification:_identify(src/ros2_kortex/3rdParty) by extension 'ignore'
[0.177s] Level 1:colcon.colcon_core.package_identification:_identify(src/ros2_kortex/3rdParty) by extension 'ignore_ament_install'
[0.177s] Level 1:colcon.colcon_core.package_identification:_identify(src/ros2_kortex/3rdParty) by extensions ['colcon_pkg']
[0.177s] Level 1:colcon.colcon_core.package_identification:_identify(src/ros2_kortex/3rdParty) by extension 'colcon_pkg'
[0.177s] Level 1:colcon.colcon_core.package_identification:_identify(src/ros2_kortex/3rdParty) by extensions ['colcon_meta']
[0.177s] Level 1:colcon.colcon_core.package_identification:_identify(src/ros2_kortex/3rdParty) by extension 'colcon_meta'
[0.177s] Level 1:colcon.colcon_core.package_identification:_identify(src/ros2_kortex/3rdParty) by extensions ['ros']
[0.177s] Level 1:colcon.colcon_core.package_identification:_identify(src/ros2_kortex/3rdParty) by extension 'ros'
[0.178s] Level 1:colcon.colcon_core.package_identification:_identify(src/ros2_kortex/3rdParty) by extensions ['cmake', 'python']
[0.178s] Level 1:colcon.colcon_core.package_identification:_identify(src/ros2_kortex/3rdParty) by extension 'cmake'
[0.178s] Level 1:colcon.colcon_core.package_identification:_identify(src/ros2_kortex/3rdParty) by extension 'python'
[0.178s] Level 1:colcon.colcon_core.package_identification:_identify(src/ros2_kortex/3rdParty) by extensions ['python_setup_py']
[0.178s] Level 1:colcon.colcon_core.package_identification:_identify(src/ros2_kortex/3rdParty) by extension 'python_setup_py'
[0.178s] Level 1:colcon.colcon_core.package_identification:_identify(src/ros2_kortex/3rdParty/Mobile_platform_integration) by extensions ['ignore', 'ignore_ament_install']
[0.178s] Level 1:colcon.colcon_core.package_identification:_identify(src/ros2_kortex/3rdParty/Mobile_platform_integration) by extension 'ignore'
[0.178s] Level 1:colcon.colcon_core.package_identification:_identify(src/ros2_kortex/3rdParty/Mobile_platform_integration) by extension 'ignore_ament_install'
[0.178s] Level 1:colcon.colcon_core.package_identification:_identify(src/ros2_kortex/3rdParty/Mobile_platform_integration) by extensions ['colcon_pkg']
[0.178s] Level 1:colcon.colcon_core.package_identification:_identify(src/ros2_kortex/3rdParty/Mobile_platform_integration) by extension 'colcon_pkg'
[0.178s] Level 1:colcon.colcon_core.package_identification:_identify(src/ros2_kortex/3rdParty/Mobile_platform_integration) by extensions ['colcon_meta']
[0.178s] Level 1:colcon.colcon_core.package_identification:_identify(src/ros2_kortex/3rdParty/Mobile_platform_integration) by extension 'colcon_meta'
[0.178s] Level 1:colcon.colcon_core.package_identification:_identify(src/ros2_kortex/3rdParty/Mobile_platform_integration) by extensions ['ros']
[0.178s] Level 1:colcon.colcon_core.package_identification:_identify(src/ros2_kortex/3rdParty/Mobile_platform_integration) by extension 'ros'
[0.178s] Level 1:colcon.colcon_core.package_identification:_identify(src/ros2_kortex/3rdParty/Mobile_platform_integration) by extensions ['cmake', 'python']
[0.178s] Level 1:colcon.colcon_core.package_identification:_identify(src/ros2_kortex/3rdParty/Mobile_platform_integration) by extension 'cmake'
[0.178s] Level 1:colcon.colcon_core.package_identification:_identify(src/ros2_kortex/3rdParty/Mobile_platform_integration) by extension 'python'
[0.178s] Level 1:colcon.colcon_core.package_identification:_identify(src/ros2_kortex/3rdParty/Mobile_platform_integration) by extensions ['python_setup_py']
[0.178s] Level 1:colcon.colcon_core.package_identification:_identify(src/ros2_kortex/3rdParty/Mobile_platform_integration) by extension 'python_setup_py'
[0.178s] Level 1:colcon.colcon_core.package_identification:_identify(src/ros2_kortex/3rdParty/Mobile_platform_integration/clearpath) by extensions ['ignore', 'ignore_ament_install']
[0.178s] Level 1:colcon.colcon_core.package_identification:_identify(src/ros2_kortex/3rdParty/Mobile_platform_integration/clearpath) by extension 'ignore'
[0.178s] Level 1:colcon.colcon_core.package_identification:_identify(src/ros2_kortex/3rdParty/Mobile_platform_integration/clearpath) by extension 'ignore_ament_install'
[0.178s] Level 1:colcon.colcon_core.package_identification:_identify(src/ros2_kortex/3rdParty/Mobile_platform_integration/clearpath) by extensions ['colcon_pkg']
[0.178s] Level 1:colcon.colcon_core.package_identification:_identify(src/ros2_kortex/3rdParty/Mobile_platform_integration/clearpath) by extension 'colcon_pkg'
[0.178s] Level 1:colcon.colcon_core.package_identification:_identify(src/ros2_kortex/3rdParty/Mobile_platform_integration/clearpath) by extensions ['colcon_meta']
[0.178s] Level 1:colcon.colcon_core.package_identification:_identify(src/ros2_kortex/3rdParty/Mobile_platform_integration/clearpath) by extension 'colcon_meta'
[0.178s] Level 1:colcon.colcon_core.package_identification:_identify(src/ros2_kortex/3rdParty/Mobile_platform_integration/clearpath) by extensions ['ros']
[0.178s] Level 1:colcon.colcon_core.package_identification:_identify(src/ros2_kortex/3rdParty/Mobile_platform_integration/clearpath) by extension 'ros'
[0.178s] Level 1:colcon.colcon_core.package_identification:_identify(src/ros2_kortex/3rdParty/Mobile_platform_integration/clearpath) by extensions ['cmake', 'python']
[0.178s] Level 1:colcon.colcon_core.package_identification:_identify(src/ros2_kortex/3rdParty/Mobile_platform_integration/clearpath) by extension 'cmake'
[0.178s] Level 1:colcon.colcon_core.package_identification:_identify(src/ros2_kortex/3rdParty/Mobile_platform_integration/clearpath) by extension 'python'
[0.178s] Level 1:colcon.colcon_core.package_identification:_identify(src/ros2_kortex/3rdParty/Mobile_platform_integration/clearpath) by extensions ['python_setup_py']
[0.178s] Level 1:colcon.colcon_core.package_identification:_identify(src/ros2_kortex/3rdParty/Mobile_platform_integration/clearpath) by extension 'python_setup_py'
[0.178s] Level 1:colcon.colcon_core.package_identification:_identify(src/ros2_kortex/doc) by extensions ['ignore', 'ignore_ament_install']
[0.178s] Level 1:colcon.colcon_core.package_identification:_identify(src/ros2_kortex/doc) by extension 'ignore'
[0.178s] Level 1:colcon.colcon_core.package_identification:_identify(src/ros2_kortex/doc) by extension 'ignore_ament_install'
[0.178s] Level 1:colcon.colcon_core.package_identification:_identify(src/ros2_kortex/doc) by extensions ['colcon_pkg']
[0.179s] Level 1:colcon.colcon_core.package_identification:_identify(src/ros2_kortex/doc) by extension 'colcon_pkg'
[0.179s] Level 1:colcon.colcon_core.package_identification:_identify(src/ros2_kortex/doc) by extensions ['colcon_meta']
[0.179s] Level 1:colcon.colcon_core.package_identification:_identify(src/ros2_kortex/doc) by extension 'colcon_meta'
[0.179s] Level 1:colcon.colcon_core.package_identification:_identify(src/ros2_kortex/doc) by extensions ['ros']
[0.179s] Level 1:colcon.colcon_core.package_identification:_identify(src/ros2_kortex/doc) by extension 'ros'
[0.179s] Level 1:colcon.colcon_core.package_identification:_identify(src/ros2_kortex/doc) by extensions ['cmake', 'python']
[0.179s] Level 1:colcon.colcon_core.package_identification:_identify(src/ros2_kortex/doc) by extension 'cmake'
[0.179s] Level 1:colcon.colcon_core.package_identification:_identify(src/ros2_kortex/doc) by extension 'python'
[0.179s] Level 1:colcon.colcon_core.package_identification:_identify(src/ros2_kortex/doc) by extensions ['python_setup_py']
[0.179s] Level 1:colcon.colcon_core.package_identification:_identify(src/ros2_kortex/doc) by extension 'python_setup_py'
[0.179s] Level 1:colcon.colcon_core.package_identification:_identify(src/ros2_kortex/doc/resources) by extensions ['ignore', 'ignore_ament_install']
[0.179s] Level 1:colcon.colcon_core.package_identification:_identify(src/ros2_kortex/doc/resources) by extension 'ignore'
[0.179s] Level 1:colcon.colcon_core.package_identification:_identify(src/ros2_kortex/doc/resources) by extension 'ignore_ament_install'
[0.179s] Level 1:colcon.colcon_core.package_identification:_identify(src/ros2_kortex/doc/resources) by extensions ['colcon_pkg']
[0.179s] Level 1:colcon.colcon_core.package_identification:_identify(src/ros2_kortex/doc/resources) by extension 'colcon_pkg'
[0.179s] Level 1:colcon.colcon_core.package_identification:_identify(src/ros2_kortex/doc/resources) by extensions ['colcon_meta']
[0.179s] Level 1:colcon.colcon_core.package_identification:_identify(src/ros2_kortex/doc/resources) by extension 'colcon_meta'
[0.179s] Level 1:colcon.colcon_core.package_identification:_identify(src/ros2_kortex/doc/resources) by extensions ['ros']
[0.179s] Level 1:colcon.colcon_core.package_identification:_identify(src/ros2_kortex/doc/resources) by extension 'ros'
[0.179s] Level 1:colcon.colcon_core.package_identification:_identify(src/ros2_kortex/doc/resources) by extensions ['cmake', 'python']
[0.179s] Level 1:colcon.colcon_core.package_identification:_identify(src/ros2_kortex/doc/resources) by extension 'cmake'
[0.179s] Level 1:colcon.colcon_core.package_identification:_identify(src/ros2_kortex/doc/resources) by extension 'python'
[0.179s] Level 1:colcon.colcon_core.package_identification:_identify(src/ros2_kortex/doc/resources) by extensions ['python_setup_py']
[0.179s] Level 1:colcon.colcon_core.package_identification:_identify(src/ros2_kortex/doc/resources) by extension 'python_setup_py'
[0.179s] Level 1:colcon.colcon_core.package_identification:_identify(src/ros2_kortex/kortex_api) by extensions ['ignore', 'ignore_ament_install']
[0.179s] Level 1:colcon.colcon_core.package_identification:_identify(src/ros2_kortex/kortex_api) by extension 'ignore'
[0.179s] Level 1:colcon.colcon_core.package_identification:_identify(src/ros2_kortex/kortex_api) by extension 'ignore_ament_install'
[0.179s] Level 1:colcon.colcon_core.package_identification:_identify(src/ros2_kortex/kortex_api) by extensions ['colcon_pkg']
[0.179s] Level 1:colcon.colcon_core.package_identification:_identify(src/ros2_kortex/kortex_api) by extension 'colcon_pkg'
[0.179s] Level 1:colcon.colcon_core.package_identification:_identify(src/ros2_kortex/kortex_api) by extensions ['colcon_meta']
[0.179s] Level 1:colcon.colcon_core.package_identification:_identify(src/ros2_kortex/kortex_api) by extension 'colcon_meta'
[0.179s] Level 1:colcon.colcon_core.package_identification:_identify(src/ros2_kortex/kortex_api) by extensions ['ros']
[0.179s] Level 1:colcon.colcon_core.package_identification:_identify(src/ros2_kortex/kortex_api) by extension 'ros'
[0.180s] DEBUG:colcon.colcon_core.package_identification:Package 'src/ros2_kortex/kortex_api' with type 'ros.ament_cmake' and name 'kortex_api'
[0.180s] Level 1:colcon.colcon_core.package_identification:_identify(src/ros2_kortex/kortex_bringup) by extensions ['ignore', 'ignore_ament_install']
[0.180s] Level 1:colcon.colcon_core.package_identification:_identify(src/ros2_kortex/kortex_bringup) by extension 'ignore'
[0.180s] Level 1:colcon.colcon_core.package_identification:_identify(src/ros2_kortex/kortex_bringup) by extension 'ignore_ament_install'
[0.180s] Level 1:colcon.colcon_core.package_identification:_identify(src/ros2_kortex/kortex_bringup) by extensions ['colcon_pkg']
[0.180s] Level 1:colcon.colcon_core.package_identification:_identify(src/ros2_kortex/kortex_bringup) by extension 'colcon_pkg'
[0.180s] Level 1:colcon.colcon_core.package_identification:_identify(src/ros2_kortex/kortex_bringup) by extensions ['colcon_meta']
[0.180s] Level 1:colcon.colcon_core.package_identification:_identify(src/ros2_kortex/kortex_bringup) by extension 'colcon_meta'
[0.180s] Level 1:colcon.colcon_core.package_identification:_identify(src/ros2_kortex/kortex_bringup) by extensions ['ros']
[0.180s] Level 1:colcon.colcon_core.package_identification:_identify(src/ros2_kortex/kortex_bringup) by extension 'ros'
[0.180s] DEBUG:colcon.colcon_core.package_identification:Package 'src/ros2_kortex/kortex_bringup' with type 'ros.ament_cmake' and name 'kortex_bringup'
[0.180s] Level 1:colcon.colcon_core.package_identification:_identify(src/ros2_kortex/kortex_description) by extensions ['ignore', 'ignore_ament_install']
[0.180s] Level 1:colcon.colcon_core.package_identification:_identify(src/ros2_kortex/kortex_description) by extension 'ignore'
[0.180s] Level 1:colcon.colcon_core.package_identification:_identify(src/ros2_kortex/kortex_description) by extension 'ignore_ament_install'
[0.180s] Level 1:colcon.colcon_core.package_identification:_identify(src/ros2_kortex/kortex_description) by extensions ['colcon_pkg']
[0.180s] Level 1:colcon.colcon_core.package_identification:_identify(src/ros2_kortex/kortex_description) by extension 'colcon_pkg'
[0.181s] Level 1:colcon.colcon_core.package_identification:_identify(src/ros2_kortex/kortex_description) by extensions ['colcon_meta']
[0.181s] Level 1:colcon.colcon_core.package_identification:_identify(src/ros2_kortex/kortex_description) by extension 'colcon_meta'
[0.181s] Level 1:colcon.colcon_core.package_identification:_identify(src/ros2_kortex/kortex_description) by extensions ['ros']
[0.181s] Level 1:colcon.colcon_core.package_identification:_identify(src/ros2_kortex/kortex_description) by extension 'ros'
[0.181s] DEBUG:colcon.colcon_core.package_identification:Package 'src/ros2_kortex/kortex_description' with type 'ros.ament_cmake' and name 'kortex_description'
[0.181s] Level 1:colcon.colcon_core.package_identification:_identify(src/ros2_kortex/kortex_driver) by extensions ['ignore', 'ignore_ament_install']
[0.181s] Level 1:colcon.colcon_core.package_identification:_identify(src/ros2_kortex/kortex_driver) by extension 'ignore'
[0.181s] Level 1:colcon.colcon_core.package_identification:_identify(src/ros2_kortex/kortex_driver) by extension 'ignore_ament_install'
[0.181s] Level 1:colcon.colcon_core.package_identification:_identify(src/ros2_kortex/kortex_driver) by extensions ['colcon_pkg']
[0.181s] Level 1:colcon.colcon_core.package_identification:_identify(src/ros2_kortex/kortex_driver) by extension 'colcon_pkg'
[0.181s] Level 1:colcon.colcon_core.package_identification:_identify(src/ros2_kortex/kortex_driver) by extensions ['colcon_meta']
[0.181s] Level 1:colcon.colcon_core.package_identification:_identify(src/ros2_kortex/kortex_driver) by extension 'colcon_meta'
[0.181s] Level 1:colcon.colcon_core.package_identification:_identify(src/ros2_kortex/kortex_driver) by extensions ['ros']
[0.181s] Level 1:colcon.colcon_core.package_identification:_identify(src/ros2_kortex/kortex_driver) by extension 'ros'
[0.182s] DEBUG:colcon.colcon_core.package_identification:Package 'src/ros2_kortex/kortex_driver' with type 'ros.ament_cmake' and name 'kortex_driver'
[0.182s] Level 1:colcon.colcon_core.package_identification:_identify(src/ros2_kortex/kortex_moveit_config) by extensions ['ignore', 'ignore_ament_install']
[0.182s] Level 1:colcon.colcon_core.package_identification:_identify(src/ros2_kortex/kortex_moveit_config) by extension 'ignore'
[0.182s] Level 1:colcon.colcon_core.package_identification:_identify(src/ros2_kortex/kortex_moveit_config) by extension 'ignore_ament_install'
[0.182s] Level 1:colcon.colcon_core.package_identification:_identify(src/ros2_kortex/kortex_moveit_config) by extensions ['colcon_pkg']
[0.182s] Level 1:colcon.colcon_core.package_identification:_identify(src/ros2_kortex/kortex_moveit_config) by extension 'colcon_pkg'
[0.182s] Level 1:colcon.colcon_core.package_identification:_identify(src/ros2_kortex/kortex_moveit_config) by extensions ['colcon_meta']
[0.182s] Level 1:colcon.colcon_core.package_identification:_identify(src/ros2_kortex/kortex_moveit_config) by extension 'colcon_meta'
[0.182s] Level 1:colcon.colcon_core.package_identification:_identify(src/ros2_kortex/kortex_moveit_config) by extensions ['ros']
[0.182s] Level 1:colcon.colcon_core.package_identification:_identify(src/ros2_kortex/kortex_moveit_config) by extension 'ros'
[0.182s] Level 1:colcon.colcon_core.package_identification:_identify(src/ros2_kortex/kortex_moveit_config) by extensions ['cmake', 'python']
[0.182s] Level 1:colcon.colcon_core.package_identification:_identify(src/ros2_kortex/kortex_moveit_config) by extension 'cmake'
[0.182s] Level 1:colcon.colcon_core.package_identification:_identify(src/ros2_kortex/kortex_moveit_config) by extension 'python'
[0.182s] Level 1:colcon.colcon_core.package_identification:_identify(src/ros2_kortex/kortex_moveit_config) by extensions ['python_setup_py']
[0.182s] Level 1:colcon.colcon_core.package_identification:_identify(src/ros2_kortex/kortex_moveit_config) by extension 'python_setup_py'
[0.182s] Level 1:colcon.colcon_core.package_identification:_identify(src/ros2_kortex/kortex_moveit_config/kinova_gen3_6dof_robotiq_2f_85_moveit_config) by extensions ['ignore', 'ignore_ament_install']
[0.182s] Level 1:colcon.colcon_core.package_identification:_identify(src/ros2_kortex/kortex_moveit_config/kinova_gen3_6dof_robotiq_2f_85_moveit_config) by extension 'ignore'
[0.182s] Level 1:colcon.colcon_core.package_identification:_identify(src/ros2_kortex/kortex_moveit_config/kinova_gen3_6dof_robotiq_2f_85_moveit_config) by extension 'ignore_ament_install'
[0.182s] Level 1:colcon.colcon_core.package_identification:_identify(src/ros2_kortex/kortex_moveit_config/kinova_gen3_6dof_robotiq_2f_85_moveit_config) by extensions ['colcon_pkg']
[0.182s] Level 1:colcon.colcon_core.package_identification:_identify(src/ros2_kortex/kortex_moveit_config/kinova_gen3_6dof_robotiq_2f_85_moveit_config) by extension 'colcon_pkg'
[0.182s] Level 1:colcon.colcon_core.package_identification:_identify(src/ros2_kortex/kortex_moveit_config/kinova_gen3_6dof_robotiq_2f_85_moveit_config) by extensions ['colcon_meta']
[0.182s] Level 1:colcon.colcon_core.package_identification:_identify(src/ros2_kortex/kortex_moveit_config/kinova_gen3_6dof_robotiq_2f_85_moveit_config) by extension 'colcon_meta'
[0.182s] Level 1:colcon.colcon_core.package_identification:_identify(src/ros2_kortex/kortex_moveit_config/kinova_gen3_6dof_robotiq_2f_85_moveit_config) by extensions ['ros']
[0.182s] Level 1:colcon.colcon_core.package_identification:_identify(src/ros2_kortex/kortex_moveit_config/kinova_gen3_6dof_robotiq_2f_85_moveit_config) by extension 'ros'
[0.183s] DEBUG:colcon.colcon_core.package_identification:Package 'src/ros2_kortex/kortex_moveit_config/kinova_gen3_6dof_robotiq_2f_85_moveit_config' with type 'ros.ament_cmake' and name 'kinova_gen3_6dof_robotiq_2f_85_moveit_config'
[0.183s] Level 1:colcon.colcon_core.package_identification:_identify(src/ros2_kortex/kortex_moveit_config/kinova_gen3_7dof_robotiq_2f_85_moveit_config) by extensions ['ignore', 'ignore_ament_install']
[0.183s] Level 1:colcon.colcon_core.package_identification:_identify(src/ros2_kortex/kortex_moveit_config/kinova_gen3_7dof_robotiq_2f_85_moveit_config) by extension 'ignore'
[0.183s] Level 1:colcon.colcon_core.package_identification:_identify(src/ros2_kortex/kortex_moveit_config/kinova_gen3_7dof_robotiq_2f_85_moveit_config) by extension 'ignore_ament_install'
[0.183s] Level 1:colcon.colcon_core.package_identification:_identify(src/ros2_kortex/kortex_moveit_config/kinova_gen3_7dof_robotiq_2f_85_moveit_config) by extensions ['colcon_pkg']
[0.183s] Level 1:colcon.colcon_core.package_identification:_identify(src/ros2_kortex/kortex_moveit_config/kinova_gen3_7dof_robotiq_2f_85_moveit_config) by extension 'colcon_pkg'
[0.183s] Level 1:colcon.colcon_core.package_identification:_identify(src/ros2_kortex/kortex_moveit_config/kinova_gen3_7dof_robotiq_2f_85_moveit_config) by extensions ['colcon_meta']
[0.183s] Level 1:colcon.colcon_core.package_identification:_identify(src/ros2_kortex/kortex_moveit_config/kinova_gen3_7dof_robotiq_2f_85_moveit_config) by extension 'colcon_meta'
[0.183s] Level 1:colcon.colcon_core.package_identification:_identify(src/ros2_kortex/kortex_moveit_config/kinova_gen3_7dof_robotiq_2f_85_moveit_config) by extensions ['ros']
[0.183s] Level 1:colcon.colcon_core.package_identification:_identify(src/ros2_kortex/kortex_moveit_config/kinova_gen3_7dof_robotiq_2f_85_moveit_config) by extension 'ros'
[0.184s] DEBUG:colcon.colcon_core.package_identification:Package 'src/ros2_kortex/kortex_moveit_config/kinova_gen3_7dof_robotiq_2f_85_moveit_config' with type 'ros.ament_cmake' and name 'kinova_gen3_7dof_robotiq_2f_85_moveit_config'
[0.184s] Level 1:colcon.colcon_core.package_identification:_identify(src/ros2_kortex/kortex_moveit_config/kinova_gen3_lite_moveit_config) by extensions ['ignore', 'ignore_ament_install']
[0.184s] Level 1:colcon.colcon_core.package_identification:_identify(src/ros2_kortex/kortex_moveit_config/kinova_gen3_lite_moveit_config) by extension 'ignore'
[0.184s] Level 1:colcon.colcon_core.package_identification:_identify(src/ros2_kortex/kortex_moveit_config/kinova_gen3_lite_moveit_config) by extension 'ignore_ament_install'
[0.184s] Level 1:colcon.colcon_core.package_identification:_identify(src/ros2_kortex/kortex_moveit_config/kinova_gen3_lite_moveit_config) by extensions ['colcon_pkg']
[0.184s] Level 1:colcon.colcon_core.package_identification:_identify(src/ros2_kortex/kortex_moveit_config/kinova_gen3_lite_moveit_config) by extension 'colcon_pkg'
[0.184s] Level 1:colcon.colcon_core.package_identification:_identify(src/ros2_kortex/kortex_moveit_config/kinova_gen3_lite_moveit_config) by extensions ['colcon_meta']
[0.184s] Level 1:colcon.colcon_core.package_identification:_identify(src/ros2_kortex/kortex_moveit_config/kinova_gen3_lite_moveit_config) by extension 'colcon_meta'
[0.184s] Level 1:colcon.colcon_core.package_identification:_identify(src/ros2_kortex/kortex_moveit_config/kinova_gen3_lite_moveit_config) by extensions ['ros']
[0.184s] Level 1:colcon.colcon_core.package_identification:_identify(src/ros2_kortex/kortex_moveit_config/kinova_gen3_lite_moveit_config) by extension 'ros'
[0.184s] DEBUG:colcon.colcon_core.package_identification:Package 'src/ros2_kortex/kortex_moveit_config/kinova_gen3_lite_moveit_config' with type 'ros.ament_cmake' and name 'kinova_gen3_lite_moveit_config'
[0.184s] Level 1:colcon.colcon_core.package_identification:_identify(src/ros2_kortex/kortex_moveit_config/launch) by extensions ['ignore', 'ignore_ament_install']
[0.185s] Level 1:colcon.colcon_core.package_identification:_identify(src/ros2_kortex/kortex_moveit_config/launch) by extension 'ignore'
[0.185s] Level 1:colcon.colcon_core.package_identification:_identify(src/ros2_kortex/kortex_moveit_config/launch) by extension 'ignore_ament_install'
[0.185s] Level 1:colcon.colcon_core.package_identification:_identify(src/ros2_kortex/kortex_moveit_config/launch) by extensions ['colcon_pkg']
[0.185s] Level 1:colcon.colcon_core.package_identification:_identify(src/ros2_kortex/kortex_moveit_config/launch) by extension 'colcon_pkg'
[0.185s] Level 1:colcon.colcon_core.package_identification:_identify(src/ros2_kortex/kortex_moveit_config/launch) by extensions ['colcon_meta']
[0.185s] Level 1:colcon.colcon_core.package_identification:_identify(src/ros2_kortex/kortex_moveit_config/launch) by extension 'colcon_meta'
[0.185s] Level 1:colcon.colcon_core.package_identification:_identify(src/ros2_kortex/kortex_moveit_config/launch) by extensions ['ros']
[0.185s] Level 1:colcon.colcon_core.package_identification:_identify(src/ros2_kortex/kortex_moveit_config/launch) by extension 'ros'
[0.185s] Level 1:colcon.colcon_core.package_identification:_identify(src/ros2_kortex/kortex_moveit_config/launch) by extensions ['cmake', 'python']
[0.185s] Level 1:colcon.colcon_core.package_identification:_identify(src/ros2_kortex/kortex_moveit_config/launch) by extension 'cmake'
[0.185s] Level 1:colcon.colcon_core.package_identification:_identify(src/ros2_kortex/kortex_moveit_config/launch) by extension 'python'
[0.185s] Level 1:colcon.colcon_core.package_identification:_identify(src/ros2_kortex/kortex_moveit_config/launch) by extensions ['python_setup_py']
[0.185s] Level 1:colcon.colcon_core.package_identification:_identify(src/ros2_kortex/kortex_moveit_config/launch) by extension 'python_setup_py'
[0.185s] Level 1:colcon.colcon_core.package_discovery:discover_packages(recursive) using defaults
[0.185s] Level 1:colcon.colcon_core.package_discovery:discover_packages(ignore) discover
[0.185s] Level 1:colcon.colcon_core.package_discovery:discover_packages(ignore) using defaults
[0.185s] Level 1:colcon.colcon_core.package_discovery:discover_packages(path) discover
[0.185s] Level 1:colcon.colcon_core.package_discovery:discover_packages(path) using defaults
[0.203s] WARNING:colcon.colcon_core.package_discovery:ignoring unknown package 'livox_sdk2' in --packages-ignore
[0.204s] Level 1:colcon.colcon_core.package_discovery:discover_packages(prefix_path) check parameters
[0.204s] Level 1:colcon.colcon_core.package_discovery:discover_packages(prefix_path) discover
[0.204s] WARNING:colcon.colcon_ros.prefix_path.ament:The path '/home/rama/Documents/code/Docker/moonshot_project/ros2_ws/install/moving_table_pkg' in the environment variable AMENT_PREFIX_PATH doesn't exist
[0.205s] WARNING:colcon.colcon_ros.prefix_path.ament:The path '/home/rama/Documents/code/Docker/moonshot_project/ros2_ws/install/moving_table_interfaces' in the environment variable AMENT_PREFIX_PATH doesn't exist
[0.205s] WARNING:colcon.colcon_ros.prefix_path.ament:The path '/home/rama/Documents/code/Docker/moonshot_project/ros2_ws/install/livox_ros_driver2' in the environment variable AMENT_PREFIX_PATH doesn't exist
[0.205s] WARNING:colcon.colcon_ros.prefix_path.ament:The path '/home/rama/Documents/code/Docker/moonshot_project/ros2_ws/install/kortex_bringup' in the environment variable AMENT_PREFIX_PATH doesn't exist
[0.205s] WARNING:colcon.colcon_ros.prefix_path.ament:The path '/home/rama/Documents/code/Docker/moonshot_project/ros2_ws/install/kortex_driver' in the environment variable AMENT_PREFIX_PATH doesn't exist
[0.205s] WARNING:colcon.colcon_ros.prefix_path.ament:The path '/home/rama/Documents/code/Docker/moonshot_project/ros2_ws/install/kinova_gen3_lite_moveit_config' in the environment variable AMENT_PREFIX_PATH doesn't exist
[0.205s] WARNING:colcon.colcon_ros.prefix_path.ament:The path '/home/rama/Documents/code/Docker/moonshot_project/ros2_ws/install/kinova_gen3_7dof_robotiq_2f_85_moveit_config' in the environment variable AMENT_PREFIX_PATH doesn't exist
[0.205s] WARNING:colcon.colcon_ros.prefix_path.ament:The path '/home/rama/Documents/code/Docker/moonshot_project/ros2_ws/install/kinova_gen3_6dof_robotiq_2f_85_moveit_config' in the environment variable AMENT_PREFIX_PATH doesn't exist
[0.205s] WARNING:colcon.colcon_ros.prefix_path.ament:The path '/home/rama/Documents/code/Docker/moonshot_project/ros2_ws/install/kortex_description' in the environment variable AMENT_PREFIX_PATH doesn't exist
[0.205s] WARNING:colcon.colcon_ros.prefix_path.ament:The path '/home/rama/Documents/code/Docker/moonshot_project/ros2_ws/install/kortex_api' in the environment variable AMENT_PREFIX_PATH doesn't exist
[0.205s] WARNING:colcon.colcon_ros.prefix_path.catkin:The path '/home/rama/Documents/code/Docker/moonshot_project/ros2_ws/install/moving_table_interfaces' in the environment variable CMAKE_PREFIX_PATH doesn't exist
[0.205s] WARNING:colcon.colcon_ros.prefix_path.catkin:The path '/home/rama/Documents/code/Docker/moonshot_project/ros2_ws/install/livox_ros_driver2' in the environment variable CMAKE_PREFIX_PATH doesn't exist
[0.205s] WARNING:colcon.colcon_ros.prefix_path.catkin:The path '/home/rama/Documents/code/Docker/moonshot_project/ros2_ws/install/kortex_bringup' in the environment variable CMAKE_PREFIX_PATH doesn't exist
[0.205s] WARNING:colcon.colcon_ros.prefix_path.catkin:The path '/home/rama/Documents/code/Docker/moonshot_project/ros2_ws/install/kortex_driver' in the environment variable CMAKE_PREFIX_PATH doesn't exist
[0.205s] WARNING:colcon.colcon_ros.prefix_path.catkin:The path '/home/rama/Documents/code/Docker/moonshot_project/ros2_ws/install/kinova_gen3_lite_moveit_config' in the environment variable CMAKE_PREFIX_PATH doesn't exist
[0.205s] WARNING:colcon.colcon_ros.prefix_path.catkin:The path '/home/rama/Documents/code/Docker/moonshot_project/ros2_ws/install/kinova_gen3_7dof_robotiq_2f_85_moveit_config' in the environment variable CMAKE_PREFIX_PATH doesn't exist
[0.205s] WARNING:colcon.colcon_ros.prefix_path.catkin:The path '/home/rama/Documents/code/Docker/moonshot_project/ros2_ws/install/kinova_gen3_6dof_robotiq_2f_85_moveit_config' in the environment variable CMAKE_PREFIX_PATH doesn't exist
[0.205s] WARNING:colcon.colcon_ros.prefix_path.catkin:The path '/home/rama/Documents/code/Docker/moonshot_project/ros2_ws/install/kortex_description' in the environment variable CMAKE_PREFIX_PATH doesn't exist
[0.205s] WARNING:colcon.colcon_ros.prefix_path.catkin:The path '/home/rama/Documents/code/Docker/moonshot_project/ros2_ws/install/kortex_api' in the environment variable CMAKE_PREFIX_PATH doesn't exist
[0.205s] DEBUG:colcon.colcon_installed_package_information.package_discovery:Found 0 installed packages in /home/rama/Documents/code/Docker/moonshot_project/ros2_ws/install
[0.206s] DEBUG:colcon.colcon_installed_package_information.package_discovery:Found 299 installed packages in /opt/ros/humble
[0.207s] Level 1:colcon.colcon_core.package_discovery:discover_packages(prefix_path) using defaults
[0.233s] Level 5:colcon.colcon_core.verb:set package 'kortex_api' build argument 'cmake_args' from command line to 'None'
[0.233s] Level 5:colcon.colcon_core.verb:set package 'kortex_api' build argument 'cmake_target' from command line to 'None'
[0.233s] Level 5:colcon.colcon_core.verb:set package 'kortex_api' build argument 'cmake_target_skip_unavailable' from command line to 'False'
[0.233s] Level 5:colcon.colcon_core.verb:set package 'kortex_api' build argument 'cmake_clean_cache' from command line to 'False'
[0.233s] Level 5:colcon.colcon_core.verb:set package 'kortex_api' build argument 'cmake_clean_first' from command line to 'False'
[0.233s] Level 5:colcon.colcon_core.verb:set package 'kortex_api' build argument 'cmake_force_configure' from command line to 'False'
[0.233s] Level 5:colcon.colcon_core.verb:set package 'kortex_api' build argument 'ament_cmake_args' from command line to 'None'
[0.233s] Level 5:colcon.colcon_core.verb:set package 'kortex_api' build argument 'catkin_cmake_args' from command line to 'None'
[0.233s] Level 5:colcon.colcon_core.verb:set package 'kortex_api' build argument 'catkin_skip_building_tests' from command line to 'False'
[0.233s] DEBUG:colcon.colcon_core.verb:Building package 'kortex_api' with the following arguments: {'ament_cmake_args': None, 'build_base': '/home/rama/Documents/code/Docker/moonshot_project/ros2_ws/build/kortex_api', 'catkin_cmake_args': None, 'catkin_skip_building_tests': False, 'cmake_args': None, 'cmake_clean_cache': False, 'cmake_clean_first': False, 'cmake_force_configure': False, 'cmake_target': None, 'cmake_target_skip_unavailable': False, 'install_base': '/home/rama/Documents/code/Docker/moonshot_project/ros2_ws/install/kortex_api', 'merge_install': False, 'path': '/home/rama/Documents/code/Docker/moonshot_project/ros2_ws/src/ros2_kortex/kortex_api', 'symlink_install': True, 'test_result_base': None}
[0.233s] Level 5:colcon.colcon_core.verb:set package 'kortex_description' build argument 'cmake_args' from command line to 'None'
[0.233s] Level 5:colcon.colcon_core.verb:set package 'kortex_description' build argument 'cmake_target' from command line to 'None'
[0.233s] Level 5:colcon.colcon_core.verb:set package 'kortex_description' build argument 'cmake_target_skip_unavailable' from command line to 'False'
[0.233s] Level 5:colcon.colcon_core.verb:set package 'kortex_description' build argument 'cmake_clean_cache' from command line to 'False'
[0.233s] Level 5:colcon.colcon_core.verb:set package 'kortex_description' build argument 'cmake_clean_first' from command line to 'False'
[0.233s] Level 5:colcon.colcon_core.verb:set package 'kortex_description' build argument 'cmake_force_configure' from command line to 'False'
[0.233s] Level 5:colcon.colcon_core.verb:set package 'kortex_description' build argument 'ament_cmake_args' from command line to 'None'
[0.233s] Level 5:colcon.colcon_core.verb:set package 'kortex_description' build argument 'catkin_cmake_args' from command line to 'None'
[0.233s] Level 5:colcon.colcon_core.verb:set package 'kortex_description' build argument 'catkin_skip_building_tests' from command line to 'False'
[0.233s] DEBUG:colcon.colcon_core.verb:Building package 'kortex_description' with the following arguments: {'ament_cmake_args': None, 'build_base': '/home/rama/Documents/code/Docker/moonshot_project/ros2_ws/build/kortex_description', 'catkin_cmake_args': None, 'catkin_skip_building_tests': False, 'cmake_args': None, 'cmake_clean_cache': False, 'cmake_clean_first': False, 'cmake_force_configure': False, 'cmake_target': None, 'cmake_target_skip_unavailable': False, 'install_base': '/home/rama/Documents/code/Docker/moonshot_project/ros2_ws/install/kortex_description', 'merge_install': False, 'path': '/home/rama/Documents/code/Docker/moonshot_project/ros2_ws/src/ros2_kortex/kortex_description', 'symlink_install': True, 'test_result_base': None}
[0.233s] Level 5:colcon.colcon_core.verb:set package 'moving_table_interfaces' build argument 'cmake_args' from command line to 'None'
[0.233s] Level 5:colcon.colcon_core.verb:set package 'moving_table_interfaces' build argument 'cmake_target' from command line to 'None'
[0.233s] Level 5:colcon.colcon_core.verb:set package 'moving_table_interfaces' build argument 'cmake_target_skip_unavailable' from command line to 'False'
[0.234s] Level 5:colcon.colcon_core.verb:set package 'moving_table_interfaces' build argument 'cmake_clean_cache' from command line to 'False'
[0.234s] Level 5:colcon.colcon_core.verb:set package 'moving_table_interfaces' build argument 'cmake_clean_first' from command line to 'False'
[0.234s] Level 5:colcon.colcon_core.verb:set package 'moving_table_interfaces' build argument 'cmake_force_configure' from command line to 'False'
[0.234s] Level 5:colcon.colcon_core.verb:set package 'moving_table_interfaces' build argument 'ament_cmake_args' from command line to 'None'
[0.234s] Level 5:colcon.colcon_core.verb:set package 'moving_table_interfaces' build argument 'catkin_cmake_args' from command line to 'None'
[0.234s] Level 5:colcon.colcon_core.verb:set package 'moving_table_interfaces' build argument 'catkin_skip_building_tests' from command line to 'False'
[0.234s] DEBUG:colcon.colcon_core.verb:Building package 'moving_table_interfaces' with the following arguments: {'ament_cmake_args': None, 'build_base': '/home/rama/Documents/code/Docker/moonshot_project/ros2_ws/build/moving_table_interfaces', 'catkin_cmake_args': None, 'catkin_skip_building_tests': False, 'cmake_args': None, 'cmake_clean_cache': False, 'cmake_clean_first': False, 'cmake_force_configure': False, 'cmake_target': None, 'cmake_target_skip_unavailable': False, 'install_base': '/home/rama/Documents/code/Docker/moonshot_project/ros2_ws/install/moving_table_interfaces', 'merge_install': False, 'path': '/home/rama/Documents/code/Docker/moonshot_project/ros2_ws/src/moving_table_interfaces', 'symlink_install': True, 'test_result_base': None}
[0.234s] Level 5:colcon.colcon_core.verb:set package 'moving_table_pkg' build argument 'cmake_args' from command line to 'None'
[0.234s] Level 5:colcon.colcon_core.verb:set package 'moving_table_pkg' build argument 'cmake_target' from command line to 'None'
[0.234s] Level 5:colcon.colcon_core.verb:set package 'moving_table_pkg' build argument 'cmake_target_skip_unavailable' from command line to 'False'
[0.234s] Level 5:colcon.colcon_core.verb:set package 'moving_table_pkg' build argument 'cmake_clean_cache' from command line to 'False'
[0.234s] Level 5:colcon.colcon_core.verb:set package 'moving_table_pkg' build argument 'cmake_clean_first' from command line to 'False'
[0.234s] Level 5:colcon.colcon_core.verb:set package 'moving_table_pkg' build argument 'cmake_force_configure' from command line to 'False'
[0.234s] Level 5:colcon.colcon_core.verb:set package 'moving_table_pkg' build argument 'ament_cmake_args' from command line to 'None'
[0.234s] Level 5:colcon.colcon_core.verb:set package 'moving_table_pkg' build argument 'catkin_cmake_args' from command line to 'None'
[0.234s] Level 5:colcon.colcon_core.verb:set package 'moving_table_pkg' build argument 'catkin_skip_building_tests' from command line to 'False'
[0.234s] DEBUG:colcon.colcon_core.verb:Building package 'moving_table_pkg' with the following arguments: {'ament_cmake_args': None, 'build_base': '/home/rama/Documents/code/Docker/moonshot_project/ros2_ws/build/moving_table_pkg', 'catkin_cmake_args': None, 'catkin_skip_building_tests': False, 'cmake_args': None, 'cmake_clean_cache': False, 'cmake_clean_first': False, 'cmake_force_configure': False, 'cmake_target': None, 'cmake_target_skip_unavailable': False, 'install_base': '/home/rama/Documents/code/Docker/moonshot_project/ros2_ws/install/moving_table_pkg', 'merge_install': False, 'path': '/home/rama/Documents/code/Docker/moonshot_project/ros2_ws/src/moving_table_pkg', 'symlink_install': True, 'test_result_base': None}
[0.234s] Level 5:colcon.colcon_core.verb:set package 'kinova_gen3_6dof_robotiq_2f_85_moveit_config' build argument 'cmake_args' from command line to 'None'
[0.234s] Level 5:colcon.colcon_core.verb:set package 'kinova_gen3_6dof_robotiq_2f_85_moveit_config' build argument 'cmake_target' from command line to 'None'
[0.234s] Level 5:colcon.colcon_core.verb:set package 'kinova_gen3_6dof_robotiq_2f_85_moveit_config' build argument 'cmake_target_skip_unavailable' from command line to 'False'
[0.234s] Level 5:colcon.colcon_core.verb:set package 'kinova_gen3_6dof_robotiq_2f_85_moveit_config' build argument 'cmake_clean_cache' from command line to 'False'
[0.234s] Level 5:colcon.colcon_core.verb:set package 'kinova_gen3_6dof_robotiq_2f_85_moveit_config' build argument 'cmake_clean_first' from command line to 'False'
[0.234s] Level 5:colcon.colcon_core.verb:set package 'kinova_gen3_6dof_robotiq_2f_85_moveit_config' build argument 'cmake_force_configure' from command line to 'False'
[0.234s] Level 5:colcon.colcon_core.verb:set package 'kinova_gen3_6dof_robotiq_2f_85_moveit_config' build argument 'ament_cmake_args' from command line to 'None'
[0.234s] Level 5:colcon.colcon_core.verb:set package 'kinova_gen3_6dof_robotiq_2f_85_moveit_config' build argument 'catkin_cmake_args' from command line to 'None'
[0.234s] Level 5:colcon.colcon_core.verb:set package 'kinova_gen3_6dof_robotiq_2f_85_moveit_config' build argument 'catkin_skip_building_tests' from command line to 'False'
[0.234s] DEBUG:colcon.colcon_core.verb:Building package 'kinova_gen3_6dof_robotiq_2f_85_moveit_config' with the following arguments: {'ament_cmake_args': None, 'build_base': '/home/rama/Documents/code/Docker/moonshot_project/ros2_ws/build/kinova_gen3_6dof_robotiq_2f_85_moveit_config', 'catkin_cmake_args': None, 'catkin_skip_building_tests': False, 'cmake_args': None, 'cmake_clean_cache': False, 'cmake_clean_first': False, 'cmake_force_configure': False, 'cmake_target': None, 'cmake_target_skip_unavailable': False, 'install_base': '/home/rama/Documents/code/Docker/moonshot_project/ros2_ws/install/kinova_gen3_6dof_robotiq_2f_85_moveit_config', 'merge_install': False, 'path': '/home/rama/Documents/code/Docker/moonshot_project/ros2_ws/src/ros2_kortex/kortex_moveit_config/kinova_gen3_6dof_robotiq_2f_85_moveit_config', 'symlink_install': True, 'test_result_base': None}
[0.234s] Level 5:colcon.colcon_core.verb:set package 'kinova_gen3_7dof_robotiq_2f_85_moveit_config' build argument 'cmake_args' from command line to 'None'
[0.234s] Level 5:colcon.colcon_core.verb:set package 'kinova_gen3_7dof_robotiq_2f_85_moveit_config' build argument 'cmake_target' from command line to 'None'
[0.234s] Level 5:colcon.colcon_core.verb:set package 'kinova_gen3_7dof_robotiq_2f_85_moveit_config' build argument 'cmake_target_skip_unavailable' from command line to 'False'
[0.234s] Level 5:colcon.colcon_core.verb:set package 'kinova_gen3_7dof_robotiq_2f_85_moveit_config' build argument 'cmake_clean_cache' from command line to 'False'
[0.234s] Level 5:colcon.colcon_core.verb:set package 'kinova_gen3_7dof_robotiq_2f_85_moveit_config' build argument 'cmake_clean_first' from command line to 'False'
[0.234s] Level 5:colcon.colcon_core.verb:set package 'kinova_gen3_7dof_robotiq_2f_85_moveit_config' build argument 'cmake_force_configure' from command line to 'False'
[0.234s] Level 5:colcon.colcon_core.verb:set package 'kinova_gen3_7dof_robotiq_2f_85_moveit_config' build argument 'ament_cmake_args' from command line to 'None'
[0.234s] Level 5:colcon.colcon_core.verb:set package 'kinova_gen3_7dof_robotiq_2f_85_moveit_config' build argument 'catkin_cmake_args' from command line to 'None'
[0.234s] Level 5:colcon.colcon_core.verb:set package 'kinova_gen3_7dof_robotiq_2f_85_moveit_config' build argument 'catkin_skip_building_tests' from command line to 'False'
[0.235s] DEBUG:colcon.colcon_core.verb:Building package 'kinova_gen3_7dof_robotiq_2f_85_moveit_config' with the following arguments: {'ament_cmake_args': None, 'build_base': '/home/rama/Documents/code/Docker/moonshot_project/ros2_ws/build/kinova_gen3_7dof_robotiq_2f_85_moveit_config', 'catkin_cmake_args': None, 'catkin_skip_building_tests': False, 'cmake_args': None, 'cmake_clean_cache': False, 'cmake_clean_first': False, 'cmake_force_configure': False, 'cmake_target': None, 'cmake_target_skip_unavailable': False, 'install_base': '/home/rama/Documents/code/Docker/moonshot_project/ros2_ws/install/kinova_gen3_7dof_robotiq_2f_85_moveit_config', 'merge_install': False, 'path': '/home/rama/Documents/code/Docker/moonshot_project/ros2_ws/src/ros2_kortex/kortex_moveit_config/kinova_gen3_7dof_robotiq_2f_85_moveit_config', 'symlink_install': True, 'test_result_base': None}
[0.235s] Level 5:colcon.colcon_core.verb:set package 'kinova_gen3_lite_moveit_config' build argument 'cmake_args' from command line to 'None'
[0.235s] Level 5:colcon.colcon_core.verb:set package 'kinova_gen3_lite_moveit_config' build argument 'cmake_target' from command line to 'None'
[0.235s] Level 5:colcon.colcon_core.verb:set package 'kinova_gen3_lite_moveit_config' build argument 'cmake_target_skip_unavailable' from command line to 'False'
[0.235s] Level 5:colcon.colcon_core.verb:set package 'kinova_gen3_lite_moveit_config' build argument 'cmake_clean_cache' from command line to 'False'
[0.235s] Level 5:colcon.colcon_core.verb:set package 'kinova_gen3_lite_moveit_config' build argument 'cmake_clean_first' from command line to 'False'
[0.235s] Level 5:colcon.colcon_core.verb:set package 'kinova_gen3_lite_moveit_config' build argument 'cmake_force_configure' from command line to 'False'
[0.235s] Level 5:colcon.colcon_core.verb:set package 'kinova_gen3_lite_moveit_config' build argument 'ament_cmake_args' from command line to 'None'
[0.235s] Level 5:colcon.colcon_core.verb:set package 'kinova_gen3_lite_moveit_config' build argument 'catkin_cmake_args' from command line to 'None'
[0.235s] Level 5:colcon.colcon_core.verb:set package 'kinova_gen3_lite_moveit_config' build argument 'catkin_skip_building_tests' from command line to 'False'
[0.235s] DEBUG:colcon.colcon_core.verb:Building package 'kinova_gen3_lite_moveit_config' with the following arguments: {'ament_cmake_args': None, 'build_base': '/home/rama/Documents/code/Docker/moonshot_project/ros2_ws/build/kinova_gen3_lite_moveit_config', 'catkin_cmake_args': None, 'catkin_skip_building_tests': False, 'cmake_args': None, 'cmake_clean_cache': False, 'cmake_clean_first': False, 'cmake_force_configure': False, 'cmake_target': None, 'cmake_target_skip_unavailable': False, 'install_base': '/home/rama/Documents/code/Docker/moonshot_project/ros2_ws/install/kinova_gen3_lite_moveit_config', 'merge_install': False, 'path': '/home/rama/Documents/code/Docker/moonshot_project/ros2_ws/src/ros2_kortex/kortex_moveit_config/kinova_gen3_lite_moveit_config', 'symlink_install': True, 'test_result_base': None}
[0.235s] Level 5:colcon.colcon_core.verb:set package 'kortex_driver' build argument 'cmake_args' from command line to 'None'
[0.235s] Level 5:colcon.colcon_core.verb:set package 'kortex_driver' build argument 'cmake_target' from command line to 'None'
[0.235s] Level 5:colcon.colcon_core.verb:set package 'kortex_driver' build argument 'cmake_target_skip_unavailable' from command line to 'False'
[0.235s] Level 5:colcon.colcon_core.verb:set package 'kortex_driver' build argument 'cmake_clean_cache' from command line to 'False'
[0.235s] Level 5:colcon.colcon_core.verb:set package 'kortex_driver' build argument 'cmake_clean_first' from command line to 'False'
[0.235s] Level 5:colcon.colcon_core.verb:set package 'kortex_driver' build argument 'cmake_force_configure' from command line to 'False'
[0.235s] Level 5:colcon.colcon_core.verb:set package 'kortex_driver' build argument 'ament_cmake_args' from command line to 'None'
[0.235s] Level 5:colcon.colcon_core.verb:set package 'kortex_driver' build argument 'catkin_cmake_args' from command line to 'None'
[0.235s] Level 5:colcon.colcon_core.verb:set package 'kortex_driver' build argument 'catkin_skip_building_tests' from command line to 'False'
[0.235s] DEBUG:colcon.colcon_core.verb:Building package 'kortex_driver' with the following arguments: {'ament_cmake_args': None, 'build_base': '/home/rama/Documents/code/Docker/moonshot_project/ros2_ws/build/kortex_driver', 'catkin_cmake_args': None, 'catkin_skip_building_tests': False, 'cmake_args': None, 'cmake_clean_cache': False, 'cmake_clean_first': False, 'cmake_force_configure': False, 'cmake_target': None, 'cmake_target_skip_unavailable': False, 'install_base': '/home/rama/Documents/code/Docker/moonshot_project/ros2_ws/install/kortex_driver', 'merge_install': False, 'path': '/home/rama/Documents/code/Docker/moonshot_project/ros2_ws/src/ros2_kortex/kortex_driver', 'symlink_install': True, 'test_result_base': None}
[0.235s] Level 5:colcon.colcon_core.verb:set package 'kortex_bringup' build argument 'cmake_args' from command line to 'None'
[0.235s] Level 5:colcon.colcon_core.verb:set package 'kortex_bringup' build argument 'cmake_target' from command line to 'None'
[0.235s] Level 5:colcon.colcon_core.verb:set package 'kortex_bringup' build argument 'cmake_target_skip_unavailable' from command line to 'False'
[0.235s] Level 5:colcon.colcon_core.verb:set package 'kortex_bringup' build argument 'cmake_clean_cache' from command line to 'False'
[0.235s] Level 5:colcon.colcon_core.verb:set package 'kortex_bringup' build argument 'cmake_clean_first' from command line to 'False'
[0.235s] Level 5:colcon.colcon_core.verb:set package 'kortex_bringup' build argument 'cmake_force_configure' from command line to 'False'
[0.235s] Level 5:colcon.colcon_core.verb:set package 'kortex_bringup' build argument 'ament_cmake_args' from command line to 'None'
[0.235s] Level 5:colcon.colcon_core.verb:set package 'kortex_bringup' build argument 'catkin_cmake_args' from command line to 'None'
[0.235s] Level 5:colcon.colcon_core.verb:set package 'kortex_bringup' build argument 'catkin_skip_building_tests' from command line to 'False'
[0.235s] DEBUG:colcon.colcon_core.verb:Building package 'kortex_bringup' with the following arguments: {'ament_cmake_args': None, 'build_base': '/home/rama/Documents/code/Docker/moonshot_project/ros2_ws/build/kortex_bringup', 'catkin_cmake_args': None, 'catkin_skip_building_tests': False, 'cmake_args': None, 'cmake_clean_cache': False, 'cmake_clean_first': False, 'cmake_force_configure': False, 'cmake_target': None, 'cmake_target_skip_unavailable': False, 'install_base': '/home/rama/Documents/code/Docker/moonshot_project/ros2_ws/install/kortex_bringup', 'merge_install': False, 'path': '/home/rama/Documents/code/Docker/moonshot_project/ros2_ws/src/ros2_kortex/kortex_bringup', 'symlink_install': True, 'test_result_base': None}
[0.236s] INFO:colcon.colcon_core.executor:Executing jobs using 'parallel' executor
[0.236s] DEBUG:colcon.colcon_parallel_executor.executor.parallel:run_until_complete
[0.237s] INFO:colcon.colcon_ros.task.ament_cmake.build:Building ROS package in '/home/rama/Documents/code/Docker/moonshot_project/ros2_ws/src/ros2_kortex/kortex_description' with build type 'ament_cmake'
[0.237s] INFO:colcon.colcon_cmake.task.cmake.build:Building CMake package in '/home/rama/Documents/code/Docker/moonshot_project/ros2_ws/src/ros2_kortex/kortex_description'
[0.238s] INFO:colcon.colcon_core.plugin_system:Skipping extension 'colcon_core.shell.bat': Not used on non-Windows systems
[0.238s] INFO:colcon.colcon_core.shell:Skip shell extension 'powershell' for command environment: Not usable outside of PowerShell
[0.238s] DEBUG:colcon.colcon_core.shell:Skip shell extension 'dsv' for command environment
[0.240s] INFO:colcon.colcon_ros.task.ament_cmake.build:Building ROS package in '/home/rama/Documents/code/Docker/moonshot_project/ros2_ws/src/ros2_kortex/kortex_api' with build type 'ament_cmake'
[0.240s] INFO:colcon.colcon_cmake.task.cmake.build:Building CMake package in '/home/rama/Documents/code/Docker/moonshot_project/ros2_ws/src/ros2_kortex/kortex_api'
[0.240s] INFO:colcon.colcon_core.shell:Skip shell extension 'powershell' for command environment: Not usable outside of PowerShell
[0.240s] DEBUG:colcon.colcon_core.shell:Skip shell extension 'dsv' for command environment
[0.242s] INFO:colcon.colcon_ros.task.ament_cmake.build:Building ROS package in '/home/rama/Documents/code/Docker/moonshot_project/ros2_ws/src/moving_table_interfaces' with build type 'ament_cmake'
[0.242s] INFO:colcon.colcon_cmake.task.cmake.build:Building CMake package in '/home/rama/Documents/code/Docker/moonshot_project/ros2_ws/src/moving_table_interfaces'
[0.242s] INFO:colcon.colcon_core.shell:Skip shell extension 'powershell' for command environment: Not usable outside of PowerShell
[0.242s] DEBUG:colcon.colcon_core.shell:Skip shell extension 'dsv' for command environment
[0.244s] INFO:colcon.colcon_ros.task.ament_python.build:Building ROS package in '/home/rama/Documents/code/Docker/moonshot_project/ros2_ws/src/moving_table_pkg' with build type 'ament_python'
[0.244s] Level 1:colcon.colcon_core.shell:create_environment_hook('moving_table_pkg', 'ament_prefix_path')
[0.244s] INFO:colcon.colcon_core.shell:Creating environment hook '/home/rama/Documents/code/Docker/moonshot_project/ros2_ws/install/moving_table_pkg/share/moving_table_pkg/hook/ament_prefix_path.ps1'
[0.245s] INFO:colcon.colcon_core.shell:Creating environment descriptor '/home/rama/Documents/code/Docker/moonshot_project/ros2_ws/install/moving_table_pkg/share/moving_table_pkg/hook/ament_prefix_path.dsv'
[0.245s] INFO:colcon.colcon_core.shell:Creating environment hook '/home/rama/Documents/code/Docker/moonshot_project/ros2_ws/install/moving_table_pkg/share/moving_table_pkg/hook/ament_prefix_path.sh'
[0.246s] INFO:colcon.colcon_core.shell:Skip shell extension 'powershell' for command environment: Not usable outside of PowerShell
[0.246s] DEBUG:colcon.colcon_core.shell:Skip shell extension 'dsv' for command environment
[0.250s] DEBUG:colcon.colcon_core.event_handler.log_command:Invoking command in '/home/rama/Documents/code/Docker/moonshot_project/ros2_ws/build/kortex_description': CMAKE_PREFIX_PATH=${CMAKE_PREFIX_PATH}:/home/rama/Documents/code/Docker/moonshot_project/ros2_ws/install/moving_table_pkg:/opt/ros/humble /usr/bin/cmake /home/rama/Documents/code/Docker/moonshot_project/ros2_ws/src/ros2_kortex/kortex_description -DAMENT_CMAKE_SYMLINK_INSTALL=1 -DCMAKE_INSTALL_PREFIX=/home/rama/Documents/code/Docker/moonshot_project/ros2_ws/install/kortex_description
[0.252s] DEBUG:colcon.colcon_core.event_handler.log_command:Invoking command in '/home/rama/Documents/code/Docker/moonshot_project/ros2_ws/build/kortex_api': CMAKE_PREFIX_PATH=${CMAKE_PREFIX_PATH}:/home/rama/Documents/code/Docker/moonshot_project/ros2_ws/install/moving_table_pkg:/opt/ros/humble /usr/bin/cmake /home/rama/Documents/code/Docker/moonshot_project/ros2_ws/src/ros2_kortex/kortex_api -DAMENT_CMAKE_SYMLINK_INSTALL=1 -DCMAKE_INSTALL_PREFIX=/home/rama/Documents/code/Docker/moonshot_project/ros2_ws/install/kortex_api
[0.254s] DEBUG:colcon.colcon_core.event_handler.log_command:Invoking command in '/home/rama/Documents/code/Docker/moonshot_project/ros2_ws/build/moving_table_interfaces': CMAKE_PREFIX_PATH=${CMAKE_PREFIX_PATH}:/home/rama/Documents/code/Docker/moonshot_project/ros2_ws/install/moving_table_pkg:/opt/ros/humble /usr/bin/cmake /home/rama/Documents/code/Docker/moonshot_project/ros2_ws/src/moving_table_interfaces -DAMENT_CMAKE_SYMLINK_INSTALL=1 -DCMAKE_INSTALL_PREFIX=/home/rama/Documents/code/Docker/moonshot_project/ros2_ws/install/moving_table_interfaces
[0.420s] INFO:colcon.colcon_core.task.python.build:Building Python package in '/home/rama/Documents/code/Docker/moonshot_project/ros2_ws/src/moving_table_pkg'
[0.420s] INFO:colcon.colcon_core.shell:Skip shell extension 'powershell' for command environment: Not usable outside of PowerShell
[0.420s] DEBUG:colcon.colcon_core.shell:Skip shell extension 'dsv' for command environment
[0.644s] DEBUG:colcon.colcon_core.event_handler.log_command:Invoking command in '/home/rama/Documents/code/Docker/moonshot_project/ros2_ws/build/moving_table_pkg': PYTHONPATH=/home/rama/Documents/code/Docker/moonshot_project/ros2_ws/build/moving_table_pkg/prefix_override:/usr/lib/python3/dist-packages/colcon_core/task/python/colcon_distutils_commands:/home/rama/Documents/code/Docker/moonshot_project/ros2_ws/install/moving_table_pkg/lib/python3.10/site-packages:${PYTHONPATH} /usr/bin/python3 -W ignore:setup.py install is deprecated -W ignore:easy_install command is deprecated setup.py develop --editable --build-directory /home/rama/Documents/code/Docker/moonshot_project/ros2_ws/build/moving_table_pkg/build --no-deps symlink_data
[0.654s] DEBUG:colcon.colcon_core.event_handler.log_command:Invoked command in '/home/rama/Documents/code/Docker/moonshot_project/ros2_ws/build/kortex_description' returned '0': CMAKE_PREFIX_PATH=${CMAKE_PREFIX_PATH}:/home/rama/Documents/code/Docker/moonshot_project/ros2_ws/install/moving_table_pkg:/opt/ros/humble /usr/bin/cmake /home/rama/Documents/code/Docker/moonshot_project/ros2_ws/src/ros2_kortex/kortex_description -DAMENT_CMAKE_SYMLINK_INSTALL=1 -DCMAKE_INSTALL_PREFIX=/home/rama/Documents/code/Docker/moonshot_project/ros2_ws/install/kortex_description
[0.655s] DEBUG:colcon.colcon_core.event_handler.log_command:Invoking command in '/home/rama/Documents/code/Docker/moonshot_project/ros2_ws/build/kortex_description': CMAKE_PREFIX_PATH=${CMAKE_PREFIX_PATH}:/home/rama/Documents/code/Docker/moonshot_project/ros2_ws/install/moving_table_pkg:/opt/ros/humble /usr/bin/cmake --build /home/rama/Documents/code/Docker/moonshot_project/ros2_ws/build/kortex_description -- -j16 -l16
[0.680s] DEBUG:colcon.colcon_core.event_handler.log_command:Invoked command in '/home/rama/Documents/code/Docker/moonshot_project/ros2_ws/build/kortex_description' returned '0': CMAKE_PREFIX_PATH=${CMAKE_PREFIX_PATH}:/home/rama/Documents/code/Docker/moonshot_project/ros2_ws/install/moving_table_pkg:/opt/ros/humble /usr/bin/cmake --build /home/rama/Documents/code/Docker/moonshot_project/ros2_ws/build/kortex_description -- -j16 -l16
[0.687s] DEBUG:colcon.colcon_core.event_handler.log_command:Invoking command in '/home/rama/Documents/code/Docker/moonshot_project/ros2_ws/build/kortex_description': CMAKE_PREFIX_PATH=${CMAKE_PREFIX_PATH}:/home/rama/Documents/code/Docker/moonshot_project/ros2_ws/install/moving_table_pkg:/opt/ros/humble /usr/bin/cmake --install /home/rama/Documents/code/Docker/moonshot_project/ros2_ws/build/kortex_description
[0.930s] Level 1:colcon.colcon_core.shell:create_environment_hook('moving_table_pkg', 'pythonpath_develop')
[0.930s] INFO:colcon.colcon_core.shell:Creating environment hook '/home/rama/Documents/code/Docker/moonshot_project/ros2_ws/build/moving_table_pkg/share/moving_table_pkg/hook/pythonpath_develop.ps1'
[0.931s] DEBUG:colcon.colcon_core.event_handler.log_command:Invoked command in '/home/rama/Documents/code/Docker/moonshot_project/ros2_ws/build/moving_table_pkg' returned '0': PYTHONPATH=/home/rama/Documents/code/Docker/moonshot_project/ros2_ws/build/moving_table_pkg/prefix_override:/usr/lib/python3/dist-packages/colcon_core/task/python/colcon_distutils_commands:/home/rama/Documents/code/Docker/moonshot_project/ros2_ws/install/moving_table_pkg/lib/python3.10/site-packages:${PYTHONPATH} /usr/bin/python3 -W ignore:setup.py install is deprecated -W ignore:easy_install command is deprecated setup.py develop --editable --build-directory /home/rama/Documents/code/Docker/moonshot_project/ros2_ws/build/moving_table_pkg/build --no-deps symlink_data
[0.931s] INFO:colcon.colcon_core.shell:Creating environment descriptor '/home/rama/Documents/code/Docker/moonshot_project/ros2_ws/build/moving_table_pkg/share/moving_table_pkg/hook/pythonpath_develop.dsv'
[0.931s] INFO:colcon.colcon_core.shell:Creating environment hook '/home/rama/Documents/code/Docker/moonshot_project/ros2_ws/build/moving_table_pkg/share/moving_table_pkg/hook/pythonpath_develop.sh'
[0.933s] Level 1:colcon.colcon_core.environment:checking '/home/rama/Documents/code/Docker/moonshot_project/ros2_ws/install/moving_table_pkg' for CMake module files
[0.933s] Level 1:colcon.colcon_core.environment:checking '/home/rama/Documents/code/Docker/moonshot_project/ros2_ws/install/moving_table_pkg' for CMake config files
[0.933s] Level 1:colcon.colcon_core.environment:checking '/home/rama/Documents/code/Docker/moonshot_project/ros2_ws/install/moving_table_pkg/lib'
[0.933s] Level 1:colcon.colcon_core.environment:checking '/home/rama/Documents/code/Docker/moonshot_project/ros2_ws/install/moving_table_pkg/bin'
[0.933s] Level 1:colcon.colcon_core.environment:checking '/home/rama/Documents/code/Docker/moonshot_project/ros2_ws/install/moving_table_pkg/lib/pkgconfig/moving_table_pkg.pc'
[0.934s] Level 1:colcon.colcon_core.environment:checking '/home/rama/Documents/code/Docker/moonshot_project/ros2_ws/install/moving_table_pkg/lib/python3.10/site-packages'
[0.934s] Level 1:colcon.colcon_core.shell:create_environment_hook('moving_table_pkg', 'pythonpath')
[0.934s] INFO:colcon.colcon_core.shell:Creating environment hook '/home/rama/Documents/code/Docker/moonshot_project/ros2_ws/install/moving_table_pkg/share/moving_table_pkg/hook/pythonpath.ps1'
[0.934s] INFO:colcon.colcon_core.shell:Creating environment descriptor '/home/rama/Documents/code/Docker/moonshot_project/ros2_ws/install/moving_table_pkg/share/moving_table_pkg/hook/pythonpath.dsv'
[0.934s] INFO:colcon.colcon_core.shell:Creating environment hook '/home/rama/Documents/code/Docker/moonshot_project/ros2_ws/install/moving_table_pkg/share/moving_table_pkg/hook/pythonpath.sh'
[0.935s] Level 1:colcon.colcon_core.environment:checking '/home/rama/Documents/code/Docker/moonshot_project/ros2_ws/install/moving_table_pkg/bin'
[0.935s] Level 1:colcon.colcon_core.environment:create_environment_scripts_only(moving_table_pkg)
[0.935s] INFO:colcon.colcon_core.shell:Creating package script '/home/rama/Documents/code/Docker/moonshot_project/ros2_ws/install/moving_table_pkg/share/moving_table_pkg/package.ps1'
[0.935s] INFO:colcon.colcon_core.shell:Creating package descriptor '/home/rama/Documents/code/Docker/moonshot_project/ros2_ws/install/moving_table_pkg/share/moving_table_pkg/package.dsv'
[0.936s] INFO:colcon.colcon_core.shell:Creating package script '/home/rama/Documents/code/Docker/moonshot_project/ros2_ws/install/moving_table_pkg/share/moving_table_pkg/package.sh'
[0.936s] INFO:colcon.colcon_core.shell:Creating package script '/home/rama/Documents/code/Docker/moonshot_project/ros2_ws/install/moving_table_pkg/share/moving_table_pkg/package.bash'
[0.937s] INFO:colcon.colcon_core.shell:Creating package script '/home/rama/Documents/code/Docker/moonshot_project/ros2_ws/install/moving_table_pkg/share/moving_table_pkg/package.zsh'
[0.937s] Level 1:colcon.colcon_core.environment:create_file_with_runtime_dependencies(/home/rama/Documents/code/Docker/moonshot_project/ros2_ws/install/moving_table_pkg/share/colcon-core/packages/moving_table_pkg)
[1.221s] DEBUG:colcon.colcon_core.event_handler.log_command:Invoked command in '/home/rama/Documents/code/Docker/moonshot_project/ros2_ws/build/moving_table_interfaces' returned '0': CMAKE_PREFIX_PATH=${CMAKE_PREFIX_PATH}:/home/rama/Documents/code/Docker/moonshot_project/ros2_ws/install/moving_table_pkg:/opt/ros/humble /usr/bin/cmake /home/rama/Documents/code/Docker/moonshot_project/ros2_ws/src/moving_table_interfaces -DAMENT_CMAKE_SYMLINK_INSTALL=1 -DCMAKE_INSTALL_PREFIX=/home/rama/Documents/code/Docker/moonshot_project/ros2_ws/install/moving_table_interfaces
[1.222s] DEBUG:colcon.colcon_core.event_handler.log_command:Invoking command in '/home/rama/Documents/code/Docker/moonshot_project/ros2_ws/build/moving_table_interfaces': CMAKE_PREFIX_PATH=${CMAKE_PREFIX_PATH}:/home/rama/Documents/code/Docker/moonshot_project/ros2_ws/install/moving_table_pkg:/opt/ros/humble /usr/bin/cmake --build /home/rama/Documents/code/Docker/moonshot_project/ros2_ws/build/moving_table_interfaces -- -j16 -l16
[1.267s] Level 1:colcon.colcon_core.environment:create_environment_scripts_only(kortex_description)
[1.267s] Level 1:colcon.colcon_core.environment:checking '/home/rama/Documents/code/Docker/moonshot_project/ros2_ws/install/kortex_description' for CMake module files
[1.267s] DEBUG:colcon.colcon_core.event_handler.log_command:Invoked command in '/home/rama/Documents/code/Docker/moonshot_project/ros2_ws/build/kortex_description' returned '0': CMAKE_PREFIX_PATH=${CMAKE_PREFIX_PATH}:/home/rama/Documents/code/Docker/moonshot_project/ros2_ws/install/moving_table_pkg:/opt/ros/humble /usr/bin/cmake --install /home/rama/Documents/code/Docker/moonshot_project/ros2_ws/build/kortex_description
[1.268s] Level 1:colcon.colcon_core.environment:checking '/home/rama/Documents/code/Docker/moonshot_project/ros2_ws/install/kortex_description' for CMake config files
[1.269s] Level 1:colcon.colcon_core.shell:create_environment_hook('kortex_description', 'cmake_prefix_path')
[1.269s] INFO:colcon.colcon_core.shell:Creating environment hook '/home/rama/Documents/code/Docker/moonshot_project/ros2_ws/install/kortex_description/share/kortex_description/hook/cmake_prefix_path.ps1'
[1.269s] INFO:colcon.colcon_core.shell:Creating environment descriptor '/home/rama/Documents/code/Docker/moonshot_project/ros2_ws/install/kortex_description/share/kortex_description/hook/cmake_prefix_path.dsv'
[1.269s] INFO:colcon.colcon_core.shell:Creating environment hook '/home/rama/Documents/code/Docker/moonshot_project/ros2_ws/install/kortex_description/share/kortex_description/hook/cmake_prefix_path.sh'
[1.270s] Level 1:colcon.colcon_core.environment:checking '/home/rama/Documents/code/Docker/moonshot_project/ros2_ws/install/kortex_description/bin'
[1.270s] Level 1:colcon.colcon_core.environment:checking '/home/rama/Documents/code/Docker/moonshot_project/ros2_ws/install/kortex_description/lib/pkgconfig/kortex_description.pc'
[1.270s] Level 1:colcon.colcon_core.environment:checking '/home/rama/Documents/code/Docker/moonshot_project/ros2_ws/install/kortex_description/lib/python3.10/site-packages'
[1.270s] Level 1:colcon.colcon_core.environment:checking '/home/rama/Documents/code/Docker/moonshot_project/ros2_ws/install/kortex_description/bin'
[1.270s] INFO:colcon.colcon_core.shell:Creating package script '/home/rama/Documents/code/Docker/moonshot_project/ros2_ws/install/kortex_description/share/kortex_description/package.ps1'
[1.270s] INFO:colcon.colcon_core.shell:Creating package descriptor '/home/rama/Documents/code/Docker/moonshot_project/ros2_ws/install/kortex_description/share/kortex_description/package.dsv'
[1.271s] INFO:colcon.colcon_core.shell:Creating package script '/home/rama/Documents/code/Docker/moonshot_project/ros2_ws/install/kortex_description/share/kortex_description/package.sh'
[1.271s] INFO:colcon.colcon_core.shell:Creating package script '/home/rama/Documents/code/Docker/moonshot_project/ros2_ws/install/kortex_description/share/kortex_description/package.bash'
[1.271s] INFO:colcon.colcon_core.shell:Creating package script '/home/rama/Documents/code/Docker/moonshot_project/ros2_ws/install/kortex_description/share/kortex_description/package.zsh'
[1.271s] Level 1:colcon.colcon_core.environment:create_file_with_runtime_dependencies(/home/rama/Documents/code/Docker/moonshot_project/ros2_ws/install/kortex_description/share/colcon-core/packages/kortex_description)
[1.272s] Level 1:colcon.colcon_core.environment:create_environment_scripts_only(kortex_description)
[1.272s] Level 1:colcon.colcon_core.environment:checking '/home/rama/Documents/code/Docker/moonshot_project/ros2_ws/install/kortex_description' for CMake module files
[1.272s] Level 1:colcon.colcon_core.environment:checking '/home/rama/Documents/code/Docker/moonshot_project/ros2_ws/install/kortex_description' for CMake config files
[1.273s] Level 1:colcon.colcon_core.shell:create_environment_hook('kortex_description', 'cmake_prefix_path')
[1.273s] INFO:colcon.colcon_core.shell:Creating environment hook '/home/rama/Documents/code/Docker/moonshot_project/ros2_ws/install/kortex_description/share/kortex_description/hook/cmake_prefix_path.ps1'
[1.273s] INFO:colcon.colcon_core.shell:Creating environment descriptor '/home/rama/Documents/code/Docker/moonshot_project/ros2_ws/install/kortex_description/share/kortex_description/hook/cmake_prefix_path.dsv'
[1.273s] INFO:colcon.colcon_core.shell:Creating environment hook '/home/rama/Documents/code/Docker/moonshot_project/ros2_ws/install/kortex_description/share/kortex_description/hook/cmake_prefix_path.sh'
[1.274s] Level 1:colcon.colcon_core.environment:checking '/home/rama/Documents/code/Docker/moonshot_project/ros2_ws/install/kortex_description/bin'
[1.274s] Level 1:colcon.colcon_core.environment:checking '/home/rama/Documents/code/Docker/moonshot_project/ros2_ws/install/kortex_description/lib/pkgconfig/kortex_description.pc'
[1.274s] Level 1:colcon.colcon_core.environment:checking '/home/rama/Documents/code/Docker/moonshot_project/ros2_ws/install/kortex_description/lib/python3.10/site-packages'
[1.274s] Level 1:colcon.colcon_core.environment:checking '/home/rama/Documents/code/Docker/moonshot_project/ros2_ws/install/kortex_description/bin'
[1.274s] INFO:colcon.colcon_core.shell:Creating package script '/home/rama/Documents/code/Docker/moonshot_project/ros2_ws/install/kortex_description/share/kortex_description/package.ps1'
[1.274s] INFO:colcon.colcon_core.shell:Creating package descriptor '/home/rama/Documents/code/Docker/moonshot_project/ros2_ws/install/kortex_description/share/kortex_description/package.dsv'
[1.275s] INFO:colcon.colcon_core.shell:Creating package script '/home/rama/Documents/code/Docker/moonshot_project/ros2_ws/install/kortex_description/share/kortex_description/package.sh'
[1.275s] INFO:colcon.colcon_core.shell:Creating package script '/home/rama/Documents/code/Docker/moonshot_project/ros2_ws/install/kortex_description/share/kortex_description/package.bash'
[1.275s] INFO:colcon.colcon_core.shell:Creating package script '/home/rama/Documents/code/Docker/moonshot_project/ros2_ws/install/kortex_description/share/kortex_description/package.zsh'
[1.275s] Level 1:colcon.colcon_core.environment:create_file_with_runtime_dependencies(/home/rama/Documents/code/Docker/moonshot_project/ros2_ws/install/kortex_description/share/colcon-core/packages/kortex_description)
[1.276s] INFO:colcon.colcon_ros.task.ament_cmake.build:Building ROS package in '/home/rama/Documents/code/Docker/moonshot_project/ros2_ws/src/ros2_kortex/kortex_moveit_config/kinova_gen3_6dof_robotiq_2f_85_moveit_config' with build type 'ament_cmake'
[1.276s] INFO:colcon.colcon_cmake.task.cmake.build:Building CMake package in '/home/rama/Documents/code/Docker/moonshot_project/ros2_ws/src/ros2_kortex/kortex_moveit_config/kinova_gen3_6dof_robotiq_2f_85_moveit_config'
[1.276s] INFO:colcon.colcon_core.shell:Skip shell extension 'powershell' for command environment: Not usable outside of PowerShell
[1.276s] DEBUG:colcon.colcon_core.shell:Skip shell extension 'dsv' for command environment
[1.278s] INFO:colcon.colcon_ros.task.ament_cmake.build:Building ROS package in '/home/rama/Documents/code/Docker/moonshot_project/ros2_ws/src/ros2_kortex/kortex_moveit_config/kinova_gen3_7dof_robotiq_2f_85_moveit_config' with build type 'ament_cmake'
[1.278s] INFO:colcon.colcon_cmake.task.cmake.build:Building CMake package in '/home/rama/Documents/code/Docker/moonshot_project/ros2_ws/src/ros2_kortex/kortex_moveit_config/kinova_gen3_7dof_robotiq_2f_85_moveit_config'
[1.279s] INFO:colcon.colcon_core.shell:Skip shell extension 'powershell' for command environment: Not usable outside of PowerShell
[1.279s] DEBUG:colcon.colcon_core.shell:Skip shell extension 'dsv' for command environment
[1.280s] INFO:colcon.colcon_ros.task.ament_cmake.build:Building ROS package in '/home/rama/Documents/code/Docker/moonshot_project/ros2_ws/src/ros2_kortex/kortex_moveit_config/kinova_gen3_lite_moveit_config' with build type 'ament_cmake'
[1.281s] INFO:colcon.colcon_cmake.task.cmake.build:Building CMake package in '/home/rama/Documents/code/Docker/moonshot_project/ros2_ws/src/ros2_kortex/kortex_moveit_config/kinova_gen3_lite_moveit_config'
[1.281s] INFO:colcon.colcon_core.shell:Skip shell extension 'powershell' for command environment: Not usable outside of PowerShell
[1.281s] DEBUG:colcon.colcon_core.shell:Skip shell extension 'dsv' for command environment
[1.285s] DEBUG:colcon.colcon_core.event_handler.log_command:Invoking command in '/home/rama/Documents/code/Docker/moonshot_project/ros2_ws/build/kinova_gen3_6dof_robotiq_2f_85_moveit_config': CMAKE_PREFIX_PATH=/home/rama/Documents/code/Docker/moonshot_project/ros2_ws/install/kortex_description:/home/rama/Documents/code/Docker/moonshot_project/ros2_ws/install/moving_table_interfaces:/home/rama/Documents/code/Docker/moonshot_project/ros2_ws/install/livox_ros_driver2:/home/rama/Documents/code/Docker/moonshot_project/ros2_ws/install/kortex_bringup:/home/rama/Documents/code/Docker/moonshot_project/ros2_ws/install/kortex_driver:/home/rama/Documents/code/Docker/moonshot_project/ros2_ws/install/kinova_gen3_lite_moveit_config:/home/rama/Documents/code/Docker/moonshot_project/ros2_ws/install/kinova_gen3_7dof_robotiq_2f_85_moveit_config:/home/rama/Documents/code/Docker/moonshot_project/ros2_ws/install/kinova_gen3_6dof_robotiq_2f_85_moveit_config:/home/rama/Documents/code/Docker/moonshot_project/ros2_ws/install/kortex_api:/opt/openrobots:/opt/openrobots:/home/rama/Documents/code/Docker/moonshot_project/ros2_ws/install/moving_table_pkg:/opt/ros/humble /usr/bin/cmake /home/rama/Documents/code/Docker/moonshot_project/ros2_ws/src/ros2_kortex/kortex_moveit_config/kinova_gen3_6dof_robotiq_2f_85_moveit_config -DAMENT_CMAKE_SYMLINK_INSTALL=1 -DCMAKE_INSTALL_PREFIX=/home/rama/Documents/code/Docker/moonshot_project/ros2_ws/install/kinova_gen3_6dof_robotiq_2f_85_moveit_config
[1.287s] DEBUG:colcon.colcon_core.event_handler.log_command:Invoking command in '/home/rama/Documents/code/Docker/moonshot_project/ros2_ws/build/kinova_gen3_7dof_robotiq_2f_85_moveit_config': CMAKE_PREFIX_PATH=/home/rama/Documents/code/Docker/moonshot_project/ros2_ws/install/kortex_description:/home/rama/Documents/code/Docker/moonshot_project/ros2_ws/install/moving_table_interfaces:/home/rama/Documents/code/Docker/moonshot_project/ros2_ws/install/livox_ros_driver2:/home/rama/Documents/code/Docker/moonshot_project/ros2_ws/install/kortex_bringup:/home/rama/Documents/code/Docker/moonshot_project/ros2_ws/install/kortex_driver:/home/rama/Documents/code/Docker/moonshot_project/ros2_ws/install/kinova_gen3_lite_moveit_config:/home/rama/Documents/code/Docker/moonshot_project/ros2_ws/install/kinova_gen3_7dof_robotiq_2f_85_moveit_config:/home/rama/Documents/code/Docker/moonshot_project/ros2_ws/install/kinova_gen3_6dof_robotiq_2f_85_moveit_config:/home/rama/Documents/code/Docker/moonshot_project/ros2_ws/install/kortex_api:/opt/openrobots:/opt/openrobots:/home/rama/Documents/code/Docker/moonshot_project/ros2_ws/install/moving_table_pkg:/opt/ros/humble /usr/bin/cmake /home/rama/Documents/code/Docker/moonshot_project/ros2_ws/src/ros2_kortex/kortex_moveit_config/kinova_gen3_7dof_robotiq_2f_85_moveit_config -DAMENT_CMAKE_SYMLINK_INSTALL=1 -DCMAKE_INSTALL_PREFIX=/home/rama/Documents/code/Docker/moonshot_project/ros2_ws/install/kinova_gen3_7dof_robotiq_2f_85_moveit_config
[1.288s] DEBUG:colcon.colcon_core.event_handler.log_command:Invoking command in '/home/rama/Documents/code/Docker/moonshot_project/ros2_ws/build/kinova_gen3_lite_moveit_config': CMAKE_PREFIX_PATH=/home/rama/Documents/code/Docker/moonshot_project/ros2_ws/install/kortex_description:/home/rama/Documents/code/Docker/moonshot_project/ros2_ws/install/moving_table_interfaces:/home/rama/Documents/code/Docker/moonshot_project/ros2_ws/install/livox_ros_driver2:/home/rama/Documents/code/Docker/moonshot_project/ros2_ws/install/kortex_bringup:/home/rama/Documents/code/Docker/moonshot_project/ros2_ws/install/kortex_driver:/home/rama/Documents/code/Docker/moonshot_project/ros2_ws/install/kinova_gen3_lite_moveit_config:/home/rama/Documents/code/Docker/moonshot_project/ros2_ws/install/kinova_gen3_7dof_robotiq_2f_85_moveit_config:/home/rama/Documents/code/Docker/moonshot_project/ros2_ws/install/kinova_gen3_6dof_robotiq_2f_85_moveit_config:/home/rama/Documents/code/Docker/moonshot_project/ros2_ws/install/kortex_api:/opt/openrobots:/opt/openrobots:/home/rama/Documents/code/Docker/moonshot_project/ros2_ws/install/moving_table_pkg:/opt/ros/humble /usr/bin/cmake /home/rama/Documents/code/Docker/moonshot_project/ros2_ws/src/ros2_kortex/kortex_moveit_config/kinova_gen3_lite_moveit_config -DAMENT_CMAKE_SYMLINK_INSTALL=1 -DCMAKE_INSTALL_PREFIX=/home/rama/Documents/code/Docker/moonshot_project/ros2_ws/install/kinova_gen3_lite_moveit_config
[1.794s] DEBUG:colcon.colcon_core.event_handler.log_command:Invoked command in '/home/rama/Documents/code/Docker/moonshot_project/ros2_ws/build/kinova_gen3_6dof_robotiq_2f_85_moveit_config' returned '0': CMAKE_PREFIX_PATH=/home/rama/Documents/code/Docker/moonshot_project/ros2_ws/install/kortex_description:/home/rama/Documents/code/Docker/moonshot_project/ros2_ws/install/moving_table_interfaces:/home/rama/Documents/code/Docker/moonshot_project/ros2_ws/install/livox_ros_driver2:/home/rama/Documents/code/Docker/moonshot_project/ros2_ws/install/kortex_bringup:/home/rama/Documents/code/Docker/moonshot_project/ros2_ws/install/kortex_driver:/home/rama/Documents/code/Docker/moonshot_project/ros2_ws/install/kinova_gen3_lite_moveit_config:/home/rama/Documents/code/Docker/moonshot_project/ros2_ws/install/kinova_gen3_7dof_robotiq_2f_85_moveit_config:/home/rama/Documents/code/Docker/moonshot_project/ros2_ws/install/kinova_gen3_6dof_robotiq_2f_85_moveit_config:/home/rama/Documents/code/Docker/moonshot_project/ros2_ws/install/kortex_api:/opt/openrobots:/opt/openrobots:/home/rama/Documents/code/Docker/moonshot_project/ros2_ws/install/moving_table_pkg:/opt/ros/humble /usr/bin/cmake /home/rama/Documents/code/Docker/moonshot_project/ros2_ws/src/ros2_kortex/kortex_moveit_config/kinova_gen3_6dof_robotiq_2f_85_moveit_config -DAMENT_CMAKE_SYMLINK_INSTALL=1 -DCMAKE_INSTALL_PREFIX=/home/rama/Documents/code/Docker/moonshot_project/ros2_ws/install/kinova_gen3_6dof_robotiq_2f_85_moveit_config
[1.796s] DEBUG:colcon.colcon_core.event_handler.log_command:Invoking command in '/home/rama/Documents/code/Docker/moonshot_project/ros2_ws/build/kinova_gen3_6dof_robotiq_2f_85_moveit_config': CMAKE_PREFIX_PATH=/home/rama/Documents/code/Docker/moonshot_project/ros2_ws/install/kortex_description:/home/rama/Documents/code/Docker/moonshot_project/ros2_ws/install/moving_table_interfaces:/home/rama/Documents/code/Docker/moonshot_project/ros2_ws/install/livox_ros_driver2:/home/rama/Documents/code/Docker/moonshot_project/ros2_ws/install/kortex_bringup:/home/rama/Documents/code/Docker/moonshot_project/ros2_ws/install/kortex_driver:/home/rama/Documents/code/Docker/moonshot_project/ros2_ws/install/kinova_gen3_lite_moveit_config:/home/rama/Documents/code/Docker/moonshot_project/ros2_ws/install/kinova_gen3_7dof_robotiq_2f_85_moveit_config:/home/rama/Documents/code/Docker/moonshot_project/ros2_ws/install/kinova_gen3_6dof_robotiq_2f_85_moveit_config:/home/rama/Documents/code/Docker/moonshot_project/ros2_ws/install/kortex_api:/opt/openrobots:/opt/openrobots:/home/rama/Documents/code/Docker/moonshot_project/ros2_ws/install/moving_table_pkg:/opt/ros/humble /usr/bin/cmake --build /home/rama/Documents/code/Docker/moonshot_project/ros2_ws/build/kinova_gen3_6dof_robotiq_2f_85_moveit_config -- -j16 -l16
[1.798s] DEBUG:colcon.colcon_core.event_handler.log_command:Invoked command in '/home/rama/Documents/code/Docker/moonshot_project/ros2_ws/build/kinova_gen3_7dof_robotiq_2f_85_moveit_config' returned '0': CMAKE_PREFIX_PATH=/home/rama/Documents/code/Docker/moonshot_project/ros2_ws/install/kortex_description:/home/rama/Documents/code/Docker/moonshot_project/ros2_ws/install/moving_table_interfaces:/home/rama/Documents/code/Docker/moonshot_project/ros2_ws/install/livox_ros_driver2:/home/rama/Documents/code/Docker/moonshot_project/ros2_ws/install/kortex_bringup:/home/rama/Documents/code/Docker/moonshot_project/ros2_ws/install/kortex_driver:/home/rama/Documents/code/Docker/moonshot_project/ros2_ws/install/kinova_gen3_lite_moveit_config:/home/rama/Documents/code/Docker/moonshot_project/ros2_ws/install/kinova_gen3_7dof_robotiq_2f_85_moveit_config:/home/rama/Documents/code/Docker/moonshot_project/ros2_ws/install/kinova_gen3_6dof_robotiq_2f_85_moveit_config:/home/rama/Documents/code/Docker/moonshot_project/ros2_ws/install/kortex_api:/opt/openrobots:/opt/openrobots:/home/rama/Documents/code/Docker/moonshot_project/ros2_ws/install/moving_table_pkg:/opt/ros/humble /usr/bin/cmake /home/rama/Documents/code/Docker/moonshot_project/ros2_ws/src/ros2_kortex/kortex_moveit_config/kinova_gen3_7dof_robotiq_2f_85_moveit_config -DAMENT_CMAKE_SYMLINK_INSTALL=1 -DCMAKE_INSTALL_PREFIX=/home/rama/Documents/code/Docker/moonshot_project/ros2_ws/install/kinova_gen3_7dof_robotiq_2f_85_moveit_config
[1.799s] DEBUG:colcon.colcon_core.event_handler.log_command:Invoking command in '/home/rama/Documents/code/Docker/moonshot_project/ros2_ws/build/kinova_gen3_7dof_robotiq_2f_85_moveit_config': CMAKE_PREFIX_PATH=/home/rama/Documents/code/Docker/moonshot_project/ros2_ws/install/kortex_description:/home/rama/Documents/code/Docker/moonshot_project/ros2_ws/install/moving_table_interfaces:/home/rama/Documents/code/Docker/moonshot_project/ros2_ws/install/livox_ros_driver2:/home/rama/Documents/code/Docker/moonshot_project/ros2_ws/install/kortex_bringup:/home/rama/Documents/code/Docker/moonshot_project/ros2_ws/install/kortex_driver:/home/rama/Documents/code/Docker/moonshot_project/ros2_ws/install/kinova_gen3_lite_moveit_config:/home/rama/Documents/code/Docker/moonshot_project/ros2_ws/install/kinova_gen3_7dof_robotiq_2f_85_moveit_config:/home/rama/Documents/code/Docker/moonshot_project/ros2_ws/install/kinova_gen3_6dof_robotiq_2f_85_moveit_config:/home/rama/Documents/code/Docker/moonshot_project/ros2_ws/install/kortex_api:/opt/openrobots:/opt/openrobots:/home/rama/Documents/code/Docker/moonshot_project/ros2_ws/install/moving_table_pkg:/opt/ros/humble /usr/bin/cmake --build /home/rama/Documents/code/Docker/moonshot_project/ros2_ws/build/kinova_gen3_7dof_robotiq_2f_85_moveit_config -- -j16 -l16
[1.805s] DEBUG:colcon.colcon_core.event_handler.log_command:Invoked command in '/home/rama/Documents/code/Docker/moonshot_project/ros2_ws/build/kinova_gen3_lite_moveit_config' returned '0': CMAKE_PREFIX_PATH=/home/rama/Documents/code/Docker/moonshot_project/ros2_ws/install/kortex_description:/home/rama/Documents/code/Docker/moonshot_project/ros2_ws/install/moving_table_interfaces:/home/rama/Documents/code/Docker/moonshot_project/ros2_ws/install/livox_ros_driver2:/home/rama/Documents/code/Docker/moonshot_project/ros2_ws/install/kortex_bringup:/home/rama/Documents/code/Docker/moonshot_project/ros2_ws/install/kortex_driver:/home/rama/Documents/code/Docker/moonshot_project/ros2_ws/install/kinova_gen3_lite_moveit_config:/home/rama/Documents/code/Docker/moonshot_project/ros2_ws/install/kinova_gen3_7dof_robotiq_2f_85_moveit_config:/home/rama/Documents/code/Docker/moonshot_project/ros2_ws/install/kinova_gen3_6dof_robotiq_2f_85_moveit_config:/home/rama/Documents/code/Docker/moonshot_project/ros2_ws/install/kortex_api:/opt/openrobots:/opt/openrobots:/home/rama/Documents/code/Docker/moonshot_project/ros2_ws/install/moving_table_pkg:/opt/ros/humble /usr/bin/cmake /home/rama/Documents/code/Docker/moonshot_project/ros2_ws/src/ros2_kortex/kortex_moveit_config/kinova_gen3_lite_moveit_config -DAMENT_CMAKE_SYMLINK_INSTALL=1 -DCMAKE_INSTALL_PREFIX=/home/rama/Documents/code/Docker/moonshot_project/ros2_ws/install/kinova_gen3_lite_moveit_config
[1.807s] DEBUG:colcon.colcon_core.event_handler.log_command:Invoking command in '/home/rama/Documents/code/Docker/moonshot_project/ros2_ws/build/kinova_gen3_lite_moveit_config': CMAKE_PREFIX_PATH=/home/rama/Documents/code/Docker/moonshot_project/ros2_ws/install/kortex_description:/home/rama/Documents/code/Docker/moonshot_project/ros2_ws/install/moving_table_interfaces:/home/rama/Documents/code/Docker/moonshot_project/ros2_ws/install/livox_ros_driver2:/home/rama/Documents/code/Docker/moonshot_project/ros2_ws/install/kortex_bringup:/home/rama/Documents/code/Docker/moonshot_project/ros2_ws/install/kortex_driver:/home/rama/Documents/code/Docker/moonshot_project/ros2_ws/install/kinova_gen3_lite_moveit_config:/home/rama/Documents/code/Docker/moonshot_project/ros2_ws/install/kinova_gen3_7dof_robotiq_2f_85_moveit_config:/home/rama/Documents/code/Docker/moonshot_project/ros2_ws/install/kinova_gen3_6dof_robotiq_2f_85_moveit_config:/home/rama/Documents/code/Docker/moonshot_project/ros2_ws/install/kortex_api:/opt/openrobots:/opt/openrobots:/home/rama/Documents/code/Docker/moonshot_project/ros2_ws/install/moving_table_pkg:/opt/ros/humble /usr/bin/cmake --build /home/rama/Documents/code/Docker/moonshot_project/ros2_ws/build/kinova_gen3_lite_moveit_config -- -j16 -l16
[1.826s] DEBUG:colcon.colcon_core.event_handler.log_command:Invoked command in '/home/rama/Documents/code/Docker/moonshot_project/ros2_ws/build/kinova_gen3_6dof_robotiq_2f_85_moveit_config' returned '0': CMAKE_PREFIX_PATH=/home/rama/Documents/code/Docker/moonshot_project/ros2_ws/install/kortex_description:/home/rama/Documents/code/Docker/moonshot_project/ros2_ws/install/moving_table_interfaces:/home/rama/Documents/code/Docker/moonshot_project/ros2_ws/install/livox_ros_driver2:/home/rama/Documents/code/Docker/moonshot_project/ros2_ws/install/kortex_bringup:/home/rama/Documents/code/Docker/moonshot_project/ros2_ws/install/kortex_driver:/home/rama/Documents/code/Docker/moonshot_project/ros2_ws/install/kinova_gen3_lite_moveit_config:/home/rama/Documents/code/Docker/moonshot_project/ros2_ws/install/kinova_gen3_7dof_robotiq_2f_85_moveit_config:/home/rama/Documents/code/Docker/moonshot_project/ros2_ws/install/kinova_gen3_6dof_robotiq_2f_85_moveit_config:/home/rama/Documents/code/Docker/moonshot_project/ros2_ws/install/kortex_api:/opt/openrobots:/opt/openrobots:/home/rama/Documents/code/Docker/moonshot_project/ros2_ws/install/moving_table_pkg:/opt/ros/humble /usr/bin/cmake --build /home/rama/Documents/code/Docker/moonshot_project/ros2_ws/build/kinova_gen3_6dof_robotiq_2f_85_moveit_config -- -j16 -l16
[1.828s] DEBUG:colcon.colcon_core.event_handler.log_command:Invoking command in '/home/rama/Documents/code/Docker/moonshot_project/ros2_ws/build/kinova_gen3_6dof_robotiq_2f_85_moveit_config': CMAKE_PREFIX_PATH=/home/rama/Documents/code/Docker/moonshot_project/ros2_ws/install/kortex_description:/home/rama/Documents/code/Docker/moonshot_project/ros2_ws/install/moving_table_interfaces:/home/rama/Documents/code/Docker/moonshot_project/ros2_ws/install/livox_ros_driver2:/home/rama/Documents/code/Docker/moonshot_project/ros2_ws/install/kortex_bringup:/home/rama/Documents/code/Docker/moonshot_project/ros2_ws/install/kortex_driver:/home/rama/Documents/code/Docker/moonshot_project/ros2_ws/install/kinova_gen3_lite_moveit_config:/home/rama/Documents/code/Docker/moonshot_project/ros2_ws/install/kinova_gen3_7dof_robotiq_2f_85_moveit_config:/home/rama/Documents/code/Docker/moonshot_project/ros2_ws/install/kinova_gen3_6dof_robotiq_2f_85_moveit_config:/home/rama/Documents/code/Docker/moonshot_project/ros2_ws/install/kortex_api:/opt/openrobots:/opt/openrobots:/home/rama/Documents/code/Docker/moonshot_project/ros2_ws/install/moving_table_pkg:/opt/ros/humble /usr/bin/cmake --install /home/rama/Documents/code/Docker/moonshot_project/ros2_ws/build/kinova_gen3_6dof_robotiq_2f_85_moveit_config
[1.829s] DEBUG:colcon.colcon_core.event_handler.log_command:Invoked command in '/home/rama/Documents/code/Docker/moonshot_project/ros2_ws/build/kinova_gen3_7dof_robotiq_2f_85_moveit_config' returned '0': CMAKE_PREFIX_PATH=/home/rama/Documents/code/Docker/moonshot_project/ros2_ws/install/kortex_description:/home/rama/Documents/code/Docker/moonshot_project/ros2_ws/install/moving_table_interfaces:/home/rama/Documents/code/Docker/moonshot_project/ros2_ws/install/livox_ros_driver2:/home/rama/Documents/code/Docker/moonshot_project/ros2_ws/install/kortex_bringup:/home/rama/Documents/code/Docker/moonshot_project/ros2_ws/install/kortex_driver:/home/rama/Documents/code/Docker/moonshot_project/ros2_ws/install/kinova_gen3_lite_moveit_config:/home/rama/Documents/code/Docker/moonshot_project/ros2_ws/install/kinova_gen3_7dof_robotiq_2f_85_moveit_config:/home/rama/Documents/code/Docker/moonshot_project/ros2_ws/install/kinova_gen3_6dof_robotiq_2f_85_moveit_config:/home/rama/Documents/code/Docker/moonshot_project/ros2_ws/install/kortex_api:/opt/openrobots:/opt/openrobots:/home/rama/Documents/code/Docker/moonshot_project/ros2_ws/install/moving_table_pkg:/opt/ros/humble /usr/bin/cmake --build /home/rama/Documents/code/Docker/moonshot_project/ros2_ws/build/kinova_gen3_7dof_robotiq_2f_85_moveit_config -- -j16 -l16
[1.830s] DEBUG:colcon.colcon_core.event_handler.log_command:Invoking command in '/home/rama/Documents/code/Docker/moonshot_project/ros2_ws/build/kinova_gen3_7dof_robotiq_2f_85_moveit_config': CMAKE_PREFIX_PATH=/home/rama/Documents/code/Docker/moonshot_project/ros2_ws/install/kortex_description:/home/rama/Documents/code/Docker/moonshot_project/ros2_ws/install/moving_table_interfaces:/home/rama/Documents/code/Docker/moonshot_project/ros2_ws/install/livox_ros_driver2:/home/rama/Documents/code/Docker/moonshot_project/ros2_ws/install/kortex_bringup:/home/rama/Documents/code/Docker/moonshot_project/ros2_ws/install/kortex_driver:/home/rama/Documents/code/Docker/moonshot_project/ros2_ws/install/kinova_gen3_lite_moveit_config:/home/rama/Documents/code/Docker/moonshot_project/ros2_ws/install/kinova_gen3_7dof_robotiq_2f_85_moveit_config:/home/rama/Documents/code/Docker/moonshot_project/ros2_ws/install/kinova_gen3_6dof_robotiq_2f_85_moveit_config:/home/rama/Documents/code/Docker/moonshot_project/ros2_ws/install/kortex_api:/opt/openrobots:/opt/openrobots:/home/rama/Documents/code/Docker/moonshot_project/ros2_ws/install/moving_table_pkg:/opt/ros/humble /usr/bin/cmake --install /home/rama/Documents/code/Docker/moonshot_project/ros2_ws/build/kinova_gen3_7dof_robotiq_2f_85_moveit_config
[1.835s] DEBUG:colcon.colcon_core.event_handler.log_command:Invoked command in '/home/rama/Documents/code/Docker/moonshot_project/ros2_ws/build/kinova_gen3_lite_moveit_config' returned '0': CMAKE_PREFIX_PATH=/home/rama/Documents/code/Docker/moonshot_project/ros2_ws/install/kortex_description:/home/rama/Documents/code/Docker/moonshot_project/ros2_ws/install/moving_table_interfaces:/home/rama/Documents/code/Docker/moonshot_project/ros2_ws/install/livox_ros_driver2:/home/rama/Documents/code/Docker/moonshot_project/ros2_ws/install/kortex_bringup:/home/rama/Documents/code/Docker/moonshot_project/ros2_ws/install/kortex_driver:/home/rama/Documents/code/Docker/moonshot_project/ros2_ws/install/kinova_gen3_lite_moveit_config:/home/rama/Documents/code/Docker/moonshot_project/ros2_ws/install/kinova_gen3_7dof_robotiq_2f_85_moveit_config:/home/rama/Documents/code/Docker/moonshot_project/ros2_ws/install/kinova_gen3_6dof_robotiq_2f_85_moveit_config:/home/rama/Documents/code/Docker/moonshot_project/ros2_ws/install/kortex_api:/opt/openrobots:/opt/openrobots:/home/rama/Documents/code/Docker/moonshot_project/ros2_ws/install/moving_table_pkg:/opt/ros/humble /usr/bin/cmake --build /home/rama/Documents/code/Docker/moonshot_project/ros2_ws/build/kinova_gen3_lite_moveit_config -- -j16 -l16
[1.837s] DEBUG:colcon.colcon_core.event_handler.log_command:Invoking command in '/home/rama/Documents/code/Docker/moonshot_project/ros2_ws/build/kinova_gen3_lite_moveit_config': CMAKE_PREFIX_PATH=/home/rama/Documents/code/Docker/moonshot_project/ros2_ws/install/kortex_description:/home/rama/Documents/code/Docker/moonshot_project/ros2_ws/install/moving_table_interfaces:/home/rama/Documents/code/Docker/moonshot_project/ros2_ws/install/livox_ros_driver2:/home/rama/Documents/code/Docker/moonshot_project/ros2_ws/install/kortex_bringup:/home/rama/Documents/code/Docker/moonshot_project/ros2_ws/install/kortex_driver:/home/rama/Documents/code/Docker/moonshot_project/ros2_ws/install/kinova_gen3_lite_moveit_config:/home/rama/Documents/code/Docker/moonshot_project/ros2_ws/install/kinova_gen3_7dof_robotiq_2f_85_moveit_config:/home/rama/Documents/code/Docker/moonshot_project/ros2_ws/install/kinova_gen3_6dof_robotiq_2f_85_moveit_config:/home/rama/Documents/code/Docker/moonshot_project/ros2_ws/install/kortex_api:/opt/openrobots:/opt/openrobots:/home/rama/Documents/code/Docker/moonshot_project/ros2_ws/install/moving_table_pkg:/opt/ros/humble /usr/bin/cmake --install /home/rama/Documents/code/Docker/moonshot_project/ros2_ws/build/kinova_gen3_lite_moveit_config
[2.047s] Level 1:colcon.colcon_core.environment:create_environment_scripts_only(kinova_gen3_6dof_robotiq_2f_85_moveit_config)
[2.047s] Level 1:colcon.colcon_core.environment:checking '/home/rama/Documents/code/Docker/moonshot_project/ros2_ws/install/kinova_gen3_6dof_robotiq_2f_85_moveit_config' for CMake module files
[2.047s] DEBUG:colcon.colcon_core.event_handler.log_command:Invoked command in '/home/rama/Documents/code/Docker/moonshot_project/ros2_ws/build/kinova_gen3_6dof_robotiq_2f_85_moveit_config' returned '0': CMAKE_PREFIX_PATH=/home/rama/Documents/code/Docker/moonshot_project/ros2_ws/install/kortex_description:/home/rama/Documents/code/Docker/moonshot_project/ros2_ws/install/moving_table_interfaces:/home/rama/Documents/code/Docker/moonshot_project/ros2_ws/install/livox_ros_driver2:/home/rama/Documents/code/Docker/moonshot_project/ros2_ws/install/kortex_bringup:/home/rama/Documents/code/Docker/moonshot_project/ros2_ws/install/kortex_driver:/home/rama/Documents/code/Docker/moonshot_project/ros2_ws/install/kinova_gen3_lite_moveit_config:/home/rama/Documents/code/Docker/moonshot_project/ros2_ws/install/kinova_gen3_7dof_robotiq_2f_85_moveit_config:/home/rama/Documents/code/Docker/moonshot_project/ros2_ws/install/kinova_gen3_6dof_robotiq_2f_85_moveit_config:/home/rama/Documents/code/Docker/moonshot_project/ros2_ws/install/kortex_api:/opt/openrobots:/opt/openrobots:/home/rama/Documents/code/Docker/moonshot_project/ros2_ws/install/moving_table_pkg:/opt/ros/humble /usr/bin/cmake --install /home/rama/Documents/code/Docker/moonshot_project/ros2_ws/build/kinova_gen3_6dof_robotiq_2f_85_moveit_config
[2.048s] Level 1:colcon.colcon_core.environment:checking '/home/rama/Documents/code/Docker/moonshot_project/ros2_ws/install/kinova_gen3_6dof_robotiq_2f_85_moveit_config' for CMake config files
[2.048s] Level 1:colcon.colcon_core.shell:create_environment_hook('kinova_gen3_6dof_robotiq_2f_85_moveit_config', 'cmake_prefix_path')
[2.048s] INFO:colcon.colcon_core.shell:Creating environment hook '/home/rama/Documents/code/Docker/moonshot_project/ros2_ws/install/kinova_gen3_6dof_robotiq_2f_85_moveit_config/share/kinova_gen3_6dof_robotiq_2f_85_moveit_config/hook/cmake_prefix_path.ps1'
[2.049s] INFO:colcon.colcon_core.shell:Creating environment descriptor '/home/rama/Documents/code/Docker/moonshot_project/ros2_ws/install/kinova_gen3_6dof_robotiq_2f_85_moveit_config/share/kinova_gen3_6dof_robotiq_2f_85_moveit_config/hook/cmake_prefix_path.dsv'
[2.049s] INFO:colcon.colcon_core.shell:Creating environment hook '/home/rama/Documents/code/Docker/moonshot_project/ros2_ws/install/kinova_gen3_6dof_robotiq_2f_85_moveit_config/share/kinova_gen3_6dof_robotiq_2f_85_moveit_config/hook/cmake_prefix_path.sh'
[2.049s] Level 1:colcon.colcon_core.environment:checking '/home/rama/Documents/code/Docker/moonshot_project/ros2_ws/install/kinova_gen3_6dof_robotiq_2f_85_moveit_config/bin'
[2.049s] Level 1:colcon.colcon_core.environment:checking '/home/rama/Documents/code/Docker/moonshot_project/ros2_ws/install/kinova_gen3_6dof_robotiq_2f_85_moveit_config/lib/pkgconfig/kinova_gen3_6dof_robotiq_2f_85_moveit_config.pc'
[2.049s] Level 1:colcon.colcon_core.environment:checking '/home/rama/Documents/code/Docker/moonshot_project/ros2_ws/install/kinova_gen3_6dof_robotiq_2f_85_moveit_config/lib/python3.10/site-packages'
[2.050s] Level 1:colcon.colcon_core.environment:checking '/home/rama/Documents/code/Docker/moonshot_project/ros2_ws/install/kinova_gen3_6dof_robotiq_2f_85_moveit_config/bin'
[2.050s] INFO:colcon.colcon_core.shell:Creating package script '/home/rama/Documents/code/Docker/moonshot_project/ros2_ws/install/kinova_gen3_6dof_robotiq_2f_85_moveit_config/share/kinova_gen3_6dof_robotiq_2f_85_moveit_config/package.ps1'
[2.050s] INFO:colcon.colcon_core.shell:Creating package descriptor '/home/rama/Documents/code/Docker/moonshot_project/ros2_ws/install/kinova_gen3_6dof_robotiq_2f_85_moveit_config/share/kinova_gen3_6dof_robotiq_2f_85_moveit_config/package.dsv'
[2.050s] INFO:colcon.colcon_core.shell:Creating package script '/home/rama/Documents/code/Docker/moonshot_project/ros2_ws/install/kinova_gen3_6dof_robotiq_2f_85_moveit_config/share/kinova_gen3_6dof_robotiq_2f_85_moveit_config/package.sh'
[2.051s] INFO:colcon.colcon_core.shell:Creating package script '/home/rama/Documents/code/Docker/moonshot_project/ros2_ws/install/kinova_gen3_6dof_robotiq_2f_85_moveit_config/share/kinova_gen3_6dof_robotiq_2f_85_moveit_config/package.bash'
[2.051s] INFO:colcon.colcon_core.shell:Creating package script '/home/rama/Documents/code/Docker/moonshot_project/ros2_ws/install/kinova_gen3_6dof_robotiq_2f_85_moveit_config/share/kinova_gen3_6dof_robotiq_2f_85_moveit_config/package.zsh'
[2.051s] Level 1:colcon.colcon_core.environment:create_file_with_runtime_dependencies(/home/rama/Documents/code/Docker/moonshot_project/ros2_ws/install/kinova_gen3_6dof_robotiq_2f_85_moveit_config/share/colcon-core/packages/kinova_gen3_6dof_robotiq_2f_85_moveit_config)
[2.051s] Level 1:colcon.colcon_core.environment:create_environment_scripts_only(kinova_gen3_6dof_robotiq_2f_85_moveit_config)
[2.052s] Level 1:colcon.colcon_core.environment:checking '/home/rama/Documents/code/Docker/moonshot_project/ros2_ws/install/kinova_gen3_6dof_robotiq_2f_85_moveit_config' for CMake module files
[2.052s] Level 1:colcon.colcon_core.environment:checking '/home/rama/Documents/code/Docker/moonshot_project/ros2_ws/install/kinova_gen3_6dof_robotiq_2f_85_moveit_config' for CMake config files
[2.052s] Level 1:colcon.colcon_core.shell:create_environment_hook('kinova_gen3_6dof_robotiq_2f_85_moveit_config', 'cmake_prefix_path')
[2.052s] INFO:colcon.colcon_core.shell:Creating environment hook '/home/rama/Documents/code/Docker/moonshot_project/ros2_ws/install/kinova_gen3_6dof_robotiq_2f_85_moveit_config/share/kinova_gen3_6dof_robotiq_2f_85_moveit_config/hook/cmake_prefix_path.ps1'
[2.053s] INFO:colcon.colcon_core.shell:Creating environment descriptor '/home/rama/Documents/code/Docker/moonshot_project/ros2_ws/install/kinova_gen3_6dof_robotiq_2f_85_moveit_config/share/kinova_gen3_6dof_robotiq_2f_85_moveit_config/hook/cmake_prefix_path.dsv'
[2.053s] INFO:colcon.colcon_core.shell:Creating environment hook '/home/rama/Documents/code/Docker/moonshot_project/ros2_ws/install/kinova_gen3_6dof_robotiq_2f_85_moveit_config/share/kinova_gen3_6dof_robotiq_2f_85_moveit_config/hook/cmake_prefix_path.sh'
[2.054s] Level 1:colcon.colcon_core.environment:checking '/home/rama/Documents/code/Docker/moonshot_project/ros2_ws/install/kinova_gen3_6dof_robotiq_2f_85_moveit_config/bin'
[2.054s] Level 1:colcon.colcon_core.environment:checking '/home/rama/Documents/code/Docker/moonshot_project/ros2_ws/install/kinova_gen3_6dof_robotiq_2f_85_moveit_config/lib/pkgconfig/kinova_gen3_6dof_robotiq_2f_85_moveit_config.pc'
[2.054s] Level 1:colcon.colcon_core.environment:checking '/home/rama/Documents/code/Docker/moonshot_project/ros2_ws/install/kinova_gen3_6dof_robotiq_2f_85_moveit_config/lib/python3.10/site-packages'
[2.054s] Level 1:colcon.colcon_core.environment:checking '/home/rama/Documents/code/Docker/moonshot_project/ros2_ws/install/kinova_gen3_6dof_robotiq_2f_85_moveit_config/bin'
[2.054s] INFO:colcon.colcon_core.shell:Creating package script '/home/rama/Documents/code/Docker/moonshot_project/ros2_ws/install/kinova_gen3_6dof_robotiq_2f_85_moveit_config/share/kinova_gen3_6dof_robotiq_2f_85_moveit_config/package.ps1'
[2.054s] INFO:colcon.colcon_core.shell:Creating package descriptor '/home/rama/Documents/code/Docker/moonshot_project/ros2_ws/install/kinova_gen3_6dof_robotiq_2f_85_moveit_config/share/kinova_gen3_6dof_robotiq_2f_85_moveit_config/package.dsv'
[2.055s] INFO:colcon.colcon_core.shell:Creating package script '/home/rama/Documents/code/Docker/moonshot_project/ros2_ws/install/kinova_gen3_6dof_robotiq_2f_85_moveit_config/share/kinova_gen3_6dof_robotiq_2f_85_moveit_config/package.sh'
[2.055s] INFO:colcon.colcon_core.shell:Creating package script '/home/rama/Documents/code/Docker/moonshot_project/ros2_ws/install/kinova_gen3_6dof_robotiq_2f_85_moveit_config/share/kinova_gen3_6dof_robotiq_2f_85_moveit_config/package.bash'
[2.055s] INFO:colcon.colcon_core.shell:Creating package script '/home/rama/Documents/code/Docker/moonshot_project/ros2_ws/install/kinova_gen3_6dof_robotiq_2f_85_moveit_config/share/kinova_gen3_6dof_robotiq_2f_85_moveit_config/package.zsh'
[2.056s] Level 1:colcon.colcon_core.environment:create_file_with_runtime_dependencies(/home/rama/Documents/code/Docker/moonshot_project/ros2_ws/install/kinova_gen3_6dof_robotiq_2f_85_moveit_config/share/colcon-core/packages/kinova_gen3_6dof_robotiq_2f_85_moveit_config)
[2.057s] Level 1:colcon.colcon_core.environment:create_environment_scripts_only(kinova_gen3_7dof_robotiq_2f_85_moveit_config)
[2.057s] Level 1:colcon.colcon_core.environment:checking '/home/rama/Documents/code/Docker/moonshot_project/ros2_ws/install/kinova_gen3_7dof_robotiq_2f_85_moveit_config' for CMake module files
[2.057s] DEBUG:colcon.colcon_core.event_handler.log_command:Invoked command in '/home/rama/Documents/code/Docker/moonshot_project/ros2_ws/build/kinova_gen3_7dof_robotiq_2f_85_moveit_config' returned '0': CMAKE_PREFIX_PATH=/home/rama/Documents/code/Docker/moonshot_project/ros2_ws/install/kortex_description:/home/rama/Documents/code/Docker/moonshot_project/ros2_ws/install/moving_table_interfaces:/home/rama/Documents/code/Docker/moonshot_project/ros2_ws/install/livox_ros_driver2:/home/rama/Documents/code/Docker/moonshot_project/ros2_ws/install/kortex_bringup:/home/rama/Documents/code/Docker/moonshot_project/ros2_ws/install/kortex_driver:/home/rama/Documents/code/Docker/moonshot_project/ros2_ws/install/kinova_gen3_lite_moveit_config:/home/rama/Documents/code/Docker/moonshot_project/ros2_ws/install/kinova_gen3_7dof_robotiq_2f_85_moveit_config:/home/rama/Documents/code/Docker/moonshot_project/ros2_ws/install/kinova_gen3_6dof_robotiq_2f_85_moveit_config:/home/rama/Documents/code/Docker/moonshot_project/ros2_ws/install/kortex_api:/opt/openrobots:/opt/openrobots:/home/rama/Documents/code/Docker/moonshot_project/ros2_ws/install/moving_table_pkg:/opt/ros/humble /usr/bin/cmake --install /home/rama/Documents/code/Docker/moonshot_project/ros2_ws/build/kinova_gen3_7dof_robotiq_2f_85_moveit_config
[2.057s] Level 1:colcon.colcon_core.environment:checking '/home/rama/Documents/code/Docker/moonshot_project/ros2_ws/install/kinova_gen3_7dof_robotiq_2f_85_moveit_config' for CMake config files
[2.058s] Level 1:colcon.colcon_core.shell:create_environment_hook('kinova_gen3_7dof_robotiq_2f_85_moveit_config', 'cmake_prefix_path')
[2.058s] INFO:colcon.colcon_core.shell:Creating environment hook '/home/rama/Documents/code/Docker/moonshot_project/ros2_ws/install/kinova_gen3_7dof_robotiq_2f_85_moveit_config/share/kinova_gen3_7dof_robotiq_2f_85_moveit_config/hook/cmake_prefix_path.ps1'
[2.058s] INFO:colcon.colcon_core.shell:Creating environment descriptor '/home/rama/Documents/code/Docker/moonshot_project/ros2_ws/install/kinova_gen3_7dof_robotiq_2f_85_moveit_config/share/kinova_gen3_7dof_robotiq_2f_85_moveit_config/hook/cmake_prefix_path.dsv'
[2.058s] INFO:colcon.colcon_core.shell:Creating environment hook '/home/rama/Documents/code/Docker/moonshot_project/ros2_ws/install/kinova_gen3_7dof_robotiq_2f_85_moveit_config/share/kinova_gen3_7dof_robotiq_2f_85_moveit_config/hook/cmake_prefix_path.sh'
[2.059s] Level 1:colcon.colcon_core.environment:checking '/home/rama/Documents/code/Docker/moonshot_project/ros2_ws/install/kinova_gen3_7dof_robotiq_2f_85_moveit_config/bin'
[2.059s] Level 1:colcon.colcon_core.environment:checking '/home/rama/Documents/code/Docker/moonshot_project/ros2_ws/install/kinova_gen3_7dof_robotiq_2f_85_moveit_config/lib/pkgconfig/kinova_gen3_7dof_robotiq_2f_85_moveit_config.pc'
[2.059s] Level 1:colcon.colcon_core.environment:checking '/home/rama/Documents/code/Docker/moonshot_project/ros2_ws/install/kinova_gen3_7dof_robotiq_2f_85_moveit_config/lib/python3.10/site-packages'
[2.059s] Level 1:colcon.colcon_core.environment:checking '/home/rama/Documents/code/Docker/moonshot_project/ros2_ws/install/kinova_gen3_7dof_robotiq_2f_85_moveit_config/bin'
[2.059s] INFO:colcon.colcon_core.shell:Creating package script '/home/rama/Documents/code/Docker/moonshot_project/ros2_ws/install/kinova_gen3_7dof_robotiq_2f_85_moveit_config/share/kinova_gen3_7dof_robotiq_2f_85_moveit_config/package.ps1'
[2.060s] INFO:colcon.colcon_core.shell:Creating package descriptor '/home/rama/Documents/code/Docker/moonshot_project/ros2_ws/install/kinova_gen3_7dof_robotiq_2f_85_moveit_config/share/kinova_gen3_7dof_robotiq_2f_85_moveit_config/package.dsv'
[2.060s] INFO:colcon.colcon_core.shell:Creating package script '/home/rama/Documents/code/Docker/moonshot_project/ros2_ws/install/kinova_gen3_7dof_robotiq_2f_85_moveit_config/share/kinova_gen3_7dof_robotiq_2f_85_moveit_config/package.sh'
[2.060s] INFO:colcon.colcon_core.shell:Creating package script '/home/rama/Documents/code/Docker/moonshot_project/ros2_ws/install/kinova_gen3_7dof_robotiq_2f_85_moveit_config/share/kinova_gen3_7dof_robotiq_2f_85_moveit_config/package.bash'
[2.060s] INFO:colcon.colcon_core.shell:Creating package script '/home/rama/Documents/code/Docker/moonshot_project/ros2_ws/install/kinova_gen3_7dof_robotiq_2f_85_moveit_config/share/kinova_gen3_7dof_robotiq_2f_85_moveit_config/package.zsh'
[2.060s] Level 1:colcon.colcon_core.environment:create_file_with_runtime_dependencies(/home/rama/Documents/code/Docker/moonshot_project/ros2_ws/install/kinova_gen3_7dof_robotiq_2f_85_moveit_config/share/colcon-core/packages/kinova_gen3_7dof_robotiq_2f_85_moveit_config)
[2.061s] Level 1:colcon.colcon_core.environment:create_environment_scripts_only(kinova_gen3_7dof_robotiq_2f_85_moveit_config)
[2.061s] Level 1:colcon.colcon_core.environment:checking '/home/rama/Documents/code/Docker/moonshot_project/ros2_ws/install/kinova_gen3_7dof_robotiq_2f_85_moveit_config' for CMake module files
[2.061s] Level 1:colcon.colcon_core.environment:checking '/home/rama/Documents/code/Docker/moonshot_project/ros2_ws/install/kinova_gen3_7dof_robotiq_2f_85_moveit_config' for CMake config files
[2.061s] Level 1:colcon.colcon_core.shell:create_environment_hook('kinova_gen3_7dof_robotiq_2f_85_moveit_config', 'cmake_prefix_path')
[2.062s] INFO:colcon.colcon_core.shell:Creating environment hook '/home/rama/Documents/code/Docker/moonshot_project/ros2_ws/install/kinova_gen3_7dof_robotiq_2f_85_moveit_config/share/kinova_gen3_7dof_robotiq_2f_85_moveit_config/hook/cmake_prefix_path.ps1'
[2.062s] INFO:colcon.colcon_core.shell:Creating environment descriptor '/home/rama/Documents/code/Docker/moonshot_project/ros2_ws/install/kinova_gen3_7dof_robotiq_2f_85_moveit_config/share/kinova_gen3_7dof_robotiq_2f_85_moveit_config/hook/cmake_prefix_path.dsv'
[2.062s] INFO:colcon.colcon_core.shell:Creating environment hook '/home/rama/Documents/code/Docker/moonshot_project/ros2_ws/install/kinova_gen3_7dof_robotiq_2f_85_moveit_config/share/kinova_gen3_7dof_robotiq_2f_85_moveit_config/hook/cmake_prefix_path.sh'
[2.062s] Level 1:colcon.colcon_core.environment:checking '/home/rama/Documents/code/Docker/moonshot_project/ros2_ws/install/kinova_gen3_7dof_robotiq_2f_85_moveit_config/bin'
[2.062s] Level 1:colcon.colcon_core.environment:checking '/home/rama/Documents/code/Docker/moonshot_project/ros2_ws/install/kinova_gen3_7dof_robotiq_2f_85_moveit_config/lib/pkgconfig/kinova_gen3_7dof_robotiq_2f_85_moveit_config.pc'
[2.063s] Level 1:colcon.colcon_core.environment:checking '/home/rama/Documents/code/Docker/moonshot_project/ros2_ws/install/kinova_gen3_7dof_robotiq_2f_85_moveit_config/lib/python3.10/site-packages'
[2.063s] Level 1:colcon.colcon_core.environment:checking '/home/rama/Documents/code/Docker/moonshot_project/ros2_ws/install/kinova_gen3_7dof_robotiq_2f_85_moveit_config/bin'
[2.063s] INFO:colcon.colcon_core.shell:Creating package script '/home/rama/Documents/code/Docker/moonshot_project/ros2_ws/install/kinova_gen3_7dof_robotiq_2f_85_moveit_config/share/kinova_gen3_7dof_robotiq_2f_85_moveit_config/package.ps1'
[2.063s] INFO:colcon.colcon_core.shell:Creating package descriptor '/home/rama/Documents/code/Docker/moonshot_project/ros2_ws/install/kinova_gen3_7dof_robotiq_2f_85_moveit_config/share/kinova_gen3_7dof_robotiq_2f_85_moveit_config/package.dsv'
[2.064s] INFO:colcon.colcon_core.shell:Creating package script '/home/rama/Documents/code/Docker/moonshot_project/ros2_ws/install/kinova_gen3_7dof_robotiq_2f_85_moveit_config/share/kinova_gen3_7dof_robotiq_2f_85_moveit_config/package.sh'
[2.064s] INFO:colcon.colcon_core.shell:Creating package script '/home/rama/Documents/code/Docker/moonshot_project/ros2_ws/install/kinova_gen3_7dof_robotiq_2f_85_moveit_config/share/kinova_gen3_7dof_robotiq_2f_85_moveit_config/package.bash'
[2.064s] INFO:colcon.colcon_core.shell:Creating package script '/home/rama/Documents/code/Docker/moonshot_project/ros2_ws/install/kinova_gen3_7dof_robotiq_2f_85_moveit_config/share/kinova_gen3_7dof_robotiq_2f_85_moveit_config/package.zsh'
[2.064s] Level 1:colcon.colcon_core.environment:create_file_with_runtime_dependencies(/home/rama/Documents/code/Docker/moonshot_project/ros2_ws/install/kinova_gen3_7dof_robotiq_2f_85_moveit_config/share/colcon-core/packages/kinova_gen3_7dof_robotiq_2f_85_moveit_config)
[2.096s] Level 1:colcon.colcon_core.environment:create_environment_scripts_only(kinova_gen3_lite_moveit_config)
[2.096s] Level 1:colcon.colcon_core.environment:checking '/home/rama/Documents/code/Docker/moonshot_project/ros2_ws/install/kinova_gen3_lite_moveit_config' for CMake module files
[2.097s] DEBUG:colcon.colcon_core.event_handler.log_command:Invoked command in '/home/rama/Documents/code/Docker/moonshot_project/ros2_ws/build/kinova_gen3_lite_moveit_config' returned '0': CMAKE_PREFIX_PATH=/home/rama/Documents/code/Docker/moonshot_project/ros2_ws/install/kortex_description:/home/rama/Documents/code/Docker/moonshot_project/ros2_ws/install/moving_table_interfaces:/home/rama/Documents/code/Docker/moonshot_project/ros2_ws/install/livox_ros_driver2:/home/rama/Documents/code/Docker/moonshot_project/ros2_ws/install/kortex_bringup:/home/rama/Documents/code/Docker/moonshot_project/ros2_ws/install/kortex_driver:/home/rama/Documents/code/Docker/moonshot_project/ros2_ws/install/kinova_gen3_lite_moveit_config:/home/rama/Documents/code/Docker/moonshot_project/ros2_ws/install/kinova_gen3_7dof_robotiq_2f_85_moveit_config:/home/rama/Documents/code/Docker/moonshot_project/ros2_ws/install/kinova_gen3_6dof_robotiq_2f_85_moveit_config:/home/rama/Documents/code/Docker/moonshot_project/ros2_ws/install/kortex_api:/opt/openrobots:/opt/openrobots:/home/rama/Documents/code/Docker/moonshot_project/ros2_ws/install/moving_table_pkg:/opt/ros/humble /usr/bin/cmake --install /home/rama/Documents/code/Docker/moonshot_project/ros2_ws/build/kinova_gen3_lite_moveit_config
[2.097s] Level 1:colcon.colcon_core.environment:checking '/home/rama/Documents/code/Docker/moonshot_project/ros2_ws/install/kinova_gen3_lite_moveit_config' for CMake config files
[2.097s] Level 1:colcon.colcon_core.shell:create_environment_hook('kinova_gen3_lite_moveit_config', 'cmake_prefix_path')
[2.097s] INFO:colcon.colcon_core.shell:Creating environment hook '/home/rama/Documents/code/Docker/moonshot_project/ros2_ws/install/kinova_gen3_lite_moveit_config/share/kinova_gen3_lite_moveit_config/hook/cmake_prefix_path.ps1'
[2.098s] INFO:colcon.colcon_core.shell:Creating environment descriptor '/home/rama/Documents/code/Docker/moonshot_project/ros2_ws/install/kinova_gen3_lite_moveit_config/share/kinova_gen3_lite_moveit_config/hook/cmake_prefix_path.dsv'
[2.098s] INFO:colcon.colcon_core.shell:Creating environment hook '/home/rama/Documents/code/Docker/moonshot_project/ros2_ws/install/kinova_gen3_lite_moveit_config/share/kinova_gen3_lite_moveit_config/hook/cmake_prefix_path.sh'
[2.098s] Level 1:colcon.colcon_core.environment:checking '/home/rama/Documents/code/Docker/moonshot_project/ros2_ws/install/kinova_gen3_lite_moveit_config/bin'
[2.098s] Level 1:colcon.colcon_core.environment:checking '/home/rama/Documents/code/Docker/moonshot_project/ros2_ws/install/kinova_gen3_lite_moveit_config/lib/pkgconfig/kinova_gen3_lite_moveit_config.pc'
[2.099s] Level 1:colcon.colcon_core.environment:checking '/home/rama/Documents/code/Docker/moonshot_project/ros2_ws/install/kinova_gen3_lite_moveit_config/lib/python3.10/site-packages'
[2.099s] Level 1:colcon.colcon_core.environment:checking '/home/rama/Documents/code/Docker/moonshot_project/ros2_ws/install/kinova_gen3_lite_moveit_config/bin'
[2.099s] INFO:colcon.colcon_core.shell:Creating package script '/home/rama/Documents/code/Docker/moonshot_project/ros2_ws/install/kinova_gen3_lite_moveit_config/share/kinova_gen3_lite_moveit_config/package.ps1'
[2.099s] INFO:colcon.colcon_core.shell:Creating package descriptor '/home/rama/Documents/code/Docker/moonshot_project/ros2_ws/install/kinova_gen3_lite_moveit_config/share/kinova_gen3_lite_moveit_config/package.dsv'
[2.100s] INFO:colcon.colcon_core.shell:Creating package script '/home/rama/Documents/code/Docker/moonshot_project/ros2_ws/install/kinova_gen3_lite_moveit_config/share/kinova_gen3_lite_moveit_config/package.sh'
[2.100s] INFO:colcon.colcon_core.shell:Creating package script '/home/rama/Documents/code/Docker/moonshot_project/ros2_ws/install/kinova_gen3_lite_moveit_config/share/kinova_gen3_lite_moveit_config/package.bash'
[2.100s] INFO:colcon.colcon_core.shell:Creating package script '/home/rama/Documents/code/Docker/moonshot_project/ros2_ws/install/kinova_gen3_lite_moveit_config/share/kinova_gen3_lite_moveit_config/package.zsh'
[2.100s] Level 1:colcon.colcon_core.environment:create_file_with_runtime_dependencies(/home/rama/Documents/code/Docker/moonshot_project/ros2_ws/install/kinova_gen3_lite_moveit_config/share/colcon-core/packages/kinova_gen3_lite_moveit_config)
[2.100s] Level 1:colcon.colcon_core.environment:create_environment_scripts_only(kinova_gen3_lite_moveit_config)
[2.101s] Level 1:colcon.colcon_core.environment:checking '/home/rama/Documents/code/Docker/moonshot_project/ros2_ws/install/kinova_gen3_lite_moveit_config' for CMake module files
[2.101s] Level 1:colcon.colcon_core.environment:checking '/home/rama/Documents/code/Docker/moonshot_project/ros2_ws/install/kinova_gen3_lite_moveit_config' for CMake config files
[2.101s] Level 1:colcon.colcon_core.shell:create_environment_hook('kinova_gen3_lite_moveit_config', 'cmake_prefix_path')
[2.101s] INFO:colcon.colcon_core.shell:Creating environment hook '/home/rama/Documents/code/Docker/moonshot_project/ros2_ws/install/kinova_gen3_lite_moveit_config/share/kinova_gen3_lite_moveit_config/hook/cmake_prefix_path.ps1'
[2.102s] INFO:colcon.colcon_core.shell:Creating environment descriptor '/home/rama/Documents/code/Docker/moonshot_project/ros2_ws/install/kinova_gen3_lite_moveit_config/share/kinova_gen3_lite_moveit_config/hook/cmake_prefix_path.dsv'
[2.102s] INFO:colcon.colcon_core.shell:Creating environment hook '/home/rama/Documents/code/Docker/moonshot_project/ros2_ws/install/kinova_gen3_lite_moveit_config/share/kinova_gen3_lite_moveit_config/hook/cmake_prefix_path.sh'
[2.102s] Level 1:colcon.colcon_core.environment:checking '/home/rama/Documents/code/Docker/moonshot_project/ros2_ws/install/kinova_gen3_lite_moveit_config/bin'
[2.102s] Level 1:colcon.colcon_core.environment:checking '/home/rama/Documents/code/Docker/moonshot_project/ros2_ws/install/kinova_gen3_lite_moveit_config/lib/pkgconfig/kinova_gen3_lite_moveit_config.pc'
[2.102s] Level 1:colcon.colcon_core.environment:checking '/home/rama/Documents/code/Docker/moonshot_project/ros2_ws/install/kinova_gen3_lite_moveit_config/lib/python3.10/site-packages'
[2.102s] Level 1:colcon.colcon_core.environment:checking '/home/rama/Documents/code/Docker/moonshot_project/ros2_ws/install/kinova_gen3_lite_moveit_config/bin'
[2.103s] INFO:colcon.colcon_core.shell:Creating package script '/home/rama/Documents/code/Docker/moonshot_project/ros2_ws/install/kinova_gen3_lite_moveit_config/share/kinova_gen3_lite_moveit_config/package.ps1'
[2.103s] INFO:colcon.colcon_core.shell:Creating package descriptor '/home/rama/Documents/code/Docker/moonshot_project/ros2_ws/install/kinova_gen3_lite_moveit_config/share/kinova_gen3_lite_moveit_config/package.dsv'
[2.103s] INFO:colcon.colcon_core.shell:Creating package script '/home/rama/Documents/code/Docker/moonshot_project/ros2_ws/install/kinova_gen3_lite_moveit_config/share/kinova_gen3_lite_moveit_config/package.sh'
[2.103s] INFO:colcon.colcon_core.shell:Creating package script '/home/rama/Documents/code/Docker/moonshot_project/ros2_ws/install/kinova_gen3_lite_moveit_config/share/kinova_gen3_lite_moveit_config/package.bash'
[2.104s] INFO:colcon.colcon_core.shell:Creating package script '/home/rama/Documents/code/Docker/moonshot_project/ros2_ws/install/kinova_gen3_lite_moveit_config/share/kinova_gen3_lite_moveit_config/package.zsh'
[2.104s] Level 1:colcon.colcon_core.environment:create_file_with_runtime_dependencies(/home/rama/Documents/code/Docker/moonshot_project/ros2_ws/install/kinova_gen3_lite_moveit_config/share/colcon-core/packages/kinova_gen3_lite_moveit_config)
[2.580s] DEBUG:colcon.colcon_core.event_handler.log_command:Invoked command in '/home/rama/Documents/code/Docker/moonshot_project/ros2_ws/build/moving_table_interfaces' returned '0': CMAKE_PREFIX_PATH=${CMAKE_PREFIX_PATH}:/home/rama/Documents/code/Docker/moonshot_project/ros2_ws/install/moving_table_pkg:/opt/ros/humble /usr/bin/cmake --build /home/rama/Documents/code/Docker/moonshot_project/ros2_ws/build/moving_table_interfaces -- -j16 -l16
[2.581s] DEBUG:colcon.colcon_core.event_handler.log_command:Invoking command in '/home/rama/Documents/code/Docker/moonshot_project/ros2_ws/build/moving_table_interfaces': CMAKE_PREFIX_PATH=${CMAKE_PREFIX_PATH}:/home/rama/Documents/code/Docker/moonshot_project/ros2_ws/install/moving_table_pkg:/opt/ros/humble /usr/bin/cmake --install /home/rama/Documents/code/Docker/moonshot_project/ros2_ws/build/moving_table_interfaces
[2.972s] Level 1:colcon.colcon_core.environment:create_environment_scripts_only(moving_table_interfaces)
[2.972s] DEBUG:colcon.colcon_core.event_handler.log_command:Invoked command in '/home/rama/Documents/code/Docker/moonshot_project/ros2_ws/build/moving_table_interfaces' returned '0': CMAKE_PREFIX_PATH=${CMAKE_PREFIX_PATH}:/home/rama/Documents/code/Docker/moonshot_project/ros2_ws/install/moving_table_pkg:/opt/ros/humble /usr/bin/cmake --install /home/rama/Documents/code/Docker/moonshot_project/ros2_ws/build/moving_table_interfaces
[2.972s] Level 1:colcon.colcon_core.environment:checking '/home/rama/Documents/code/Docker/moonshot_project/ros2_ws/install/moving_table_interfaces' for CMake module files
[2.972s] Level 1:colcon.colcon_core.environment:checking '/home/rama/Documents/code/Docker/moonshot_project/ros2_ws/install/moving_table_interfaces' for CMake config files
[2.973s] Level 1:colcon.colcon_core.shell:create_environment_hook('moving_table_interfaces', 'cmake_prefix_path')
[2.973s] INFO:colcon.colcon_core.shell:Creating environment hook '/home/rama/Documents/code/Docker/moonshot_project/ros2_ws/install/moving_table_interfaces/share/moving_table_interfaces/hook/cmake_prefix_path.ps1'
[2.973s] INFO:colcon.colcon_core.shell:Creating environment descriptor '/home/rama/Documents/code/Docker/moonshot_project/ros2_ws/install/moving_table_interfaces/share/moving_table_interfaces/hook/cmake_prefix_path.dsv'
[2.974s] INFO:colcon.colcon_core.shell:Creating environment hook '/home/rama/Documents/code/Docker/moonshot_project/ros2_ws/install/moving_table_interfaces/share/moving_table_interfaces/hook/cmake_prefix_path.sh'
[2.974s] Level 1:colcon.colcon_core.environment:checking '/home/rama/Documents/code/Docker/moonshot_project/ros2_ws/install/moving_table_interfaces/lib'
[2.974s] Level 1:colcon.colcon_core.shell:create_environment_hook('moving_table_interfaces', 'ld_library_path_lib')
[2.974s] INFO:colcon.colcon_core.shell:Creating environment hook '/home/rama/Documents/code/Docker/moonshot_project/ros2_ws/install/moving_table_interfaces/share/moving_table_interfaces/hook/ld_library_path_lib.ps1'
[2.974s] INFO:colcon.colcon_core.shell:Creating environment descriptor '/home/rama/Documents/code/Docker/moonshot_project/ros2_ws/install/moving_table_interfaces/share/moving_table_interfaces/hook/ld_library_path_lib.dsv'
[2.975s] INFO:colcon.colcon_core.shell:Creating environment hook '/home/rama/Documents/code/Docker/moonshot_project/ros2_ws/install/moving_table_interfaces/share/moving_table_interfaces/hook/ld_library_path_lib.sh'
[2.975s] Level 1:colcon.colcon_core.environment:checking '/home/rama/Documents/code/Docker/moonshot_project/ros2_ws/install/moving_table_interfaces/bin'
[2.975s] Level 1:colcon.colcon_core.environment:checking '/home/rama/Documents/code/Docker/moonshot_project/ros2_ws/install/moving_table_interfaces/lib/pkgconfig/moving_table_interfaces.pc'
[2.975s] Level 1:colcon.colcon_core.environment:checking '/home/rama/Documents/code/Docker/moonshot_project/ros2_ws/install/moving_table_interfaces/lib/python3.10/site-packages'
[2.975s] Level 1:colcon.colcon_core.environment:checking '/home/rama/Documents/code/Docker/moonshot_project/ros2_ws/install/moving_table_interfaces/bin'
[2.975s] INFO:colcon.colcon_core.shell:Creating package script '/home/rama/Documents/code/Docker/moonshot_project/ros2_ws/install/moving_table_interfaces/share/moving_table_interfaces/package.ps1'
[2.976s] INFO:colcon.colcon_core.shell:Creating package descriptor '/home/rama/Documents/code/Docker/moonshot_project/ros2_ws/install/moving_table_interfaces/share/moving_table_interfaces/package.dsv'
[2.976s] INFO:colcon.colcon_core.shell:Creating package script '/home/rama/Documents/code/Docker/moonshot_project/ros2_ws/install/moving_table_interfaces/share/moving_table_interfaces/package.sh'
[2.976s] INFO:colcon.colcon_core.shell:Creating package script '/home/rama/Documents/code/Docker/moonshot_project/ros2_ws/install/moving_table_interfaces/share/moving_table_interfaces/package.bash'
[2.976s] INFO:colcon.colcon_core.shell:Creating package script '/home/rama/Documents/code/Docker/moonshot_project/ros2_ws/install/moving_table_interfaces/share/moving_table_interfaces/package.zsh'
[2.976s] Level 1:colcon.colcon_core.environment:create_file_with_runtime_dependencies(/home/rama/Documents/code/Docker/moonshot_project/ros2_ws/install/moving_table_interfaces/share/colcon-core/packages/moving_table_interfaces)
[2.977s] Level 1:colcon.colcon_core.environment:create_environment_scripts_only(moving_table_interfaces)
[2.977s] Level 1:colcon.colcon_core.environment:checking '/home/rama/Documents/code/Docker/moonshot_project/ros2_ws/install/moving_table_interfaces' for CMake module files
[2.977s] Level 1:colcon.colcon_core.environment:checking '/home/rama/Documents/code/Docker/moonshot_project/ros2_ws/install/moving_table_interfaces' for CMake config files
[2.978s] Level 1:colcon.colcon_core.shell:create_environment_hook('moving_table_interfaces', 'cmake_prefix_path')
[2.978s] INFO:colcon.colcon_core.shell:Creating environment hook '/home/rama/Documents/code/Docker/moonshot_project/ros2_ws/install/moving_table_interfaces/share/moving_table_interfaces/hook/cmake_prefix_path.ps1'
[2.978s] INFO:colcon.colcon_core.shell:Creating environment descriptor '/home/rama/Documents/code/Docker/moonshot_project/ros2_ws/install/moving_table_interfaces/share/moving_table_interfaces/hook/cmake_prefix_path.dsv'
[2.978s] INFO:colcon.colcon_core.shell:Creating environment hook '/home/rama/Documents/code/Docker/moonshot_project/ros2_ws/install/moving_table_interfaces/share/moving_table_interfaces/hook/cmake_prefix_path.sh'
[2.979s] Level 1:colcon.colcon_core.environment:checking '/home/rama/Documents/code/Docker/moonshot_project/ros2_ws/install/moving_table_interfaces/lib'
[2.979s] Level 1:colcon.colcon_core.shell:create_environment_hook('moving_table_interfaces', 'ld_library_path_lib')
[2.979s] INFO:colcon.colcon_core.shell:Creating environment hook '/home/rama/Documents/code/Docker/moonshot_project/ros2_ws/install/moving_table_interfaces/share/moving_table_interfaces/hook/ld_library_path_lib.ps1'
[2.979s] INFO:colcon.colcon_core.shell:Creating environment descriptor '/home/rama/Documents/code/Docker/moonshot_project/ros2_ws/install/moving_table_interfaces/share/moving_table_interfaces/hook/ld_library_path_lib.dsv'
[2.979s] INFO:colcon.colcon_core.shell:Creating environment hook '/home/rama/Documents/code/Docker/moonshot_project/ros2_ws/install/moving_table_interfaces/share/moving_table_interfaces/hook/ld_library_path_lib.sh'
[2.979s] Level 1:colcon.colcon_core.environment:checking '/home/rama/Documents/code/Docker/moonshot_project/ros2_ws/install/moving_table_interfaces/bin'
[2.979s] Level 1:colcon.colcon_core.environment:checking '/home/rama/Documents/code/Docker/moonshot_project/ros2_ws/install/moving_table_interfaces/lib/pkgconfig/moving_table_interfaces.pc'
[2.980s] Level 1:colcon.colcon_core.environment:checking '/home/rama/Documents/code/Docker/moonshot_project/ros2_ws/install/moving_table_interfaces/lib/python3.10/site-packages'
[2.980s] Level 1:colcon.colcon_core.environment:checking '/home/rama/Documents/code/Docker/moonshot_project/ros2_ws/install/moving_table_interfaces/bin'
[2.980s] INFO:colcon.colcon_core.shell:Creating package script '/home/rama/Documents/code/Docker/moonshot_project/ros2_ws/install/moving_table_interfaces/share/moving_table_interfaces/package.ps1'
[2.980s] INFO:colcon.colcon_core.shell:Creating package descriptor '/home/rama/Documents/code/Docker/moonshot_project/ros2_ws/install/moving_table_interfaces/share/moving_table_interfaces/package.dsv'
[2.980s] INFO:colcon.colcon_core.shell:Creating package script '/home/rama/Documents/code/Docker/moonshot_project/ros2_ws/install/moving_table_interfaces/share/moving_table_interfaces/package.sh'
[2.981s] INFO:colcon.colcon_core.shell:Creating package script '/home/rama/Documents/code/Docker/moonshot_project/ros2_ws/install/moving_table_interfaces/share/moving_table_interfaces/package.bash'
[2.981s] INFO:colcon.colcon_core.shell:Creating package script '/home/rama/Documents/code/Docker/moonshot_project/ros2_ws/install/moving_table_interfaces/share/moving_table_interfaces/package.zsh'
[2.981s] Level 1:colcon.colcon_core.environment:create_file_with_runtime_dependencies(/home/rama/Documents/code/Docker/moonshot_project/ros2_ws/install/moving_table_interfaces/share/colcon-core/packages/moving_table_interfaces)
[13.938s] DEBUG:colcon.colcon_core.event_handler.log_command:Invoked command in '/home/rama/Documents/code/Docker/moonshot_project/ros2_ws/build/kortex_api' returned '0': CMAKE_PREFIX_PATH=${CMAKE_PREFIX_PATH}:/home/rama/Documents/code/Docker/moonshot_project/ros2_ws/install/moving_table_pkg:/opt/ros/humble /usr/bin/cmake /home/rama/Documents/code/Docker/moonshot_project/ros2_ws/src/ros2_kortex/kortex_api -DAMENT_CMAKE_SYMLINK_INSTALL=1 -DCMAKE_INSTALL_PREFIX=/home/rama/Documents/code/Docker/moonshot_project/ros2_ws/install/kortex_api
[13.938s] DEBUG:colcon.colcon_core.event_handler.log_command:Invoking command in '/home/rama/Documents/code/Docker/moonshot_project/ros2_ws/build/kortex_api': CMAKE_PREFIX_PATH=${CMAKE_PREFIX_PATH}:/home/rama/Documents/code/Docker/moonshot_project/ros2_ws/install/moving_table_pkg:/opt/ros/humble /usr/bin/cmake --build /home/rama/Documents/code/Docker/moonshot_project/ros2_ws/build/kortex_api -- -j16 -l16
[13.964s] DEBUG:colcon.colcon_core.event_handler.log_command:Invoked command in '/home/rama/Documents/code/Docker/moonshot_project/ros2_ws/build/kortex_api' returned '0': CMAKE_PREFIX_PATH=${CMAKE_PREFIX_PATH}:/home/rama/Documents/code/Docker/moonshot_project/ros2_ws/install/moving_table_pkg:/opt/ros/humble /usr/bin/cmake --build /home/rama/Documents/code/Docker/moonshot_project/ros2_ws/build/kortex_api -- -j16 -l16
[13.965s] DEBUG:colcon.colcon_core.event_handler.log_command:Invoking command in '/home/rama/Documents/code/Docker/moonshot_project/ros2_ws/build/kortex_api': CMAKE_PREFIX_PATH=${CMAKE_PREFIX_PATH}:/home/rama/Documents/code/Docker/moonshot_project/ros2_ws/install/moving_table_pkg:/opt/ros/humble /usr/bin/cmake --install /home/rama/Documents/code/Docker/moonshot_project/ros2_ws/build/kortex_api
[15.080s] Level 1:colcon.colcon_core.environment:create_environment_scripts_only(kortex_api)
[15.081s] Level 1:colcon.colcon_core.environment:checking '/home/rama/Documents/code/Docker/moonshot_project/ros2_ws/install/kortex_api' for CMake module files
[15.081s] DEBUG:colcon.colcon_core.event_handler.log_command:Invoked command in '/home/rama/Documents/code/Docker/moonshot_project/ros2_ws/build/kortex_api' returned '0': CMAKE_PREFIX_PATH=${CMAKE_PREFIX_PATH}:/home/rama/Documents/code/Docker/moonshot_project/ros2_ws/install/moving_table_pkg:/opt/ros/humble /usr/bin/cmake --install /home/rama/Documents/code/Docker/moonshot_project/ros2_ws/build/kortex_api
[15.081s] Level 1:colcon.colcon_core.environment:checking '/home/rama/Documents/code/Docker/moonshot_project/ros2_ws/install/kortex_api' for CMake config files
[15.082s] Level 1:colcon.colcon_core.shell:create_environment_hook('kortex_api', 'cmake_prefix_path')
[15.082s] INFO:colcon.colcon_core.shell:Creating environment hook '/home/rama/Documents/code/Docker/moonshot_project/ros2_ws/install/kortex_api/share/kortex_api/hook/cmake_prefix_path.ps1'
[15.083s] INFO:colcon.colcon_core.shell:Creating environment descriptor '/home/rama/Documents/code/Docker/moonshot_project/ros2_ws/install/kortex_api/share/kortex_api/hook/cmake_prefix_path.dsv'
[15.083s] INFO:colcon.colcon_core.shell:Creating environment hook '/home/rama/Documents/code/Docker/moonshot_project/ros2_ws/install/kortex_api/share/kortex_api/hook/cmake_prefix_path.sh'
[15.083s] Level 1:colcon.colcon_core.environment:checking '/home/rama/Documents/code/Docker/moonshot_project/ros2_ws/install/kortex_api/bin'
[15.083s] Level 1:colcon.colcon_core.environment:checking '/home/rama/Documents/code/Docker/moonshot_project/ros2_ws/install/kortex_api/lib/pkgconfig/kortex_api.pc'
[15.084s] Level 1:colcon.colcon_core.environment:checking '/home/rama/Documents/code/Docker/moonshot_project/ros2_ws/install/kortex_api/lib/python3.10/site-packages'
[15.084s] Level 1:colcon.colcon_core.environment:checking '/home/rama/Documents/code/Docker/moonshot_project/ros2_ws/install/kortex_api/bin'
[15.084s] INFO:colcon.colcon_core.shell:Creating package script '/home/rama/Documents/code/Docker/moonshot_project/ros2_ws/install/kortex_api/share/kortex_api/package.ps1'
[15.084s] INFO:colcon.colcon_core.shell:Creating package descriptor '/home/rama/Documents/code/Docker/moonshot_project/ros2_ws/install/kortex_api/share/kortex_api/package.dsv'
[15.085s] INFO:colcon.colcon_core.shell:Creating package script '/home/rama/Documents/code/Docker/moonshot_project/ros2_ws/install/kortex_api/share/kortex_api/package.sh'
[15.085s] INFO:colcon.colcon_core.shell:Creating package script '/home/rama/Documents/code/Docker/moonshot_project/ros2_ws/install/kortex_api/share/kortex_api/package.bash'
[15.085s] INFO:colcon.colcon_core.shell:Creating package script '/home/rama/Documents/code/Docker/moonshot_project/ros2_ws/install/kortex_api/share/kortex_api/package.zsh'
[15.085s] Level 1:colcon.colcon_core.environment:create_file_with_runtime_dependencies(/home/rama/Documents/code/Docker/moonshot_project/ros2_ws/install/kortex_api/share/colcon-core/packages/kortex_api)
[15.086s] Level 1:colcon.colcon_core.environment:create_environment_scripts_only(kortex_api)
[15.086s] Level 1:colcon.colcon_core.environment:checking '/home/rama/Documents/code/Docker/moonshot_project/ros2_ws/install/kortex_api' for CMake module files
[15.086s] Level 1:colcon.colcon_core.environment:checking '/home/rama/Documents/code/Docker/moonshot_project/ros2_ws/install/kortex_api' for CMake config files
[15.087s] Level 1:colcon.colcon_core.shell:create_environment_hook('kortex_api', 'cmake_prefix_path')
[15.087s] INFO:colcon.colcon_core.shell:Creating environment hook '/home/rama/Documents/code/Docker/moonshot_project/ros2_ws/install/kortex_api/share/kortex_api/hook/cmake_prefix_path.ps1'
[15.087s] INFO:colcon.colcon_core.shell:Creating environment descriptor '/home/rama/Documents/code/Docker/moonshot_project/ros2_ws/install/kortex_api/share/kortex_api/hook/cmake_prefix_path.dsv'
[15.087s] INFO:colcon.colcon_core.shell:Creating environment hook '/home/rama/Documents/code/Docker/moonshot_project/ros2_ws/install/kortex_api/share/kortex_api/hook/cmake_prefix_path.sh'
[15.088s] Level 1:colcon.colcon_core.environment:checking '/home/rama/Documents/code/Docker/moonshot_project/ros2_ws/install/kortex_api/bin'
[15.088s] Level 1:colcon.colcon_core.environment:checking '/home/rama/Documents/code/Docker/moonshot_project/ros2_ws/install/kortex_api/lib/pkgconfig/kortex_api.pc'
[15.088s] Level 1:colcon.colcon_core.environment:checking '/home/rama/Documents/code/Docker/moonshot_project/ros2_ws/install/kortex_api/lib/python3.10/site-packages'
[15.088s] Level 1:colcon.colcon_core.environment:checking '/home/rama/Documents/code/Docker/moonshot_project/ros2_ws/install/kortex_api/bin'
[15.088s] INFO:colcon.colcon_core.shell:Creating package script '/home/rama/Documents/code/Docker/moonshot_project/ros2_ws/install/kortex_api/share/kortex_api/package.ps1'
[15.089s] INFO:colcon.colcon_core.shell:Creating package descriptor '/home/rama/Documents/code/Docker/moonshot_project/ros2_ws/install/kortex_api/share/kortex_api/package.dsv'
[15.089s] INFO:colcon.colcon_core.shell:Creating package script '/home/rama/Documents/code/Docker/moonshot_project/ros2_ws/install/kortex_api/share/kortex_api/package.sh'
[15.089s] INFO:colcon.colcon_core.shell:Creating package script '/home/rama/Documents/code/Docker/moonshot_project/ros2_ws/install/kortex_api/share/kortex_api/package.bash'
[15.089s] INFO:colcon.colcon_core.shell:Creating package script '/home/rama/Documents/code/Docker/moonshot_project/ros2_ws/install/kortex_api/share/kortex_api/package.zsh'
[15.090s] Level 1:colcon.colcon_core.environment:create_file_with_runtime_dependencies(/home/rama/Documents/code/Docker/moonshot_project/ros2_ws/install/kortex_api/share/colcon-core/packages/kortex_api)
[15.090s] INFO:colcon.colcon_ros.task.ament_cmake.build:Building ROS package in '/home/rama/Documents/code/Docker/moonshot_project/ros2_ws/src/ros2_kortex/kortex_driver' with build type 'ament_cmake'
[15.090s] INFO:colcon.colcon_cmake.task.cmake.build:Building CMake package in '/home/rama/Documents/code/Docker/moonshot_project/ros2_ws/src/ros2_kortex/kortex_driver'
[15.090s] INFO:colcon.colcon_core.shell:Skip shell extension 'powershell' for command environment: Not usable outside of PowerShell
[15.090s] DEBUG:colcon.colcon_core.shell:Skip shell extension 'dsv' for command environment
[15.096s] DEBUG:colcon.colcon_core.event_handler.log_command:Invoking command in '/home/rama/Documents/code/Docker/moonshot_project/ros2_ws/build/kortex_driver': CMAKE_PREFIX_PATH=/home/rama/Documents/code/Docker/moonshot_project/ros2_ws/install/kortex_api:/home/rama/Documents/code/Docker/moonshot_project/ros2_ws/install/moving_table_interfaces:/home/rama/Documents/code/Docker/moonshot_project/ros2_ws/install/livox_ros_driver2:/home/rama/Documents/code/Docker/moonshot_project/ros2_ws/install/kortex_bringup:/home/rama/Documents/code/Docker/moonshot_project/ros2_ws/install/kortex_driver:/home/rama/Documents/code/Docker/moonshot_project/ros2_ws/install/kinova_gen3_lite_moveit_config:/home/rama/Documents/code/Docker/moonshot_project/ros2_ws/install/kinova_gen3_7dof_robotiq_2f_85_moveit_config:/home/rama/Documents/code/Docker/moonshot_project/ros2_ws/install/kinova_gen3_6dof_robotiq_2f_85_moveit_config:/home/rama/Documents/code/Docker/moonshot_project/ros2_ws/install/kortex_description:/opt/openrobots:/opt/openrobots:/home/rama/Documents/code/Docker/moonshot_project/ros2_ws/install/moving_table_pkg:/opt/ros/humble /usr/bin/cmake /home/rama/Documents/code/Docker/moonshot_project/ros2_ws/src/ros2_kortex/kortex_driver -DAMENT_CMAKE_SYMLINK_INSTALL=1 -DCMAKE_INSTALL_PREFIX=/home/rama/Documents/code/Docker/moonshot_project/ros2_ws/install/kortex_driver
[28.491s] DEBUG:colcon.colcon_core.event_handler.log_command:Invoked command in '/home/rama/Documents/code/Docker/moonshot_project/ros2_ws/build/kortex_driver' returned '0': CMAKE_PREFIX_PATH=/home/rama/Documents/code/Docker/moonshot_project/ros2_ws/install/kortex_api:/home/rama/Documents/code/Docker/moonshot_project/ros2_ws/install/moving_table_interfaces:/home/rama/Documents/code/Docker/moonshot_project/ros2_ws/install/livox_ros_driver2:/home/rama/Documents/code/Docker/moonshot_project/ros2_ws/install/kortex_bringup:/home/rama/Documents/code/Docker/moonshot_project/ros2_ws/install/kortex_driver:/home/rama/Documents/code/Docker/moonshot_project/ros2_ws/install/kinova_gen3_lite_moveit_config:/home/rama/Documents/code/Docker/moonshot_project/ros2_ws/install/kinova_gen3_7dof_robotiq_2f_85_moveit_config:/home/rama/Documents/code/Docker/moonshot_project/ros2_ws/install/kinova_gen3_6dof_robotiq_2f_85_moveit_config:/home/rama/Documents/code/Docker/moonshot_project/ros2_ws/install/kortex_description:/opt/openrobots:/opt/openrobots:/home/rama/Documents/code/Docker/moonshot_project/ros2_ws/install/moving_table_pkg:/opt/ros/humble /usr/bin/cmake /home/rama/Documents/code/Docker/moonshot_project/ros2_ws/src/ros2_kortex/kortex_driver -DAMENT_CMAKE_SYMLINK_INSTALL=1 -DCMAKE_INSTALL_PREFIX=/home/rama/Documents/code/Docker/moonshot_project/ros2_ws/install/kortex_driver
[28.492s] DEBUG:colcon.colcon_core.event_handler.log_command:Invoking command in '/home/rama/Documents/code/Docker/moonshot_project/ros2_ws/build/kortex_driver': CMAKE_PREFIX_PATH=/home/rama/Documents/code/Docker/moonshot_project/ros2_ws/install/kortex_api:/home/rama/Documents/code/Docker/moonshot_project/ros2_ws/install/moving_table_interfaces:/home/rama/Documents/code/Docker/moonshot_project/ros2_ws/install/livox_ros_driver2:/home/rama/Documents/code/Docker/moonshot_project/ros2_ws/install/kortex_bringup:/home/rama/Documents/code/Docker/moonshot_project/ros2_ws/install/kortex_driver:/home/rama/Documents/code/Docker/moonshot_project/ros2_ws/install/kinova_gen3_lite_moveit_config:/home/rama/Documents/code/Docker/moonshot_project/ros2_ws/install/kinova_gen3_7dof_robotiq_2f_85_moveit_config:/home/rama/Documents/code/Docker/moonshot_project/ros2_ws/install/kinova_gen3_6dof_robotiq_2f_85_moveit_config:/home/rama/Documents/code/Docker/moonshot_project/ros2_ws/install/kortex_description:/opt/openrobots:/opt/openrobots:/home/rama/Documents/code/Docker/moonshot_project/ros2_ws/install/moving_table_pkg:/opt/ros/humble /usr/bin/cmake --build /home/rama/Documents/code/Docker/moonshot_project/ros2_ws/build/kortex_driver -- -j16 -l16
[31.896s] DEBUG:colcon.colcon_core.event_handler.log_command:Invoked command in '/home/rama/Documents/code/Docker/moonshot_project/ros2_ws/build/kortex_driver' returned '0': CMAKE_PREFIX_PATH=/home/rama/Documents/code/Docker/moonshot_project/ros2_ws/install/kortex_api:/home/rama/Documents/code/Docker/moonshot_project/ros2_ws/install/moving_table_interfaces:/home/rama/Documents/code/Docker/moonshot_project/ros2_ws/install/livox_ros_driver2:/home/rama/Documents/code/Docker/moonshot_project/ros2_ws/install/kortex_bringup:/home/rama/Documents/code/Docker/moonshot_project/ros2_ws/install/kortex_driver:/home/rama/Documents/code/Docker/moonshot_project/ros2_ws/install/kinova_gen3_lite_moveit_config:/home/rama/Documents/code/Docker/moonshot_project/ros2_ws/install/kinova_gen3_7dof_robotiq_2f_85_moveit_config:/home/rama/Documents/code/Docker/moonshot_project/ros2_ws/install/kinova_gen3_6dof_robotiq_2f_85_moveit_config:/home/rama/Documents/code/Docker/moonshot_project/ros2_ws/install/kortex_description:/opt/openrobots:/opt/openrobots:/home/rama/Documents/code/Docker/moonshot_project/ros2_ws/install/moving_table_pkg:/opt/ros/humble /usr/bin/cmake --build /home/rama/Documents/code/Docker/moonshot_project/ros2_ws/build/kortex_driver -- -j16 -l16
[31.897s] DEBUG:colcon.colcon_core.event_handler.log_command:Invoking command in '/home/rama/Documents/code/Docker/moonshot_project/ros2_ws/build/kortex_driver': CMAKE_PREFIX_PATH=/home/rama/Documents/code/Docker/moonshot_project/ros2_ws/install/kortex_api:/home/rama/Documents/code/Docker/moonshot_project/ros2_ws/install/moving_table_interfaces:/home/rama/Documents/code/Docker/moonshot_project/ros2_ws/install/livox_ros_driver2:/home/rama/Documents/code/Docker/moonshot_project/ros2_ws/install/kortex_bringup:/home/rama/Documents/code/Docker/moonshot_project/ros2_ws/install/kortex_driver:/home/rama/Documents/code/Docker/moonshot_project/ros2_ws/install/kinova_gen3_lite_moveit_config:/home/rama/Documents/code/Docker/moonshot_project/ros2_ws/install/kinova_gen3_7dof_robotiq_2f_85_moveit_config:/home/rama/Documents/code/Docker/moonshot_project/ros2_ws/install/kinova_gen3_6dof_robotiq_2f_85_moveit_config:/home/rama/Documents/code/Docker/moonshot_project/ros2_ws/install/kortex_description:/opt/openrobots:/opt/openrobots:/home/rama/Documents/code/Docker/moonshot_project/ros2_ws/install/moving_table_pkg:/opt/ros/humble /usr/bin/cmake --install /home/rama/Documents/code/Docker/moonshot_project/ros2_ws/build/kortex_driver
[32.047s] Level 1:colcon.colcon_core.environment:create_environment_scripts_only(kortex_driver)
[32.047s] Level 1:colcon.colcon_core.environment:checking '/home/rama/Documents/code/Docker/moonshot_project/ros2_ws/install/kortex_driver' for CMake module files
[32.048s] DEBUG:colcon.colcon_core.event_handler.log_command:Invoked command in '/home/rama/Documents/code/Docker/moonshot_project/ros2_ws/build/kortex_driver' returned '0': CMAKE_PREFIX_PATH=/home/rama/Documents/code/Docker/moonshot_project/ros2_ws/install/kortex_api:/home/rama/Documents/code/Docker/moonshot_project/ros2_ws/install/moving_table_interfaces:/home/rama/Documents/code/Docker/moonshot_project/ros2_ws/install/livox_ros_driver2:/home/rama/Documents/code/Docker/moonshot_project/ros2_ws/install/kortex_bringup:/home/rama/Documents/code/Docker/moonshot_project/ros2_ws/install/kortex_driver:/home/rama/Documents/code/Docker/moonshot_project/ros2_ws/install/kinova_gen3_lite_moveit_config:/home/rama/Documents/code/Docker/moonshot_project/ros2_ws/install/kinova_gen3_7dof_robotiq_2f_85_moveit_config:/home/rama/Documents/code/Docker/moonshot_project/ros2_ws/install/kinova_gen3_6dof_robotiq_2f_85_moveit_config:/home/rama/Documents/code/Docker/moonshot_project/ros2_ws/install/kortex_description:/opt/openrobots:/opt/openrobots:/home/rama/Documents/code/Docker/moonshot_project/ros2_ws/install/moving_table_pkg:/opt/ros/humble /usr/bin/cmake --install /home/rama/Documents/code/Docker/moonshot_project/ros2_ws/build/kortex_driver
[32.048s] Level 1:colcon.colcon_core.environment:checking '/home/rama/Documents/code/Docker/moonshot_project/ros2_ws/install/kortex_driver' for CMake config files
[32.048s] Level 1:colcon.colcon_core.shell:create_environment_hook('kortex_driver', 'cmake_prefix_path')
[32.048s] INFO:colcon.colcon_core.shell:Creating environment hook '/home/rama/Documents/code/Docker/moonshot_project/ros2_ws/install/kortex_driver/share/kortex_driver/hook/cmake_prefix_path.ps1'
[32.048s] INFO:colcon.colcon_core.shell:Creating environment descriptor '/home/rama/Documents/code/Docker/moonshot_project/ros2_ws/install/kortex_driver/share/kortex_driver/hook/cmake_prefix_path.dsv'
[32.049s] INFO:colcon.colcon_core.shell:Creating environment hook '/home/rama/Documents/code/Docker/moonshot_project/ros2_ws/install/kortex_driver/share/kortex_driver/hook/cmake_prefix_path.sh'
[32.049s] Level 1:colcon.colcon_core.environment:checking '/home/rama/Documents/code/Docker/moonshot_project/ros2_ws/install/kortex_driver/lib'
[32.049s] Level 1:colcon.colcon_core.shell:create_environment_hook('kortex_driver', 'ld_library_path_lib')
[32.049s] INFO:colcon.colcon_core.shell:Creating environment hook '/home/rama/Documents/code/Docker/moonshot_project/ros2_ws/install/kortex_driver/share/kortex_driver/hook/ld_library_path_lib.ps1'
[32.049s] INFO:colcon.colcon_core.shell:Creating environment descriptor '/home/rama/Documents/code/Docker/moonshot_project/ros2_ws/install/kortex_driver/share/kortex_driver/hook/ld_library_path_lib.dsv'
[32.050s] INFO:colcon.colcon_core.shell:Creating environment hook '/home/rama/Documents/code/Docker/moonshot_project/ros2_ws/install/kortex_driver/share/kortex_driver/hook/ld_library_path_lib.sh'
[32.050s] Level 1:colcon.colcon_core.environment:checking '/home/rama/Documents/code/Docker/moonshot_project/ros2_ws/install/kortex_driver/bin'
[32.050s] Level 1:colcon.colcon_core.environment:checking '/home/rama/Documents/code/Docker/moonshot_project/ros2_ws/install/kortex_driver/lib/pkgconfig/kortex_driver.pc'
[32.050s] Level 1:colcon.colcon_core.environment:checking '/home/rama/Documents/code/Docker/moonshot_project/ros2_ws/install/kortex_driver/lib/python3.10/site-packages'
[32.050s] Level 1:colcon.colcon_core.environment:checking '/home/rama/Documents/code/Docker/moonshot_project/ros2_ws/install/kortex_driver/bin'
[32.050s] INFO:colcon.colcon_core.shell:Creating package script '/home/rama/Documents/code/Docker/moonshot_project/ros2_ws/install/kortex_driver/share/kortex_driver/package.ps1'
[32.051s] INFO:colcon.colcon_core.shell:Creating package descriptor '/home/rama/Documents/code/Docker/moonshot_project/ros2_ws/install/kortex_driver/share/kortex_driver/package.dsv'
[32.051s] INFO:colcon.colcon_core.shell:Creating package script '/home/rama/Documents/code/Docker/moonshot_project/ros2_ws/install/kortex_driver/share/kortex_driver/package.sh'
[32.051s] INFO:colcon.colcon_core.shell:Creating package script '/home/rama/Documents/code/Docker/moonshot_project/ros2_ws/install/kortex_driver/share/kortex_driver/package.bash'
[32.051s] INFO:colcon.colcon_core.shell:Creating package script '/home/rama/Documents/code/Docker/moonshot_project/ros2_ws/install/kortex_driver/share/kortex_driver/package.zsh'
[32.051s] Level 1:colcon.colcon_core.environment:create_file_with_runtime_dependencies(/home/rama/Documents/code/Docker/moonshot_project/ros2_ws/install/kortex_driver/share/colcon-core/packages/kortex_driver)
[32.052s] Level 1:colcon.colcon_core.environment:create_environment_scripts_only(kortex_driver)
[32.052s] Level 1:colcon.colcon_core.environment:checking '/home/rama/Documents/code/Docker/moonshot_project/ros2_ws/install/kortex_driver' for CMake module files
[32.052s] Level 1:colcon.colcon_core.environment:checking '/home/rama/Documents/code/Docker/moonshot_project/ros2_ws/install/kortex_driver' for CMake config files
[32.052s] Level 1:colcon.colcon_core.shell:create_environment_hook('kortex_driver', 'cmake_prefix_path')
[32.052s] INFO:colcon.colcon_core.shell:Creating environment hook '/home/rama/Documents/code/Docker/moonshot_project/ros2_ws/install/kortex_driver/share/kortex_driver/hook/cmake_prefix_path.ps1'
[32.053s] INFO:colcon.colcon_core.shell:Creating environment descriptor '/home/rama/Documents/code/Docker/moonshot_project/ros2_ws/install/kortex_driver/share/kortex_driver/hook/cmake_prefix_path.dsv'
[32.053s] INFO:colcon.colcon_core.shell:Creating environment hook '/home/rama/Documents/code/Docker/moonshot_project/ros2_ws/install/kortex_driver/share/kortex_driver/hook/cmake_prefix_path.sh'
[32.053s] Level 1:colcon.colcon_core.environment:checking '/home/rama/Documents/code/Docker/moonshot_project/ros2_ws/install/kortex_driver/lib'
[32.053s] Level 1:colcon.colcon_core.shell:create_environment_hook('kortex_driver', 'ld_library_path_lib')
[32.053s] INFO:colcon.colcon_core.shell:Creating environment hook '/home/rama/Documents/code/Docker/moonshot_project/ros2_ws/install/kortex_driver/share/kortex_driver/hook/ld_library_path_lib.ps1'
[32.053s] INFO:colcon.colcon_core.shell:Creating environment descriptor '/home/rama/Documents/code/Docker/moonshot_project/ros2_ws/install/kortex_driver/share/kortex_driver/hook/ld_library_path_lib.dsv'
[32.054s] INFO:colcon.colcon_core.shell:Creating environment hook '/home/rama/Documents/code/Docker/moonshot_project/ros2_ws/install/kortex_driver/share/kortex_driver/hook/ld_library_path_lib.sh'
[32.054s] Level 1:colcon.colcon_core.environment:checking '/home/rama/Documents/code/Docker/moonshot_project/ros2_ws/install/kortex_driver/bin'
[32.054s] Level 1:colcon.colcon_core.environment:checking '/home/rama/Documents/code/Docker/moonshot_project/ros2_ws/install/kortex_driver/lib/pkgconfig/kortex_driver.pc'
[32.054s] Level 1:colcon.colcon_core.environment:checking '/home/rama/Documents/code/Docker/moonshot_project/ros2_ws/install/kortex_driver/lib/python3.10/site-packages'
[32.054s] Level 1:colcon.colcon_core.environment:checking '/home/rama/Documents/code/Docker/moonshot_project/ros2_ws/install/kortex_driver/bin'
[32.054s] INFO:colcon.colcon_core.shell:Creating package script '/home/rama/Documents/code/Docker/moonshot_project/ros2_ws/install/kortex_driver/share/kortex_driver/package.ps1'
[32.055s] INFO:colcon.colcon_core.shell:Creating package descriptor '/home/rama/Documents/code/Docker/moonshot_project/ros2_ws/install/kortex_driver/share/kortex_driver/package.dsv'
[32.055s] INFO:colcon.colcon_core.shell:Creating package script '/home/rama/Documents/code/Docker/moonshot_project/ros2_ws/install/kortex_driver/share/kortex_driver/package.sh'
[32.055s] INFO:colcon.colcon_core.shell:Creating package script '/home/rama/Documents/code/Docker/moonshot_project/ros2_ws/install/kortex_driver/share/kortex_driver/package.bash'
[32.055s] INFO:colcon.colcon_core.shell:Creating package script '/home/rama/Documents/code/Docker/moonshot_project/ros2_ws/install/kortex_driver/share/kortex_driver/package.zsh'
[32.056s] Level 1:colcon.colcon_core.environment:create_file_with_runtime_dependencies(/home/rama/Documents/code/Docker/moonshot_project/ros2_ws/install/kortex_driver/share/colcon-core/packages/kortex_driver)
[32.056s] INFO:colcon.colcon_ros.task.ament_cmake.build:Building ROS package in '/home/rama/Documents/code/Docker/moonshot_project/ros2_ws/src/ros2_kortex/kortex_bringup' with build type 'ament_cmake'
[32.056s] INFO:colcon.colcon_cmake.task.cmake.build:Building CMake package in '/home/rama/Documents/code/Docker/moonshot_project/ros2_ws/src/ros2_kortex/kortex_bringup'
[32.056s] INFO:colcon.colcon_core.shell:Skip shell extension 'powershell' for command environment: Not usable outside of PowerShell
[32.056s] DEBUG:colcon.colcon_core.shell:Skip shell extension 'dsv' for command environment
[32.065s] DEBUG:colcon.colcon_core.event_handler.log_command:Invoking command in '/home/rama/Documents/code/Docker/moonshot_project/ros2_ws/build/kortex_bringup': CMAKE_PREFIX_PATH=/home/rama/Documents/code/Docker/moonshot_project/ros2_ws/install/kortex_driver:/home/rama/Documents/code/Docker/moonshot_project/ros2_ws/install/kortex_description:/home/rama/Documents/code/Docker/moonshot_project/ros2_ws/install/kortex_api:/home/rama/Documents/code/Docker/moonshot_project/ros2_ws/install/moving_table_interfaces:/home/rama/Documents/code/Docker/moonshot_project/ros2_ws/install/livox_ros_driver2:/home/rama/Documents/code/Docker/moonshot_project/ros2_ws/install/kortex_bringup:/home/rama/Documents/code/Docker/moonshot_project/ros2_ws/install/kinova_gen3_lite_moveit_config:/home/rama/Documents/code/Docker/moonshot_project/ros2_ws/install/kinova_gen3_7dof_robotiq_2f_85_moveit_config:/home/rama/Documents/code/Docker/moonshot_project/ros2_ws/install/kinova_gen3_6dof_robotiq_2f_85_moveit_config:/opt/openrobots:/opt/openrobots:/home/rama/Documents/code/Docker/moonshot_project/ros2_ws/install/moving_table_pkg:/opt/ros/humble LD_LIBRARY_PATH=/home/rama/Documents/code/Docker/moonshot_project/ros2_ws/install/kortex_driver/lib:/home/rama/Documents/code/Docker/moonshot_project/ros2_ws/install/moving_table_interfaces/lib:/home/rama/Documents/code/Docker/moonshot_project/ros2_ws/install/livox_ros_driver2/lib:/opt/ros/humble/opt/rviz_ogre_vendor/lib:/opt/ros/humble/lib/x86_64-linux-gnu:/opt/ros/humble/lib:/opt/openrobots/lib:/opt/openrobots/lib /usr/bin/cmake /home/rama/Documents/code/Docker/moonshot_project/ros2_ws/src/ros2_kortex/kortex_bringup -DAMENT_CMAKE_SYMLINK_INSTALL=1 -DCMAKE_INSTALL_PREFIX=/home/rama/Documents/code/Docker/moonshot_project/ros2_ws/install/kortex_bringup
[32.462s] DEBUG:colcon.colcon_core.event_handler.log_command:Invoked command in '/home/rama/Documents/code/Docker/moonshot_project/ros2_ws/build/kortex_bringup' returned '0': CMAKE_PREFIX_PATH=/home/rama/Documents/code/Docker/moonshot_project/ros2_ws/install/kortex_driver:/home/rama/Documents/code/Docker/moonshot_project/ros2_ws/install/kortex_description:/home/rama/Documents/code/Docker/moonshot_project/ros2_ws/install/kortex_api:/home/rama/Documents/code/Docker/moonshot_project/ros2_ws/install/moving_table_interfaces:/home/rama/Documents/code/Docker/moonshot_project/ros2_ws/install/livox_ros_driver2:/home/rama/Documents/code/Docker/moonshot_project/ros2_ws/install/kortex_bringup:/home/rama/Documents/code/Docker/moonshot_project/ros2_ws/install/kinova_gen3_lite_moveit_config:/home/rama/Documents/code/Docker/moonshot_project/ros2_ws/install/kinova_gen3_7dof_robotiq_2f_85_moveit_config:/home/rama/Documents/code/Docker/moonshot_project/ros2_ws/install/kinova_gen3_6dof_robotiq_2f_85_moveit_config:/opt/openrobots:/opt/openrobots:/home/rama/Documents/code/Docker/moonshot_project/ros2_ws/install/moving_table_pkg:/opt/ros/humble LD_LIBRARY_PATH=/home/rama/Documents/code/Docker/moonshot_project/ros2_ws/install/kortex_driver/lib:/home/rama/Documents/code/Docker/moonshot_project/ros2_ws/install/moving_table_interfaces/lib:/home/rama/Documents/code/Docker/moonshot_project/ros2_ws/install/livox_ros_driver2/lib:/opt/ros/humble/opt/rviz_ogre_vendor/lib:/opt/ros/humble/lib/x86_64-linux-gnu:/opt/ros/humble/lib:/opt/openrobots/lib:/opt/openrobots/lib /usr/bin/cmake /home/rama/Documents/code/Docker/moonshot_project/ros2_ws/src/ros2_kortex/kortex_bringup -DAMENT_CMAKE_SYMLINK_INSTALL=1 -DCMAKE_INSTALL_PREFIX=/home/rama/Documents/code/Docker/moonshot_project/ros2_ws/install/kortex_bringup
[32.462s] DEBUG:colcon.colcon_core.event_handler.log_command:Invoking command in '/home/rama/Documents/code/Docker/moonshot_project/ros2_ws/build/kortex_bringup': CMAKE_PREFIX_PATH=/home/rama/Documents/code/Docker/moonshot_project/ros2_ws/install/kortex_driver:/home/rama/Documents/code/Docker/moonshot_project/ros2_ws/install/kortex_description:/home/rama/Documents/code/Docker/moonshot_project/ros2_ws/install/kortex_api:/home/rama/Documents/code/Docker/moonshot_project/ros2_ws/install/moving_table_interfaces:/home/rama/Documents/code/Docker/moonshot_project/ros2_ws/install/livox_ros_driver2:/home/rama/Documents/code/Docker/moonshot_project/ros2_ws/install/kortex_bringup:/home/rama/Documents/code/Docker/moonshot_project/ros2_ws/install/kinova_gen3_lite_moveit_config:/home/rama/Documents/code/Docker/moonshot_project/ros2_ws/install/kinova_gen3_7dof_robotiq_2f_85_moveit_config:/home/rama/Documents/code/Docker/moonshot_project/ros2_ws/install/kinova_gen3_6dof_robotiq_2f_85_moveit_config:/opt/openrobots:/opt/openrobots:/home/rama/Documents/code/Docker/moonshot_project/ros2_ws/install/moving_table_pkg:/opt/ros/humble LD_LIBRARY_PATH=/home/rama/Documents/code/Docker/moonshot_project/ros2_ws/install/kortex_driver/lib:/home/rama/Documents/code/Docker/moonshot_project/ros2_ws/install/moving_table_interfaces/lib:/home/rama/Documents/code/Docker/moonshot_project/ros2_ws/install/livox_ros_driver2/lib:/opt/ros/humble/opt/rviz_ogre_vendor/lib:/opt/ros/humble/lib/x86_64-linux-gnu:/opt/ros/humble/lib:/opt/openrobots/lib:/opt/openrobots/lib /usr/bin/cmake --build /home/rama/Documents/code/Docker/moonshot_project/ros2_ws/build/kortex_bringup -- -j16 -l16
[32.485s] DEBUG:colcon.colcon_core.event_handler.log_command:Invoked command in '/home/rama/Documents/code/Docker/moonshot_project/ros2_ws/build/kortex_bringup' returned '0': CMAKE_PREFIX_PATH=/home/rama/Documents/code/Docker/moonshot_project/ros2_ws/install/kortex_driver:/home/rama/Documents/code/Docker/moonshot_project/ros2_ws/install/kortex_description:/home/rama/Documents/code/Docker/moonshot_project/ros2_ws/install/kortex_api:/home/rama/Documents/code/Docker/moonshot_project/ros2_ws/install/moving_table_interfaces:/home/rama/Documents/code/Docker/moonshot_project/ros2_ws/install/livox_ros_driver2:/home/rama/Documents/code/Docker/moonshot_project/ros2_ws/install/kortex_bringup:/home/rama/Documents/code/Docker/moonshot_project/ros2_ws/install/kinova_gen3_lite_moveit_config:/home/rama/Documents/code/Docker/moonshot_project/ros2_ws/install/kinova_gen3_7dof_robotiq_2f_85_moveit_config:/home/rama/Documents/code/Docker/moonshot_project/ros2_ws/install/kinova_gen3_6dof_robotiq_2f_85_moveit_config:/opt/openrobots:/opt/openrobots:/home/rama/Documents/code/Docker/moonshot_project/ros2_ws/install/moving_table_pkg:/opt/ros/humble LD_LIBRARY_PATH=/home/rama/Documents/code/Docker/moonshot_project/ros2_ws/install/kortex_driver/lib:/home/rama/Documents/code/Docker/moonshot_project/ros2_ws/install/moving_table_interfaces/lib:/home/rama/Documents/code/Docker/moonshot_project/ros2_ws/install/livox_ros_driver2/lib:/opt/ros/humble/opt/rviz_ogre_vendor/lib:/opt/ros/humble/lib/x86_64-linux-gnu:/opt/ros/humble/lib:/opt/openrobots/lib:/opt/openrobots/lib /usr/bin/cmake --build /home/rama/Documents/code/Docker/moonshot_project/ros2_ws/build/kortex_bringup -- -j16 -l16
[32.486s] DEBUG:colcon.colcon_core.event_handler.log_command:Invoking command in '/home/rama/Documents/code/Docker/moonshot_project/ros2_ws/build/kortex_bringup': CMAKE_PREFIX_PATH=/home/rama/Documents/code/Docker/moonshot_project/ros2_ws/install/kortex_driver:/home/rama/Documents/code/Docker/moonshot_project/ros2_ws/install/kortex_description:/home/rama/Documents/code/Docker/moonshot_project/ros2_ws/install/kortex_api:/home/rama/Documents/code/Docker/moonshot_project/ros2_ws/install/moving_table_interfaces:/home/rama/Documents/code/Docker/moonshot_project/ros2_ws/install/livox_ros_driver2:/home/rama/Documents/code/Docker/moonshot_project/ros2_ws/install/kortex_bringup:/home/rama/Documents/code/Docker/moonshot_project/ros2_ws/install/kinova_gen3_lite_moveit_config:/home/rama/Documents/code/Docker/moonshot_project/ros2_ws/install/kinova_gen3_7dof_robotiq_2f_85_moveit_config:/home/rama/Documents/code/Docker/moonshot_project/ros2_ws/install/kinova_gen3_6dof_robotiq_2f_85_moveit_config:/opt/openrobots:/opt/openrobots:/home/rama/Documents/code/Docker/moonshot_project/ros2_ws/install/moving_table_pkg:/opt/ros/humble LD_LIBRARY_PATH=/home/rama/Documents/code/Docker/moonshot_project/ros2_ws/install/kortex_driver/lib:/home/rama/Documents/code/Docker/moonshot_project/ros2_ws/install/moving_table_interfaces/lib:/home/rama/Documents/code/Docker/moonshot_project/ros2_ws/install/livox_ros_driver2/lib:/opt/ros/humble/opt/rviz_ogre_vendor/lib:/opt/ros/humble/lib/x86_64-linux-gnu:/opt/ros/humble/lib:/opt/openrobots/lib:/opt/openrobots/lib /usr/bin/cmake --install /home/rama/Documents/code/Docker/moonshot_project/ros2_ws/build/kortex_bringup
[32.620s] Level 1:colcon.colcon_core.environment:create_environment_scripts_only(kortex_bringup)
[32.620s] Level 1:colcon.colcon_core.environment:checking '/home/rama/Documents/code/Docker/moonshot_project/ros2_ws/install/kortex_bringup' for CMake module files
[32.620s] DEBUG:colcon.colcon_core.event_handler.log_command:Invoked command in '/home/rama/Documents/code/Docker/moonshot_project/ros2_ws/build/kortex_bringup' returned '0': CMAKE_PREFIX_PATH=/home/rama/Documents/code/Docker/moonshot_project/ros2_ws/install/kortex_driver:/home/rama/Documents/code/Docker/moonshot_project/ros2_ws/install/kortex_description:/home/rama/Documents/code/Docker/moonshot_project/ros2_ws/install/kortex_api:/home/rama/Documents/code/Docker/moonshot_project/ros2_ws/install/moving_table_interfaces:/home/rama/Documents/code/Docker/moonshot_project/ros2_ws/install/livox_ros_driver2:/home/rama/Documents/code/Docker/moonshot_project/ros2_ws/install/kortex_bringup:/home/rama/Documents/code/Docker/moonshot_project/ros2_ws/install/kinova_gen3_lite_moveit_config:/home/rama/Documents/code/Docker/moonshot_project/ros2_ws/install/kinova_gen3_7dof_robotiq_2f_85_moveit_config:/home/rama/Documents/code/Docker/moonshot_project/ros2_ws/install/kinova_gen3_6dof_robotiq_2f_85_moveit_config:/opt/openrobots:/opt/openrobots:/home/rama/Documents/code/Docker/moonshot_project/ros2_ws/install/moving_table_pkg:/opt/ros/humble LD_LIBRARY_PATH=/home/rama/Documents/code/Docker/moonshot_project/ros2_ws/install/kortex_driver/lib:/home/rama/Documents/code/Docker/moonshot_project/ros2_ws/install/moving_table_interfaces/lib:/home/rama/Documents/code/Docker/moonshot_project/ros2_ws/install/livox_ros_driver2/lib:/opt/ros/humble/opt/rviz_ogre_vendor/lib:/opt/ros/humble/lib/x86_64-linux-gnu:/opt/ros/humble/lib:/opt/openrobots/lib:/opt/openrobots/lib /usr/bin/cmake --install /home/rama/Documents/code/Docker/moonshot_project/ros2_ws/build/kortex_bringup
[32.620s] Level 1:colcon.colcon_core.environment:checking '/home/rama/Documents/code/Docker/moonshot_project/ros2_ws/install/kortex_bringup' for CMake config files
[32.621s] Level 1:colcon.colcon_core.shell:create_environment_hook('kortex_bringup', 'cmake_prefix_path')
[32.621s] INFO:colcon.colcon_core.shell:Creating environment hook '/home/rama/Documents/code/Docker/moonshot_project/ros2_ws/install/kortex_bringup/share/kortex_bringup/hook/cmake_prefix_path.ps1'
[32.621s] INFO:colcon.colcon_core.shell:Creating environment descriptor '/home/rama/Documents/code/Docker/moonshot_project/ros2_ws/install/kortex_bringup/share/kortex_bringup/hook/cmake_prefix_path.dsv'
[32.621s] INFO:colcon.colcon_core.shell:Creating environment hook '/home/rama/Documents/code/Docker/moonshot_project/ros2_ws/install/kortex_bringup/share/kortex_bringup/hook/cmake_prefix_path.sh'
[32.622s] Level 1:colcon.colcon_core.environment:checking '/home/rama/Documents/code/Docker/moonshot_project/ros2_ws/install/kortex_bringup/lib'
[32.622s] Level 1:colcon.colcon_core.environment:checking '/home/rama/Documents/code/Docker/moonshot_project/ros2_ws/install/kortex_bringup/bin'
[32.622s] Level 1:colcon.colcon_core.environment:checking '/home/rama/Documents/code/Docker/moonshot_project/ros2_ws/install/kortex_bringup/lib/pkgconfig/kortex_bringup.pc'
[32.622s] Level 1:colcon.colcon_core.environment:checking '/home/rama/Documents/code/Docker/moonshot_project/ros2_ws/install/kortex_bringup/lib/python3.10/site-packages'
[32.622s] Level 1:colcon.colcon_core.environment:checking '/home/rama/Documents/code/Docker/moonshot_project/ros2_ws/install/kortex_bringup/bin'
[32.622s] INFO:colcon.colcon_core.shell:Creating package script '/home/rama/Documents/code/Docker/moonshot_project/ros2_ws/install/kortex_bringup/share/kortex_bringup/package.ps1'
[32.622s] INFO:colcon.colcon_core.shell:Creating package descriptor '/home/rama/Documents/code/Docker/moonshot_project/ros2_ws/install/kortex_bringup/share/kortex_bringup/package.dsv'
[32.623s] INFO:colcon.colcon_core.shell:Creating package script '/home/rama/Documents/code/Docker/moonshot_project/ros2_ws/install/kortex_bringup/share/kortex_bringup/package.sh'
[32.623s] INFO:colcon.colcon_core.shell:Creating package script '/home/rama/Documents/code/Docker/moonshot_project/ros2_ws/install/kortex_bringup/share/kortex_bringup/package.bash'
[32.623s] INFO:colcon.colcon_core.shell:Creating package script '/home/rama/Documents/code/Docker/moonshot_project/ros2_ws/install/kortex_bringup/share/kortex_bringup/package.zsh'
[32.623s] Level 1:colcon.colcon_core.environment:create_file_with_runtime_dependencies(/home/rama/Documents/code/Docker/moonshot_project/ros2_ws/install/kortex_bringup/share/colcon-core/packages/kortex_bringup)
[32.623s] Level 1:colcon.colcon_core.environment:create_environment_scripts_only(kortex_bringup)
[32.624s] Level 1:colcon.colcon_core.environment:checking '/home/rama/Documents/code/Docker/moonshot_project/ros2_ws/install/kortex_bringup' for CMake module files
[32.624s] Level 1:colcon.colcon_core.environment:checking '/home/rama/Documents/code/Docker/moonshot_project/ros2_ws/install/kortex_bringup' for CMake config files
[32.624s] Level 1:colcon.colcon_core.shell:create_environment_hook('kortex_bringup', 'cmake_prefix_path')
[32.624s] INFO:colcon.colcon_core.shell:Creating environment hook '/home/rama/Documents/code/Docker/moonshot_project/ros2_ws/install/kortex_bringup/share/kortex_bringup/hook/cmake_prefix_path.ps1'
[32.624s] INFO:colcon.colcon_core.shell:Creating environment descriptor '/home/rama/Documents/code/Docker/moonshot_project/ros2_ws/install/kortex_bringup/share/kortex_bringup/hook/cmake_prefix_path.dsv'
[32.625s] INFO:colcon.colcon_core.shell:Creating environment hook '/home/rama/Documents/code/Docker/moonshot_project/ros2_ws/install/kortex_bringup/share/kortex_bringup/hook/cmake_prefix_path.sh'
[32.625s] Level 1:colcon.colcon_core.environment:checking '/home/rama/Documents/code/Docker/moonshot_project/ros2_ws/install/kortex_bringup/lib'
[32.625s] Level 1:colcon.colcon_core.environment:checking '/home/rama/Documents/code/Docker/moonshot_project/ros2_ws/install/kortex_bringup/bin'
[32.625s] Level 1:colcon.colcon_core.environment:checking '/home/rama/Documents/code/Docker/moonshot_project/ros2_ws/install/kortex_bringup/lib/pkgconfig/kortex_bringup.pc'
[32.625s] Level 1:colcon.colcon_core.environment:checking '/home/rama/Documents/code/Docker/moonshot_project/ros2_ws/install/kortex_bringup/lib/python3.10/site-packages'
[32.625s] Level 1:colcon.colcon_core.environment:checking '/home/rama/Documents/code/Docker/moonshot_project/ros2_ws/install/kortex_bringup/bin'
[32.625s] INFO:colcon.colcon_core.shell:Creating package script '/home/rama/Documents/code/Docker/moonshot_project/ros2_ws/install/kortex_bringup/share/kortex_bringup/package.ps1'
[32.626s] INFO:colcon.colcon_core.shell:Creating package descriptor '/home/rama/Documents/code/Docker/moonshot_project/ros2_ws/install/kortex_bringup/share/kortex_bringup/package.dsv'
[32.626s] INFO:colcon.colcon_core.shell:Creating package script '/home/rama/Documents/code/Docker/moonshot_project/ros2_ws/install/kortex_bringup/share/kortex_bringup/package.sh'
[32.626s] INFO:colcon.colcon_core.shell:Creating package script '/home/rama/Documents/code/Docker/moonshot_project/ros2_ws/install/kortex_bringup/share/kortex_bringup/package.bash'
[32.626s] INFO:colcon.colcon_core.shell:Creating package script '/home/rama/Documents/code/Docker/moonshot_project/ros2_ws/install/kortex_bringup/share/kortex_bringup/package.zsh'
[32.626s] Level 1:colcon.colcon_core.environment:create_file_with_runtime_dependencies(/home/rama/Documents/code/Docker/moonshot_project/ros2_ws/install/kortex_bringup/share/colcon-core/packages/kortex_bringup)
[32.627s] DEBUG:colcon.colcon_parallel_executor.executor.parallel:closing loop
[32.627s] DEBUG:colcon.colcon_parallel_executor.executor.parallel:loop closed
[32.627s] DEBUG:colcon.colcon_parallel_executor.executor.parallel:run_until_complete finished with '0'
[32.627s] DEBUG:colcon.colcon_core.event_reactor:joining thread
[32.631s] INFO:colcon.colcon_core.plugin_system:Skipping extension 'colcon_notification.desktop_notification.terminal_notifier': Not used on non-Darwin systems
[32.631s] INFO:colcon.colcon_core.plugin_system:Skipping extension 'colcon_notification.desktop_notification.win32': Not used on non-Windows systems
[32.631s] INFO:colcon.colcon_notification.desktop_notification:Sending desktop notification using 'notify2'
[32.638s] DEBUG:colcon.colcon_core.event_reactor:joined thread
[32.639s] INFO:colcon.colcon_core.shell:Creating prefix script '/home/rama/Documents/code/Docker/moonshot_project/ros2_ws/install/local_setup.ps1'
[32.639s] INFO:colcon.colcon_core.shell:Creating prefix util module '/home/rama/Documents/code/Docker/moonshot_project/ros2_ws/install/_local_setup_util_ps1.py'
[32.640s] INFO:colcon.colcon_core.shell:Creating prefix chain script '/home/rama/Documents/code/Docker/moonshot_project/ros2_ws/install/setup.ps1'
[32.641s] INFO:colcon.colcon_core.shell:Creating prefix script '/home/rama/Documents/code/Docker/moonshot_project/ros2_ws/install/local_setup.sh'
[32.642s] INFO:colcon.colcon_core.shell:Creating prefix util module '/home/rama/Documents/code/Docker/moonshot_project/ros2_ws/install/_local_setup_util_sh.py'
[32.642s] INFO:colcon.colcon_core.shell:Creating prefix chain script '/home/rama/Documents/code/Docker/moonshot_project/ros2_ws/install/setup.sh'
[32.643s] INFO:colcon.colcon_core.shell:Creating prefix script '/home/rama/Documents/code/Docker/moonshot_project/ros2_ws/install/local_setup.bash'
[32.643s] INFO:colcon.colcon_core.shell:Creating prefix chain script '/home/rama/Documents/code/Docker/moonshot_project/ros2_ws/install/setup.bash'
[32.644s] INFO:colcon.colcon_core.shell:Creating prefix script '/home/rama/Documents/code/Docker/moonshot_project/ros2_ws/install/local_setup.zsh'
[32.644s] INFO:colcon.colcon_core.shell:Creating prefix chain script '/home/rama/Documents/code/Docker/moonshot_project/ros2_ws/install/setup.zsh'
