[0.066s] DEBUG:colcon:Command line arguments: ['/usr/bin/colcon', 'build', '--cmake-args', '-DROS_EDITION=ROS2', '-DHUMBLE_ROS=humble']
[0.066s] DEBUG:colcon:Parsed command line arguments: Namespace(log_base=None, log_level=None, verb_name='build', build_base='build', install_base='install', merge_install=False, symlink_install=False, test_result_base=None, continue_on_error=False, executor='parallel', parallel_workers=16, event_handlers=None, ignore_user_meta=False, metas=['./colcon.meta'], base_paths=['.'], packages_ignore=None, packages_ignore_regex=None, paths=None, packages_up_to=None, packages_up_to_regex=None, packages_above=None, packages_above_and_dependencies=None, packages_above_depth=None, packages_select_by_dep=None, packages_skip_by_dep=None, packages_skip_up_to=None, packages_select_build_failed=False, packages_skip_build_finished=False, packages_select_test_failures=False, packages_skip_test_passed=False, packages_select=None, packages_skip=None, packages_select_regex=None, packages_skip_regex=None, packages_start=None, packages_end=None, allow_overriding=[], cmake_args=['-DROS_EDITION=ROS2', '-DHUMBLE_ROS=humble'], cmake_target=None, cmake_target_skip_unavailable=False, cmake_clean_cache=False, cmake_clean_first=False, cmake_force_configure=False, ament_cmake_args=None, catkin_cmake_args=None, catkin_skip_building_tests=False, mixin_files=None, mixin=None, verb_parser=<colcon_mixin.mixin.mixin_argument.MixinArgumentDecorator object at 0x79416705f7f0>, verb_extension=<colcon_core.verb.build.BuildVerb object at 0x79416705f160>, main=<bound method BuildVerb.main of <colcon_core.verb.build.BuildVerb object at 0x79416705f160>>, mixin_verb=('build',))
[0.165s] Level 1:colcon.colcon_core.package_discovery:discover_packages(colcon_meta) check parameters
[0.165s] Level 1:colcon.colcon_core.package_discovery:discover_packages(recursive) check parameters
[0.165s] Level 1:colcon.colcon_core.package_discovery:discover_packages(ignore) check parameters
[0.165s] Level 1:colcon.colcon_core.package_discovery:discover_packages(path) check parameters
[0.165s] Level 1:colcon.colcon_core.package_discovery:discover_packages(colcon_meta) discover
[0.165s] Level 1:colcon.colcon_core.package_discovery:discover_packages(recursive) discover
[0.165s] INFO:colcon.colcon_core.package_discovery:Crawling recursively for packages in '/home/rama/Documents/code/Docker/moonshot_project/ros2_ws'
[0.165s] Level 1:colcon.colcon_core.package_identification:_identify(.) by extensions ['ignore', 'ignore_ament_install']
[0.165s] Level 1:colcon.colcon_core.package_identification:_identify(.) by extension 'ignore'
[0.165s] Level 1:colcon.colcon_core.package_identification:_identify(.) by extension 'ignore_ament_install'
[0.165s] Level 1:colcon.colcon_core.package_identification:_identify(.) by extensions ['colcon_pkg']
[0.165s] Level 1:colcon.colcon_core.package_identification:_identify(.) by extension 'colcon_pkg'
[0.165s] Level 1:colcon.colcon_core.package_identification:_identify(.) by extensions ['colcon_meta']
[0.165s] Level 1:colcon.colcon_core.package_identification:_identify(.) by extension 'colcon_meta'
[0.165s] Level 1:colcon.colcon_core.package_identification:_identify(.) by extensions ['ros']
[0.165s] Level 1:colcon.colcon_core.package_identification:_identify(.) by extension 'ros'
[0.172s] Level 1:colcon.colcon_core.package_identification:_identify(.) by extensions ['cmake', 'python']
[0.172s] Level 1:colcon.colcon_core.package_identification:_identify(.) by extension 'cmake'
[0.172s] Level 1:colcon.colcon_core.package_identification:_identify(.) by extension 'python'
[0.172s] Level 1:colcon.colcon_core.package_identification:_identify(.) by extensions ['python_setup_py']
[0.172s] Level 1:colcon.colcon_core.package_identification:_identify(.) by extension 'python_setup_py'
[0.172s] Level 1:colcon.colcon_core.package_identification:_identify(build) by extensions ['ignore', 'ignore_ament_install']
[0.172s] Level 1:colcon.colcon_core.package_identification:_identify(build) by extension 'ignore'
[0.172s] Level 1:colcon.colcon_core.package_identification:_identify(build) ignored
[0.172s] Level 1:colcon.colcon_core.package_identification:_identify(install) by extensions ['ignore', 'ignore_ament_install']
[0.172s] Level 1:colcon.colcon_core.package_identification:_identify(install) by extension 'ignore'
[0.172s] Level 1:colcon.colcon_core.package_identification:_identify(install) ignored
[0.172s] Level 1:colcon.colcon_core.package_identification:_identify(log) by extensions ['ignore', 'ignore_ament_install']
[0.172s] Level 1:colcon.colcon_core.package_identification:_identify(log) by extension 'ignore'
[0.172s] Level 1:colcon.colcon_core.package_identification:_identify(log) ignored
[0.172s] Level 1:colcon.colcon_core.package_identification:_identify(src) by extensions ['ignore', 'ignore_ament_install']
[0.172s] Level 1:colcon.colcon_core.package_identification:_identify(src) by extension 'ignore'
[0.172s] Level 1:colcon.colcon_core.package_identification:_identify(src) by extension 'ignore_ament_install'
[0.173s] Level 1:colcon.colcon_core.package_identification:_identify(src) by extensions ['colcon_pkg']
[0.173s] Level 1:colcon.colcon_core.package_identification:_identify(src) by extension 'colcon_pkg'
[0.173s] Level 1:colcon.colcon_core.package_identification:_identify(src) by extensions ['colcon_meta']
[0.173s] Level 1:colcon.colcon_core.package_identification:_identify(src) by extension 'colcon_meta'
[0.173s] Level 1:colcon.colcon_core.package_identification:_identify(src) by extensions ['ros']
[0.173s] Level 1:colcon.colcon_core.package_identification:_identify(src) by extension 'ros'
[0.173s] Level 1:colcon.colcon_core.package_identification:_identify(src) by extensions ['cmake', 'python']
[0.173s] Level 1:colcon.colcon_core.package_identification:_identify(src) by extension 'cmake'
[0.173s] Level 1:colcon.colcon_core.package_identification:_identify(src) by extension 'python'
[0.173s] Level 1:colcon.colcon_core.package_identification:_identify(src) by extensions ['python_setup_py']
[0.173s] Level 1:colcon.colcon_core.package_identification:_identify(src) by extension 'python_setup_py'
[0.173s] Level 1:colcon.colcon_core.package_identification:_identify(src/kinova_gen3_lite_control) by extensions ['ignore', 'ignore_ament_install']
[0.173s] Level 1:colcon.colcon_core.package_identification:_identify(src/kinova_gen3_lite_control) by extension 'ignore'
[0.173s] Level 1:colcon.colcon_core.package_identification:_identify(src/kinova_gen3_lite_control) by extension 'ignore_ament_install'
[0.173s] Level 1:colcon.colcon_core.package_identification:_identify(src/kinova_gen3_lite_control) by extensions ['colcon_pkg']
[0.173s] Level 1:colcon.colcon_core.package_identification:_identify(src/kinova_gen3_lite_control) by extension 'colcon_pkg'
[0.173s] Level 1:colcon.colcon_core.package_identification:_identify(src/kinova_gen3_lite_control) by extensions ['colcon_meta']
[0.173s] Level 1:colcon.colcon_core.package_identification:_identify(src/kinova_gen3_lite_control) by extension 'colcon_meta'
[0.173s] Level 1:colcon.colcon_core.package_identification:_identify(src/kinova_gen3_lite_control) by extensions ['ros']
[0.173s] Level 1:colcon.colcon_core.package_identification:_identify(src/kinova_gen3_lite_control) by extension 'ros'
[0.173s] Level 1:colcon.colcon_core.package_identification:_identify(src/kinova_gen3_lite_control) by extensions ['cmake', 'python']
[0.173s] Level 1:colcon.colcon_core.package_identification:_identify(src/kinova_gen3_lite_control) by extension 'cmake'
[0.173s] Level 1:colcon.colcon_core.package_identification:_identify(src/kinova_gen3_lite_control) by extension 'python'
[0.173s] Level 1:colcon.colcon_core.package_identification:_identify(src/kinova_gen3_lite_control) by extensions ['python_setup_py']
[0.173s] Level 1:colcon.colcon_core.package_identification:_identify(src/kinova_gen3_lite_control) by extension 'python_setup_py'
[0.173s] Level 1:colcon.colcon_core.package_identification:_identify(src/lidar_integration) by extensions ['ignore', 'ignore_ament_install']
[0.173s] Level 1:colcon.colcon_core.package_identification:_identify(src/lidar_integration) by extension 'ignore'
[0.173s] Level 1:colcon.colcon_core.package_identification:_identify(src/lidar_integration) by extension 'ignore_ament_install'
[0.173s] Level 1:colcon.colcon_core.package_identification:_identify(src/lidar_integration) by extensions ['colcon_pkg']
[0.173s] Level 1:colcon.colcon_core.package_identification:_identify(src/lidar_integration) by extension 'colcon_pkg'
[0.173s] Level 1:colcon.colcon_core.package_identification:_identify(src/lidar_integration) by extensions ['colcon_meta']
[0.173s] Level 1:colcon.colcon_core.package_identification:_identify(src/lidar_integration) by extension 'colcon_meta'
[0.173s] Level 1:colcon.colcon_core.package_identification:_identify(src/lidar_integration) by extensions ['ros']
[0.173s] Level 1:colcon.colcon_core.package_identification:_identify(src/lidar_integration) by extension 'ros'
[0.173s] Level 1:colcon.colcon_core.package_identification:_identify(src/lidar_integration) by extensions ['cmake', 'python']
[0.173s] Level 1:colcon.colcon_core.package_identification:_identify(src/lidar_integration) by extension 'cmake'
[0.173s] Level 1:colcon.colcon_core.package_identification:_identify(src/lidar_integration) by extension 'python'
[0.173s] Level 1:colcon.colcon_core.package_identification:_identify(src/lidar_integration) by extensions ['python_setup_py']
[0.173s] Level 1:colcon.colcon_core.package_identification:_identify(src/lidar_integration) by extension 'python_setup_py'
[0.174s] Level 1:colcon.colcon_core.package_identification:_identify(src/livox_ros_driver2) by extensions ['ignore', 'ignore_ament_install']
[0.174s] Level 1:colcon.colcon_core.package_identification:_identify(src/livox_ros_driver2) by extension 'ignore'
[0.174s] Level 1:colcon.colcon_core.package_identification:_identify(src/livox_ros_driver2) by extension 'ignore_ament_install'
[0.174s] Level 1:colcon.colcon_core.package_identification:_identify(src/livox_ros_driver2) by extensions ['colcon_pkg']
[0.174s] Level 1:colcon.colcon_core.package_identification:_identify(src/livox_ros_driver2) by extension 'colcon_pkg'
[0.174s] Level 1:colcon.colcon_core.package_identification:_identify(src/livox_ros_driver2) by extensions ['colcon_meta']
[0.174s] Level 1:colcon.colcon_core.package_identification:_identify(src/livox_ros_driver2) by extension 'colcon_meta'
[0.174s] Level 1:colcon.colcon_core.package_identification:_identify(src/livox_ros_driver2) by extensions ['ros']
[0.174s] Level 1:colcon.colcon_core.package_identification:_identify(src/livox_ros_driver2) by extension 'ros'
[0.176s] DEBUG:colcon.colcon_core.package_identification:Package 'src/livox_ros_driver2' with type 'ros.ament_cmake' and name 'livox_ros_driver2'
[0.176s] Level 1:colcon.colcon_core.package_identification:_identify(src/moving_table_interfaces) by extensions ['ignore', 'ignore_ament_install']
[0.176s] Level 1:colcon.colcon_core.package_identification:_identify(src/moving_table_interfaces) by extension 'ignore'
[0.176s] Level 1:colcon.colcon_core.package_identification:_identify(src/moving_table_interfaces) by extension 'ignore_ament_install'
[0.176s] Level 1:colcon.colcon_core.package_identification:_identify(src/moving_table_interfaces) by extensions ['colcon_pkg']
[0.176s] Level 1:colcon.colcon_core.package_identification:_identify(src/moving_table_interfaces) by extension 'colcon_pkg'
[0.176s] Level 1:colcon.colcon_core.package_identification:_identify(src/moving_table_interfaces) by extensions ['colcon_meta']
[0.176s] Level 1:colcon.colcon_core.package_identification:_identify(src/moving_table_interfaces) by extension 'colcon_meta'
[0.176s] Level 1:colcon.colcon_core.package_identification:_identify(src/moving_table_interfaces) by extensions ['ros']
[0.176s] Level 1:colcon.colcon_core.package_identification:_identify(src/moving_table_interfaces) by extension 'ros'
[0.176s] DEBUG:colcon.colcon_core.package_identification:Package 'src/moving_table_interfaces' with type 'ros.ament_cmake' and name 'moving_table_interfaces'
[0.176s] Level 1:colcon.colcon_core.package_identification:_identify(src/moving_table_pkg) by extensions ['ignore', 'ignore_ament_install']
[0.176s] Level 1:colcon.colcon_core.package_identification:_identify(src/moving_table_pkg) by extension 'ignore'
[0.176s] Level 1:colcon.colcon_core.package_identification:_identify(src/moving_table_pkg) by extension 'ignore_ament_install'
[0.176s] Level 1:colcon.colcon_core.package_identification:_identify(src/moving_table_pkg) by extensions ['colcon_pkg']
[0.176s] Level 1:colcon.colcon_core.package_identification:_identify(src/moving_table_pkg) by extension 'colcon_pkg'
[0.176s] Level 1:colcon.colcon_core.package_identification:_identify(src/moving_table_pkg) by extensions ['colcon_meta']
[0.177s] Level 1:colcon.colcon_core.package_identification:_identify(src/moving_table_pkg) by extension 'colcon_meta'
[0.177s] Level 1:colcon.colcon_core.package_identification:_identify(src/moving_table_pkg) by extensions ['ros']
[0.177s] Level 1:colcon.colcon_core.package_identification:_identify(src/moving_table_pkg) by extension 'ros'
[0.177s] DEBUG:colcon.colcon_core.package_identification:Package 'src/moving_table_pkg' with type 'ros.ament_python' and name 'moving_table_pkg'
[0.177s] Level 1:colcon.colcon_core.package_identification:_identify(src/ros2_kortex) by extensions ['ignore', 'ignore_ament_install']
[0.177s] Level 1:colcon.colcon_core.package_identification:_identify(src/ros2_kortex) by extension 'ignore'
[0.177s] Level 1:colcon.colcon_core.package_identification:_identify(src/ros2_kortex) by extension 'ignore_ament_install'
[0.177s] Level 1:colcon.colcon_core.package_identification:_identify(src/ros2_kortex) by extensions ['colcon_pkg']
[0.177s] Level 1:colcon.colcon_core.package_identification:_identify(src/ros2_kortex) by extension 'colcon_pkg'
[0.177s] Level 1:colcon.colcon_core.package_identification:_identify(src/ros2_kortex) by extensions ['colcon_meta']
[0.177s] Level 1:colcon.colcon_core.package_identification:_identify(src/ros2_kortex) by extension 'colcon_meta'
[0.177s] Level 1:colcon.colcon_core.package_identification:_identify(src/ros2_kortex) by extensions ['ros']
[0.177s] Level 1:colcon.colcon_core.package_identification:_identify(src/ros2_kortex) by extension 'ros'
[0.177s] Level 1:colcon.colcon_core.package_identification:_identify(src/ros2_kortex) by extensions ['cmake', 'python']
[0.177s] Level 1:colcon.colcon_core.package_identification:_identify(src/ros2_kortex) by extension 'cmake'
[0.177s] Level 1:colcon.colcon_core.package_identification:_identify(src/ros2_kortex) by extension 'python'
[0.177s] Level 1:colcon.colcon_core.package_identification:_identify(src/ros2_kortex) by extensions ['python_setup_py']
[0.177s] Level 1:colcon.colcon_core.package_identification:_identify(src/ros2_kortex) by extension 'python_setup_py'
[0.177s] Level 1:colcon.colcon_core.package_identification:_identify(src/ros2_kortex/3rdParty) by extensions ['ignore', 'ignore_ament_install']
[0.177s] Level 1:colcon.colcon_core.package_identification:_identify(src/ros2_kortex/3rdParty) by extension 'ignore'
[0.177s] Level 1:colcon.colcon_core.package_identification:_identify(src/ros2_kortex/3rdParty) by extension 'ignore_ament_install'
[0.177s] Level 1:colcon.colcon_core.package_identification:_identify(src/ros2_kortex/3rdParty) by extensions ['colcon_pkg']
[0.177s] Level 1:colcon.colcon_core.package_identification:_identify(src/ros2_kortex/3rdParty) by extension 'colcon_pkg'
[0.177s] Level 1:colcon.colcon_core.package_identification:_identify(src/ros2_kortex/3rdParty) by extensions ['colcon_meta']
[0.177s] Level 1:colcon.colcon_core.package_identification:_identify(src/ros2_kortex/3rdParty) by extension 'colcon_meta'
[0.178s] Level 1:colcon.colcon_core.package_identification:_identify(src/ros2_kortex/3rdParty) by extensions ['ros']
[0.178s] Level 1:colcon.colcon_core.package_identification:_identify(src/ros2_kortex/3rdParty) by extension 'ros'
[0.178s] Level 1:colcon.colcon_core.package_identification:_identify(src/ros2_kortex/3rdParty) by extensions ['cmake', 'python']
[0.178s] Level 1:colcon.colcon_core.package_identification:_identify(src/ros2_kortex/3rdParty) by extension 'cmake'
[0.178s] Level 1:colcon.colcon_core.package_identification:_identify(src/ros2_kortex/3rdParty) by extension 'python'
[0.178s] Level 1:colcon.colcon_core.package_identification:_identify(src/ros2_kortex/3rdParty) by extensions ['python_setup_py']
[0.178s] Level 1:colcon.colcon_core.package_identification:_identify(src/ros2_kortex/3rdParty) by extension 'python_setup_py'
[0.178s] Level 1:colcon.colcon_core.package_identification:_identify(src/ros2_kortex/3rdParty/Mobile_platform_integration) by extensions ['ignore', 'ignore_ament_install']
[0.178s] Level 1:colcon.colcon_core.package_identification:_identify(src/ros2_kortex/3rdParty/Mobile_platform_integration) by extension 'ignore'
[0.178s] Level 1:colcon.colcon_core.package_identification:_identify(src/ros2_kortex/3rdParty/Mobile_platform_integration) by extension 'ignore_ament_install'
[0.178s] Level 1:colcon.colcon_core.package_identification:_identify(src/ros2_kortex/3rdParty/Mobile_platform_integration) by extensions ['colcon_pkg']
[0.178s] Level 1:colcon.colcon_core.package_identification:_identify(src/ros2_kortex/3rdParty/Mobile_platform_integration) by extension 'colcon_pkg'
[0.178s] Level 1:colcon.colcon_core.package_identification:_identify(src/ros2_kortex/3rdParty/Mobile_platform_integration) by extensions ['colcon_meta']
[0.178s] Level 1:colcon.colcon_core.package_identification:_identify(src/ros2_kortex/3rdParty/Mobile_platform_integration) by extension 'colcon_meta'
[0.178s] Level 1:colcon.colcon_core.package_identification:_identify(src/ros2_kortex/3rdParty/Mobile_platform_integration) by extensions ['ros']
[0.178s] Level 1:colcon.colcon_core.package_identification:_identify(src/ros2_kortex/3rdParty/Mobile_platform_integration) by extension 'ros'
[0.178s] Level 1:colcon.colcon_core.package_identification:_identify(src/ros2_kortex/3rdParty/Mobile_platform_integration) by extensions ['cmake', 'python']
[0.178s] Level 1:colcon.colcon_core.package_identification:_identify(src/ros2_kortex/3rdParty/Mobile_platform_integration) by extension 'cmake'
[0.178s] Level 1:colcon.colcon_core.package_identification:_identify(src/ros2_kortex/3rdParty/Mobile_platform_integration) by extension 'python'
[0.178s] Level 1:colcon.colcon_core.package_identification:_identify(src/ros2_kortex/3rdParty/Mobile_platform_integration) by extensions ['python_setup_py']
[0.178s] Level 1:colcon.colcon_core.package_identification:_identify(src/ros2_kortex/3rdParty/Mobile_platform_integration) by extension 'python_setup_py'
[0.178s] Level 1:colcon.colcon_core.package_identification:_identify(src/ros2_kortex/3rdParty/Mobile_platform_integration/clearpath) by extensions ['ignore', 'ignore_ament_install']
[0.178s] Level 1:colcon.colcon_core.package_identification:_identify(src/ros2_kortex/3rdParty/Mobile_platform_integration/clearpath) by extension 'ignore'
[0.178s] Level 1:colcon.colcon_core.package_identification:_identify(src/ros2_kortex/3rdParty/Mobile_platform_integration/clearpath) by extension 'ignore_ament_install'
[0.178s] Level 1:colcon.colcon_core.package_identification:_identify(src/ros2_kortex/3rdParty/Mobile_platform_integration/clearpath) by extensions ['colcon_pkg']
[0.178s] Level 1:colcon.colcon_core.package_identification:_identify(src/ros2_kortex/3rdParty/Mobile_platform_integration/clearpath) by extension 'colcon_pkg'
[0.178s] Level 1:colcon.colcon_core.package_identification:_identify(src/ros2_kortex/3rdParty/Mobile_platform_integration/clearpath) by extensions ['colcon_meta']
[0.178s] Level 1:colcon.colcon_core.package_identification:_identify(src/ros2_kortex/3rdParty/Mobile_platform_integration/clearpath) by extension 'colcon_meta'
[0.178s] Level 1:colcon.colcon_core.package_identification:_identify(src/ros2_kortex/3rdParty/Mobile_platform_integration/clearpath) by extensions ['ros']
[0.178s] Level 1:colcon.colcon_core.package_identification:_identify(src/ros2_kortex/3rdParty/Mobile_platform_integration/clearpath) by extension 'ros'
[0.178s] Level 1:colcon.colcon_core.package_identification:_identify(src/ros2_kortex/3rdParty/Mobile_platform_integration/clearpath) by extensions ['cmake', 'python']
[0.178s] Level 1:colcon.colcon_core.package_identification:_identify(src/ros2_kortex/3rdParty/Mobile_platform_integration/clearpath) by extension 'cmake'
[0.178s] Level 1:colcon.colcon_core.package_identification:_identify(src/ros2_kortex/3rdParty/Mobile_platform_integration/clearpath) by extension 'python'
[0.178s] Level 1:colcon.colcon_core.package_identification:_identify(src/ros2_kortex/3rdParty/Mobile_platform_integration/clearpath) by extensions ['python_setup_py']
[0.178s] Level 1:colcon.colcon_core.package_identification:_identify(src/ros2_kortex/3rdParty/Mobile_platform_integration/clearpath) by extension 'python_setup_py'
[0.178s] Level 1:colcon.colcon_core.package_identification:_identify(src/ros2_kortex/doc) by extensions ['ignore', 'ignore_ament_install']
[0.179s] Level 1:colcon.colcon_core.package_identification:_identify(src/ros2_kortex/doc) by extension 'ignore'
[0.179s] Level 1:colcon.colcon_core.package_identification:_identify(src/ros2_kortex/doc) by extension 'ignore_ament_install'
[0.179s] Level 1:colcon.colcon_core.package_identification:_identify(src/ros2_kortex/doc) by extensions ['colcon_pkg']
[0.179s] Level 1:colcon.colcon_core.package_identification:_identify(src/ros2_kortex/doc) by extension 'colcon_pkg'
[0.179s] Level 1:colcon.colcon_core.package_identification:_identify(src/ros2_kortex/doc) by extensions ['colcon_meta']
[0.179s] Level 1:colcon.colcon_core.package_identification:_identify(src/ros2_kortex/doc) by extension 'colcon_meta'
[0.179s] Level 1:colcon.colcon_core.package_identification:_identify(src/ros2_kortex/doc) by extensions ['ros']
[0.179s] Level 1:colcon.colcon_core.package_identification:_identify(src/ros2_kortex/doc) by extension 'ros'
[0.179s] Level 1:colcon.colcon_core.package_identification:_identify(src/ros2_kortex/doc) by extensions ['cmake', 'python']
[0.179s] Level 1:colcon.colcon_core.package_identification:_identify(src/ros2_kortex/doc) by extension 'cmake'
[0.179s] Level 1:colcon.colcon_core.package_identification:_identify(src/ros2_kortex/doc) by extension 'python'
[0.179s] Level 1:colcon.colcon_core.package_identification:_identify(src/ros2_kortex/doc) by extensions ['python_setup_py']
[0.179s] Level 1:colcon.colcon_core.package_identification:_identify(src/ros2_kortex/doc) by extension 'python_setup_py'
[0.179s] Level 1:colcon.colcon_core.package_identification:_identify(src/ros2_kortex/doc/resources) by extensions ['ignore', 'ignore_ament_install']
[0.179s] Level 1:colcon.colcon_core.package_identification:_identify(src/ros2_kortex/doc/resources) by extension 'ignore'
[0.179s] Level 1:colcon.colcon_core.package_identification:_identify(src/ros2_kortex/doc/resources) by extension 'ignore_ament_install'
[0.179s] Level 1:colcon.colcon_core.package_identification:_identify(src/ros2_kortex/doc/resources) by extensions ['colcon_pkg']
[0.179s] Level 1:colcon.colcon_core.package_identification:_identify(src/ros2_kortex/doc/resources) by extension 'colcon_pkg'
[0.179s] Level 1:colcon.colcon_core.package_identification:_identify(src/ros2_kortex/doc/resources) by extensions ['colcon_meta']
[0.179s] Level 1:colcon.colcon_core.package_identification:_identify(src/ros2_kortex/doc/resources) by extension 'colcon_meta'
[0.179s] Level 1:colcon.colcon_core.package_identification:_identify(src/ros2_kortex/doc/resources) by extensions ['ros']
[0.179s] Level 1:colcon.colcon_core.package_identification:_identify(src/ros2_kortex/doc/resources) by extension 'ros'
[0.179s] Level 1:colcon.colcon_core.package_identification:_identify(src/ros2_kortex/doc/resources) by extensions ['cmake', 'python']
[0.179s] Level 1:colcon.colcon_core.package_identification:_identify(src/ros2_kortex/doc/resources) by extension 'cmake'
[0.179s] Level 1:colcon.colcon_core.package_identification:_identify(src/ros2_kortex/doc/resources) by extension 'python'
[0.179s] Level 1:colcon.colcon_core.package_identification:_identify(src/ros2_kortex/doc/resources) by extensions ['python_setup_py']
[0.179s] Level 1:colcon.colcon_core.package_identification:_identify(src/ros2_kortex/doc/resources) by extension 'python_setup_py'
[0.179s] Level 1:colcon.colcon_core.package_identification:_identify(src/ros2_kortex/kortex_api) by extensions ['ignore', 'ignore_ament_install']
[0.179s] Level 1:colcon.colcon_core.package_identification:_identify(src/ros2_kortex/kortex_api) by extension 'ignore'
[0.179s] Level 1:colcon.colcon_core.package_identification:_identify(src/ros2_kortex/kortex_api) by extension 'ignore_ament_install'
[0.179s] Level 1:colcon.colcon_core.package_identification:_identify(src/ros2_kortex/kortex_api) by extensions ['colcon_pkg']
[0.179s] Level 1:colcon.colcon_core.package_identification:_identify(src/ros2_kortex/kortex_api) by extension 'colcon_pkg'
[0.179s] Level 1:colcon.colcon_core.package_identification:_identify(src/ros2_kortex/kortex_api) by extensions ['colcon_meta']
[0.179s] Level 1:colcon.colcon_core.package_identification:_identify(src/ros2_kortex/kortex_api) by extension 'colcon_meta'
[0.179s] Level 1:colcon.colcon_core.package_identification:_identify(src/ros2_kortex/kortex_api) by extensions ['ros']
[0.179s] Level 1:colcon.colcon_core.package_identification:_identify(src/ros2_kortex/kortex_api) by extension 'ros'
[0.180s] DEBUG:colcon.colcon_core.package_identification:Package 'src/ros2_kortex/kortex_api' with type 'ros.ament_cmake' and name 'kortex_api'
[0.180s] Level 1:colcon.colcon_core.package_identification:_identify(src/ros2_kortex/kortex_bringup) by extensions ['ignore', 'ignore_ament_install']
[0.180s] Level 1:colcon.colcon_core.package_identification:_identify(src/ros2_kortex/kortex_bringup) by extension 'ignore'
[0.180s] Level 1:colcon.colcon_core.package_identification:_identify(src/ros2_kortex/kortex_bringup) by extension 'ignore_ament_install'
[0.180s] Level 1:colcon.colcon_core.package_identification:_identify(src/ros2_kortex/kortex_bringup) by extensions ['colcon_pkg']
[0.180s] Level 1:colcon.colcon_core.package_identification:_identify(src/ros2_kortex/kortex_bringup) by extension 'colcon_pkg'
[0.180s] Level 1:colcon.colcon_core.package_identification:_identify(src/ros2_kortex/kortex_bringup) by extensions ['colcon_meta']
[0.180s] Level 1:colcon.colcon_core.package_identification:_identify(src/ros2_kortex/kortex_bringup) by extension 'colcon_meta'
[0.180s] Level 1:colcon.colcon_core.package_identification:_identify(src/ros2_kortex/kortex_bringup) by extensions ['ros']
[0.180s] Level 1:colcon.colcon_core.package_identification:_identify(src/ros2_kortex/kortex_bringup) by extension 'ros'
[0.180s] DEBUG:colcon.colcon_core.package_identification:Package 'src/ros2_kortex/kortex_bringup' with type 'ros.ament_cmake' and name 'kortex_bringup'
[0.181s] Level 1:colcon.colcon_core.package_identification:_identify(src/ros2_kortex/kortex_description) by extensions ['ignore', 'ignore_ament_install']
[0.181s] Level 1:colcon.colcon_core.package_identification:_identify(src/ros2_kortex/kortex_description) by extension 'ignore'
[0.181s] Level 1:colcon.colcon_core.package_identification:_identify(src/ros2_kortex/kortex_description) by extension 'ignore_ament_install'
[0.181s] Level 1:colcon.colcon_core.package_identification:_identify(src/ros2_kortex/kortex_description) by extensions ['colcon_pkg']
[0.181s] Level 1:colcon.colcon_core.package_identification:_identify(src/ros2_kortex/kortex_description) by extension 'colcon_pkg'
[0.181s] Level 1:colcon.colcon_core.package_identification:_identify(src/ros2_kortex/kortex_description) by extensions ['colcon_meta']
[0.181s] Level 1:colcon.colcon_core.package_identification:_identify(src/ros2_kortex/kortex_description) by extension 'colcon_meta'
[0.181s] Level 1:colcon.colcon_core.package_identification:_identify(src/ros2_kortex/kortex_description) by extensions ['ros']
[0.181s] Level 1:colcon.colcon_core.package_identification:_identify(src/ros2_kortex/kortex_description) by extension 'ros'
[0.181s] DEBUG:colcon.colcon_core.package_identification:Package 'src/ros2_kortex/kortex_description' with type 'ros.ament_cmake' and name 'kortex_description'
[0.181s] Level 1:colcon.colcon_core.package_identification:_identify(src/ros2_kortex/kortex_driver) by extensions ['ignore', 'ignore_ament_install']
[0.181s] Level 1:colcon.colcon_core.package_identification:_identify(src/ros2_kortex/kortex_driver) by extension 'ignore'
[0.181s] Level 1:colcon.colcon_core.package_identification:_identify(src/ros2_kortex/kortex_driver) by extension 'ignore_ament_install'
[0.181s] Level 1:colcon.colcon_core.package_identification:_identify(src/ros2_kortex/kortex_driver) by extensions ['colcon_pkg']
[0.181s] Level 1:colcon.colcon_core.package_identification:_identify(src/ros2_kortex/kortex_driver) by extension 'colcon_pkg'
[0.181s] Level 1:colcon.colcon_core.package_identification:_identify(src/ros2_kortex/kortex_driver) by extensions ['colcon_meta']
[0.181s] Level 1:colcon.colcon_core.package_identification:_identify(src/ros2_kortex/kortex_driver) by extension 'colcon_meta'
[0.181s] Level 1:colcon.colcon_core.package_identification:_identify(src/ros2_kortex/kortex_driver) by extensions ['ros']
[0.181s] Level 1:colcon.colcon_core.package_identification:_identify(src/ros2_kortex/kortex_driver) by extension 'ros'
[0.182s] DEBUG:colcon.colcon_core.package_identification:Package 'src/ros2_kortex/kortex_driver' with type 'ros.ament_cmake' and name 'kortex_driver'
[0.182s] Level 1:colcon.colcon_core.package_identification:_identify(src/ros2_kortex/kortex_moveit_config) by extensions ['ignore', 'ignore_ament_install']
[0.182s] Level 1:colcon.colcon_core.package_identification:_identify(src/ros2_kortex/kortex_moveit_config) by extension 'ignore'
[0.182s] Level 1:colcon.colcon_core.package_identification:_identify(src/ros2_kortex/kortex_moveit_config) by extension 'ignore_ament_install'
[0.182s] Level 1:colcon.colcon_core.package_identification:_identify(src/ros2_kortex/kortex_moveit_config) by extensions ['colcon_pkg']
[0.182s] Level 1:colcon.colcon_core.package_identification:_identify(src/ros2_kortex/kortex_moveit_config) by extension 'colcon_pkg'
[0.182s] Level 1:colcon.colcon_core.package_identification:_identify(src/ros2_kortex/kortex_moveit_config) by extensions ['colcon_meta']
[0.182s] Level 1:colcon.colcon_core.package_identification:_identify(src/ros2_kortex/kortex_moveit_config) by extension 'colcon_meta'
[0.182s] Level 1:colcon.colcon_core.package_identification:_identify(src/ros2_kortex/kortex_moveit_config) by extensions ['ros']
[0.182s] Level 1:colcon.colcon_core.package_identification:_identify(src/ros2_kortex/kortex_moveit_config) by extension 'ros'
[0.182s] Level 1:colcon.colcon_core.package_identification:_identify(src/ros2_kortex/kortex_moveit_config) by extensions ['cmake', 'python']
[0.182s] Level 1:colcon.colcon_core.package_identification:_identify(src/ros2_kortex/kortex_moveit_config) by extension 'cmake'
[0.182s] Level 1:colcon.colcon_core.package_identification:_identify(src/ros2_kortex/kortex_moveit_config) by extension 'python'
[0.182s] Level 1:colcon.colcon_core.package_identification:_identify(src/ros2_kortex/kortex_moveit_config) by extensions ['python_setup_py']
[0.182s] Level 1:colcon.colcon_core.package_identification:_identify(src/ros2_kortex/kortex_moveit_config) by extension 'python_setup_py'
[0.182s] Level 1:colcon.colcon_core.package_identification:_identify(src/ros2_kortex/kortex_moveit_config/kinova_gen3_6dof_robotiq_2f_85_moveit_config) by extensions ['ignore', 'ignore_ament_install']
[0.182s] Level 1:colcon.colcon_core.package_identification:_identify(src/ros2_kortex/kortex_moveit_config/kinova_gen3_6dof_robotiq_2f_85_moveit_config) by extension 'ignore'
[0.182s] Level 1:colcon.colcon_core.package_identification:_identify(src/ros2_kortex/kortex_moveit_config/kinova_gen3_6dof_robotiq_2f_85_moveit_config) by extension 'ignore_ament_install'
[0.182s] Level 1:colcon.colcon_core.package_identification:_identify(src/ros2_kortex/kortex_moveit_config/kinova_gen3_6dof_robotiq_2f_85_moveit_config) by extensions ['colcon_pkg']
[0.182s] Level 1:colcon.colcon_core.package_identification:_identify(src/ros2_kortex/kortex_moveit_config/kinova_gen3_6dof_robotiq_2f_85_moveit_config) by extension 'colcon_pkg'
[0.182s] Level 1:colcon.colcon_core.package_identification:_identify(src/ros2_kortex/kortex_moveit_config/kinova_gen3_6dof_robotiq_2f_85_moveit_config) by extensions ['colcon_meta']
[0.182s] Level 1:colcon.colcon_core.package_identification:_identify(src/ros2_kortex/kortex_moveit_config/kinova_gen3_6dof_robotiq_2f_85_moveit_config) by extension 'colcon_meta'
[0.182s] Level 1:colcon.colcon_core.package_identification:_identify(src/ros2_kortex/kortex_moveit_config/kinova_gen3_6dof_robotiq_2f_85_moveit_config) by extensions ['ros']
[0.182s] Level 1:colcon.colcon_core.package_identification:_identify(src/ros2_kortex/kortex_moveit_config/kinova_gen3_6dof_robotiq_2f_85_moveit_config) by extension 'ros'
[0.183s] DEBUG:colcon.colcon_core.package_identification:Package 'src/ros2_kortex/kortex_moveit_config/kinova_gen3_6dof_robotiq_2f_85_moveit_config' with type 'ros.ament_cmake' and name 'kinova_gen3_6dof_robotiq_2f_85_moveit_config'
[0.183s] Level 1:colcon.colcon_core.package_identification:_identify(src/ros2_kortex/kortex_moveit_config/kinova_gen3_7dof_robotiq_2f_85_moveit_config) by extensions ['ignore', 'ignore_ament_install']
[0.183s] Level 1:colcon.colcon_core.package_identification:_identify(src/ros2_kortex/kortex_moveit_config/kinova_gen3_7dof_robotiq_2f_85_moveit_config) by extension 'ignore'
[0.183s] Level 1:colcon.colcon_core.package_identification:_identify(src/ros2_kortex/kortex_moveit_config/kinova_gen3_7dof_robotiq_2f_85_moveit_config) by extension 'ignore_ament_install'
[0.183s] Level 1:colcon.colcon_core.package_identification:_identify(src/ros2_kortex/kortex_moveit_config/kinova_gen3_7dof_robotiq_2f_85_moveit_config) by extensions ['colcon_pkg']
[0.183s] Level 1:colcon.colcon_core.package_identification:_identify(src/ros2_kortex/kortex_moveit_config/kinova_gen3_7dof_robotiq_2f_85_moveit_config) by extension 'colcon_pkg'
[0.183s] Level 1:colcon.colcon_core.package_identification:_identify(src/ros2_kortex/kortex_moveit_config/kinova_gen3_7dof_robotiq_2f_85_moveit_config) by extensions ['colcon_meta']
[0.183s] Level 1:colcon.colcon_core.package_identification:_identify(src/ros2_kortex/kortex_moveit_config/kinova_gen3_7dof_robotiq_2f_85_moveit_config) by extension 'colcon_meta'
[0.183s] Level 1:colcon.colcon_core.package_identification:_identify(src/ros2_kortex/kortex_moveit_config/kinova_gen3_7dof_robotiq_2f_85_moveit_config) by extensions ['ros']
[0.183s] Level 1:colcon.colcon_core.package_identification:_identify(src/ros2_kortex/kortex_moveit_config/kinova_gen3_7dof_robotiq_2f_85_moveit_config) by extension 'ros'
[0.184s] DEBUG:colcon.colcon_core.package_identification:Package 'src/ros2_kortex/kortex_moveit_config/kinova_gen3_7dof_robotiq_2f_85_moveit_config' with type 'ros.ament_cmake' and name 'kinova_gen3_7dof_robotiq_2f_85_moveit_config'
[0.184s] Level 1:colcon.colcon_core.package_identification:_identify(src/ros2_kortex/kortex_moveit_config/kinova_gen3_lite_moveit_config) by extensions ['ignore', 'ignore_ament_install']
[0.184s] Level 1:colcon.colcon_core.package_identification:_identify(src/ros2_kortex/kortex_moveit_config/kinova_gen3_lite_moveit_config) by extension 'ignore'
[0.184s] Level 1:colcon.colcon_core.package_identification:_identify(src/ros2_kortex/kortex_moveit_config/kinova_gen3_lite_moveit_config) by extension 'ignore_ament_install'
[0.184s] Level 1:colcon.colcon_core.package_identification:_identify(src/ros2_kortex/kortex_moveit_config/kinova_gen3_lite_moveit_config) by extensions ['colcon_pkg']
[0.184s] Level 1:colcon.colcon_core.package_identification:_identify(src/ros2_kortex/kortex_moveit_config/kinova_gen3_lite_moveit_config) by extension 'colcon_pkg'
[0.184s] Level 1:colcon.colcon_core.package_identification:_identify(src/ros2_kortex/kortex_moveit_config/kinova_gen3_lite_moveit_config) by extensions ['colcon_meta']
[0.184s] Level 1:colcon.colcon_core.package_identification:_identify(src/ros2_kortex/kortex_moveit_config/kinova_gen3_lite_moveit_config) by extension 'colcon_meta'
[0.184s] Level 1:colcon.colcon_core.package_identification:_identify(src/ros2_kortex/kortex_moveit_config/kinova_gen3_lite_moveit_config) by extensions ['ros']
[0.184s] Level 1:colcon.colcon_core.package_identification:_identify(src/ros2_kortex/kortex_moveit_config/kinova_gen3_lite_moveit_config) by extension 'ros'
[0.185s] DEBUG:colcon.colcon_core.package_identification:Package 'src/ros2_kortex/kortex_moveit_config/kinova_gen3_lite_moveit_config' with type 'ros.ament_cmake' and name 'kinova_gen3_lite_moveit_config'
[0.185s] Level 1:colcon.colcon_core.package_identification:_identify(src/ros2_kortex/kortex_moveit_config/launch) by extensions ['ignore', 'ignore_ament_install']
[0.185s] Level 1:colcon.colcon_core.package_identification:_identify(src/ros2_kortex/kortex_moveit_config/launch) by extension 'ignore'
[0.185s] Level 1:colcon.colcon_core.package_identification:_identify(src/ros2_kortex/kortex_moveit_config/launch) by extension 'ignore_ament_install'
[0.185s] Level 1:colcon.colcon_core.package_identification:_identify(src/ros2_kortex/kortex_moveit_config/launch) by extensions ['colcon_pkg']
[0.185s] Level 1:colcon.colcon_core.package_identification:_identify(src/ros2_kortex/kortex_moveit_config/launch) by extension 'colcon_pkg'
[0.185s] Level 1:colcon.colcon_core.package_identification:_identify(src/ros2_kortex/kortex_moveit_config/launch) by extensions ['colcon_meta']
[0.185s] Level 1:colcon.colcon_core.package_identification:_identify(src/ros2_kortex/kortex_moveit_config/launch) by extension 'colcon_meta'
[0.185s] Level 1:colcon.colcon_core.package_identification:_identify(src/ros2_kortex/kortex_moveit_config/launch) by extensions ['ros']
[0.185s] Level 1:colcon.colcon_core.package_identification:_identify(src/ros2_kortex/kortex_moveit_config/launch) by extension 'ros'
[0.185s] Level 1:colcon.colcon_core.package_identification:_identify(src/ros2_kortex/kortex_moveit_config/launch) by extensions ['cmake', 'python']
[0.185s] Level 1:colcon.colcon_core.package_identification:_identify(src/ros2_kortex/kortex_moveit_config/launch) by extension 'cmake'
[0.185s] Level 1:colcon.colcon_core.package_identification:_identify(src/ros2_kortex/kortex_moveit_config/launch) by extension 'python'
[0.185s] Level 1:colcon.colcon_core.package_identification:_identify(src/ros2_kortex/kortex_moveit_config/launch) by extensions ['python_setup_py']
[0.185s] Level 1:colcon.colcon_core.package_identification:_identify(src/ros2_kortex/kortex_moveit_config/launch) by extension 'python_setup_py'
[0.185s] Level 1:colcon.colcon_core.package_discovery:discover_packages(recursive) using defaults
[0.185s] Level 1:colcon.colcon_core.package_discovery:discover_packages(ignore) discover
[0.185s] Level 1:colcon.colcon_core.package_discovery:discover_packages(ignore) using defaults
[0.185s] Level 1:colcon.colcon_core.package_discovery:discover_packages(path) discover
[0.185s] Level 1:colcon.colcon_core.package_discovery:discover_packages(path) using defaults
[0.204s] Level 1:colcon.colcon_core.package_discovery:discover_packages(prefix_path) check parameters
[0.204s] Level 1:colcon.colcon_core.package_discovery:discover_packages(prefix_path) discover
[0.205s] WARNING:colcon.colcon_ros.prefix_path.ament:The path '/home/rama/Documents/code/Docker/moonshot_project/ros2_ws/install/moving_table_pkg' in the environment variable AMENT_PREFIX_PATH doesn't exist
[0.205s] WARNING:colcon.colcon_ros.prefix_path.ament:The path '/home/rama/Documents/code/Docker/moonshot_project/ros2_ws/install/moving_table_interfaces' in the environment variable AMENT_PREFIX_PATH doesn't exist
[0.205s] WARNING:colcon.colcon_ros.prefix_path.ament:The path '/home/rama/Documents/code/Docker/moonshot_project/ros2_ws/install/livox_ros_driver2' in the environment variable AMENT_PREFIX_PATH doesn't exist
[0.205s] WARNING:colcon.colcon_ros.prefix_path.ament:The path '/home/rama/Documents/code/Docker/moonshot_project/ros2_ws/install/kortex_bringup' in the environment variable AMENT_PREFIX_PATH doesn't exist
[0.205s] WARNING:colcon.colcon_ros.prefix_path.ament:The path '/home/rama/Documents/code/Docker/moonshot_project/ros2_ws/install/kortex_driver' in the environment variable AMENT_PREFIX_PATH doesn't exist
[0.205s] WARNING:colcon.colcon_ros.prefix_path.ament:The path '/home/rama/Documents/code/Docker/moonshot_project/ros2_ws/install/kinova_gen3_lite_moveit_config' in the environment variable AMENT_PREFIX_PATH doesn't exist
[0.205s] WARNING:colcon.colcon_ros.prefix_path.ament:The path '/home/rama/Documents/code/Docker/moonshot_project/ros2_ws/install/kinova_gen3_7dof_robotiq_2f_85_moveit_config' in the environment variable AMENT_PREFIX_PATH doesn't exist
[0.205s] WARNING:colcon.colcon_ros.prefix_path.ament:The path '/home/rama/Documents/code/Docker/moonshot_project/ros2_ws/install/kinova_gen3_6dof_robotiq_2f_85_moveit_config' in the environment variable AMENT_PREFIX_PATH doesn't exist
[0.205s] WARNING:colcon.colcon_ros.prefix_path.ament:The path '/home/rama/Documents/code/Docker/moonshot_project/ros2_ws/install/kortex_description' in the environment variable AMENT_PREFIX_PATH doesn't exist
[0.205s] WARNING:colcon.colcon_ros.prefix_path.ament:The path '/home/rama/Documents/code/Docker/moonshot_project/ros2_ws/install/kortex_api' in the environment variable AMENT_PREFIX_PATH doesn't exist
[0.205s] WARNING:colcon.colcon_ros.prefix_path.catkin:The path '/home/rama/Documents/code/Docker/moonshot_project/ros2_ws/install/moving_table_interfaces' in the environment variable CMAKE_PREFIX_PATH doesn't exist
[0.205s] WARNING:colcon.colcon_ros.prefix_path.catkin:The path '/home/rama/Documents/code/Docker/moonshot_project/ros2_ws/install/livox_ros_driver2' in the environment variable CMAKE_PREFIX_PATH doesn't exist
[0.205s] WARNING:colcon.colcon_ros.prefix_path.catkin:The path '/home/rama/Documents/code/Docker/moonshot_project/ros2_ws/install/kortex_bringup' in the environment variable CMAKE_PREFIX_PATH doesn't exist
[0.205s] WARNING:colcon.colcon_ros.prefix_path.catkin:The path '/home/rama/Documents/code/Docker/moonshot_project/ros2_ws/install/kortex_driver' in the environment variable CMAKE_PREFIX_PATH doesn't exist
[0.205s] WARNING:colcon.colcon_ros.prefix_path.catkin:The path '/home/rama/Documents/code/Docker/moonshot_project/ros2_ws/install/kinova_gen3_lite_moveit_config' in the environment variable CMAKE_PREFIX_PATH doesn't exist
[0.205s] WARNING:colcon.colcon_ros.prefix_path.catkin:The path '/home/rama/Documents/code/Docker/moonshot_project/ros2_ws/install/kinova_gen3_7dof_robotiq_2f_85_moveit_config' in the environment variable CMAKE_PREFIX_PATH doesn't exist
[0.205s] WARNING:colcon.colcon_ros.prefix_path.catkin:The path '/home/rama/Documents/code/Docker/moonshot_project/ros2_ws/install/kinova_gen3_6dof_robotiq_2f_85_moveit_config' in the environment variable CMAKE_PREFIX_PATH doesn't exist
[0.205s] WARNING:colcon.colcon_ros.prefix_path.catkin:The path '/home/rama/Documents/code/Docker/moonshot_project/ros2_ws/install/kortex_description' in the environment variable CMAKE_PREFIX_PATH doesn't exist
[0.205s] WARNING:colcon.colcon_ros.prefix_path.catkin:The path '/home/rama/Documents/code/Docker/moonshot_project/ros2_ws/install/kortex_api' in the environment variable CMAKE_PREFIX_PATH doesn't exist
[0.206s] DEBUG:colcon.colcon_installed_package_information.package_discovery:Found 0 installed packages in /home/rama/Documents/code/Docker/moonshot_project/ros2_ws/install
[0.207s] DEBUG:colcon.colcon_installed_package_information.package_discovery:Found 299 installed packages in /opt/ros/humble
[0.207s] Level 1:colcon.colcon_core.package_discovery:discover_packages(prefix_path) using defaults
[0.231s] Level 5:colcon.colcon_core.verb:set package 'kortex_api' build argument 'cmake_args' from command line to '['-DROS_EDITION=ROS2', '-DHUMBLE_ROS=humble']'
[0.231s] Level 5:colcon.colcon_core.verb:set package 'kortex_api' build argument 'cmake_target' from command line to 'None'
[0.231s] Level 5:colcon.colcon_core.verb:set package 'kortex_api' build argument 'cmake_target_skip_unavailable' from command line to 'False'
[0.231s] Level 5:colcon.colcon_core.verb:set package 'kortex_api' build argument 'cmake_clean_cache' from command line to 'False'
[0.231s] Level 5:colcon.colcon_core.verb:set package 'kortex_api' build argument 'cmake_clean_first' from command line to 'False'
[0.231s] Level 5:colcon.colcon_core.verb:set package 'kortex_api' build argument 'cmake_force_configure' from command line to 'False'
[0.231s] Level 5:colcon.colcon_core.verb:set package 'kortex_api' build argument 'ament_cmake_args' from command line to 'None'
[0.231s] Level 5:colcon.colcon_core.verb:set package 'kortex_api' build argument 'catkin_cmake_args' from command line to 'None'
[0.231s] Level 5:colcon.colcon_core.verb:set package 'kortex_api' build argument 'catkin_skip_building_tests' from command line to 'False'
[0.231s] DEBUG:colcon.colcon_core.verb:Building package 'kortex_api' with the following arguments: {'ament_cmake_args': None, 'build_base': '/home/rama/Documents/code/Docker/moonshot_project/ros2_ws/build/kortex_api', 'catkin_cmake_args': None, 'catkin_skip_building_tests': False, 'cmake_args': ['-DROS_EDITION=ROS2', '-DHUMBLE_ROS=humble'], 'cmake_clean_cache': False, 'cmake_clean_first': False, 'cmake_force_configure': False, 'cmake_target': None, 'cmake_target_skip_unavailable': False, 'install_base': '/home/rama/Documents/code/Docker/moonshot_project/ros2_ws/install/kortex_api', 'merge_install': False, 'path': '/home/rama/Documents/code/Docker/moonshot_project/ros2_ws/src/ros2_kortex/kortex_api', 'symlink_install': False, 'test_result_base': None}
[0.231s] Level 5:colcon.colcon_core.verb:set package 'kortex_description' build argument 'cmake_args' from command line to '['-DROS_EDITION=ROS2', '-DHUMBLE_ROS=humble']'
[0.232s] Level 5:colcon.colcon_core.verb:set package 'kortex_description' build argument 'cmake_target' from command line to 'None'
[0.232s] Level 5:colcon.colcon_core.verb:set package 'kortex_description' build argument 'cmake_target_skip_unavailable' from command line to 'False'
[0.232s] Level 5:colcon.colcon_core.verb:set package 'kortex_description' build argument 'cmake_clean_cache' from command line to 'False'
[0.232s] Level 5:colcon.colcon_core.verb:set package 'kortex_description' build argument 'cmake_clean_first' from command line to 'False'
[0.232s] Level 5:colcon.colcon_core.verb:set package 'kortex_description' build argument 'cmake_force_configure' from command line to 'False'
[0.232s] Level 5:colcon.colcon_core.verb:set package 'kortex_description' build argument 'ament_cmake_args' from command line to 'None'
[0.232s] Level 5:colcon.colcon_core.verb:set package 'kortex_description' build argument 'catkin_cmake_args' from command line to 'None'
[0.232s] Level 5:colcon.colcon_core.verb:set package 'kortex_description' build argument 'catkin_skip_building_tests' from command line to 'False'
[0.232s] DEBUG:colcon.colcon_core.verb:Building package 'kortex_description' with the following arguments: {'ament_cmake_args': None, 'build_base': '/home/rama/Documents/code/Docker/moonshot_project/ros2_ws/build/kortex_description', 'catkin_cmake_args': None, 'catkin_skip_building_tests': False, 'cmake_args': ['-DROS_EDITION=ROS2', '-DHUMBLE_ROS=humble'], 'cmake_clean_cache': False, 'cmake_clean_first': False, 'cmake_force_configure': False, 'cmake_target': None, 'cmake_target_skip_unavailable': False, 'install_base': '/home/rama/Documents/code/Docker/moonshot_project/ros2_ws/install/kortex_description', 'merge_install': False, 'path': '/home/rama/Documents/code/Docker/moonshot_project/ros2_ws/src/ros2_kortex/kortex_description', 'symlink_install': False, 'test_result_base': None}
[0.232s] Level 5:colcon.colcon_core.verb:set package 'livox_ros_driver2' build argument 'cmake_args' from command line to '['-DROS_EDITION=ROS2', '-DHUMBLE_ROS=humble']'
[0.232s] Level 5:colcon.colcon_core.verb:set package 'livox_ros_driver2' build argument 'cmake_target' from command line to 'None'
[0.232s] Level 5:colcon.colcon_core.verb:set package 'livox_ros_driver2' build argument 'cmake_target_skip_unavailable' from command line to 'False'
[0.232s] Level 5:colcon.colcon_core.verb:set package 'livox_ros_driver2' build argument 'cmake_clean_cache' from command line to 'False'
[0.232s] Level 5:colcon.colcon_core.verb:set package 'livox_ros_driver2' build argument 'cmake_clean_first' from command line to 'False'
[0.232s] Level 5:colcon.colcon_core.verb:set package 'livox_ros_driver2' build argument 'cmake_force_configure' from command line to 'False'
[0.232s] Level 5:colcon.colcon_core.verb:set package 'livox_ros_driver2' build argument 'ament_cmake_args' from command line to 'None'
[0.232s] Level 5:colcon.colcon_core.verb:set package 'livox_ros_driver2' build argument 'catkin_cmake_args' from command line to 'None'
[0.232s] Level 5:colcon.colcon_core.verb:set package 'livox_ros_driver2' build argument 'catkin_skip_building_tests' from command line to 'False'
[0.232s] DEBUG:colcon.colcon_core.verb:Building package 'livox_ros_driver2' with the following arguments: {'ament_cmake_args': None, 'build_base': '/home/rama/Documents/code/Docker/moonshot_project/ros2_ws/build/livox_ros_driver2', 'catkin_cmake_args': None, 'catkin_skip_building_tests': False, 'cmake_args': ['-DROS_EDITION=ROS2', '-DHUMBLE_ROS=humble'], 'cmake_clean_cache': False, 'cmake_clean_first': False, 'cmake_force_configure': False, 'cmake_target': None, 'cmake_target_skip_unavailable': False, 'install_base': '/home/rama/Documents/code/Docker/moonshot_project/ros2_ws/install/livox_ros_driver2', 'merge_install': False, 'path': '/home/rama/Documents/code/Docker/moonshot_project/ros2_ws/src/livox_ros_driver2', 'symlink_install': False, 'test_result_base': None}
[0.232s] Level 5:colcon.colcon_core.verb:set package 'moving_table_interfaces' build argument 'cmake_args' from command line to '['-DROS_EDITION=ROS2', '-DHUMBLE_ROS=humble']'
[0.232s] Level 5:colcon.colcon_core.verb:set package 'moving_table_interfaces' build argument 'cmake_target' from command line to 'None'
[0.232s] Level 5:colcon.colcon_core.verb:set package 'moving_table_interfaces' build argument 'cmake_target_skip_unavailable' from command line to 'False'
[0.232s] Level 5:colcon.colcon_core.verb:set package 'moving_table_interfaces' build argument 'cmake_clean_cache' from command line to 'False'
[0.232s] Level 5:colcon.colcon_core.verb:set package 'moving_table_interfaces' build argument 'cmake_clean_first' from command line to 'False'
[0.232s] Level 5:colcon.colcon_core.verb:set package 'moving_table_interfaces' build argument 'cmake_force_configure' from command line to 'False'
[0.232s] Level 5:colcon.colcon_core.verb:set package 'moving_table_interfaces' build argument 'ament_cmake_args' from command line to 'None'
[0.232s] Level 5:colcon.colcon_core.verb:set package 'moving_table_interfaces' build argument 'catkin_cmake_args' from command line to 'None'
[0.232s] Level 5:colcon.colcon_core.verb:set package 'moving_table_interfaces' build argument 'catkin_skip_building_tests' from command line to 'False'
[0.232s] DEBUG:colcon.colcon_core.verb:Building package 'moving_table_interfaces' with the following arguments: {'ament_cmake_args': None, 'build_base': '/home/rama/Documents/code/Docker/moonshot_project/ros2_ws/build/moving_table_interfaces', 'catkin_cmake_args': None, 'catkin_skip_building_tests': False, 'cmake_args': ['-DROS_EDITION=ROS2', '-DHUMBLE_ROS=humble'], 'cmake_clean_cache': False, 'cmake_clean_first': False, 'cmake_force_configure': False, 'cmake_target': None, 'cmake_target_skip_unavailable': False, 'install_base': '/home/rama/Documents/code/Docker/moonshot_project/ros2_ws/install/moving_table_interfaces', 'merge_install': False, 'path': '/home/rama/Documents/code/Docker/moonshot_project/ros2_ws/src/moving_table_interfaces', 'symlink_install': False, 'test_result_base': None}
[0.232s] Level 5:colcon.colcon_core.verb:set package 'moving_table_pkg' build argument 'cmake_args' from command line to '['-DROS_EDITION=ROS2', '-DHUMBLE_ROS=humble']'
[0.233s] Level 5:colcon.colcon_core.verb:set package 'moving_table_pkg' build argument 'cmake_target' from command line to 'None'
[0.233s] Level 5:colcon.colcon_core.verb:set package 'moving_table_pkg' build argument 'cmake_target_skip_unavailable' from command line to 'False'
[0.233s] Level 5:colcon.colcon_core.verb:set package 'moving_table_pkg' build argument 'cmake_clean_cache' from command line to 'False'
[0.233s] Level 5:colcon.colcon_core.verb:set package 'moving_table_pkg' build argument 'cmake_clean_first' from command line to 'False'
[0.233s] Level 5:colcon.colcon_core.verb:set package 'moving_table_pkg' build argument 'cmake_force_configure' from command line to 'False'
[0.233s] Level 5:colcon.colcon_core.verb:set package 'moving_table_pkg' build argument 'ament_cmake_args' from command line to 'None'
[0.233s] Level 5:colcon.colcon_core.verb:set package 'moving_table_pkg' build argument 'catkin_cmake_args' from command line to 'None'
[0.233s] Level 5:colcon.colcon_core.verb:set package 'moving_table_pkg' build argument 'catkin_skip_building_tests' from command line to 'False'
[0.233s] DEBUG:colcon.colcon_core.verb:Building package 'moving_table_pkg' with the following arguments: {'ament_cmake_args': None, 'build_base': '/home/rama/Documents/code/Docker/moonshot_project/ros2_ws/build/moving_table_pkg', 'catkin_cmake_args': None, 'catkin_skip_building_tests': False, 'cmake_args': ['-DROS_EDITION=ROS2', '-DHUMBLE_ROS=humble'], 'cmake_clean_cache': False, 'cmake_clean_first': False, 'cmake_force_configure': False, 'cmake_target': None, 'cmake_target_skip_unavailable': False, 'install_base': '/home/rama/Documents/code/Docker/moonshot_project/ros2_ws/install/moving_table_pkg', 'merge_install': False, 'path': '/home/rama/Documents/code/Docker/moonshot_project/ros2_ws/src/moving_table_pkg', 'symlink_install': False, 'test_result_base': None}
[0.233s] Level 5:colcon.colcon_core.verb:set package 'kinova_gen3_6dof_robotiq_2f_85_moveit_config' build argument 'cmake_args' from command line to '['-DROS_EDITION=ROS2', '-DHUMBLE_ROS=humble']'
[0.233s] Level 5:colcon.colcon_core.verb:set package 'kinova_gen3_6dof_robotiq_2f_85_moveit_config' build argument 'cmake_target' from command line to 'None'
[0.233s] Level 5:colcon.colcon_core.verb:set package 'kinova_gen3_6dof_robotiq_2f_85_moveit_config' build argument 'cmake_target_skip_unavailable' from command line to 'False'
[0.233s] Level 5:colcon.colcon_core.verb:set package 'kinova_gen3_6dof_robotiq_2f_85_moveit_config' build argument 'cmake_clean_cache' from command line to 'False'
[0.233s] Level 5:colcon.colcon_core.verb:set package 'kinova_gen3_6dof_robotiq_2f_85_moveit_config' build argument 'cmake_clean_first' from command line to 'False'
[0.233s] Level 5:colcon.colcon_core.verb:set package 'kinova_gen3_6dof_robotiq_2f_85_moveit_config' build argument 'cmake_force_configure' from command line to 'False'
[0.233s] Level 5:colcon.colcon_core.verb:set package 'kinova_gen3_6dof_robotiq_2f_85_moveit_config' build argument 'ament_cmake_args' from command line to 'None'
[0.233s] Level 5:colcon.colcon_core.verb:set package 'kinova_gen3_6dof_robotiq_2f_85_moveit_config' build argument 'catkin_cmake_args' from command line to 'None'
[0.233s] Level 5:colcon.colcon_core.verb:set package 'kinova_gen3_6dof_robotiq_2f_85_moveit_config' build argument 'catkin_skip_building_tests' from command line to 'False'
[0.233s] DEBUG:colcon.colcon_core.verb:Building package 'kinova_gen3_6dof_robotiq_2f_85_moveit_config' with the following arguments: {'ament_cmake_args': None, 'build_base': '/home/rama/Documents/code/Docker/moonshot_project/ros2_ws/build/kinova_gen3_6dof_robotiq_2f_85_moveit_config', 'catkin_cmake_args': None, 'catkin_skip_building_tests': False, 'cmake_args': ['-DROS_EDITION=ROS2', '-DHUMBLE_ROS=humble'], 'cmake_clean_cache': False, 'cmake_clean_first': False, 'cmake_force_configure': False, 'cmake_target': None, 'cmake_target_skip_unavailable': False, 'install_base': '/home/rama/Documents/code/Docker/moonshot_project/ros2_ws/install/kinova_gen3_6dof_robotiq_2f_85_moveit_config', 'merge_install': False, 'path': '/home/rama/Documents/code/Docker/moonshot_project/ros2_ws/src/ros2_kortex/kortex_moveit_config/kinova_gen3_6dof_robotiq_2f_85_moveit_config', 'symlink_install': False, 'test_result_base': None}
[0.233s] Level 5:colcon.colcon_core.verb:set package 'kinova_gen3_7dof_robotiq_2f_85_moveit_config' build argument 'cmake_args' from command line to '['-DROS_EDITION=ROS2', '-DHUMBLE_ROS=humble']'
[0.233s] Level 5:colcon.colcon_core.verb:set package 'kinova_gen3_7dof_robotiq_2f_85_moveit_config' build argument 'cmake_target' from command line to 'None'
[0.233s] Level 5:colcon.colcon_core.verb:set package 'kinova_gen3_7dof_robotiq_2f_85_moveit_config' build argument 'cmake_target_skip_unavailable' from command line to 'False'
[0.233s] Level 5:colcon.colcon_core.verb:set package 'kinova_gen3_7dof_robotiq_2f_85_moveit_config' build argument 'cmake_clean_cache' from command line to 'False'
[0.233s] Level 5:colcon.colcon_core.verb:set package 'kinova_gen3_7dof_robotiq_2f_85_moveit_config' build argument 'cmake_clean_first' from command line to 'False'
[0.233s] Level 5:colcon.colcon_core.verb:set package 'kinova_gen3_7dof_robotiq_2f_85_moveit_config' build argument 'cmake_force_configure' from command line to 'False'
[0.233s] Level 5:colcon.colcon_core.verb:set package 'kinova_gen3_7dof_robotiq_2f_85_moveit_config' build argument 'ament_cmake_args' from command line to 'None'
[0.233s] Level 5:colcon.colcon_core.verb:set package 'kinova_gen3_7dof_robotiq_2f_85_moveit_config' build argument 'catkin_cmake_args' from command line to 'None'
[0.233s] Level 5:colcon.colcon_core.verb:set package 'kinova_gen3_7dof_robotiq_2f_85_moveit_config' build argument 'catkin_skip_building_tests' from command line to 'False'
[0.233s] DEBUG:colcon.colcon_core.verb:Building package 'kinova_gen3_7dof_robotiq_2f_85_moveit_config' with the following arguments: {'ament_cmake_args': None, 'build_base': '/home/rama/Documents/code/Docker/moonshot_project/ros2_ws/build/kinova_gen3_7dof_robotiq_2f_85_moveit_config', 'catkin_cmake_args': None, 'catkin_skip_building_tests': False, 'cmake_args': ['-DROS_EDITION=ROS2', '-DHUMBLE_ROS=humble'], 'cmake_clean_cache': False, 'cmake_clean_first': False, 'cmake_force_configure': False, 'cmake_target': None, 'cmake_target_skip_unavailable': False, 'install_base': '/home/rama/Documents/code/Docker/moonshot_project/ros2_ws/install/kinova_gen3_7dof_robotiq_2f_85_moveit_config', 'merge_install': False, 'path': '/home/rama/Documents/code/Docker/moonshot_project/ros2_ws/src/ros2_kortex/kortex_moveit_config/kinova_gen3_7dof_robotiq_2f_85_moveit_config', 'symlink_install': False, 'test_result_base': None}
[0.233s] Level 5:colcon.colcon_core.verb:set package 'kinova_gen3_lite_moveit_config' build argument 'cmake_args' from command line to '['-DROS_EDITION=ROS2', '-DHUMBLE_ROS=humble']'
[0.233s] Level 5:colcon.colcon_core.verb:set package 'kinova_gen3_lite_moveit_config' build argument 'cmake_target' from command line to 'None'
[0.233s] Level 5:colcon.colcon_core.verb:set package 'kinova_gen3_lite_moveit_config' build argument 'cmake_target_skip_unavailable' from command line to 'False'
[0.233s] Level 5:colcon.colcon_core.verb:set package 'kinova_gen3_lite_moveit_config' build argument 'cmake_clean_cache' from command line to 'False'
[0.234s] Level 5:colcon.colcon_core.verb:set package 'kinova_gen3_lite_moveit_config' build argument 'cmake_clean_first' from command line to 'False'
[0.234s] Level 5:colcon.colcon_core.verb:set package 'kinova_gen3_lite_moveit_config' build argument 'cmake_force_configure' from command line to 'False'
[0.234s] Level 5:colcon.colcon_core.verb:set package 'kinova_gen3_lite_moveit_config' build argument 'ament_cmake_args' from command line to 'None'
[0.234s] Level 5:colcon.colcon_core.verb:set package 'kinova_gen3_lite_moveit_config' build argument 'catkin_cmake_args' from command line to 'None'
[0.234s] Level 5:colcon.colcon_core.verb:set package 'kinova_gen3_lite_moveit_config' build argument 'catkin_skip_building_tests' from command line to 'False'
[0.234s] DEBUG:colcon.colcon_core.verb:Building package 'kinova_gen3_lite_moveit_config' with the following arguments: {'ament_cmake_args': None, 'build_base': '/home/rama/Documents/code/Docker/moonshot_project/ros2_ws/build/kinova_gen3_lite_moveit_config', 'catkin_cmake_args': None, 'catkin_skip_building_tests': False, 'cmake_args': ['-DROS_EDITION=ROS2', '-DHUMBLE_ROS=humble'], 'cmake_clean_cache': False, 'cmake_clean_first': False, 'cmake_force_configure': False, 'cmake_target': None, 'cmake_target_skip_unavailable': False, 'install_base': '/home/rama/Documents/code/Docker/moonshot_project/ros2_ws/install/kinova_gen3_lite_moveit_config', 'merge_install': False, 'path': '/home/rama/Documents/code/Docker/moonshot_project/ros2_ws/src/ros2_kortex/kortex_moveit_config/kinova_gen3_lite_moveit_config', 'symlink_install': False, 'test_result_base': None}
[0.234s] Level 5:colcon.colcon_core.verb:set package 'kortex_driver' build argument 'cmake_args' from command line to '['-DROS_EDITION=ROS2', '-DHUMBLE_ROS=humble']'
[0.234s] Level 5:colcon.colcon_core.verb:set package 'kortex_driver' build argument 'cmake_target' from command line to 'None'
[0.234s] Level 5:colcon.colcon_core.verb:set package 'kortex_driver' build argument 'cmake_target_skip_unavailable' from command line to 'False'
[0.234s] Level 5:colcon.colcon_core.verb:set package 'kortex_driver' build argument 'cmake_clean_cache' from command line to 'False'
[0.234s] Level 5:colcon.colcon_core.verb:set package 'kortex_driver' build argument 'cmake_clean_first' from command line to 'False'
[0.234s] Level 5:colcon.colcon_core.verb:set package 'kortex_driver' build argument 'cmake_force_configure' from command line to 'False'
[0.234s] Level 5:colcon.colcon_core.verb:set package 'kortex_driver' build argument 'ament_cmake_args' from command line to 'None'
[0.234s] Level 5:colcon.colcon_core.verb:set package 'kortex_driver' build argument 'catkin_cmake_args' from command line to 'None'
[0.234s] Level 5:colcon.colcon_core.verb:set package 'kortex_driver' build argument 'catkin_skip_building_tests' from command line to 'False'
[0.234s] DEBUG:colcon.colcon_core.verb:Building package 'kortex_driver' with the following arguments: {'ament_cmake_args': None, 'build_base': '/home/rama/Documents/code/Docker/moonshot_project/ros2_ws/build/kortex_driver', 'catkin_cmake_args': None, 'catkin_skip_building_tests': False, 'cmake_args': ['-DROS_EDITION=ROS2', '-DHUMBLE_ROS=humble'], 'cmake_clean_cache': False, 'cmake_clean_first': False, 'cmake_force_configure': False, 'cmake_target': None, 'cmake_target_skip_unavailable': False, 'install_base': '/home/rama/Documents/code/Docker/moonshot_project/ros2_ws/install/kortex_driver', 'merge_install': False, 'path': '/home/rama/Documents/code/Docker/moonshot_project/ros2_ws/src/ros2_kortex/kortex_driver', 'symlink_install': False, 'test_result_base': None}
[0.234s] Level 5:colcon.colcon_core.verb:set package 'kortex_bringup' build argument 'cmake_args' from command line to '['-DROS_EDITION=ROS2', '-DHUMBLE_ROS=humble']'
[0.234s] Level 5:colcon.colcon_core.verb:set package 'kortex_bringup' build argument 'cmake_target' from command line to 'None'
[0.234s] Level 5:colcon.colcon_core.verb:set package 'kortex_bringup' build argument 'cmake_target_skip_unavailable' from command line to 'False'
[0.234s] Level 5:colcon.colcon_core.verb:set package 'kortex_bringup' build argument 'cmake_clean_cache' from command line to 'False'
[0.234s] Level 5:colcon.colcon_core.verb:set package 'kortex_bringup' build argument 'cmake_clean_first' from command line to 'False'
[0.234s] Level 5:colcon.colcon_core.verb:set package 'kortex_bringup' build argument 'cmake_force_configure' from command line to 'False'
[0.234s] Level 5:colcon.colcon_core.verb:set package 'kortex_bringup' build argument 'ament_cmake_args' from command line to 'None'
[0.234s] Level 5:colcon.colcon_core.verb:set package 'kortex_bringup' build argument 'catkin_cmake_args' from command line to 'None'
[0.234s] Level 5:colcon.colcon_core.verb:set package 'kortex_bringup' build argument 'catkin_skip_building_tests' from command line to 'False'
[0.234s] DEBUG:colcon.colcon_core.verb:Building package 'kortex_bringup' with the following arguments: {'ament_cmake_args': None, 'build_base': '/home/rama/Documents/code/Docker/moonshot_project/ros2_ws/build/kortex_bringup', 'catkin_cmake_args': None, 'catkin_skip_building_tests': False, 'cmake_args': ['-DROS_EDITION=ROS2', '-DHUMBLE_ROS=humble'], 'cmake_clean_cache': False, 'cmake_clean_first': False, 'cmake_force_configure': False, 'cmake_target': None, 'cmake_target_skip_unavailable': False, 'install_base': '/home/rama/Documents/code/Docker/moonshot_project/ros2_ws/install/kortex_bringup', 'merge_install': False, 'path': '/home/rama/Documents/code/Docker/moonshot_project/ros2_ws/src/ros2_kortex/kortex_bringup', 'symlink_install': False, 'test_result_base': None}
[0.234s] INFO:colcon.colcon_core.executor:Executing jobs using 'parallel' executor
[0.235s] DEBUG:colcon.colcon_parallel_executor.executor.parallel:run_until_complete
[0.236s] INFO:colcon.colcon_ros.task.ament_cmake.build:Building ROS package in '/home/rama/Documents/code/Docker/moonshot_project/ros2_ws/src/ros2_kortex/kortex_description' with build type 'ament_cmake'
[0.236s] INFO:colcon.colcon_cmake.task.cmake.build:Building CMake package in '/home/rama/Documents/code/Docker/moonshot_project/ros2_ws/src/ros2_kortex/kortex_description'
[0.237s] INFO:colcon.colcon_core.plugin_system:Skipping extension 'colcon_core.shell.bat': Not used on non-Windows systems
[0.237s] INFO:colcon.colcon_core.shell:Skip shell extension 'powershell' for command environment: Not usable outside of PowerShell
[0.237s] DEBUG:colcon.colcon_core.shell:Skip shell extension 'dsv' for command environment
[0.239s] INFO:colcon.colcon_ros.task.ament_cmake.build:Building ROS package in '/home/rama/Documents/code/Docker/moonshot_project/ros2_ws/src/ros2_kortex/kortex_api' with build type 'ament_cmake'
[0.239s] INFO:colcon.colcon_cmake.task.cmake.build:Building CMake package in '/home/rama/Documents/code/Docker/moonshot_project/ros2_ws/src/ros2_kortex/kortex_api'
[0.239s] INFO:colcon.colcon_core.shell:Skip shell extension 'powershell' for command environment: Not usable outside of PowerShell
[0.239s] DEBUG:colcon.colcon_core.shell:Skip shell extension 'dsv' for command environment
[0.241s] INFO:colcon.colcon_ros.task.ament_cmake.build:Building ROS package in '/home/rama/Documents/code/Docker/moonshot_project/ros2_ws/src/livox_ros_driver2' with build type 'ament_cmake'
[0.241s] INFO:colcon.colcon_cmake.task.cmake.build:Building CMake package in '/home/rama/Documents/code/Docker/moonshot_project/ros2_ws/src/livox_ros_driver2'
[0.241s] INFO:colcon.colcon_core.shell:Skip shell extension 'powershell' for command environment: Not usable outside of PowerShell
[0.241s] DEBUG:colcon.colcon_core.shell:Skip shell extension 'dsv' for command environment
[0.243s] INFO:colcon.colcon_ros.task.ament_cmake.build:Building ROS package in '/home/rama/Documents/code/Docker/moonshot_project/ros2_ws/src/moving_table_interfaces' with build type 'ament_cmake'
[0.243s] INFO:colcon.colcon_cmake.task.cmake.build:Building CMake package in '/home/rama/Documents/code/Docker/moonshot_project/ros2_ws/src/moving_table_interfaces'
[0.243s] INFO:colcon.colcon_core.shell:Skip shell extension 'powershell' for command environment: Not usable outside of PowerShell
[0.243s] DEBUG:colcon.colcon_core.shell:Skip shell extension 'dsv' for command environment
[0.245s] INFO:colcon.colcon_ros.task.ament_python.build:Building ROS package in '/home/rama/Documents/code/Docker/moonshot_project/ros2_ws/src/moving_table_pkg' with build type 'ament_python'
[0.245s] Level 1:colcon.colcon_core.shell:create_environment_hook('moving_table_pkg', 'ament_prefix_path')
[0.245s] INFO:colcon.colcon_core.shell:Creating environment hook '/home/rama/Documents/code/Docker/moonshot_project/ros2_ws/install/moving_table_pkg/share/moving_table_pkg/hook/ament_prefix_path.ps1'
[0.246s] INFO:colcon.colcon_core.shell:Creating environment descriptor '/home/rama/Documents/code/Docker/moonshot_project/ros2_ws/install/moving_table_pkg/share/moving_table_pkg/hook/ament_prefix_path.dsv'
[0.246s] INFO:colcon.colcon_core.shell:Creating environment hook '/home/rama/Documents/code/Docker/moonshot_project/ros2_ws/install/moving_table_pkg/share/moving_table_pkg/hook/ament_prefix_path.sh'
[0.247s] INFO:colcon.colcon_core.shell:Skip shell extension 'powershell' for command environment: Not usable outside of PowerShell
[0.247s] DEBUG:colcon.colcon_core.shell:Skip shell extension 'dsv' for command environment
[0.251s] DEBUG:colcon.colcon_core.event_handler.log_command:Invoking command in '/home/rama/Documents/code/Docker/moonshot_project/ros2_ws/build/kortex_description': CMAKE_PREFIX_PATH=${CMAKE_PREFIX_PATH}:/home/rama/Documents/code/Docker/moonshot_project/ros2_ws/install/moving_table_pkg:/opt/ros/humble /usr/bin/cmake /home/rama/Documents/code/Docker/moonshot_project/ros2_ws/src/ros2_kortex/kortex_description -DROS_EDITION=ROS2 -DHUMBLE_ROS=humble -DCMAKE_INSTALL_PREFIX=/home/rama/Documents/code/Docker/moonshot_project/ros2_ws/install/kortex_description
[0.253s] DEBUG:colcon.colcon_core.event_handler.log_command:Invoking command in '/home/rama/Documents/code/Docker/moonshot_project/ros2_ws/build/kortex_api': CMAKE_PREFIX_PATH=${CMAKE_PREFIX_PATH}:/home/rama/Documents/code/Docker/moonshot_project/ros2_ws/install/moving_table_pkg:/opt/ros/humble /usr/bin/cmake /home/rama/Documents/code/Docker/moonshot_project/ros2_ws/src/ros2_kortex/kortex_api -DROS_EDITION=ROS2 -DHUMBLE_ROS=humble -DCMAKE_INSTALL_PREFIX=/home/rama/Documents/code/Docker/moonshot_project/ros2_ws/install/kortex_api
[0.255s] DEBUG:colcon.colcon_core.event_handler.log_command:Invoking command in '/home/rama/Documents/code/Docker/moonshot_project/ros2_ws/build/livox_ros_driver2': CMAKE_PREFIX_PATH=${CMAKE_PREFIX_PATH}:/home/rama/Documents/code/Docker/moonshot_project/ros2_ws/install/moving_table_pkg:/opt/ros/humble /usr/bin/cmake /home/rama/Documents/code/Docker/moonshot_project/ros2_ws/src/livox_ros_driver2 -DROS_EDITION=ROS2 -DHUMBLE_ROS=humble -DCMAKE_INSTALL_PREFIX=/home/rama/Documents/code/Docker/moonshot_project/ros2_ws/install/livox_ros_driver2
[0.257s] DEBUG:colcon.colcon_core.event_handler.log_command:Invoking command in '/home/rama/Documents/code/Docker/moonshot_project/ros2_ws/build/moving_table_interfaces': CMAKE_PREFIX_PATH=${CMAKE_PREFIX_PATH}:/home/rama/Documents/code/Docker/moonshot_project/ros2_ws/install/moving_table_pkg:/opt/ros/humble /usr/bin/cmake /home/rama/Documents/code/Docker/moonshot_project/ros2_ws/src/moving_table_interfaces -DROS_EDITION=ROS2 -DHUMBLE_ROS=humble -DCMAKE_INSTALL_PREFIX=/home/rama/Documents/code/Docker/moonshot_project/ros2_ws/install/moving_table_interfaces
[0.448s] INFO:colcon.colcon_core.task.python.build:Building Python package in '/home/rama/Documents/code/Docker/moonshot_project/ros2_ws/src/moving_table_pkg'
[0.448s] INFO:colcon.colcon_core.shell:Skip shell extension 'powershell' for command environment: Not usable outside of PowerShell
[0.448s] DEBUG:colcon.colcon_core.shell:Skip shell extension 'dsv' for command environment
[0.697s] DEBUG:colcon.colcon_core.event_handler.log_command:Invoked command in '/home/rama/Documents/code/Docker/moonshot_project/ros2_ws/build/kortex_description' returned '0': CMAKE_PREFIX_PATH=${CMAKE_PREFIX_PATH}:/home/rama/Documents/code/Docker/moonshot_project/ros2_ws/install/moving_table_pkg:/opt/ros/humble /usr/bin/cmake /home/rama/Documents/code/Docker/moonshot_project/ros2_ws/src/ros2_kortex/kortex_description -DROS_EDITION=ROS2 -DHUMBLE_ROS=humble -DCMAKE_INSTALL_PREFIX=/home/rama/Documents/code/Docker/moonshot_project/ros2_ws/install/kortex_description
[0.699s] DEBUG:colcon.colcon_core.event_handler.log_command:Invoking command in '/home/rama/Documents/code/Docker/moonshot_project/ros2_ws/build/kortex_description': CMAKE_PREFIX_PATH=${CMAKE_PREFIX_PATH}:/home/rama/Documents/code/Docker/moonshot_project/ros2_ws/install/moving_table_pkg:/opt/ros/humble /usr/bin/cmake --build /home/rama/Documents/code/Docker/moonshot_project/ros2_ws/build/kortex_description -- -j16 -l16
[0.727s] DEBUG:colcon.colcon_core.event_handler.log_command:Invoked command in '/home/rama/Documents/code/Docker/moonshot_project/ros2_ws/build/kortex_description' returned '0': CMAKE_PREFIX_PATH=${CMAKE_PREFIX_PATH}:/home/rama/Documents/code/Docker/moonshot_project/ros2_ws/install/moving_table_pkg:/opt/ros/humble /usr/bin/cmake --build /home/rama/Documents/code/Docker/moonshot_project/ros2_ws/build/kortex_description -- -j16 -l16
[0.735s] DEBUG:colcon.colcon_core.event_handler.log_command:Invoking command in '/home/rama/Documents/code/Docker/moonshot_project/ros2_ws/build/kortex_description': CMAKE_PREFIX_PATH=${CMAKE_PREFIX_PATH}:/home/rama/Documents/code/Docker/moonshot_project/ros2_ws/install/moving_table_pkg:/opt/ros/humble /usr/bin/cmake --install /home/rama/Documents/code/Docker/moonshot_project/ros2_ws/build/kortex_description
[0.763s] DEBUG:colcon.colcon_core.event_handler.log_command:Invoking command in '/home/rama/Documents/code/Docker/moonshot_project/ros2_ws/src/moving_table_pkg': PYTHONPATH=/home/rama/Documents/code/Docker/moonshot_project/ros2_ws/build/moving_table_pkg/prefix_override:/usr/lib/python3/dist-packages/colcon_core/task/python/colcon_distutils_commands:/home/rama/Documents/code/Docker/moonshot_project/ros2_ws/install/moving_table_pkg/lib/python3.10/site-packages:${PYTHONPATH} /usr/bin/python3 -W ignore:setup.py install is deprecated -W ignore:easy_install command is deprecated setup.py egg_info --egg-base ../../build/moving_table_pkg build --build-base /home/rama/Documents/code/Docker/moonshot_project/ros2_ws/build/moving_table_pkg/build install --record /home/rama/Documents/code/Docker/moonshot_project/ros2_ws/build/moving_table_pkg/install.log --single-version-externally-managed install_data
[0.767s] Level 1:colcon.colcon_core.environment:create_environment_scripts_only(kortex_description)
[0.767s] DEBUG:colcon.colcon_core.event_handler.log_command:Invoked command in '/home/rama/Documents/code/Docker/moonshot_project/ros2_ws/build/kortex_description' returned '0': CMAKE_PREFIX_PATH=${CMAKE_PREFIX_PATH}:/home/rama/Documents/code/Docker/moonshot_project/ros2_ws/install/moving_table_pkg:/opt/ros/humble /usr/bin/cmake --install /home/rama/Documents/code/Docker/moonshot_project/ros2_ws/build/kortex_description
[0.769s] Level 1:colcon.colcon_core.environment:checking '/home/rama/Documents/code/Docker/moonshot_project/ros2_ws/install/kortex_description' for CMake module files
[0.769s] Level 1:colcon.colcon_core.environment:checking '/home/rama/Documents/code/Docker/moonshot_project/ros2_ws/install/kortex_description' for CMake config files
[0.770s] Level 1:colcon.colcon_core.shell:create_environment_hook('kortex_description', 'cmake_prefix_path')
[0.770s] INFO:colcon.colcon_core.shell:Creating environment hook '/home/rama/Documents/code/Docker/moonshot_project/ros2_ws/install/kortex_description/share/kortex_description/hook/cmake_prefix_path.ps1'
[0.771s] INFO:colcon.colcon_core.shell:Creating environment descriptor '/home/rama/Documents/code/Docker/moonshot_project/ros2_ws/install/kortex_description/share/kortex_description/hook/cmake_prefix_path.dsv'
[0.771s] INFO:colcon.colcon_core.shell:Creating environment hook '/home/rama/Documents/code/Docker/moonshot_project/ros2_ws/install/kortex_description/share/kortex_description/hook/cmake_prefix_path.sh'
[0.772s] Level 1:colcon.colcon_core.environment:checking '/home/rama/Documents/code/Docker/moonshot_project/ros2_ws/install/kortex_description/bin'
[0.772s] Level 1:colcon.colcon_core.environment:checking '/home/rama/Documents/code/Docker/moonshot_project/ros2_ws/install/kortex_description/lib/pkgconfig/kortex_description.pc'
[0.772s] Level 1:colcon.colcon_core.environment:checking '/home/rama/Documents/code/Docker/moonshot_project/ros2_ws/install/kortex_description/lib/python3.10/site-packages'
[0.772s] Level 1:colcon.colcon_core.environment:checking '/home/rama/Documents/code/Docker/moonshot_project/ros2_ws/install/kortex_description/bin'
[0.772s] INFO:colcon.colcon_core.shell:Creating package script '/home/rama/Documents/code/Docker/moonshot_project/ros2_ws/install/kortex_description/share/kortex_description/package.ps1'
[0.773s] INFO:colcon.colcon_core.shell:Creating package descriptor '/home/rama/Documents/code/Docker/moonshot_project/ros2_ws/install/kortex_description/share/kortex_description/package.dsv'
[0.774s] INFO:colcon.colcon_core.shell:Creating package script '/home/rama/Documents/code/Docker/moonshot_project/ros2_ws/install/kortex_description/share/kortex_description/package.sh'
[0.775s] INFO:colcon.colcon_core.shell:Creating package script '/home/rama/Documents/code/Docker/moonshot_project/ros2_ws/install/kortex_description/share/kortex_description/package.bash'
[0.775s] INFO:colcon.colcon_core.shell:Creating package script '/home/rama/Documents/code/Docker/moonshot_project/ros2_ws/install/kortex_description/share/kortex_description/package.zsh'
[0.776s] Level 1:colcon.colcon_core.environment:create_file_with_runtime_dependencies(/home/rama/Documents/code/Docker/moonshot_project/ros2_ws/install/kortex_description/share/colcon-core/packages/kortex_description)
[0.776s] Level 1:colcon.colcon_core.environment:create_environment_scripts_only(kortex_description)
[0.777s] Level 1:colcon.colcon_core.environment:checking '/home/rama/Documents/code/Docker/moonshot_project/ros2_ws/install/kortex_description' for CMake module files
[0.777s] Level 1:colcon.colcon_core.environment:checking '/home/rama/Documents/code/Docker/moonshot_project/ros2_ws/install/kortex_description' for CMake config files
[0.778s] Level 1:colcon.colcon_core.shell:create_environment_hook('kortex_description', 'cmake_prefix_path')
[0.778s] INFO:colcon.colcon_core.shell:Creating environment hook '/home/rama/Documents/code/Docker/moonshot_project/ros2_ws/install/kortex_description/share/kortex_description/hook/cmake_prefix_path.ps1'
[0.778s] INFO:colcon.colcon_core.shell:Creating environment descriptor '/home/rama/Documents/code/Docker/moonshot_project/ros2_ws/install/kortex_description/share/kortex_description/hook/cmake_prefix_path.dsv'
[0.778s] INFO:colcon.colcon_core.shell:Creating environment hook '/home/rama/Documents/code/Docker/moonshot_project/ros2_ws/install/kortex_description/share/kortex_description/hook/cmake_prefix_path.sh'
[0.779s] Level 1:colcon.colcon_core.environment:checking '/home/rama/Documents/code/Docker/moonshot_project/ros2_ws/install/kortex_description/bin'
[0.779s] Level 1:colcon.colcon_core.environment:checking '/home/rama/Documents/code/Docker/moonshot_project/ros2_ws/install/kortex_description/lib/pkgconfig/kortex_description.pc'
[0.779s] Level 1:colcon.colcon_core.environment:checking '/home/rama/Documents/code/Docker/moonshot_project/ros2_ws/install/kortex_description/lib/python3.10/site-packages'
[0.780s] Level 1:colcon.colcon_core.environment:checking '/home/rama/Documents/code/Docker/moonshot_project/ros2_ws/install/kortex_description/bin'
[0.780s] INFO:colcon.colcon_core.shell:Creating package script '/home/rama/Documents/code/Docker/moonshot_project/ros2_ws/install/kortex_description/share/kortex_description/package.ps1'
[0.780s] INFO:colcon.colcon_core.shell:Creating package descriptor '/home/rama/Documents/code/Docker/moonshot_project/ros2_ws/install/kortex_description/share/kortex_description/package.dsv'
[0.781s] INFO:colcon.colcon_core.shell:Creating package script '/home/rama/Documents/code/Docker/moonshot_project/ros2_ws/install/kortex_description/share/kortex_description/package.sh'
[0.781s] INFO:colcon.colcon_core.shell:Creating package script '/home/rama/Documents/code/Docker/moonshot_project/ros2_ws/install/kortex_description/share/kortex_description/package.bash'
[0.781s] INFO:colcon.colcon_core.shell:Creating package script '/home/rama/Documents/code/Docker/moonshot_project/ros2_ws/install/kortex_description/share/kortex_description/package.zsh'
[0.781s] Level 1:colcon.colcon_core.environment:create_file_with_runtime_dependencies(/home/rama/Documents/code/Docker/moonshot_project/ros2_ws/install/kortex_description/share/colcon-core/packages/kortex_description)
[0.782s] INFO:colcon.colcon_ros.task.ament_cmake.build:Building ROS package in '/home/rama/Documents/code/Docker/moonshot_project/ros2_ws/src/ros2_kortex/kortex_moveit_config/kinova_gen3_6dof_robotiq_2f_85_moveit_config' with build type 'ament_cmake'
[0.782s] INFO:colcon.colcon_cmake.task.cmake.build:Building CMake package in '/home/rama/Documents/code/Docker/moonshot_project/ros2_ws/src/ros2_kortex/kortex_moveit_config/kinova_gen3_6dof_robotiq_2f_85_moveit_config'
[0.782s] INFO:colcon.colcon_core.shell:Skip shell extension 'powershell' for command environment: Not usable outside of PowerShell
[0.782s] DEBUG:colcon.colcon_core.shell:Skip shell extension 'dsv' for command environment
[0.784s] INFO:colcon.colcon_ros.task.ament_cmake.build:Building ROS package in '/home/rama/Documents/code/Docker/moonshot_project/ros2_ws/src/ros2_kortex/kortex_moveit_config/kinova_gen3_7dof_robotiq_2f_85_moveit_config' with build type 'ament_cmake'
[0.784s] INFO:colcon.colcon_cmake.task.cmake.build:Building CMake package in '/home/rama/Documents/code/Docker/moonshot_project/ros2_ws/src/ros2_kortex/kortex_moveit_config/kinova_gen3_7dof_robotiq_2f_85_moveit_config'
[0.785s] INFO:colcon.colcon_core.shell:Skip shell extension 'powershell' for command environment: Not usable outside of PowerShell
[0.785s] DEBUG:colcon.colcon_core.shell:Skip shell extension 'dsv' for command environment
[0.787s] INFO:colcon.colcon_ros.task.ament_cmake.build:Building ROS package in '/home/rama/Documents/code/Docker/moonshot_project/ros2_ws/src/ros2_kortex/kortex_moveit_config/kinova_gen3_lite_moveit_config' with build type 'ament_cmake'
[0.787s] INFO:colcon.colcon_cmake.task.cmake.build:Building CMake package in '/home/rama/Documents/code/Docker/moonshot_project/ros2_ws/src/ros2_kortex/kortex_moveit_config/kinova_gen3_lite_moveit_config'
[0.787s] INFO:colcon.colcon_core.shell:Skip shell extension 'powershell' for command environment: Not usable outside of PowerShell
[0.787s] DEBUG:colcon.colcon_core.shell:Skip shell extension 'dsv' for command environment
[0.792s] DEBUG:colcon.colcon_core.event_handler.log_command:Invoking command in '/home/rama/Documents/code/Docker/moonshot_project/ros2_ws/build/kinova_gen3_6dof_robotiq_2f_85_moveit_config': CMAKE_PREFIX_PATH=/home/rama/Documents/code/Docker/moonshot_project/ros2_ws/install/kortex_description:/home/rama/Documents/code/Docker/moonshot_project/ros2_ws/install/moving_table_interfaces:/home/rama/Documents/code/Docker/moonshot_project/ros2_ws/install/livox_ros_driver2:/home/rama/Documents/code/Docker/moonshot_project/ros2_ws/install/kortex_bringup:/home/rama/Documents/code/Docker/moonshot_project/ros2_ws/install/kortex_driver:/home/rama/Documents/code/Docker/moonshot_project/ros2_ws/install/kinova_gen3_lite_moveit_config:/home/rama/Documents/code/Docker/moonshot_project/ros2_ws/install/kinova_gen3_7dof_robotiq_2f_85_moveit_config:/home/rama/Documents/code/Docker/moonshot_project/ros2_ws/install/kinova_gen3_6dof_robotiq_2f_85_moveit_config:/home/rama/Documents/code/Docker/moonshot_project/ros2_ws/install/kortex_api:/opt/openrobots:/opt/openrobots:/home/rama/Documents/code/Docker/moonshot_project/ros2_ws/install/moving_table_pkg:/opt/ros/humble /usr/bin/cmake /home/rama/Documents/code/Docker/moonshot_project/ros2_ws/src/ros2_kortex/kortex_moveit_config/kinova_gen3_6dof_robotiq_2f_85_moveit_config -DROS_EDITION=ROS2 -DHUMBLE_ROS=humble -DCMAKE_INSTALL_PREFIX=/home/rama/Documents/code/Docker/moonshot_project/ros2_ws/install/kinova_gen3_6dof_robotiq_2f_85_moveit_config
[0.794s] DEBUG:colcon.colcon_core.event_handler.log_command:Invoking command in '/home/rama/Documents/code/Docker/moonshot_project/ros2_ws/build/kinova_gen3_7dof_robotiq_2f_85_moveit_config': CMAKE_PREFIX_PATH=/home/rama/Documents/code/Docker/moonshot_project/ros2_ws/install/kortex_description:/home/rama/Documents/code/Docker/moonshot_project/ros2_ws/install/moving_table_interfaces:/home/rama/Documents/code/Docker/moonshot_project/ros2_ws/install/livox_ros_driver2:/home/rama/Documents/code/Docker/moonshot_project/ros2_ws/install/kortex_bringup:/home/rama/Documents/code/Docker/moonshot_project/ros2_ws/install/kortex_driver:/home/rama/Documents/code/Docker/moonshot_project/ros2_ws/install/kinova_gen3_lite_moveit_config:/home/rama/Documents/code/Docker/moonshot_project/ros2_ws/install/kinova_gen3_7dof_robotiq_2f_85_moveit_config:/home/rama/Documents/code/Docker/moonshot_project/ros2_ws/install/kinova_gen3_6dof_robotiq_2f_85_moveit_config:/home/rama/Documents/code/Docker/moonshot_project/ros2_ws/install/kortex_api:/opt/openrobots:/opt/openrobots:/home/rama/Documents/code/Docker/moonshot_project/ros2_ws/install/moving_table_pkg:/opt/ros/humble /usr/bin/cmake /home/rama/Documents/code/Docker/moonshot_project/ros2_ws/src/ros2_kortex/kortex_moveit_config/kinova_gen3_7dof_robotiq_2f_85_moveit_config -DROS_EDITION=ROS2 -DHUMBLE_ROS=humble -DCMAKE_INSTALL_PREFIX=/home/rama/Documents/code/Docker/moonshot_project/ros2_ws/install/kinova_gen3_7dof_robotiq_2f_85_moveit_config
[0.797s] DEBUG:colcon.colcon_core.event_handler.log_command:Invoking command in '/home/rama/Documents/code/Docker/moonshot_project/ros2_ws/build/kinova_gen3_lite_moveit_config': CMAKE_PREFIX_PATH=/home/rama/Documents/code/Docker/moonshot_project/ros2_ws/install/kortex_description:/home/rama/Documents/code/Docker/moonshot_project/ros2_ws/install/moving_table_interfaces:/home/rama/Documents/code/Docker/moonshot_project/ros2_ws/install/livox_ros_driver2:/home/rama/Documents/code/Docker/moonshot_project/ros2_ws/install/kortex_bringup:/home/rama/Documents/code/Docker/moonshot_project/ros2_ws/install/kortex_driver:/home/rama/Documents/code/Docker/moonshot_project/ros2_ws/install/kinova_gen3_lite_moveit_config:/home/rama/Documents/code/Docker/moonshot_project/ros2_ws/install/kinova_gen3_7dof_robotiq_2f_85_moveit_config:/home/rama/Documents/code/Docker/moonshot_project/ros2_ws/install/kinova_gen3_6dof_robotiq_2f_85_moveit_config:/home/rama/Documents/code/Docker/moonshot_project/ros2_ws/install/kortex_api:/opt/openrobots:/opt/openrobots:/home/rama/Documents/code/Docker/moonshot_project/ros2_ws/install/moving_table_pkg:/opt/ros/humble /usr/bin/cmake /home/rama/Documents/code/Docker/moonshot_project/ros2_ws/src/ros2_kortex/kortex_moveit_config/kinova_gen3_lite_moveit_config -DROS_EDITION=ROS2 -DHUMBLE_ROS=humble -DCMAKE_INSTALL_PREFIX=/home/rama/Documents/code/Docker/moonshot_project/ros2_ws/install/kinova_gen3_lite_moveit_config
[1.013s] Level 1:colcon.colcon_core.environment:checking '/home/rama/Documents/code/Docker/moonshot_project/ros2_ws/install/moving_table_pkg' for CMake module files
[1.013s] DEBUG:colcon.colcon_core.event_handler.log_command:Invoked command in '/home/rama/Documents/code/Docker/moonshot_project/ros2_ws/src/moving_table_pkg' returned '0': PYTHONPATH=/home/rama/Documents/code/Docker/moonshot_project/ros2_ws/build/moving_table_pkg/prefix_override:/usr/lib/python3/dist-packages/colcon_core/task/python/colcon_distutils_commands:/home/rama/Documents/code/Docker/moonshot_project/ros2_ws/install/moving_table_pkg/lib/python3.10/site-packages:${PYTHONPATH} /usr/bin/python3 -W ignore:setup.py install is deprecated -W ignore:easy_install command is deprecated setup.py egg_info --egg-base ../../build/moving_table_pkg build --build-base /home/rama/Documents/code/Docker/moonshot_project/ros2_ws/build/moving_table_pkg/build install --record /home/rama/Documents/code/Docker/moonshot_project/ros2_ws/build/moving_table_pkg/install.log --single-version-externally-managed install_data
[1.014s] Level 1:colcon.colcon_core.environment:checking '/home/rama/Documents/code/Docker/moonshot_project/ros2_ws/install/moving_table_pkg' for CMake config files
[1.014s] Level 1:colcon.colcon_core.environment:checking '/home/rama/Documents/code/Docker/moonshot_project/ros2_ws/install/moving_table_pkg/lib'
[1.014s] Level 1:colcon.colcon_core.environment:checking '/home/rama/Documents/code/Docker/moonshot_project/ros2_ws/install/moving_table_pkg/bin'
[1.014s] Level 1:colcon.colcon_core.environment:checking '/home/rama/Documents/code/Docker/moonshot_project/ros2_ws/install/moving_table_pkg/lib/pkgconfig/moving_table_pkg.pc'
[1.015s] Level 1:colcon.colcon_core.environment:checking '/home/rama/Documents/code/Docker/moonshot_project/ros2_ws/install/moving_table_pkg/lib/python3.10/site-packages'
[1.015s] Level 1:colcon.colcon_core.shell:create_environment_hook('moving_table_pkg', 'pythonpath')
[1.015s] INFO:colcon.colcon_core.shell:Creating environment hook '/home/rama/Documents/code/Docker/moonshot_project/ros2_ws/install/moving_table_pkg/share/moving_table_pkg/hook/pythonpath.ps1'
[1.015s] INFO:colcon.colcon_core.shell:Creating environment descriptor '/home/rama/Documents/code/Docker/moonshot_project/ros2_ws/install/moving_table_pkg/share/moving_table_pkg/hook/pythonpath.dsv'
[1.015s] INFO:colcon.colcon_core.shell:Creating environment hook '/home/rama/Documents/code/Docker/moonshot_project/ros2_ws/install/moving_table_pkg/share/moving_table_pkg/hook/pythonpath.sh'
[1.016s] Level 1:colcon.colcon_core.environment:checking '/home/rama/Documents/code/Docker/moonshot_project/ros2_ws/install/moving_table_pkg/bin'
[1.016s] Level 1:colcon.colcon_core.environment:create_environment_scripts_only(moving_table_pkg)
[1.016s] INFO:colcon.colcon_core.shell:Creating package script '/home/rama/Documents/code/Docker/moonshot_project/ros2_ws/install/moving_table_pkg/share/moving_table_pkg/package.ps1'
[1.017s] INFO:colcon.colcon_core.shell:Creating package descriptor '/home/rama/Documents/code/Docker/moonshot_project/ros2_ws/install/moving_table_pkg/share/moving_table_pkg/package.dsv'
[1.017s] INFO:colcon.colcon_core.shell:Creating package script '/home/rama/Documents/code/Docker/moonshot_project/ros2_ws/install/moving_table_pkg/share/moving_table_pkg/package.sh'
[1.017s] INFO:colcon.colcon_core.shell:Creating package script '/home/rama/Documents/code/Docker/moonshot_project/ros2_ws/install/moving_table_pkg/share/moving_table_pkg/package.bash'
[1.017s] INFO:colcon.colcon_core.shell:Creating package script '/home/rama/Documents/code/Docker/moonshot_project/ros2_ws/install/moving_table_pkg/share/moving_table_pkg/package.zsh'
[1.018s] Level 1:colcon.colcon_core.environment:create_file_with_runtime_dependencies(/home/rama/Documents/code/Docker/moonshot_project/ros2_ws/install/moving_table_pkg/share/colcon-core/packages/moving_table_pkg)
[1.291s] DEBUG:colcon.colcon_core.event_handler.log_command:Invoked command in '/home/rama/Documents/code/Docker/moonshot_project/ros2_ws/build/kinova_gen3_lite_moveit_config' returned '0': CMAKE_PREFIX_PATH=/home/rama/Documents/code/Docker/moonshot_project/ros2_ws/install/kortex_description:/home/rama/Documents/code/Docker/moonshot_project/ros2_ws/install/moving_table_interfaces:/home/rama/Documents/code/Docker/moonshot_project/ros2_ws/install/livox_ros_driver2:/home/rama/Documents/code/Docker/moonshot_project/ros2_ws/install/kortex_bringup:/home/rama/Documents/code/Docker/moonshot_project/ros2_ws/install/kortex_driver:/home/rama/Documents/code/Docker/moonshot_project/ros2_ws/install/kinova_gen3_lite_moveit_config:/home/rama/Documents/code/Docker/moonshot_project/ros2_ws/install/kinova_gen3_7dof_robotiq_2f_85_moveit_config:/home/rama/Documents/code/Docker/moonshot_project/ros2_ws/install/kinova_gen3_6dof_robotiq_2f_85_moveit_config:/home/rama/Documents/code/Docker/moonshot_project/ros2_ws/install/kortex_api:/opt/openrobots:/opt/openrobots:/home/rama/Documents/code/Docker/moonshot_project/ros2_ws/install/moving_table_pkg:/opt/ros/humble /usr/bin/cmake /home/rama/Documents/code/Docker/moonshot_project/ros2_ws/src/ros2_kortex/kortex_moveit_config/kinova_gen3_lite_moveit_config -DROS_EDITION=ROS2 -DHUMBLE_ROS=humble -DCMAKE_INSTALL_PREFIX=/home/rama/Documents/code/Docker/moonshot_project/ros2_ws/install/kinova_gen3_lite_moveit_config
[1.292s] DEBUG:colcon.colcon_core.event_handler.log_command:Invoking command in '/home/rama/Documents/code/Docker/moonshot_project/ros2_ws/build/kinova_gen3_lite_moveit_config': CMAKE_PREFIX_PATH=/home/rama/Documents/code/Docker/moonshot_project/ros2_ws/install/kortex_description:/home/rama/Documents/code/Docker/moonshot_project/ros2_ws/install/moving_table_interfaces:/home/rama/Documents/code/Docker/moonshot_project/ros2_ws/install/livox_ros_driver2:/home/rama/Documents/code/Docker/moonshot_project/ros2_ws/install/kortex_bringup:/home/rama/Documents/code/Docker/moonshot_project/ros2_ws/install/kortex_driver:/home/rama/Documents/code/Docker/moonshot_project/ros2_ws/install/kinova_gen3_lite_moveit_config:/home/rama/Documents/code/Docker/moonshot_project/ros2_ws/install/kinova_gen3_7dof_robotiq_2f_85_moveit_config:/home/rama/Documents/code/Docker/moonshot_project/ros2_ws/install/kinova_gen3_6dof_robotiq_2f_85_moveit_config:/home/rama/Documents/code/Docker/moonshot_project/ros2_ws/install/kortex_api:/opt/openrobots:/opt/openrobots:/home/rama/Documents/code/Docker/moonshot_project/ros2_ws/install/moving_table_pkg:/opt/ros/humble /usr/bin/cmake --build /home/rama/Documents/code/Docker/moonshot_project/ros2_ws/build/kinova_gen3_lite_moveit_config -- -j16 -l16
[1.300s] DEBUG:colcon.colcon_core.event_handler.log_command:Invoked command in '/home/rama/Documents/code/Docker/moonshot_project/ros2_ws/build/kinova_gen3_7dof_robotiq_2f_85_moveit_config' returned '0': CMAKE_PREFIX_PATH=/home/rama/Documents/code/Docker/moonshot_project/ros2_ws/install/kortex_description:/home/rama/Documents/code/Docker/moonshot_project/ros2_ws/install/moving_table_interfaces:/home/rama/Documents/code/Docker/moonshot_project/ros2_ws/install/livox_ros_driver2:/home/rama/Documents/code/Docker/moonshot_project/ros2_ws/install/kortex_bringup:/home/rama/Documents/code/Docker/moonshot_project/ros2_ws/install/kortex_driver:/home/rama/Documents/code/Docker/moonshot_project/ros2_ws/install/kinova_gen3_lite_moveit_config:/home/rama/Documents/code/Docker/moonshot_project/ros2_ws/install/kinova_gen3_7dof_robotiq_2f_85_moveit_config:/home/rama/Documents/code/Docker/moonshot_project/ros2_ws/install/kinova_gen3_6dof_robotiq_2f_85_moveit_config:/home/rama/Documents/code/Docker/moonshot_project/ros2_ws/install/kortex_api:/opt/openrobots:/opt/openrobots:/home/rama/Documents/code/Docker/moonshot_project/ros2_ws/install/moving_table_pkg:/opt/ros/humble /usr/bin/cmake /home/rama/Documents/code/Docker/moonshot_project/ros2_ws/src/ros2_kortex/kortex_moveit_config/kinova_gen3_7dof_robotiq_2f_85_moveit_config -DROS_EDITION=ROS2 -DHUMBLE_ROS=humble -DCMAKE_INSTALL_PREFIX=/home/rama/Documents/code/Docker/moonshot_project/ros2_ws/install/kinova_gen3_7dof_robotiq_2f_85_moveit_config
[1.301s] DEBUG:colcon.colcon_core.event_handler.log_command:Invoking command in '/home/rama/Documents/code/Docker/moonshot_project/ros2_ws/build/kinova_gen3_7dof_robotiq_2f_85_moveit_config': CMAKE_PREFIX_PATH=/home/rama/Documents/code/Docker/moonshot_project/ros2_ws/install/kortex_description:/home/rama/Documents/code/Docker/moonshot_project/ros2_ws/install/moving_table_interfaces:/home/rama/Documents/code/Docker/moonshot_project/ros2_ws/install/livox_ros_driver2:/home/rama/Documents/code/Docker/moonshot_project/ros2_ws/install/kortex_bringup:/home/rama/Documents/code/Docker/moonshot_project/ros2_ws/install/kortex_driver:/home/rama/Documents/code/Docker/moonshot_project/ros2_ws/install/kinova_gen3_lite_moveit_config:/home/rama/Documents/code/Docker/moonshot_project/ros2_ws/install/kinova_gen3_7dof_robotiq_2f_85_moveit_config:/home/rama/Documents/code/Docker/moonshot_project/ros2_ws/install/kinova_gen3_6dof_robotiq_2f_85_moveit_config:/home/rama/Documents/code/Docker/moonshot_project/ros2_ws/install/kortex_api:/opt/openrobots:/opt/openrobots:/home/rama/Documents/code/Docker/moonshot_project/ros2_ws/install/moving_table_pkg:/opt/ros/humble /usr/bin/cmake --build /home/rama/Documents/code/Docker/moonshot_project/ros2_ws/build/kinova_gen3_7dof_robotiq_2f_85_moveit_config -- -j16 -l16
[1.308s] DEBUG:colcon.colcon_core.event_handler.log_command:Invoked command in '/home/rama/Documents/code/Docker/moonshot_project/ros2_ws/build/kinova_gen3_6dof_robotiq_2f_85_moveit_config' returned '0': CMAKE_PREFIX_PATH=/home/rama/Documents/code/Docker/moonshot_project/ros2_ws/install/kortex_description:/home/rama/Documents/code/Docker/moonshot_project/ros2_ws/install/moving_table_interfaces:/home/rama/Documents/code/Docker/moonshot_project/ros2_ws/install/livox_ros_driver2:/home/rama/Documents/code/Docker/moonshot_project/ros2_ws/install/kortex_bringup:/home/rama/Documents/code/Docker/moonshot_project/ros2_ws/install/kortex_driver:/home/rama/Documents/code/Docker/moonshot_project/ros2_ws/install/kinova_gen3_lite_moveit_config:/home/rama/Documents/code/Docker/moonshot_project/ros2_ws/install/kinova_gen3_7dof_robotiq_2f_85_moveit_config:/home/rama/Documents/code/Docker/moonshot_project/ros2_ws/install/kinova_gen3_6dof_robotiq_2f_85_moveit_config:/home/rama/Documents/code/Docker/moonshot_project/ros2_ws/install/kortex_api:/opt/openrobots:/opt/openrobots:/home/rama/Documents/code/Docker/moonshot_project/ros2_ws/install/moving_table_pkg:/opt/ros/humble /usr/bin/cmake /home/rama/Documents/code/Docker/moonshot_project/ros2_ws/src/ros2_kortex/kortex_moveit_config/kinova_gen3_6dof_robotiq_2f_85_moveit_config -DROS_EDITION=ROS2 -DHUMBLE_ROS=humble -DCMAKE_INSTALL_PREFIX=/home/rama/Documents/code/Docker/moonshot_project/ros2_ws/install/kinova_gen3_6dof_robotiq_2f_85_moveit_config
[1.309s] DEBUG:colcon.colcon_core.event_handler.log_command:Invoking command in '/home/rama/Documents/code/Docker/moonshot_project/ros2_ws/build/kinova_gen3_6dof_robotiq_2f_85_moveit_config': CMAKE_PREFIX_PATH=/home/rama/Documents/code/Docker/moonshot_project/ros2_ws/install/kortex_description:/home/rama/Documents/code/Docker/moonshot_project/ros2_ws/install/moving_table_interfaces:/home/rama/Documents/code/Docker/moonshot_project/ros2_ws/install/livox_ros_driver2:/home/rama/Documents/code/Docker/moonshot_project/ros2_ws/install/kortex_bringup:/home/rama/Documents/code/Docker/moonshot_project/ros2_ws/install/kortex_driver:/home/rama/Documents/code/Docker/moonshot_project/ros2_ws/install/kinova_gen3_lite_moveit_config:/home/rama/Documents/code/Docker/moonshot_project/ros2_ws/install/kinova_gen3_7dof_robotiq_2f_85_moveit_config:/home/rama/Documents/code/Docker/moonshot_project/ros2_ws/install/kinova_gen3_6dof_robotiq_2f_85_moveit_config:/home/rama/Documents/code/Docker/moonshot_project/ros2_ws/install/kortex_api:/opt/openrobots:/opt/openrobots:/home/rama/Documents/code/Docker/moonshot_project/ros2_ws/install/moving_table_pkg:/opt/ros/humble /usr/bin/cmake --build /home/rama/Documents/code/Docker/moonshot_project/ros2_ws/build/kinova_gen3_6dof_robotiq_2f_85_moveit_config -- -j16 -l16
[1.320s] DEBUG:colcon.colcon_core.event_handler.log_command:Invoked command in '/home/rama/Documents/code/Docker/moonshot_project/ros2_ws/build/kinova_gen3_lite_moveit_config' returned '0': CMAKE_PREFIX_PATH=/home/rama/Documents/code/Docker/moonshot_project/ros2_ws/install/kortex_description:/home/rama/Documents/code/Docker/moonshot_project/ros2_ws/install/moving_table_interfaces:/home/rama/Documents/code/Docker/moonshot_project/ros2_ws/install/livox_ros_driver2:/home/rama/Documents/code/Docker/moonshot_project/ros2_ws/install/kortex_bringup:/home/rama/Documents/code/Docker/moonshot_project/ros2_ws/install/kortex_driver:/home/rama/Documents/code/Docker/moonshot_project/ros2_ws/install/kinova_gen3_lite_moveit_config:/home/rama/Documents/code/Docker/moonshot_project/ros2_ws/install/kinova_gen3_7dof_robotiq_2f_85_moveit_config:/home/rama/Documents/code/Docker/moonshot_project/ros2_ws/install/kinova_gen3_6dof_robotiq_2f_85_moveit_config:/home/rama/Documents/code/Docker/moonshot_project/ros2_ws/install/kortex_api:/opt/openrobots:/opt/openrobots:/home/rama/Documents/code/Docker/moonshot_project/ros2_ws/install/moving_table_pkg:/opt/ros/humble /usr/bin/cmake --build /home/rama/Documents/code/Docker/moonshot_project/ros2_ws/build/kinova_gen3_lite_moveit_config -- -j16 -l16
[1.322s] DEBUG:colcon.colcon_core.event_handler.log_command:Invoking command in '/home/rama/Documents/code/Docker/moonshot_project/ros2_ws/build/kinova_gen3_lite_moveit_config': CMAKE_PREFIX_PATH=/home/rama/Documents/code/Docker/moonshot_project/ros2_ws/install/kortex_description:/home/rama/Documents/code/Docker/moonshot_project/ros2_ws/install/moving_table_interfaces:/home/rama/Documents/code/Docker/moonshot_project/ros2_ws/install/livox_ros_driver2:/home/rama/Documents/code/Docker/moonshot_project/ros2_ws/install/kortex_bringup:/home/rama/Documents/code/Docker/moonshot_project/ros2_ws/install/kortex_driver:/home/rama/Documents/code/Docker/moonshot_project/ros2_ws/install/kinova_gen3_lite_moveit_config:/home/rama/Documents/code/Docker/moonshot_project/ros2_ws/install/kinova_gen3_7dof_robotiq_2f_85_moveit_config:/home/rama/Documents/code/Docker/moonshot_project/ros2_ws/install/kinova_gen3_6dof_robotiq_2f_85_moveit_config:/home/rama/Documents/code/Docker/moonshot_project/ros2_ws/install/kortex_api:/opt/openrobots:/opt/openrobots:/home/rama/Documents/code/Docker/moonshot_project/ros2_ws/install/moving_table_pkg:/opt/ros/humble /usr/bin/cmake --install /home/rama/Documents/code/Docker/moonshot_project/ros2_ws/build/kinova_gen3_lite_moveit_config
[1.329s] DEBUG:colcon.colcon_core.event_handler.log_command:Invoked command in '/home/rama/Documents/code/Docker/moonshot_project/ros2_ws/build/kinova_gen3_7dof_robotiq_2f_85_moveit_config' returned '0': CMAKE_PREFIX_PATH=/home/rama/Documents/code/Docker/moonshot_project/ros2_ws/install/kortex_description:/home/rama/Documents/code/Docker/moonshot_project/ros2_ws/install/moving_table_interfaces:/home/rama/Documents/code/Docker/moonshot_project/ros2_ws/install/livox_ros_driver2:/home/rama/Documents/code/Docker/moonshot_project/ros2_ws/install/kortex_bringup:/home/rama/Documents/code/Docker/moonshot_project/ros2_ws/install/kortex_driver:/home/rama/Documents/code/Docker/moonshot_project/ros2_ws/install/kinova_gen3_lite_moveit_config:/home/rama/Documents/code/Docker/moonshot_project/ros2_ws/install/kinova_gen3_7dof_robotiq_2f_85_moveit_config:/home/rama/Documents/code/Docker/moonshot_project/ros2_ws/install/kinova_gen3_6dof_robotiq_2f_85_moveit_config:/home/rama/Documents/code/Docker/moonshot_project/ros2_ws/install/kortex_api:/opt/openrobots:/opt/openrobots:/home/rama/Documents/code/Docker/moonshot_project/ros2_ws/install/moving_table_pkg:/opt/ros/humble /usr/bin/cmake --build /home/rama/Documents/code/Docker/moonshot_project/ros2_ws/build/kinova_gen3_7dof_robotiq_2f_85_moveit_config -- -j16 -l16
[1.331s] DEBUG:colcon.colcon_core.event_handler.log_command:Invoking command in '/home/rama/Documents/code/Docker/moonshot_project/ros2_ws/build/kinova_gen3_7dof_robotiq_2f_85_moveit_config': CMAKE_PREFIX_PATH=/home/rama/Documents/code/Docker/moonshot_project/ros2_ws/install/kortex_description:/home/rama/Documents/code/Docker/moonshot_project/ros2_ws/install/moving_table_interfaces:/home/rama/Documents/code/Docker/moonshot_project/ros2_ws/install/livox_ros_driver2:/home/rama/Documents/code/Docker/moonshot_project/ros2_ws/install/kortex_bringup:/home/rama/Documents/code/Docker/moonshot_project/ros2_ws/install/kortex_driver:/home/rama/Documents/code/Docker/moonshot_project/ros2_ws/install/kinova_gen3_lite_moveit_config:/home/rama/Documents/code/Docker/moonshot_project/ros2_ws/install/kinova_gen3_7dof_robotiq_2f_85_moveit_config:/home/rama/Documents/code/Docker/moonshot_project/ros2_ws/install/kinova_gen3_6dof_robotiq_2f_85_moveit_config:/home/rama/Documents/code/Docker/moonshot_project/ros2_ws/install/kortex_api:/opt/openrobots:/opt/openrobots:/home/rama/Documents/code/Docker/moonshot_project/ros2_ws/install/moving_table_pkg:/opt/ros/humble /usr/bin/cmake --install /home/rama/Documents/code/Docker/moonshot_project/ros2_ws/build/kinova_gen3_7dof_robotiq_2f_85_moveit_config
[1.332s] Level 1:colcon.colcon_core.environment:create_environment_scripts_only(kinova_gen3_lite_moveit_config)
[1.332s] Level 1:colcon.colcon_core.environment:checking '/home/rama/Documents/code/Docker/moonshot_project/ros2_ws/install/kinova_gen3_lite_moveit_config' for CMake module files
[1.332s] DEBUG:colcon.colcon_core.event_handler.log_command:Invoked command in '/home/rama/Documents/code/Docker/moonshot_project/ros2_ws/build/kinova_gen3_lite_moveit_config' returned '0': CMAKE_PREFIX_PATH=/home/rama/Documents/code/Docker/moonshot_project/ros2_ws/install/kortex_description:/home/rama/Documents/code/Docker/moonshot_project/ros2_ws/install/moving_table_interfaces:/home/rama/Documents/code/Docker/moonshot_project/ros2_ws/install/livox_ros_driver2:/home/rama/Documents/code/Docker/moonshot_project/ros2_ws/install/kortex_bringup:/home/rama/Documents/code/Docker/moonshot_project/ros2_ws/install/kortex_driver:/home/rama/Documents/code/Docker/moonshot_project/ros2_ws/install/kinova_gen3_lite_moveit_config:/home/rama/Documents/code/Docker/moonshot_project/ros2_ws/install/kinova_gen3_7dof_robotiq_2f_85_moveit_config:/home/rama/Documents/code/Docker/moonshot_project/ros2_ws/install/kinova_gen3_6dof_robotiq_2f_85_moveit_config:/home/rama/Documents/code/Docker/moonshot_project/ros2_ws/install/kortex_api:/opt/openrobots:/opt/openrobots:/home/rama/Documents/code/Docker/moonshot_project/ros2_ws/install/moving_table_pkg:/opt/ros/humble /usr/bin/cmake --install /home/rama/Documents/code/Docker/moonshot_project/ros2_ws/build/kinova_gen3_lite_moveit_config
[1.333s] Level 1:colcon.colcon_core.environment:checking '/home/rama/Documents/code/Docker/moonshot_project/ros2_ws/install/kinova_gen3_lite_moveit_config' for CMake config files
[1.333s] Level 1:colcon.colcon_core.shell:create_environment_hook('kinova_gen3_lite_moveit_config', 'cmake_prefix_path')
[1.333s] INFO:colcon.colcon_core.shell:Creating environment hook '/home/rama/Documents/code/Docker/moonshot_project/ros2_ws/install/kinova_gen3_lite_moveit_config/share/kinova_gen3_lite_moveit_config/hook/cmake_prefix_path.ps1'
[1.334s] INFO:colcon.colcon_core.shell:Creating environment descriptor '/home/rama/Documents/code/Docker/moonshot_project/ros2_ws/install/kinova_gen3_lite_moveit_config/share/kinova_gen3_lite_moveit_config/hook/cmake_prefix_path.dsv'
[1.334s] INFO:colcon.colcon_core.shell:Creating environment hook '/home/rama/Documents/code/Docker/moonshot_project/ros2_ws/install/kinova_gen3_lite_moveit_config/share/kinova_gen3_lite_moveit_config/hook/cmake_prefix_path.sh'
[1.335s] Level 1:colcon.colcon_core.environment:checking '/home/rama/Documents/code/Docker/moonshot_project/ros2_ws/install/kinova_gen3_lite_moveit_config/bin'
[1.335s] Level 1:colcon.colcon_core.environment:checking '/home/rama/Documents/code/Docker/moonshot_project/ros2_ws/install/kinova_gen3_lite_moveit_config/lib/pkgconfig/kinova_gen3_lite_moveit_config.pc'
[1.335s] Level 1:colcon.colcon_core.environment:checking '/home/rama/Documents/code/Docker/moonshot_project/ros2_ws/install/kinova_gen3_lite_moveit_config/lib/python3.10/site-packages'
[1.335s] Level 1:colcon.colcon_core.environment:checking '/home/rama/Documents/code/Docker/moonshot_project/ros2_ws/install/kinova_gen3_lite_moveit_config/bin'
[1.336s] INFO:colcon.colcon_core.shell:Creating package script '/home/rama/Documents/code/Docker/moonshot_project/ros2_ws/install/kinova_gen3_lite_moveit_config/share/kinova_gen3_lite_moveit_config/package.ps1'
[1.337s] INFO:colcon.colcon_core.shell:Creating package descriptor '/home/rama/Documents/code/Docker/moonshot_project/ros2_ws/install/kinova_gen3_lite_moveit_config/share/kinova_gen3_lite_moveit_config/package.dsv'
[1.339s] INFO:colcon.colcon_core.shell:Creating package script '/home/rama/Documents/code/Docker/moonshot_project/ros2_ws/install/kinova_gen3_lite_moveit_config/share/kinova_gen3_lite_moveit_config/package.sh'
[1.339s] INFO:colcon.colcon_core.shell:Creating package script '/home/rama/Documents/code/Docker/moonshot_project/ros2_ws/install/kinova_gen3_lite_moveit_config/share/kinova_gen3_lite_moveit_config/package.bash'
[1.340s] INFO:colcon.colcon_core.shell:Creating package script '/home/rama/Documents/code/Docker/moonshot_project/ros2_ws/install/kinova_gen3_lite_moveit_config/share/kinova_gen3_lite_moveit_config/package.zsh'
[1.340s] Level 1:colcon.colcon_core.environment:create_file_with_runtime_dependencies(/home/rama/Documents/code/Docker/moonshot_project/ros2_ws/install/kinova_gen3_lite_moveit_config/share/colcon-core/packages/kinova_gen3_lite_moveit_config)
[1.340s] Level 1:colcon.colcon_core.environment:create_environment_scripts_only(kinova_gen3_lite_moveit_config)
[1.341s] Level 1:colcon.colcon_core.environment:checking '/home/rama/Documents/code/Docker/moonshot_project/ros2_ws/install/kinova_gen3_lite_moveit_config' for CMake module files
[1.341s] Level 1:colcon.colcon_core.environment:checking '/home/rama/Documents/code/Docker/moonshot_project/ros2_ws/install/kinova_gen3_lite_moveit_config' for CMake config files
[1.341s] Level 1:colcon.colcon_core.shell:create_environment_hook('kinova_gen3_lite_moveit_config', 'cmake_prefix_path')
[1.341s] INFO:colcon.colcon_core.shell:Creating environment hook '/home/rama/Documents/code/Docker/moonshot_project/ros2_ws/install/kinova_gen3_lite_moveit_config/share/kinova_gen3_lite_moveit_config/hook/cmake_prefix_path.ps1'
[1.342s] INFO:colcon.colcon_core.shell:Creating environment descriptor '/home/rama/Documents/code/Docker/moonshot_project/ros2_ws/install/kinova_gen3_lite_moveit_config/share/kinova_gen3_lite_moveit_config/hook/cmake_prefix_path.dsv'
[1.342s] INFO:colcon.colcon_core.shell:Creating environment hook '/home/rama/Documents/code/Docker/moonshot_project/ros2_ws/install/kinova_gen3_lite_moveit_config/share/kinova_gen3_lite_moveit_config/hook/cmake_prefix_path.sh'
[1.343s] Level 1:colcon.colcon_core.environment:checking '/home/rama/Documents/code/Docker/moonshot_project/ros2_ws/install/kinova_gen3_lite_moveit_config/bin'
[1.343s] Level 1:colcon.colcon_core.environment:checking '/home/rama/Documents/code/Docker/moonshot_project/ros2_ws/install/kinova_gen3_lite_moveit_config/lib/pkgconfig/kinova_gen3_lite_moveit_config.pc'
[1.343s] Level 1:colcon.colcon_core.environment:checking '/home/rama/Documents/code/Docker/moonshot_project/ros2_ws/install/kinova_gen3_lite_moveit_config/lib/python3.10/site-packages'
[1.343s] Level 1:colcon.colcon_core.environment:checking '/home/rama/Documents/code/Docker/moonshot_project/ros2_ws/install/kinova_gen3_lite_moveit_config/bin'
[1.344s] INFO:colcon.colcon_core.shell:Creating package script '/home/rama/Documents/code/Docker/moonshot_project/ros2_ws/install/kinova_gen3_lite_moveit_config/share/kinova_gen3_lite_moveit_config/package.ps1'
[1.344s] INFO:colcon.colcon_core.shell:Creating package descriptor '/home/rama/Documents/code/Docker/moonshot_project/ros2_ws/install/kinova_gen3_lite_moveit_config/share/kinova_gen3_lite_moveit_config/package.dsv'
[1.344s] INFO:colcon.colcon_core.shell:Creating package script '/home/rama/Documents/code/Docker/moonshot_project/ros2_ws/install/kinova_gen3_lite_moveit_config/share/kinova_gen3_lite_moveit_config/package.sh'
[1.345s] INFO:colcon.colcon_core.shell:Creating package script '/home/rama/Documents/code/Docker/moonshot_project/ros2_ws/install/kinova_gen3_lite_moveit_config/share/kinova_gen3_lite_moveit_config/package.bash'
[1.345s] INFO:colcon.colcon_core.shell:Creating package script '/home/rama/Documents/code/Docker/moonshot_project/ros2_ws/install/kinova_gen3_lite_moveit_config/share/kinova_gen3_lite_moveit_config/package.zsh'
[1.346s] Level 1:colcon.colcon_core.environment:create_file_with_runtime_dependencies(/home/rama/Documents/code/Docker/moonshot_project/ros2_ws/install/kinova_gen3_lite_moveit_config/share/colcon-core/packages/kinova_gen3_lite_moveit_config)
[1.347s] DEBUG:colcon.colcon_core.event_handler.log_command:Invoked command in '/home/rama/Documents/code/Docker/moonshot_project/ros2_ws/build/kinova_gen3_6dof_robotiq_2f_85_moveit_config' returned '0': CMAKE_PREFIX_PATH=/home/rama/Documents/code/Docker/moonshot_project/ros2_ws/install/kortex_description:/home/rama/Documents/code/Docker/moonshot_project/ros2_ws/install/moving_table_interfaces:/home/rama/Documents/code/Docker/moonshot_project/ros2_ws/install/livox_ros_driver2:/home/rama/Documents/code/Docker/moonshot_project/ros2_ws/install/kortex_bringup:/home/rama/Documents/code/Docker/moonshot_project/ros2_ws/install/kortex_driver:/home/rama/Documents/code/Docker/moonshot_project/ros2_ws/install/kinova_gen3_lite_moveit_config:/home/rama/Documents/code/Docker/moonshot_project/ros2_ws/install/kinova_gen3_7dof_robotiq_2f_85_moveit_config:/home/rama/Documents/code/Docker/moonshot_project/ros2_ws/install/kinova_gen3_6dof_robotiq_2f_85_moveit_config:/home/rama/Documents/code/Docker/moonshot_project/ros2_ws/install/kortex_api:/opt/openrobots:/opt/openrobots:/home/rama/Documents/code/Docker/moonshot_project/ros2_ws/install/moving_table_pkg:/opt/ros/humble /usr/bin/cmake --build /home/rama/Documents/code/Docker/moonshot_project/ros2_ws/build/kinova_gen3_6dof_robotiq_2f_85_moveit_config -- -j16 -l16
[1.349s] DEBUG:colcon.colcon_core.event_handler.log_command:Invoking command in '/home/rama/Documents/code/Docker/moonshot_project/ros2_ws/build/kinova_gen3_6dof_robotiq_2f_85_moveit_config': CMAKE_PREFIX_PATH=/home/rama/Documents/code/Docker/moonshot_project/ros2_ws/install/kortex_description:/home/rama/Documents/code/Docker/moonshot_project/ros2_ws/install/moving_table_interfaces:/home/rama/Documents/code/Docker/moonshot_project/ros2_ws/install/livox_ros_driver2:/home/rama/Documents/code/Docker/moonshot_project/ros2_ws/install/kortex_bringup:/home/rama/Documents/code/Docker/moonshot_project/ros2_ws/install/kortex_driver:/home/rama/Documents/code/Docker/moonshot_project/ros2_ws/install/kinova_gen3_lite_moveit_config:/home/rama/Documents/code/Docker/moonshot_project/ros2_ws/install/kinova_gen3_7dof_robotiq_2f_85_moveit_config:/home/rama/Documents/code/Docker/moonshot_project/ros2_ws/install/kinova_gen3_6dof_robotiq_2f_85_moveit_config:/home/rama/Documents/code/Docker/moonshot_project/ros2_ws/install/kortex_api:/opt/openrobots:/opt/openrobots:/home/rama/Documents/code/Docker/moonshot_project/ros2_ws/install/moving_table_pkg:/opt/ros/humble /usr/bin/cmake --install /home/rama/Documents/code/Docker/moonshot_project/ros2_ws/build/kinova_gen3_6dof_robotiq_2f_85_moveit_config
[1.349s] Level 1:colcon.colcon_core.environment:create_environment_scripts_only(kinova_gen3_7dof_robotiq_2f_85_moveit_config)
[1.349s] Level 1:colcon.colcon_core.environment:checking '/home/rama/Documents/code/Docker/moonshot_project/ros2_ws/install/kinova_gen3_7dof_robotiq_2f_85_moveit_config' for CMake module files
[1.350s] DEBUG:colcon.colcon_core.event_handler.log_command:Invoked command in '/home/rama/Documents/code/Docker/moonshot_project/ros2_ws/build/kinova_gen3_7dof_robotiq_2f_85_moveit_config' returned '0': CMAKE_PREFIX_PATH=/home/rama/Documents/code/Docker/moonshot_project/ros2_ws/install/kortex_description:/home/rama/Documents/code/Docker/moonshot_project/ros2_ws/install/moving_table_interfaces:/home/rama/Documents/code/Docker/moonshot_project/ros2_ws/install/livox_ros_driver2:/home/rama/Documents/code/Docker/moonshot_project/ros2_ws/install/kortex_bringup:/home/rama/Documents/code/Docker/moonshot_project/ros2_ws/install/kortex_driver:/home/rama/Documents/code/Docker/moonshot_project/ros2_ws/install/kinova_gen3_lite_moveit_config:/home/rama/Documents/code/Docker/moonshot_project/ros2_ws/install/kinova_gen3_7dof_robotiq_2f_85_moveit_config:/home/rama/Documents/code/Docker/moonshot_project/ros2_ws/install/kinova_gen3_6dof_robotiq_2f_85_moveit_config:/home/rama/Documents/code/Docker/moonshot_project/ros2_ws/install/kortex_api:/opt/openrobots:/opt/openrobots:/home/rama/Documents/code/Docker/moonshot_project/ros2_ws/install/moving_table_pkg:/opt/ros/humble /usr/bin/cmake --install /home/rama/Documents/code/Docker/moonshot_project/ros2_ws/build/kinova_gen3_7dof_robotiq_2f_85_moveit_config
[1.350s] Level 1:colcon.colcon_core.environment:checking '/home/rama/Documents/code/Docker/moonshot_project/ros2_ws/install/kinova_gen3_7dof_robotiq_2f_85_moveit_config' for CMake config files
[1.350s] Level 1:colcon.colcon_core.shell:create_environment_hook('kinova_gen3_7dof_robotiq_2f_85_moveit_config', 'cmake_prefix_path')
[1.351s] INFO:colcon.colcon_core.shell:Creating environment hook '/home/rama/Documents/code/Docker/moonshot_project/ros2_ws/install/kinova_gen3_7dof_robotiq_2f_85_moveit_config/share/kinova_gen3_7dof_robotiq_2f_85_moveit_config/hook/cmake_prefix_path.ps1'
[1.351s] INFO:colcon.colcon_core.shell:Creating environment descriptor '/home/rama/Documents/code/Docker/moonshot_project/ros2_ws/install/kinova_gen3_7dof_robotiq_2f_85_moveit_config/share/kinova_gen3_7dof_robotiq_2f_85_moveit_config/hook/cmake_prefix_path.dsv'
[1.352s] INFO:colcon.colcon_core.shell:Creating environment hook '/home/rama/Documents/code/Docker/moonshot_project/ros2_ws/install/kinova_gen3_7dof_robotiq_2f_85_moveit_config/share/kinova_gen3_7dof_robotiq_2f_85_moveit_config/hook/cmake_prefix_path.sh'
[1.352s] Level 1:colcon.colcon_core.environment:checking '/home/rama/Documents/code/Docker/moonshot_project/ros2_ws/install/kinova_gen3_7dof_robotiq_2f_85_moveit_config/bin'
[1.352s] Level 1:colcon.colcon_core.environment:checking '/home/rama/Documents/code/Docker/moonshot_project/ros2_ws/install/kinova_gen3_7dof_robotiq_2f_85_moveit_config/lib/pkgconfig/kinova_gen3_7dof_robotiq_2f_85_moveit_config.pc'
[1.352s] Level 1:colcon.colcon_core.environment:checking '/home/rama/Documents/code/Docker/moonshot_project/ros2_ws/install/kinova_gen3_7dof_robotiq_2f_85_moveit_config/lib/python3.10/site-packages'
[1.353s] Level 1:colcon.colcon_core.environment:checking '/home/rama/Documents/code/Docker/moonshot_project/ros2_ws/install/kinova_gen3_7dof_robotiq_2f_85_moveit_config/bin'
[1.353s] INFO:colcon.colcon_core.shell:Creating package script '/home/rama/Documents/code/Docker/moonshot_project/ros2_ws/install/kinova_gen3_7dof_robotiq_2f_85_moveit_config/share/kinova_gen3_7dof_robotiq_2f_85_moveit_config/package.ps1'
[1.354s] INFO:colcon.colcon_core.shell:Creating package descriptor '/home/rama/Documents/code/Docker/moonshot_project/ros2_ws/install/kinova_gen3_7dof_robotiq_2f_85_moveit_config/share/kinova_gen3_7dof_robotiq_2f_85_moveit_config/package.dsv'
[1.354s] INFO:colcon.colcon_core.shell:Creating package script '/home/rama/Documents/code/Docker/moonshot_project/ros2_ws/install/kinova_gen3_7dof_robotiq_2f_85_moveit_config/share/kinova_gen3_7dof_robotiq_2f_85_moveit_config/package.sh'
[1.354s] INFO:colcon.colcon_core.shell:Creating package script '/home/rama/Documents/code/Docker/moonshot_project/ros2_ws/install/kinova_gen3_7dof_robotiq_2f_85_moveit_config/share/kinova_gen3_7dof_robotiq_2f_85_moveit_config/package.bash'
[1.355s] INFO:colcon.colcon_core.shell:Creating package script '/home/rama/Documents/code/Docker/moonshot_project/ros2_ws/install/kinova_gen3_7dof_robotiq_2f_85_moveit_config/share/kinova_gen3_7dof_robotiq_2f_85_moveit_config/package.zsh'
[1.355s] Level 1:colcon.colcon_core.environment:create_file_with_runtime_dependencies(/home/rama/Documents/code/Docker/moonshot_project/ros2_ws/install/kinova_gen3_7dof_robotiq_2f_85_moveit_config/share/colcon-core/packages/kinova_gen3_7dof_robotiq_2f_85_moveit_config)
[1.355s] Level 1:colcon.colcon_core.environment:create_environment_scripts_only(kinova_gen3_7dof_robotiq_2f_85_moveit_config)
[1.356s] Level 1:colcon.colcon_core.environment:checking '/home/rama/Documents/code/Docker/moonshot_project/ros2_ws/install/kinova_gen3_7dof_robotiq_2f_85_moveit_config' for CMake module files
[1.356s] Level 1:colcon.colcon_core.environment:checking '/home/rama/Documents/code/Docker/moonshot_project/ros2_ws/install/kinova_gen3_7dof_robotiq_2f_85_moveit_config' for CMake config files
[1.356s] Level 1:colcon.colcon_core.shell:create_environment_hook('kinova_gen3_7dof_robotiq_2f_85_moveit_config', 'cmake_prefix_path')
[1.356s] INFO:colcon.colcon_core.shell:Creating environment hook '/home/rama/Documents/code/Docker/moonshot_project/ros2_ws/install/kinova_gen3_7dof_robotiq_2f_85_moveit_config/share/kinova_gen3_7dof_robotiq_2f_85_moveit_config/hook/cmake_prefix_path.ps1'
[1.357s] INFO:colcon.colcon_core.shell:Creating environment descriptor '/home/rama/Documents/code/Docker/moonshot_project/ros2_ws/install/kinova_gen3_7dof_robotiq_2f_85_moveit_config/share/kinova_gen3_7dof_robotiq_2f_85_moveit_config/hook/cmake_prefix_path.dsv'
[1.357s] INFO:colcon.colcon_core.shell:Creating environment hook '/home/rama/Documents/code/Docker/moonshot_project/ros2_ws/install/kinova_gen3_7dof_robotiq_2f_85_moveit_config/share/kinova_gen3_7dof_robotiq_2f_85_moveit_config/hook/cmake_prefix_path.sh'
[1.357s] Level 1:colcon.colcon_core.environment:checking '/home/rama/Documents/code/Docker/moonshot_project/ros2_ws/install/kinova_gen3_7dof_robotiq_2f_85_moveit_config/bin'
[1.357s] Level 1:colcon.colcon_core.environment:checking '/home/rama/Documents/code/Docker/moonshot_project/ros2_ws/install/kinova_gen3_7dof_robotiq_2f_85_moveit_config/lib/pkgconfig/kinova_gen3_7dof_robotiq_2f_85_moveit_config.pc'
[1.357s] Level 1:colcon.colcon_core.environment:checking '/home/rama/Documents/code/Docker/moonshot_project/ros2_ws/install/kinova_gen3_7dof_robotiq_2f_85_moveit_config/lib/python3.10/site-packages'
[1.358s] Level 1:colcon.colcon_core.environment:checking '/home/rama/Documents/code/Docker/moonshot_project/ros2_ws/install/kinova_gen3_7dof_robotiq_2f_85_moveit_config/bin'
[1.358s] INFO:colcon.colcon_core.shell:Creating package script '/home/rama/Documents/code/Docker/moonshot_project/ros2_ws/install/kinova_gen3_7dof_robotiq_2f_85_moveit_config/share/kinova_gen3_7dof_robotiq_2f_85_moveit_config/package.ps1'
[1.358s] INFO:colcon.colcon_core.shell:Creating package descriptor '/home/rama/Documents/code/Docker/moonshot_project/ros2_ws/install/kinova_gen3_7dof_robotiq_2f_85_moveit_config/share/kinova_gen3_7dof_robotiq_2f_85_moveit_config/package.dsv'
[1.359s] INFO:colcon.colcon_core.shell:Creating package script '/home/rama/Documents/code/Docker/moonshot_project/ros2_ws/install/kinova_gen3_7dof_robotiq_2f_85_moveit_config/share/kinova_gen3_7dof_robotiq_2f_85_moveit_config/package.sh'
[1.359s] INFO:colcon.colcon_core.shell:Creating package script '/home/rama/Documents/code/Docker/moonshot_project/ros2_ws/install/kinova_gen3_7dof_robotiq_2f_85_moveit_config/share/kinova_gen3_7dof_robotiq_2f_85_moveit_config/package.bash'
[1.359s] INFO:colcon.colcon_core.shell:Creating package script '/home/rama/Documents/code/Docker/moonshot_project/ros2_ws/install/kinova_gen3_7dof_robotiq_2f_85_moveit_config/share/kinova_gen3_7dof_robotiq_2f_85_moveit_config/package.zsh'
[1.359s] Level 1:colcon.colcon_core.environment:create_file_with_runtime_dependencies(/home/rama/Documents/code/Docker/moonshot_project/ros2_ws/install/kinova_gen3_7dof_robotiq_2f_85_moveit_config/share/colcon-core/packages/kinova_gen3_7dof_robotiq_2f_85_moveit_config)
[1.363s] Level 1:colcon.colcon_core.environment:create_environment_scripts_only(kinova_gen3_6dof_robotiq_2f_85_moveit_config)
[1.363s] Level 1:colcon.colcon_core.environment:checking '/home/rama/Documents/code/Docker/moonshot_project/ros2_ws/install/kinova_gen3_6dof_robotiq_2f_85_moveit_config' for CMake module files
[1.364s] DEBUG:colcon.colcon_core.event_handler.log_command:Invoked command in '/home/rama/Documents/code/Docker/moonshot_project/ros2_ws/build/kinova_gen3_6dof_robotiq_2f_85_moveit_config' returned '0': CMAKE_PREFIX_PATH=/home/rama/Documents/code/Docker/moonshot_project/ros2_ws/install/kortex_description:/home/rama/Documents/code/Docker/moonshot_project/ros2_ws/install/moving_table_interfaces:/home/rama/Documents/code/Docker/moonshot_project/ros2_ws/install/livox_ros_driver2:/home/rama/Documents/code/Docker/moonshot_project/ros2_ws/install/kortex_bringup:/home/rama/Documents/code/Docker/moonshot_project/ros2_ws/install/kortex_driver:/home/rama/Documents/code/Docker/moonshot_project/ros2_ws/install/kinova_gen3_lite_moveit_config:/home/rama/Documents/code/Docker/moonshot_project/ros2_ws/install/kinova_gen3_7dof_robotiq_2f_85_moveit_config:/home/rama/Documents/code/Docker/moonshot_project/ros2_ws/install/kinova_gen3_6dof_robotiq_2f_85_moveit_config:/home/rama/Documents/code/Docker/moonshot_project/ros2_ws/install/kortex_api:/opt/openrobots:/opt/openrobots:/home/rama/Documents/code/Docker/moonshot_project/ros2_ws/install/moving_table_pkg:/opt/ros/humble /usr/bin/cmake --install /home/rama/Documents/code/Docker/moonshot_project/ros2_ws/build/kinova_gen3_6dof_robotiq_2f_85_moveit_config
[1.364s] Level 1:colcon.colcon_core.environment:checking '/home/rama/Documents/code/Docker/moonshot_project/ros2_ws/install/kinova_gen3_6dof_robotiq_2f_85_moveit_config' for CMake config files
[1.364s] Level 1:colcon.colcon_core.shell:create_environment_hook('kinova_gen3_6dof_robotiq_2f_85_moveit_config', 'cmake_prefix_path')
[1.364s] INFO:colcon.colcon_core.shell:Creating environment hook '/home/rama/Documents/code/Docker/moonshot_project/ros2_ws/install/kinova_gen3_6dof_robotiq_2f_85_moveit_config/share/kinova_gen3_6dof_robotiq_2f_85_moveit_config/hook/cmake_prefix_path.ps1'
[1.364s] INFO:colcon.colcon_core.shell:Creating environment descriptor '/home/rama/Documents/code/Docker/moonshot_project/ros2_ws/install/kinova_gen3_6dof_robotiq_2f_85_moveit_config/share/kinova_gen3_6dof_robotiq_2f_85_moveit_config/hook/cmake_prefix_path.dsv'
[1.365s] INFO:colcon.colcon_core.shell:Creating environment hook '/home/rama/Documents/code/Docker/moonshot_project/ros2_ws/install/kinova_gen3_6dof_robotiq_2f_85_moveit_config/share/kinova_gen3_6dof_robotiq_2f_85_moveit_config/hook/cmake_prefix_path.sh'
[1.365s] Level 1:colcon.colcon_core.environment:checking '/home/rama/Documents/code/Docker/moonshot_project/ros2_ws/install/kinova_gen3_6dof_robotiq_2f_85_moveit_config/bin'
[1.365s] Level 1:colcon.colcon_core.environment:checking '/home/rama/Documents/code/Docker/moonshot_project/ros2_ws/install/kinova_gen3_6dof_robotiq_2f_85_moveit_config/lib/pkgconfig/kinova_gen3_6dof_robotiq_2f_85_moveit_config.pc'
[1.365s] Level 1:colcon.colcon_core.environment:checking '/home/rama/Documents/code/Docker/moonshot_project/ros2_ws/install/kinova_gen3_6dof_robotiq_2f_85_moveit_config/lib/python3.10/site-packages'
[1.365s] Level 1:colcon.colcon_core.environment:checking '/home/rama/Documents/code/Docker/moonshot_project/ros2_ws/install/kinova_gen3_6dof_robotiq_2f_85_moveit_config/bin'
[1.365s] INFO:colcon.colcon_core.shell:Creating package script '/home/rama/Documents/code/Docker/moonshot_project/ros2_ws/install/kinova_gen3_6dof_robotiq_2f_85_moveit_config/share/kinova_gen3_6dof_robotiq_2f_85_moveit_config/package.ps1'
[1.366s] INFO:colcon.colcon_core.shell:Creating package descriptor '/home/rama/Documents/code/Docker/moonshot_project/ros2_ws/install/kinova_gen3_6dof_robotiq_2f_85_moveit_config/share/kinova_gen3_6dof_robotiq_2f_85_moveit_config/package.dsv'
[1.366s] INFO:colcon.colcon_core.shell:Creating package script '/home/rama/Documents/code/Docker/moonshot_project/ros2_ws/install/kinova_gen3_6dof_robotiq_2f_85_moveit_config/share/kinova_gen3_6dof_robotiq_2f_85_moveit_config/package.sh'
[1.366s] INFO:colcon.colcon_core.shell:Creating package script '/home/rama/Documents/code/Docker/moonshot_project/ros2_ws/install/kinova_gen3_6dof_robotiq_2f_85_moveit_config/share/kinova_gen3_6dof_robotiq_2f_85_moveit_config/package.bash'
[1.366s] INFO:colcon.colcon_core.shell:Creating package script '/home/rama/Documents/code/Docker/moonshot_project/ros2_ws/install/kinova_gen3_6dof_robotiq_2f_85_moveit_config/share/kinova_gen3_6dof_robotiq_2f_85_moveit_config/package.zsh'
[1.367s] Level 1:colcon.colcon_core.environment:create_file_with_runtime_dependencies(/home/rama/Documents/code/Docker/moonshot_project/ros2_ws/install/kinova_gen3_6dof_robotiq_2f_85_moveit_config/share/colcon-core/packages/kinova_gen3_6dof_robotiq_2f_85_moveit_config)
[1.367s] Level 1:colcon.colcon_core.environment:create_environment_scripts_only(kinova_gen3_6dof_robotiq_2f_85_moveit_config)
[1.367s] Level 1:colcon.colcon_core.environment:checking '/home/rama/Documents/code/Docker/moonshot_project/ros2_ws/install/kinova_gen3_6dof_robotiq_2f_85_moveit_config' for CMake module files
[1.367s] Level 1:colcon.colcon_core.environment:checking '/home/rama/Documents/code/Docker/moonshot_project/ros2_ws/install/kinova_gen3_6dof_robotiq_2f_85_moveit_config' for CMake config files
[1.367s] Level 1:colcon.colcon_core.shell:create_environment_hook('kinova_gen3_6dof_robotiq_2f_85_moveit_config', 'cmake_prefix_path')
[1.368s] INFO:colcon.colcon_core.shell:Creating environment hook '/home/rama/Documents/code/Docker/moonshot_project/ros2_ws/install/kinova_gen3_6dof_robotiq_2f_85_moveit_config/share/kinova_gen3_6dof_robotiq_2f_85_moveit_config/hook/cmake_prefix_path.ps1'
[1.368s] INFO:colcon.colcon_core.shell:Creating environment descriptor '/home/rama/Documents/code/Docker/moonshot_project/ros2_ws/install/kinova_gen3_6dof_robotiq_2f_85_moveit_config/share/kinova_gen3_6dof_robotiq_2f_85_moveit_config/hook/cmake_prefix_path.dsv'
[1.368s] INFO:colcon.colcon_core.shell:Creating environment hook '/home/rama/Documents/code/Docker/moonshot_project/ros2_ws/install/kinova_gen3_6dof_robotiq_2f_85_moveit_config/share/kinova_gen3_6dof_robotiq_2f_85_moveit_config/hook/cmake_prefix_path.sh'
[1.368s] Level 1:colcon.colcon_core.environment:checking '/home/rama/Documents/code/Docker/moonshot_project/ros2_ws/install/kinova_gen3_6dof_robotiq_2f_85_moveit_config/bin'
[1.368s] Level 1:colcon.colcon_core.environment:checking '/home/rama/Documents/code/Docker/moonshot_project/ros2_ws/install/kinova_gen3_6dof_robotiq_2f_85_moveit_config/lib/pkgconfig/kinova_gen3_6dof_robotiq_2f_85_moveit_config.pc'
[1.368s] Level 1:colcon.colcon_core.environment:checking '/home/rama/Documents/code/Docker/moonshot_project/ros2_ws/install/kinova_gen3_6dof_robotiq_2f_85_moveit_config/lib/python3.10/site-packages'
[1.369s] Level 1:colcon.colcon_core.environment:checking '/home/rama/Documents/code/Docker/moonshot_project/ros2_ws/install/kinova_gen3_6dof_robotiq_2f_85_moveit_config/bin'
[1.369s] INFO:colcon.colcon_core.shell:Creating package script '/home/rama/Documents/code/Docker/moonshot_project/ros2_ws/install/kinova_gen3_6dof_robotiq_2f_85_moveit_config/share/kinova_gen3_6dof_robotiq_2f_85_moveit_config/package.ps1'
[1.369s] INFO:colcon.colcon_core.shell:Creating package descriptor '/home/rama/Documents/code/Docker/moonshot_project/ros2_ws/install/kinova_gen3_6dof_robotiq_2f_85_moveit_config/share/kinova_gen3_6dof_robotiq_2f_85_moveit_config/package.dsv'
[1.369s] INFO:colcon.colcon_core.shell:Creating package script '/home/rama/Documents/code/Docker/moonshot_project/ros2_ws/install/kinova_gen3_6dof_robotiq_2f_85_moveit_config/share/kinova_gen3_6dof_robotiq_2f_85_moveit_config/package.sh'
[1.370s] INFO:colcon.colcon_core.shell:Creating package script '/home/rama/Documents/code/Docker/moonshot_project/ros2_ws/install/kinova_gen3_6dof_robotiq_2f_85_moveit_config/share/kinova_gen3_6dof_robotiq_2f_85_moveit_config/package.bash'
[1.370s] INFO:colcon.colcon_core.shell:Creating package script '/home/rama/Documents/code/Docker/moonshot_project/ros2_ws/install/kinova_gen3_6dof_robotiq_2f_85_moveit_config/share/kinova_gen3_6dof_robotiq_2f_85_moveit_config/package.zsh'
[1.370s] Level 1:colcon.colcon_core.environment:create_file_with_runtime_dependencies(/home/rama/Documents/code/Docker/moonshot_project/ros2_ws/install/kinova_gen3_6dof_robotiq_2f_85_moveit_config/share/colcon-core/packages/kinova_gen3_6dof_robotiq_2f_85_moveit_config)
[1.452s] DEBUG:colcon.colcon_core.event_handler.log_command:Invoked command in '/home/rama/Documents/code/Docker/moonshot_project/ros2_ws/build/moving_table_interfaces' returned '0': CMAKE_PREFIX_PATH=${CMAKE_PREFIX_PATH}:/home/rama/Documents/code/Docker/moonshot_project/ros2_ws/install/moving_table_pkg:/opt/ros/humble /usr/bin/cmake /home/rama/Documents/code/Docker/moonshot_project/ros2_ws/src/moving_table_interfaces -DROS_EDITION=ROS2 -DHUMBLE_ROS=humble -DCMAKE_INSTALL_PREFIX=/home/rama/Documents/code/Docker/moonshot_project/ros2_ws/install/moving_table_interfaces
[1.453s] DEBUG:colcon.colcon_core.event_handler.log_command:Invoking command in '/home/rama/Documents/code/Docker/moonshot_project/ros2_ws/build/moving_table_interfaces': CMAKE_PREFIX_PATH=${CMAKE_PREFIX_PATH}:/home/rama/Documents/code/Docker/moonshot_project/ros2_ws/install/moving_table_pkg:/opt/ros/humble /usr/bin/cmake --build /home/rama/Documents/code/Docker/moonshot_project/ros2_ws/build/moving_table_interfaces -- -j16 -l16
[3.076s] DEBUG:colcon.colcon_core.event_handler.log_command:Invoked command in '/home/rama/Documents/code/Docker/moonshot_project/ros2_ws/build/moving_table_interfaces' returned '0': CMAKE_PREFIX_PATH=${CMAKE_PREFIX_PATH}:/home/rama/Documents/code/Docker/moonshot_project/ros2_ws/install/moving_table_pkg:/opt/ros/humble /usr/bin/cmake --build /home/rama/Documents/code/Docker/moonshot_project/ros2_ws/build/moving_table_interfaces -- -j16 -l16
[3.077s] DEBUG:colcon.colcon_core.event_handler.log_command:Invoking command in '/home/rama/Documents/code/Docker/moonshot_project/ros2_ws/build/moving_table_interfaces': CMAKE_PREFIX_PATH=${CMAKE_PREFIX_PATH}:/home/rama/Documents/code/Docker/moonshot_project/ros2_ws/install/moving_table_pkg:/opt/ros/humble /usr/bin/cmake --install /home/rama/Documents/code/Docker/moonshot_project/ros2_ws/build/moving_table_interfaces
[3.119s] Level 1:colcon.colcon_core.environment:create_environment_scripts_only(moving_table_interfaces)
[3.120s] Level 1:colcon.colcon_core.environment:checking '/home/rama/Documents/code/Docker/moonshot_project/ros2_ws/install/moving_table_interfaces' for CMake module files
[3.120s] DEBUG:colcon.colcon_core.event_handler.log_command:Invoked command in '/home/rama/Documents/code/Docker/moonshot_project/ros2_ws/build/moving_table_interfaces' returned '0': CMAKE_PREFIX_PATH=${CMAKE_PREFIX_PATH}:/home/rama/Documents/code/Docker/moonshot_project/ros2_ws/install/moving_table_pkg:/opt/ros/humble /usr/bin/cmake --install /home/rama/Documents/code/Docker/moonshot_project/ros2_ws/build/moving_table_interfaces
[3.120s] Level 1:colcon.colcon_core.environment:checking '/home/rama/Documents/code/Docker/moonshot_project/ros2_ws/install/moving_table_interfaces' for CMake config files
[3.121s] Level 1:colcon.colcon_core.shell:create_environment_hook('moving_table_interfaces', 'cmake_prefix_path')
[3.121s] INFO:colcon.colcon_core.shell:Creating environment hook '/home/rama/Documents/code/Docker/moonshot_project/ros2_ws/install/moving_table_interfaces/share/moving_table_interfaces/hook/cmake_prefix_path.ps1'
[3.121s] INFO:colcon.colcon_core.shell:Creating environment descriptor '/home/rama/Documents/code/Docker/moonshot_project/ros2_ws/install/moving_table_interfaces/share/moving_table_interfaces/hook/cmake_prefix_path.dsv'
[3.121s] INFO:colcon.colcon_core.shell:Creating environment hook '/home/rama/Documents/code/Docker/moonshot_project/ros2_ws/install/moving_table_interfaces/share/moving_table_interfaces/hook/cmake_prefix_path.sh'
[3.122s] Level 1:colcon.colcon_core.environment:checking '/home/rama/Documents/code/Docker/moonshot_project/ros2_ws/install/moving_table_interfaces/lib'
[3.122s] Level 1:colcon.colcon_core.shell:create_environment_hook('moving_table_interfaces', 'ld_library_path_lib')
[3.122s] INFO:colcon.colcon_core.shell:Creating environment hook '/home/rama/Documents/code/Docker/moonshot_project/ros2_ws/install/moving_table_interfaces/share/moving_table_interfaces/hook/ld_library_path_lib.ps1'
[3.122s] INFO:colcon.colcon_core.shell:Creating environment descriptor '/home/rama/Documents/code/Docker/moonshot_project/ros2_ws/install/moving_table_interfaces/share/moving_table_interfaces/hook/ld_library_path_lib.dsv'
[3.122s] INFO:colcon.colcon_core.shell:Creating environment hook '/home/rama/Documents/code/Docker/moonshot_project/ros2_ws/install/moving_table_interfaces/share/moving_table_interfaces/hook/ld_library_path_lib.sh'
[3.122s] Level 1:colcon.colcon_core.environment:checking '/home/rama/Documents/code/Docker/moonshot_project/ros2_ws/install/moving_table_interfaces/bin'
[3.122s] Level 1:colcon.colcon_core.environment:checking '/home/rama/Documents/code/Docker/moonshot_project/ros2_ws/install/moving_table_interfaces/lib/pkgconfig/moving_table_interfaces.pc'
[3.123s] Level 1:colcon.colcon_core.environment:checking '/home/rama/Documents/code/Docker/moonshot_project/ros2_ws/install/moving_table_interfaces/lib/python3.10/site-packages'
[3.123s] Level 1:colcon.colcon_core.environment:checking '/home/rama/Documents/code/Docker/moonshot_project/ros2_ws/install/moving_table_interfaces/bin'
[3.123s] INFO:colcon.colcon_core.shell:Creating package script '/home/rama/Documents/code/Docker/moonshot_project/ros2_ws/install/moving_table_interfaces/share/moving_table_interfaces/package.ps1'
[3.123s] INFO:colcon.colcon_core.shell:Creating package descriptor '/home/rama/Documents/code/Docker/moonshot_project/ros2_ws/install/moving_table_interfaces/share/moving_table_interfaces/package.dsv'
[3.124s] INFO:colcon.colcon_core.shell:Creating package script '/home/rama/Documents/code/Docker/moonshot_project/ros2_ws/install/moving_table_interfaces/share/moving_table_interfaces/package.sh'
[3.124s] INFO:colcon.colcon_core.shell:Creating package script '/home/rama/Documents/code/Docker/moonshot_project/ros2_ws/install/moving_table_interfaces/share/moving_table_interfaces/package.bash'
[3.124s] INFO:colcon.colcon_core.shell:Creating package script '/home/rama/Documents/code/Docker/moonshot_project/ros2_ws/install/moving_table_interfaces/share/moving_table_interfaces/package.zsh'
[3.124s] Level 1:colcon.colcon_core.environment:create_file_with_runtime_dependencies(/home/rama/Documents/code/Docker/moonshot_project/ros2_ws/install/moving_table_interfaces/share/colcon-core/packages/moving_table_interfaces)
[3.125s] Level 1:colcon.colcon_core.environment:create_environment_scripts_only(moving_table_interfaces)
[3.125s] Level 1:colcon.colcon_core.environment:checking '/home/rama/Documents/code/Docker/moonshot_project/ros2_ws/install/moving_table_interfaces' for CMake module files
[3.125s] Level 1:colcon.colcon_core.environment:checking '/home/rama/Documents/code/Docker/moonshot_project/ros2_ws/install/moving_table_interfaces' for CMake config files
[3.125s] Level 1:colcon.colcon_core.shell:create_environment_hook('moving_table_interfaces', 'cmake_prefix_path')
[3.126s] INFO:colcon.colcon_core.shell:Creating environment hook '/home/rama/Documents/code/Docker/moonshot_project/ros2_ws/install/moving_table_interfaces/share/moving_table_interfaces/hook/cmake_prefix_path.ps1'
[3.126s] INFO:colcon.colcon_core.shell:Creating environment descriptor '/home/rama/Documents/code/Docker/moonshot_project/ros2_ws/install/moving_table_interfaces/share/moving_table_interfaces/hook/cmake_prefix_path.dsv'
[3.126s] INFO:colcon.colcon_core.shell:Creating environment hook '/home/rama/Documents/code/Docker/moonshot_project/ros2_ws/install/moving_table_interfaces/share/moving_table_interfaces/hook/cmake_prefix_path.sh'
[3.126s] Level 1:colcon.colcon_core.environment:checking '/home/rama/Documents/code/Docker/moonshot_project/ros2_ws/install/moving_table_interfaces/lib'
[3.126s] Level 1:colcon.colcon_core.shell:create_environment_hook('moving_table_interfaces', 'ld_library_path_lib')
[3.126s] INFO:colcon.colcon_core.shell:Creating environment hook '/home/rama/Documents/code/Docker/moonshot_project/ros2_ws/install/moving_table_interfaces/share/moving_table_interfaces/hook/ld_library_path_lib.ps1'
[3.127s] INFO:colcon.colcon_core.shell:Creating environment descriptor '/home/rama/Documents/code/Docker/moonshot_project/ros2_ws/install/moving_table_interfaces/share/moving_table_interfaces/hook/ld_library_path_lib.dsv'
[3.127s] INFO:colcon.colcon_core.shell:Creating environment hook '/home/rama/Documents/code/Docker/moonshot_project/ros2_ws/install/moving_table_interfaces/share/moving_table_interfaces/hook/ld_library_path_lib.sh'
[3.127s] Level 1:colcon.colcon_core.environment:checking '/home/rama/Documents/code/Docker/moonshot_project/ros2_ws/install/moving_table_interfaces/bin'
[3.127s] Level 1:colcon.colcon_core.environment:checking '/home/rama/Documents/code/Docker/moonshot_project/ros2_ws/install/moving_table_interfaces/lib/pkgconfig/moving_table_interfaces.pc'
[3.127s] Level 1:colcon.colcon_core.environment:checking '/home/rama/Documents/code/Docker/moonshot_project/ros2_ws/install/moving_table_interfaces/lib/python3.10/site-packages'
[3.128s] Level 1:colcon.colcon_core.environment:checking '/home/rama/Documents/code/Docker/moonshot_project/ros2_ws/install/moving_table_interfaces/bin'
[3.128s] INFO:colcon.colcon_core.shell:Creating package script '/home/rama/Documents/code/Docker/moonshot_project/ros2_ws/install/moving_table_interfaces/share/moving_table_interfaces/package.ps1'
[3.128s] INFO:colcon.colcon_core.shell:Creating package descriptor '/home/rama/Documents/code/Docker/moonshot_project/ros2_ws/install/moving_table_interfaces/share/moving_table_interfaces/package.dsv'
[3.128s] INFO:colcon.colcon_core.shell:Creating package script '/home/rama/Documents/code/Docker/moonshot_project/ros2_ws/install/moving_table_interfaces/share/moving_table_interfaces/package.sh'
[3.129s] INFO:colcon.colcon_core.shell:Creating package script '/home/rama/Documents/code/Docker/moonshot_project/ros2_ws/install/moving_table_interfaces/share/moving_table_interfaces/package.bash'
[3.129s] INFO:colcon.colcon_core.shell:Creating package script '/home/rama/Documents/code/Docker/moonshot_project/ros2_ws/install/moving_table_interfaces/share/moving_table_interfaces/package.zsh'
[3.129s] Level 1:colcon.colcon_core.environment:create_file_with_runtime_dependencies(/home/rama/Documents/code/Docker/moonshot_project/ros2_ws/install/moving_table_interfaces/share/colcon-core/packages/moving_table_interfaces)
[3.431s] DEBUG:colcon.colcon_core.event_handler.log_command:Invoked command in '/home/rama/Documents/code/Docker/moonshot_project/ros2_ws/build/livox_ros_driver2' returned '0': CMAKE_PREFIX_PATH=${CMAKE_PREFIX_PATH}:/home/rama/Documents/code/Docker/moonshot_project/ros2_ws/install/moving_table_pkg:/opt/ros/humble /usr/bin/cmake /home/rama/Documents/code/Docker/moonshot_project/ros2_ws/src/livox_ros_driver2 -DROS_EDITION=ROS2 -DHUMBLE_ROS=humble -DCMAKE_INSTALL_PREFIX=/home/rama/Documents/code/Docker/moonshot_project/ros2_ws/install/livox_ros_driver2
[3.432s] DEBUG:colcon.colcon_core.event_handler.log_command:Invoking command in '/home/rama/Documents/code/Docker/moonshot_project/ros2_ws/build/livox_ros_driver2': CMAKE_PREFIX_PATH=${CMAKE_PREFIX_PATH}:/home/rama/Documents/code/Docker/moonshot_project/ros2_ws/install/moving_table_pkg:/opt/ros/humble /usr/bin/cmake --build /home/rama/Documents/code/Docker/moonshot_project/ros2_ws/build/livox_ros_driver2 -- -j16 -l16
[10.349s] DEBUG:colcon.colcon_core.event_handler.log_command:Invoked command in '/home/rama/Documents/code/Docker/moonshot_project/ros2_ws/build/kortex_api' returned '0': CMAKE_PREFIX_PATH=${CMAKE_PREFIX_PATH}:/home/rama/Documents/code/Docker/moonshot_project/ros2_ws/install/moving_table_pkg:/opt/ros/humble /usr/bin/cmake /home/rama/Documents/code/Docker/moonshot_project/ros2_ws/src/ros2_kortex/kortex_api -DROS_EDITION=ROS2 -DHUMBLE_ROS=humble -DCMAKE_INSTALL_PREFIX=/home/rama/Documents/code/Docker/moonshot_project/ros2_ws/install/kortex_api
[10.350s] DEBUG:colcon.colcon_core.event_handler.log_command:Invoking command in '/home/rama/Documents/code/Docker/moonshot_project/ros2_ws/build/kortex_api': CMAKE_PREFIX_PATH=${CMAKE_PREFIX_PATH}:/home/rama/Documents/code/Docker/moonshot_project/ros2_ws/install/moving_table_pkg:/opt/ros/humble /usr/bin/cmake --build /home/rama/Documents/code/Docker/moonshot_project/ros2_ws/build/kortex_api -- -j16 -l16
[10.379s] DEBUG:colcon.colcon_core.event_handler.log_command:Invoked command in '/home/rama/Documents/code/Docker/moonshot_project/ros2_ws/build/kortex_api' returned '0': CMAKE_PREFIX_PATH=${CMAKE_PREFIX_PATH}:/home/rama/Documents/code/Docker/moonshot_project/ros2_ws/install/moving_table_pkg:/opt/ros/humble /usr/bin/cmake --build /home/rama/Documents/code/Docker/moonshot_project/ros2_ws/build/kortex_api -- -j16 -l16
[10.380s] DEBUG:colcon.colcon_core.event_handler.log_command:Invoking command in '/home/rama/Documents/code/Docker/moonshot_project/ros2_ws/build/kortex_api': CMAKE_PREFIX_PATH=${CMAKE_PREFIX_PATH}:/home/rama/Documents/code/Docker/moonshot_project/ros2_ws/install/moving_table_pkg:/opt/ros/humble /usr/bin/cmake --install /home/rama/Documents/code/Docker/moonshot_project/ros2_ws/build/kortex_api
[10.401s] Level 1:colcon.colcon_core.environment:create_environment_scripts_only(kortex_api)
[10.401s] Level 1:colcon.colcon_core.environment:checking '/home/rama/Documents/code/Docker/moonshot_project/ros2_ws/install/kortex_api' for CMake module files
[10.402s] DEBUG:colcon.colcon_core.event_handler.log_command:Invoked command in '/home/rama/Documents/code/Docker/moonshot_project/ros2_ws/build/kortex_api' returned '0': CMAKE_PREFIX_PATH=${CMAKE_PREFIX_PATH}:/home/rama/Documents/code/Docker/moonshot_project/ros2_ws/install/moving_table_pkg:/opt/ros/humble /usr/bin/cmake --install /home/rama/Documents/code/Docker/moonshot_project/ros2_ws/build/kortex_api
[10.402s] Level 1:colcon.colcon_core.environment:checking '/home/rama/Documents/code/Docker/moonshot_project/ros2_ws/install/kortex_api' for CMake config files
[10.402s] Level 1:colcon.colcon_core.shell:create_environment_hook('kortex_api', 'cmake_prefix_path')
[10.403s] INFO:colcon.colcon_core.shell:Creating environment hook '/home/rama/Documents/code/Docker/moonshot_project/ros2_ws/install/kortex_api/share/kortex_api/hook/cmake_prefix_path.ps1'
[10.403s] INFO:colcon.colcon_core.shell:Creating environment descriptor '/home/rama/Documents/code/Docker/moonshot_project/ros2_ws/install/kortex_api/share/kortex_api/hook/cmake_prefix_path.dsv'
[10.403s] INFO:colcon.colcon_core.shell:Creating environment hook '/home/rama/Documents/code/Docker/moonshot_project/ros2_ws/install/kortex_api/share/kortex_api/hook/cmake_prefix_path.sh'
[10.403s] Level 1:colcon.colcon_core.environment:checking '/home/rama/Documents/code/Docker/moonshot_project/ros2_ws/install/kortex_api/bin'
[10.404s] Level 1:colcon.colcon_core.environment:checking '/home/rama/Documents/code/Docker/moonshot_project/ros2_ws/install/kortex_api/lib/pkgconfig/kortex_api.pc'
[10.404s] Level 1:colcon.colcon_core.environment:checking '/home/rama/Documents/code/Docker/moonshot_project/ros2_ws/install/kortex_api/lib/python3.10/site-packages'
[10.404s] Level 1:colcon.colcon_core.environment:checking '/home/rama/Documents/code/Docker/moonshot_project/ros2_ws/install/kortex_api/bin'
[10.404s] INFO:colcon.colcon_core.shell:Creating package script '/home/rama/Documents/code/Docker/moonshot_project/ros2_ws/install/kortex_api/share/kortex_api/package.ps1'
[10.404s] INFO:colcon.colcon_core.shell:Creating package descriptor '/home/rama/Documents/code/Docker/moonshot_project/ros2_ws/install/kortex_api/share/kortex_api/package.dsv'
[10.405s] INFO:colcon.colcon_core.shell:Creating package script '/home/rama/Documents/code/Docker/moonshot_project/ros2_ws/install/kortex_api/share/kortex_api/package.sh'
[10.405s] INFO:colcon.colcon_core.shell:Creating package script '/home/rama/Documents/code/Docker/moonshot_project/ros2_ws/install/kortex_api/share/kortex_api/package.bash'
[10.405s] INFO:colcon.colcon_core.shell:Creating package script '/home/rama/Documents/code/Docker/moonshot_project/ros2_ws/install/kortex_api/share/kortex_api/package.zsh'
[10.405s] Level 1:colcon.colcon_core.environment:create_file_with_runtime_dependencies(/home/rama/Documents/code/Docker/moonshot_project/ros2_ws/install/kortex_api/share/colcon-core/packages/kortex_api)
[10.406s] Level 1:colcon.colcon_core.environment:create_environment_scripts_only(kortex_api)
[10.406s] Level 1:colcon.colcon_core.environment:checking '/home/rama/Documents/code/Docker/moonshot_project/ros2_ws/install/kortex_api' for CMake module files
[10.406s] Level 1:colcon.colcon_core.environment:checking '/home/rama/Documents/code/Docker/moonshot_project/ros2_ws/install/kortex_api' for CMake config files
[10.406s] Level 1:colcon.colcon_core.shell:create_environment_hook('kortex_api', 'cmake_prefix_path')
[10.407s] INFO:colcon.colcon_core.shell:Creating environment hook '/home/rama/Documents/code/Docker/moonshot_project/ros2_ws/install/kortex_api/share/kortex_api/hook/cmake_prefix_path.ps1'
[10.407s] INFO:colcon.colcon_core.shell:Creating environment descriptor '/home/rama/Documents/code/Docker/moonshot_project/ros2_ws/install/kortex_api/share/kortex_api/hook/cmake_prefix_path.dsv'
[10.407s] INFO:colcon.colcon_core.shell:Creating environment hook '/home/rama/Documents/code/Docker/moonshot_project/ros2_ws/install/kortex_api/share/kortex_api/hook/cmake_prefix_path.sh'
[10.407s] Level 1:colcon.colcon_core.environment:checking '/home/rama/Documents/code/Docker/moonshot_project/ros2_ws/install/kortex_api/bin'
[10.407s] Level 1:colcon.colcon_core.environment:checking '/home/rama/Documents/code/Docker/moonshot_project/ros2_ws/install/kortex_api/lib/pkgconfig/kortex_api.pc'
[10.408s] Level 1:colcon.colcon_core.environment:checking '/home/rama/Documents/code/Docker/moonshot_project/ros2_ws/install/kortex_api/lib/python3.10/site-packages'
[10.408s] Level 1:colcon.colcon_core.environment:checking '/home/rama/Documents/code/Docker/moonshot_project/ros2_ws/install/kortex_api/bin'
[10.408s] INFO:colcon.colcon_core.shell:Creating package script '/home/rama/Documents/code/Docker/moonshot_project/ros2_ws/install/kortex_api/share/kortex_api/package.ps1'
[10.408s] INFO:colcon.colcon_core.shell:Creating package descriptor '/home/rama/Documents/code/Docker/moonshot_project/ros2_ws/install/kortex_api/share/kortex_api/package.dsv'
[10.409s] INFO:colcon.colcon_core.shell:Creating package script '/home/rama/Documents/code/Docker/moonshot_project/ros2_ws/install/kortex_api/share/kortex_api/package.sh'
[10.409s] INFO:colcon.colcon_core.shell:Creating package script '/home/rama/Documents/code/Docker/moonshot_project/ros2_ws/install/kortex_api/share/kortex_api/package.bash'
[10.409s] INFO:colcon.colcon_core.shell:Creating package script '/home/rama/Documents/code/Docker/moonshot_project/ros2_ws/install/kortex_api/share/kortex_api/package.zsh'
[10.409s] Level 1:colcon.colcon_core.environment:create_file_with_runtime_dependencies(/home/rama/Documents/code/Docker/moonshot_project/ros2_ws/install/kortex_api/share/colcon-core/packages/kortex_api)
[10.410s] INFO:colcon.colcon_ros.task.ament_cmake.build:Building ROS package in '/home/rama/Documents/code/Docker/moonshot_project/ros2_ws/src/ros2_kortex/kortex_driver' with build type 'ament_cmake'
[10.410s] INFO:colcon.colcon_cmake.task.cmake.build:Building CMake package in '/home/rama/Documents/code/Docker/moonshot_project/ros2_ws/src/ros2_kortex/kortex_driver'
[10.410s] INFO:colcon.colcon_core.shell:Skip shell extension 'powershell' for command environment: Not usable outside of PowerShell
[10.410s] DEBUG:colcon.colcon_core.shell:Skip shell extension 'dsv' for command environment
[10.416s] DEBUG:colcon.colcon_core.event_handler.log_command:Invoking command in '/home/rama/Documents/code/Docker/moonshot_project/ros2_ws/build/kortex_driver': CMAKE_PREFIX_PATH=/home/rama/Documents/code/Docker/moonshot_project/ros2_ws/install/kortex_api:/home/rama/Documents/code/Docker/moonshot_project/ros2_ws/install/moving_table_interfaces:/home/rama/Documents/code/Docker/moonshot_project/ros2_ws/install/livox_ros_driver2:/home/rama/Documents/code/Docker/moonshot_project/ros2_ws/install/kortex_bringup:/home/rama/Documents/code/Docker/moonshot_project/ros2_ws/install/kortex_driver:/home/rama/Documents/code/Docker/moonshot_project/ros2_ws/install/kinova_gen3_lite_moveit_config:/home/rama/Documents/code/Docker/moonshot_project/ros2_ws/install/kinova_gen3_7dof_robotiq_2f_85_moveit_config:/home/rama/Documents/code/Docker/moonshot_project/ros2_ws/install/kinova_gen3_6dof_robotiq_2f_85_moveit_config:/home/rama/Documents/code/Docker/moonshot_project/ros2_ws/install/kortex_description:/opt/openrobots:/opt/openrobots:/home/rama/Documents/code/Docker/moonshot_project/ros2_ws/install/moving_table_pkg:/opt/ros/humble /usr/bin/cmake /home/rama/Documents/code/Docker/moonshot_project/ros2_ws/src/ros2_kortex/kortex_driver -DROS_EDITION=ROS2 -DHUMBLE_ROS=humble -DCMAKE_INSTALL_PREFIX=/home/rama/Documents/code/Docker/moonshot_project/ros2_ws/install/kortex_driver
[10.832s] DEBUG:colcon.colcon_core.event_handler.log_command:Invoked command in '/home/rama/Documents/code/Docker/moonshot_project/ros2_ws/build/livox_ros_driver2' returned '0': CMAKE_PREFIX_PATH=${CMAKE_PREFIX_PATH}:/home/rama/Documents/code/Docker/moonshot_project/ros2_ws/install/moving_table_pkg:/opt/ros/humble /usr/bin/cmake --build /home/rama/Documents/code/Docker/moonshot_project/ros2_ws/build/livox_ros_driver2 -- -j16 -l16
[10.833s] DEBUG:colcon.colcon_core.event_handler.log_command:Invoking command in '/home/rama/Documents/code/Docker/moonshot_project/ros2_ws/build/livox_ros_driver2': CMAKE_PREFIX_PATH=${CMAKE_PREFIX_PATH}:/home/rama/Documents/code/Docker/moonshot_project/ros2_ws/install/moving_table_pkg:/opt/ros/humble /usr/bin/cmake --install /home/rama/Documents/code/Docker/moonshot_project/ros2_ws/build/livox_ros_driver2
[10.884s] Level 1:colcon.colcon_core.environment:create_environment_scripts_only(livox_ros_driver2)
[10.884s] Level 1:colcon.colcon_core.environment:checking '/home/rama/Documents/code/Docker/moonshot_project/ros2_ws/install/livox_ros_driver2' for CMake module files
[10.884s] DEBUG:colcon.colcon_core.event_handler.log_command:Invoked command in '/home/rama/Documents/code/Docker/moonshot_project/ros2_ws/build/livox_ros_driver2' returned '0': CMAKE_PREFIX_PATH=${CMAKE_PREFIX_PATH}:/home/rama/Documents/code/Docker/moonshot_project/ros2_ws/install/moving_table_pkg:/opt/ros/humble /usr/bin/cmake --install /home/rama/Documents/code/Docker/moonshot_project/ros2_ws/build/livox_ros_driver2
[10.885s] Level 1:colcon.colcon_core.environment:checking '/home/rama/Documents/code/Docker/moonshot_project/ros2_ws/install/livox_ros_driver2' for CMake config files
[10.885s] Level 1:colcon.colcon_core.shell:create_environment_hook('livox_ros_driver2', 'cmake_prefix_path')
[10.885s] INFO:colcon.colcon_core.shell:Creating environment hook '/home/rama/Documents/code/Docker/moonshot_project/ros2_ws/install/livox_ros_driver2/share/livox_ros_driver2/hook/cmake_prefix_path.ps1'
[10.885s] INFO:colcon.colcon_core.shell:Creating environment descriptor '/home/rama/Documents/code/Docker/moonshot_project/ros2_ws/install/livox_ros_driver2/share/livox_ros_driver2/hook/cmake_prefix_path.dsv'
[10.886s] INFO:colcon.colcon_core.shell:Creating environment hook '/home/rama/Documents/code/Docker/moonshot_project/ros2_ws/install/livox_ros_driver2/share/livox_ros_driver2/hook/cmake_prefix_path.sh'
[10.886s] Level 1:colcon.colcon_core.environment:checking '/home/rama/Documents/code/Docker/moonshot_project/ros2_ws/install/livox_ros_driver2/lib'
[10.886s] Level 1:colcon.colcon_core.shell:create_environment_hook('livox_ros_driver2', 'ld_library_path_lib')
[10.886s] INFO:colcon.colcon_core.shell:Creating environment hook '/home/rama/Documents/code/Docker/moonshot_project/ros2_ws/install/livox_ros_driver2/share/livox_ros_driver2/hook/ld_library_path_lib.ps1'
[10.886s] INFO:colcon.colcon_core.shell:Creating environment descriptor '/home/rama/Documents/code/Docker/moonshot_project/ros2_ws/install/livox_ros_driver2/share/livox_ros_driver2/hook/ld_library_path_lib.dsv'
[10.887s] INFO:colcon.colcon_core.shell:Creating environment hook '/home/rama/Documents/code/Docker/moonshot_project/ros2_ws/install/livox_ros_driver2/share/livox_ros_driver2/hook/ld_library_path_lib.sh'
[10.887s] Level 1:colcon.colcon_core.environment:checking '/home/rama/Documents/code/Docker/moonshot_project/ros2_ws/install/livox_ros_driver2/bin'
[10.887s] Level 1:colcon.colcon_core.environment:checking '/home/rama/Documents/code/Docker/moonshot_project/ros2_ws/install/livox_ros_driver2/lib/pkgconfig/livox_ros_driver2.pc'
[10.887s] Level 1:colcon.colcon_core.environment:checking '/home/rama/Documents/code/Docker/moonshot_project/ros2_ws/install/livox_ros_driver2/lib/python3.10/site-packages'
[10.887s] Level 1:colcon.colcon_core.environment:checking '/home/rama/Documents/code/Docker/moonshot_project/ros2_ws/install/livox_ros_driver2/bin'
[10.887s] INFO:colcon.colcon_core.shell:Creating package script '/home/rama/Documents/code/Docker/moonshot_project/ros2_ws/install/livox_ros_driver2/share/livox_ros_driver2/package.ps1'
[10.888s] INFO:colcon.colcon_core.shell:Creating package descriptor '/home/rama/Documents/code/Docker/moonshot_project/ros2_ws/install/livox_ros_driver2/share/livox_ros_driver2/package.dsv'
[10.888s] INFO:colcon.colcon_core.shell:Creating package script '/home/rama/Documents/code/Docker/moonshot_project/ros2_ws/install/livox_ros_driver2/share/livox_ros_driver2/package.sh'
[10.889s] INFO:colcon.colcon_core.shell:Creating package script '/home/rama/Documents/code/Docker/moonshot_project/ros2_ws/install/livox_ros_driver2/share/livox_ros_driver2/package.bash'
[10.889s] INFO:colcon.colcon_core.shell:Creating package script '/home/rama/Documents/code/Docker/moonshot_project/ros2_ws/install/livox_ros_driver2/share/livox_ros_driver2/package.zsh'
[10.889s] Level 1:colcon.colcon_core.environment:create_file_with_runtime_dependencies(/home/rama/Documents/code/Docker/moonshot_project/ros2_ws/install/livox_ros_driver2/share/colcon-core/packages/livox_ros_driver2)
[10.889s] Level 1:colcon.colcon_core.environment:create_environment_scripts_only(livox_ros_driver2)
[10.890s] Level 1:colcon.colcon_core.environment:checking '/home/rama/Documents/code/Docker/moonshot_project/ros2_ws/install/livox_ros_driver2' for CMake module files
[10.890s] Level 1:colcon.colcon_core.environment:checking '/home/rama/Documents/code/Docker/moonshot_project/ros2_ws/install/livox_ros_driver2' for CMake config files
[10.890s] Level 1:colcon.colcon_core.shell:create_environment_hook('livox_ros_driver2', 'cmake_prefix_path')
[10.890s] INFO:colcon.colcon_core.shell:Creating environment hook '/home/rama/Documents/code/Docker/moonshot_project/ros2_ws/install/livox_ros_driver2/share/livox_ros_driver2/hook/cmake_prefix_path.ps1'
[10.891s] INFO:colcon.colcon_core.shell:Creating environment descriptor '/home/rama/Documents/code/Docker/moonshot_project/ros2_ws/install/livox_ros_driver2/share/livox_ros_driver2/hook/cmake_prefix_path.dsv'
[10.891s] INFO:colcon.colcon_core.shell:Creating environment hook '/home/rama/Documents/code/Docker/moonshot_project/ros2_ws/install/livox_ros_driver2/share/livox_ros_driver2/hook/cmake_prefix_path.sh'
[10.891s] Level 1:colcon.colcon_core.environment:checking '/home/rama/Documents/code/Docker/moonshot_project/ros2_ws/install/livox_ros_driver2/lib'
[10.891s] Level 1:colcon.colcon_core.shell:create_environment_hook('livox_ros_driver2', 'ld_library_path_lib')
[10.891s] INFO:colcon.colcon_core.shell:Creating environment hook '/home/rama/Documents/code/Docker/moonshot_project/ros2_ws/install/livox_ros_driver2/share/livox_ros_driver2/hook/ld_library_path_lib.ps1'
[10.892s] INFO:colcon.colcon_core.shell:Creating environment descriptor '/home/rama/Documents/code/Docker/moonshot_project/ros2_ws/install/livox_ros_driver2/share/livox_ros_driver2/hook/ld_library_path_lib.dsv'
[10.892s] INFO:colcon.colcon_core.shell:Creating environment hook '/home/rama/Documents/code/Docker/moonshot_project/ros2_ws/install/livox_ros_driver2/share/livox_ros_driver2/hook/ld_library_path_lib.sh'
[10.892s] Level 1:colcon.colcon_core.environment:checking '/home/rama/Documents/code/Docker/moonshot_project/ros2_ws/install/livox_ros_driver2/bin'
[10.892s] Level 1:colcon.colcon_core.environment:checking '/home/rama/Documents/code/Docker/moonshot_project/ros2_ws/install/livox_ros_driver2/lib/pkgconfig/livox_ros_driver2.pc'
[10.892s] Level 1:colcon.colcon_core.environment:checking '/home/rama/Documents/code/Docker/moonshot_project/ros2_ws/install/livox_ros_driver2/lib/python3.10/site-packages'
[10.892s] Level 1:colcon.colcon_core.environment:checking '/home/rama/Documents/code/Docker/moonshot_project/ros2_ws/install/livox_ros_driver2/bin'
[10.893s] INFO:colcon.colcon_core.shell:Creating package script '/home/rama/Documents/code/Docker/moonshot_project/ros2_ws/install/livox_ros_driver2/share/livox_ros_driver2/package.ps1'
[10.893s] INFO:colcon.colcon_core.shell:Creating package descriptor '/home/rama/Documents/code/Docker/moonshot_project/ros2_ws/install/livox_ros_driver2/share/livox_ros_driver2/package.dsv'
[10.893s] INFO:colcon.colcon_core.shell:Creating package script '/home/rama/Documents/code/Docker/moonshot_project/ros2_ws/install/livox_ros_driver2/share/livox_ros_driver2/package.sh'
[10.894s] INFO:colcon.colcon_core.shell:Creating package script '/home/rama/Documents/code/Docker/moonshot_project/ros2_ws/install/livox_ros_driver2/share/livox_ros_driver2/package.bash'
[10.894s] INFO:colcon.colcon_core.shell:Creating package script '/home/rama/Documents/code/Docker/moonshot_project/ros2_ws/install/livox_ros_driver2/share/livox_ros_driver2/package.zsh'
[10.894s] Level 1:colcon.colcon_core.environment:create_file_with_runtime_dependencies(/home/rama/Documents/code/Docker/moonshot_project/ros2_ws/install/livox_ros_driver2/share/colcon-core/packages/livox_ros_driver2)
[23.341s] DEBUG:colcon.colcon_core.event_handler.log_command:Invoked command in '/home/rama/Documents/code/Docker/moonshot_project/ros2_ws/build/kortex_driver' returned '0': CMAKE_PREFIX_PATH=/home/rama/Documents/code/Docker/moonshot_project/ros2_ws/install/kortex_api:/home/rama/Documents/code/Docker/moonshot_project/ros2_ws/install/moving_table_interfaces:/home/rama/Documents/code/Docker/moonshot_project/ros2_ws/install/livox_ros_driver2:/home/rama/Documents/code/Docker/moonshot_project/ros2_ws/install/kortex_bringup:/home/rama/Documents/code/Docker/moonshot_project/ros2_ws/install/kortex_driver:/home/rama/Documents/code/Docker/moonshot_project/ros2_ws/install/kinova_gen3_lite_moveit_config:/home/rama/Documents/code/Docker/moonshot_project/ros2_ws/install/kinova_gen3_7dof_robotiq_2f_85_moveit_config:/home/rama/Documents/code/Docker/moonshot_project/ros2_ws/install/kinova_gen3_6dof_robotiq_2f_85_moveit_config:/home/rama/Documents/code/Docker/moonshot_project/ros2_ws/install/kortex_description:/opt/openrobots:/opt/openrobots:/home/rama/Documents/code/Docker/moonshot_project/ros2_ws/install/moving_table_pkg:/opt/ros/humble /usr/bin/cmake /home/rama/Documents/code/Docker/moonshot_project/ros2_ws/src/ros2_kortex/kortex_driver -DROS_EDITION=ROS2 -DHUMBLE_ROS=humble -DCMAKE_INSTALL_PREFIX=/home/rama/Documents/code/Docker/moonshot_project/ros2_ws/install/kortex_driver
[23.341s] DEBUG:colcon.colcon_core.event_handler.log_command:Invoking command in '/home/rama/Documents/code/Docker/moonshot_project/ros2_ws/build/kortex_driver': CMAKE_PREFIX_PATH=/home/rama/Documents/code/Docker/moonshot_project/ros2_ws/install/kortex_api:/home/rama/Documents/code/Docker/moonshot_project/ros2_ws/install/moving_table_interfaces:/home/rama/Documents/code/Docker/moonshot_project/ros2_ws/install/livox_ros_driver2:/home/rama/Documents/code/Docker/moonshot_project/ros2_ws/install/kortex_bringup:/home/rama/Documents/code/Docker/moonshot_project/ros2_ws/install/kortex_driver:/home/rama/Documents/code/Docker/moonshot_project/ros2_ws/install/kinova_gen3_lite_moveit_config:/home/rama/Documents/code/Docker/moonshot_project/ros2_ws/install/kinova_gen3_7dof_robotiq_2f_85_moveit_config:/home/rama/Documents/code/Docker/moonshot_project/ros2_ws/install/kinova_gen3_6dof_robotiq_2f_85_moveit_config:/home/rama/Documents/code/Docker/moonshot_project/ros2_ws/install/kortex_description:/opt/openrobots:/opt/openrobots:/home/rama/Documents/code/Docker/moonshot_project/ros2_ws/install/moving_table_pkg:/opt/ros/humble /usr/bin/cmake --build /home/rama/Documents/code/Docker/moonshot_project/ros2_ws/build/kortex_driver -- -j16 -l16
[27.673s] DEBUG:colcon.colcon_core.event_handler.log_command:Invoked command in '/home/rama/Documents/code/Docker/moonshot_project/ros2_ws/build/kortex_driver' returned '0': CMAKE_PREFIX_PATH=/home/rama/Documents/code/Docker/moonshot_project/ros2_ws/install/kortex_api:/home/rama/Documents/code/Docker/moonshot_project/ros2_ws/install/moving_table_interfaces:/home/rama/Documents/code/Docker/moonshot_project/ros2_ws/install/livox_ros_driver2:/home/rama/Documents/code/Docker/moonshot_project/ros2_ws/install/kortex_bringup:/home/rama/Documents/code/Docker/moonshot_project/ros2_ws/install/kortex_driver:/home/rama/Documents/code/Docker/moonshot_project/ros2_ws/install/kinova_gen3_lite_moveit_config:/home/rama/Documents/code/Docker/moonshot_project/ros2_ws/install/kinova_gen3_7dof_robotiq_2f_85_moveit_config:/home/rama/Documents/code/Docker/moonshot_project/ros2_ws/install/kinova_gen3_6dof_robotiq_2f_85_moveit_config:/home/rama/Documents/code/Docker/moonshot_project/ros2_ws/install/kortex_description:/opt/openrobots:/opt/openrobots:/home/rama/Documents/code/Docker/moonshot_project/ros2_ws/install/moving_table_pkg:/opt/ros/humble /usr/bin/cmake --build /home/rama/Documents/code/Docker/moonshot_project/ros2_ws/build/kortex_driver -- -j16 -l16
[27.675s] DEBUG:colcon.colcon_core.event_handler.log_command:Invoking command in '/home/rama/Documents/code/Docker/moonshot_project/ros2_ws/build/kortex_driver': CMAKE_PREFIX_PATH=/home/rama/Documents/code/Docker/moonshot_project/ros2_ws/install/kortex_api:/home/rama/Documents/code/Docker/moonshot_project/ros2_ws/install/moving_table_interfaces:/home/rama/Documents/code/Docker/moonshot_project/ros2_ws/install/livox_ros_driver2:/home/rama/Documents/code/Docker/moonshot_project/ros2_ws/install/kortex_bringup:/home/rama/Documents/code/Docker/moonshot_project/ros2_ws/install/kortex_driver:/home/rama/Documents/code/Docker/moonshot_project/ros2_ws/install/kinova_gen3_lite_moveit_config:/home/rama/Documents/code/Docker/moonshot_project/ros2_ws/install/kinova_gen3_7dof_robotiq_2f_85_moveit_config:/home/rama/Documents/code/Docker/moonshot_project/ros2_ws/install/kinova_gen3_6dof_robotiq_2f_85_moveit_config:/home/rama/Documents/code/Docker/moonshot_project/ros2_ws/install/kortex_description:/opt/openrobots:/opt/openrobots:/home/rama/Documents/code/Docker/moonshot_project/ros2_ws/install/moving_table_pkg:/opt/ros/humble /usr/bin/cmake --install /home/rama/Documents/code/Docker/moonshot_project/ros2_ws/build/kortex_driver
[27.690s] Level 1:colcon.colcon_core.environment:create_environment_scripts_only(kortex_driver)
[27.691s] Level 1:colcon.colcon_core.environment:checking '/home/rama/Documents/code/Docker/moonshot_project/ros2_ws/install/kortex_driver' for CMake module files
[27.691s] DEBUG:colcon.colcon_core.event_handler.log_command:Invoked command in '/home/rama/Documents/code/Docker/moonshot_project/ros2_ws/build/kortex_driver' returned '0': CMAKE_PREFIX_PATH=/home/rama/Documents/code/Docker/moonshot_project/ros2_ws/install/kortex_api:/home/rama/Documents/code/Docker/moonshot_project/ros2_ws/install/moving_table_interfaces:/home/rama/Documents/code/Docker/moonshot_project/ros2_ws/install/livox_ros_driver2:/home/rama/Documents/code/Docker/moonshot_project/ros2_ws/install/kortex_bringup:/home/rama/Documents/code/Docker/moonshot_project/ros2_ws/install/kortex_driver:/home/rama/Documents/code/Docker/moonshot_project/ros2_ws/install/kinova_gen3_lite_moveit_config:/home/rama/Documents/code/Docker/moonshot_project/ros2_ws/install/kinova_gen3_7dof_robotiq_2f_85_moveit_config:/home/rama/Documents/code/Docker/moonshot_project/ros2_ws/install/kinova_gen3_6dof_robotiq_2f_85_moveit_config:/home/rama/Documents/code/Docker/moonshot_project/ros2_ws/install/kortex_description:/opt/openrobots:/opt/openrobots:/home/rama/Documents/code/Docker/moonshot_project/ros2_ws/install/moving_table_pkg:/opt/ros/humble /usr/bin/cmake --install /home/rama/Documents/code/Docker/moonshot_project/ros2_ws/build/kortex_driver
[27.691s] Level 1:colcon.colcon_core.environment:checking '/home/rama/Documents/code/Docker/moonshot_project/ros2_ws/install/kortex_driver' for CMake config files
[27.691s] Level 1:colcon.colcon_core.shell:create_environment_hook('kortex_driver', 'cmake_prefix_path')
[27.692s] INFO:colcon.colcon_core.shell:Creating environment hook '/home/rama/Documents/code/Docker/moonshot_project/ros2_ws/install/kortex_driver/share/kortex_driver/hook/cmake_prefix_path.ps1'
[27.692s] INFO:colcon.colcon_core.shell:Creating environment descriptor '/home/rama/Documents/code/Docker/moonshot_project/ros2_ws/install/kortex_driver/share/kortex_driver/hook/cmake_prefix_path.dsv'
[27.692s] INFO:colcon.colcon_core.shell:Creating environment hook '/home/rama/Documents/code/Docker/moonshot_project/ros2_ws/install/kortex_driver/share/kortex_driver/hook/cmake_prefix_path.sh'
[27.692s] Level 1:colcon.colcon_core.environment:checking '/home/rama/Documents/code/Docker/moonshot_project/ros2_ws/install/kortex_driver/lib'
[27.692s] Level 1:colcon.colcon_core.shell:create_environment_hook('kortex_driver', 'ld_library_path_lib')
[27.693s] INFO:colcon.colcon_core.shell:Creating environment hook '/home/rama/Documents/code/Docker/moonshot_project/ros2_ws/install/kortex_driver/share/kortex_driver/hook/ld_library_path_lib.ps1'
[27.693s] INFO:colcon.colcon_core.shell:Creating environment descriptor '/home/rama/Documents/code/Docker/moonshot_project/ros2_ws/install/kortex_driver/share/kortex_driver/hook/ld_library_path_lib.dsv'
[27.693s] INFO:colcon.colcon_core.shell:Creating environment hook '/home/rama/Documents/code/Docker/moonshot_project/ros2_ws/install/kortex_driver/share/kortex_driver/hook/ld_library_path_lib.sh'
[27.693s] Level 1:colcon.colcon_core.environment:checking '/home/rama/Documents/code/Docker/moonshot_project/ros2_ws/install/kortex_driver/bin'
[27.693s] Level 1:colcon.colcon_core.environment:checking '/home/rama/Documents/code/Docker/moonshot_project/ros2_ws/install/kortex_driver/lib/pkgconfig/kortex_driver.pc'
[27.693s] Level 1:colcon.colcon_core.environment:checking '/home/rama/Documents/code/Docker/moonshot_project/ros2_ws/install/kortex_driver/lib/python3.10/site-packages'
[27.694s] Level 1:colcon.colcon_core.environment:checking '/home/rama/Documents/code/Docker/moonshot_project/ros2_ws/install/kortex_driver/bin'
[27.694s] INFO:colcon.colcon_core.shell:Creating package script '/home/rama/Documents/code/Docker/moonshot_project/ros2_ws/install/kortex_driver/share/kortex_driver/package.ps1'
[27.694s] INFO:colcon.colcon_core.shell:Creating package descriptor '/home/rama/Documents/code/Docker/moonshot_project/ros2_ws/install/kortex_driver/share/kortex_driver/package.dsv'
[27.694s] INFO:colcon.colcon_core.shell:Creating package script '/home/rama/Documents/code/Docker/moonshot_project/ros2_ws/install/kortex_driver/share/kortex_driver/package.sh'
[27.695s] INFO:colcon.colcon_core.shell:Creating package script '/home/rama/Documents/code/Docker/moonshot_project/ros2_ws/install/kortex_driver/share/kortex_driver/package.bash'
[27.695s] INFO:colcon.colcon_core.shell:Creating package script '/home/rama/Documents/code/Docker/moonshot_project/ros2_ws/install/kortex_driver/share/kortex_driver/package.zsh'
[27.695s] Level 1:colcon.colcon_core.environment:create_file_with_runtime_dependencies(/home/rama/Documents/code/Docker/moonshot_project/ros2_ws/install/kortex_driver/share/colcon-core/packages/kortex_driver)
[27.695s] Level 1:colcon.colcon_core.environment:create_environment_scripts_only(kortex_driver)
[27.696s] Level 1:colcon.colcon_core.environment:checking '/home/rama/Documents/code/Docker/moonshot_project/ros2_ws/install/kortex_driver' for CMake module files
[27.696s] Level 1:colcon.colcon_core.environment:checking '/home/rama/Documents/code/Docker/moonshot_project/ros2_ws/install/kortex_driver' for CMake config files
[27.696s] Level 1:colcon.colcon_core.shell:create_environment_hook('kortex_driver', 'cmake_prefix_path')
[27.696s] INFO:colcon.colcon_core.shell:Creating environment hook '/home/rama/Documents/code/Docker/moonshot_project/ros2_ws/install/kortex_driver/share/kortex_driver/hook/cmake_prefix_path.ps1'
[27.696s] INFO:colcon.colcon_core.shell:Creating environment descriptor '/home/rama/Documents/code/Docker/moonshot_project/ros2_ws/install/kortex_driver/share/kortex_driver/hook/cmake_prefix_path.dsv'
[27.696s] INFO:colcon.colcon_core.shell:Creating environment hook '/home/rama/Documents/code/Docker/moonshot_project/ros2_ws/install/kortex_driver/share/kortex_driver/hook/cmake_prefix_path.sh'
[27.697s] Level 1:colcon.colcon_core.environment:checking '/home/rama/Documents/code/Docker/moonshot_project/ros2_ws/install/kortex_driver/lib'
[27.697s] Level 1:colcon.colcon_core.shell:create_environment_hook('kortex_driver', 'ld_library_path_lib')
[27.697s] INFO:colcon.colcon_core.shell:Creating environment hook '/home/rama/Documents/code/Docker/moonshot_project/ros2_ws/install/kortex_driver/share/kortex_driver/hook/ld_library_path_lib.ps1'
[27.697s] INFO:colcon.colcon_core.shell:Creating environment descriptor '/home/rama/Documents/code/Docker/moonshot_project/ros2_ws/install/kortex_driver/share/kortex_driver/hook/ld_library_path_lib.dsv'
[27.697s] INFO:colcon.colcon_core.shell:Creating environment hook '/home/rama/Documents/code/Docker/moonshot_project/ros2_ws/install/kortex_driver/share/kortex_driver/hook/ld_library_path_lib.sh'
[27.698s] Level 1:colcon.colcon_core.environment:checking '/home/rama/Documents/code/Docker/moonshot_project/ros2_ws/install/kortex_driver/bin'
[27.698s] Level 1:colcon.colcon_core.environment:checking '/home/rama/Documents/code/Docker/moonshot_project/ros2_ws/install/kortex_driver/lib/pkgconfig/kortex_driver.pc'
[27.698s] Level 1:colcon.colcon_core.environment:checking '/home/rama/Documents/code/Docker/moonshot_project/ros2_ws/install/kortex_driver/lib/python3.10/site-packages'
[27.698s] Level 1:colcon.colcon_core.environment:checking '/home/rama/Documents/code/Docker/moonshot_project/ros2_ws/install/kortex_driver/bin'
[27.698s] INFO:colcon.colcon_core.shell:Creating package script '/home/rama/Documents/code/Docker/moonshot_project/ros2_ws/install/kortex_driver/share/kortex_driver/package.ps1'
[27.699s] INFO:colcon.colcon_core.shell:Creating package descriptor '/home/rama/Documents/code/Docker/moonshot_project/ros2_ws/install/kortex_driver/share/kortex_driver/package.dsv'
[27.699s] INFO:colcon.colcon_core.shell:Creating package script '/home/rama/Documents/code/Docker/moonshot_project/ros2_ws/install/kortex_driver/share/kortex_driver/package.sh'
[27.699s] INFO:colcon.colcon_core.shell:Creating package script '/home/rama/Documents/code/Docker/moonshot_project/ros2_ws/install/kortex_driver/share/kortex_driver/package.bash'
[27.699s] INFO:colcon.colcon_core.shell:Creating package script '/home/rama/Documents/code/Docker/moonshot_project/ros2_ws/install/kortex_driver/share/kortex_driver/package.zsh'
[27.700s] Level 1:colcon.colcon_core.environment:create_file_with_runtime_dependencies(/home/rama/Documents/code/Docker/moonshot_project/ros2_ws/install/kortex_driver/share/colcon-core/packages/kortex_driver)
[27.700s] INFO:colcon.colcon_ros.task.ament_cmake.build:Building ROS package in '/home/rama/Documents/code/Docker/moonshot_project/ros2_ws/src/ros2_kortex/kortex_bringup' with build type 'ament_cmake'
[27.700s] INFO:colcon.colcon_cmake.task.cmake.build:Building CMake package in '/home/rama/Documents/code/Docker/moonshot_project/ros2_ws/src/ros2_kortex/kortex_bringup'
[27.700s] INFO:colcon.colcon_core.shell:Skip shell extension 'powershell' for command environment: Not usable outside of PowerShell
[27.700s] DEBUG:colcon.colcon_core.shell:Skip shell extension 'dsv' for command environment
[27.708s] DEBUG:colcon.colcon_core.event_handler.log_command:Invoking command in '/home/rama/Documents/code/Docker/moonshot_project/ros2_ws/build/kortex_bringup': CMAKE_PREFIX_PATH=/home/rama/Documents/code/Docker/moonshot_project/ros2_ws/install/kortex_driver:/home/rama/Documents/code/Docker/moonshot_project/ros2_ws/install/kortex_description:/home/rama/Documents/code/Docker/moonshot_project/ros2_ws/install/kortex_api:/home/rama/Documents/code/Docker/moonshot_project/ros2_ws/install/moving_table_interfaces:/home/rama/Documents/code/Docker/moonshot_project/ros2_ws/install/livox_ros_driver2:/home/rama/Documents/code/Docker/moonshot_project/ros2_ws/install/kortex_bringup:/home/rama/Documents/code/Docker/moonshot_project/ros2_ws/install/kinova_gen3_lite_moveit_config:/home/rama/Documents/code/Docker/moonshot_project/ros2_ws/install/kinova_gen3_7dof_robotiq_2f_85_moveit_config:/home/rama/Documents/code/Docker/moonshot_project/ros2_ws/install/kinova_gen3_6dof_robotiq_2f_85_moveit_config:/opt/openrobots:/opt/openrobots:/home/rama/Documents/code/Docker/moonshot_project/ros2_ws/install/moving_table_pkg:/opt/ros/humble LD_LIBRARY_PATH=/home/rama/Documents/code/Docker/moonshot_project/ros2_ws/install/kortex_driver/lib:/home/rama/Documents/code/Docker/moonshot_project/ros2_ws/install/moving_table_interfaces/lib:/home/rama/Documents/code/Docker/moonshot_project/ros2_ws/install/livox_ros_driver2/lib:/opt/ros/humble/opt/rviz_ogre_vendor/lib:/opt/ros/humble/lib/x86_64-linux-gnu:/opt/ros/humble/lib:/opt/openrobots/lib:/opt/openrobots/lib /usr/bin/cmake /home/rama/Documents/code/Docker/moonshot_project/ros2_ws/src/ros2_kortex/kortex_bringup -DROS_EDITION=ROS2 -DHUMBLE_ROS=humble -DCMAKE_INSTALL_PREFIX=/home/rama/Documents/code/Docker/moonshot_project/ros2_ws/install/kortex_bringup
[28.169s] DEBUG:colcon.colcon_core.event_handler.log_command:Invoked command in '/home/rama/Documents/code/Docker/moonshot_project/ros2_ws/build/kortex_bringup' returned '0': CMAKE_PREFIX_PATH=/home/rama/Documents/code/Docker/moonshot_project/ros2_ws/install/kortex_driver:/home/rama/Documents/code/Docker/moonshot_project/ros2_ws/install/kortex_description:/home/rama/Documents/code/Docker/moonshot_project/ros2_ws/install/kortex_api:/home/rama/Documents/code/Docker/moonshot_project/ros2_ws/install/moving_table_interfaces:/home/rama/Documents/code/Docker/moonshot_project/ros2_ws/install/livox_ros_driver2:/home/rama/Documents/code/Docker/moonshot_project/ros2_ws/install/kortex_bringup:/home/rama/Documents/code/Docker/moonshot_project/ros2_ws/install/kinova_gen3_lite_moveit_config:/home/rama/Documents/code/Docker/moonshot_project/ros2_ws/install/kinova_gen3_7dof_robotiq_2f_85_moveit_config:/home/rama/Documents/code/Docker/moonshot_project/ros2_ws/install/kinova_gen3_6dof_robotiq_2f_85_moveit_config:/opt/openrobots:/opt/openrobots:/home/rama/Documents/code/Docker/moonshot_project/ros2_ws/install/moving_table_pkg:/opt/ros/humble LD_LIBRARY_PATH=/home/rama/Documents/code/Docker/moonshot_project/ros2_ws/install/kortex_driver/lib:/home/rama/Documents/code/Docker/moonshot_project/ros2_ws/install/moving_table_interfaces/lib:/home/rama/Documents/code/Docker/moonshot_project/ros2_ws/install/livox_ros_driver2/lib:/opt/ros/humble/opt/rviz_ogre_vendor/lib:/opt/ros/humble/lib/x86_64-linux-gnu:/opt/ros/humble/lib:/opt/openrobots/lib:/opt/openrobots/lib /usr/bin/cmake /home/rama/Documents/code/Docker/moonshot_project/ros2_ws/src/ros2_kortex/kortex_bringup -DROS_EDITION=ROS2 -DHUMBLE_ROS=humble -DCMAKE_INSTALL_PREFIX=/home/rama/Documents/code/Docker/moonshot_project/ros2_ws/install/kortex_bringup
[28.170s] DEBUG:colcon.colcon_core.event_handler.log_command:Invoking command in '/home/rama/Documents/code/Docker/moonshot_project/ros2_ws/build/kortex_bringup': CMAKE_PREFIX_PATH=/home/rama/Documents/code/Docker/moonshot_project/ros2_ws/install/kortex_driver:/home/rama/Documents/code/Docker/moonshot_project/ros2_ws/install/kortex_description:/home/rama/Documents/code/Docker/moonshot_project/ros2_ws/install/kortex_api:/home/rama/Documents/code/Docker/moonshot_project/ros2_ws/install/moving_table_interfaces:/home/rama/Documents/code/Docker/moonshot_project/ros2_ws/install/livox_ros_driver2:/home/rama/Documents/code/Docker/moonshot_project/ros2_ws/install/kortex_bringup:/home/rama/Documents/code/Docker/moonshot_project/ros2_ws/install/kinova_gen3_lite_moveit_config:/home/rama/Documents/code/Docker/moonshot_project/ros2_ws/install/kinova_gen3_7dof_robotiq_2f_85_moveit_config:/home/rama/Documents/code/Docker/moonshot_project/ros2_ws/install/kinova_gen3_6dof_robotiq_2f_85_moveit_config:/opt/openrobots:/opt/openrobots:/home/rama/Documents/code/Docker/moonshot_project/ros2_ws/install/moving_table_pkg:/opt/ros/humble LD_LIBRARY_PATH=/home/rama/Documents/code/Docker/moonshot_project/ros2_ws/install/kortex_driver/lib:/home/rama/Documents/code/Docker/moonshot_project/ros2_ws/install/moving_table_interfaces/lib:/home/rama/Documents/code/Docker/moonshot_project/ros2_ws/install/livox_ros_driver2/lib:/opt/ros/humble/opt/rviz_ogre_vendor/lib:/opt/ros/humble/lib/x86_64-linux-gnu:/opt/ros/humble/lib:/opt/openrobots/lib:/opt/openrobots/lib /usr/bin/cmake --build /home/rama/Documents/code/Docker/moonshot_project/ros2_ws/build/kortex_bringup -- -j16 -l16
[28.197s] DEBUG:colcon.colcon_core.event_handler.log_command:Invoked command in '/home/rama/Documents/code/Docker/moonshot_project/ros2_ws/build/kortex_bringup' returned '0': CMAKE_PREFIX_PATH=/home/rama/Documents/code/Docker/moonshot_project/ros2_ws/install/kortex_driver:/home/rama/Documents/code/Docker/moonshot_project/ros2_ws/install/kortex_description:/home/rama/Documents/code/Docker/moonshot_project/ros2_ws/install/kortex_api:/home/rama/Documents/code/Docker/moonshot_project/ros2_ws/install/moving_table_interfaces:/home/rama/Documents/code/Docker/moonshot_project/ros2_ws/install/livox_ros_driver2:/home/rama/Documents/code/Docker/moonshot_project/ros2_ws/install/kortex_bringup:/home/rama/Documents/code/Docker/moonshot_project/ros2_ws/install/kinova_gen3_lite_moveit_config:/home/rama/Documents/code/Docker/moonshot_project/ros2_ws/install/kinova_gen3_7dof_robotiq_2f_85_moveit_config:/home/rama/Documents/code/Docker/moonshot_project/ros2_ws/install/kinova_gen3_6dof_robotiq_2f_85_moveit_config:/opt/openrobots:/opt/openrobots:/home/rama/Documents/code/Docker/moonshot_project/ros2_ws/install/moving_table_pkg:/opt/ros/humble LD_LIBRARY_PATH=/home/rama/Documents/code/Docker/moonshot_project/ros2_ws/install/kortex_driver/lib:/home/rama/Documents/code/Docker/moonshot_project/ros2_ws/install/moving_table_interfaces/lib:/home/rama/Documents/code/Docker/moonshot_project/ros2_ws/install/livox_ros_driver2/lib:/opt/ros/humble/opt/rviz_ogre_vendor/lib:/opt/ros/humble/lib/x86_64-linux-gnu:/opt/ros/humble/lib:/opt/openrobots/lib:/opt/openrobots/lib /usr/bin/cmake --build /home/rama/Documents/code/Docker/moonshot_project/ros2_ws/build/kortex_bringup -- -j16 -l16
[28.198s] DEBUG:colcon.colcon_core.event_handler.log_command:Invoking command in '/home/rama/Documents/code/Docker/moonshot_project/ros2_ws/build/kortex_bringup': CMAKE_PREFIX_PATH=/home/rama/Documents/code/Docker/moonshot_project/ros2_ws/install/kortex_driver:/home/rama/Documents/code/Docker/moonshot_project/ros2_ws/install/kortex_description:/home/rama/Documents/code/Docker/moonshot_project/ros2_ws/install/kortex_api:/home/rama/Documents/code/Docker/moonshot_project/ros2_ws/install/moving_table_interfaces:/home/rama/Documents/code/Docker/moonshot_project/ros2_ws/install/livox_ros_driver2:/home/rama/Documents/code/Docker/moonshot_project/ros2_ws/install/kortex_bringup:/home/rama/Documents/code/Docker/moonshot_project/ros2_ws/install/kinova_gen3_lite_moveit_config:/home/rama/Documents/code/Docker/moonshot_project/ros2_ws/install/kinova_gen3_7dof_robotiq_2f_85_moveit_config:/home/rama/Documents/code/Docker/moonshot_project/ros2_ws/install/kinova_gen3_6dof_robotiq_2f_85_moveit_config:/opt/openrobots:/opt/openrobots:/home/rama/Documents/code/Docker/moonshot_project/ros2_ws/install/moving_table_pkg:/opt/ros/humble LD_LIBRARY_PATH=/home/rama/Documents/code/Docker/moonshot_project/ros2_ws/install/kortex_driver/lib:/home/rama/Documents/code/Docker/moonshot_project/ros2_ws/install/moving_table_interfaces/lib:/home/rama/Documents/code/Docker/moonshot_project/ros2_ws/install/livox_ros_driver2/lib:/opt/ros/humble/opt/rviz_ogre_vendor/lib:/opt/ros/humble/lib/x86_64-linux-gnu:/opt/ros/humble/lib:/opt/openrobots/lib:/opt/openrobots/lib /usr/bin/cmake --install /home/rama/Documents/code/Docker/moonshot_project/ros2_ws/build/kortex_bringup
[28.206s] Level 1:colcon.colcon_core.environment:create_environment_scripts_only(kortex_bringup)
[28.207s] Level 1:colcon.colcon_core.environment:checking '/home/rama/Documents/code/Docker/moonshot_project/ros2_ws/install/kortex_bringup' for CMake module files
[28.207s] DEBUG:colcon.colcon_core.event_handler.log_command:Invoked command in '/home/rama/Documents/code/Docker/moonshot_project/ros2_ws/build/kortex_bringup' returned '0': CMAKE_PREFIX_PATH=/home/rama/Documents/code/Docker/moonshot_project/ros2_ws/install/kortex_driver:/home/rama/Documents/code/Docker/moonshot_project/ros2_ws/install/kortex_description:/home/rama/Documents/code/Docker/moonshot_project/ros2_ws/install/kortex_api:/home/rama/Documents/code/Docker/moonshot_project/ros2_ws/install/moving_table_interfaces:/home/rama/Documents/code/Docker/moonshot_project/ros2_ws/install/livox_ros_driver2:/home/rama/Documents/code/Docker/moonshot_project/ros2_ws/install/kortex_bringup:/home/rama/Documents/code/Docker/moonshot_project/ros2_ws/install/kinova_gen3_lite_moveit_config:/home/rama/Documents/code/Docker/moonshot_project/ros2_ws/install/kinova_gen3_7dof_robotiq_2f_85_moveit_config:/home/rama/Documents/code/Docker/moonshot_project/ros2_ws/install/kinova_gen3_6dof_robotiq_2f_85_moveit_config:/opt/openrobots:/opt/openrobots:/home/rama/Documents/code/Docker/moonshot_project/ros2_ws/install/moving_table_pkg:/opt/ros/humble LD_LIBRARY_PATH=/home/rama/Documents/code/Docker/moonshot_project/ros2_ws/install/kortex_driver/lib:/home/rama/Documents/code/Docker/moonshot_project/ros2_ws/install/moving_table_interfaces/lib:/home/rama/Documents/code/Docker/moonshot_project/ros2_ws/install/livox_ros_driver2/lib:/opt/ros/humble/opt/rviz_ogre_vendor/lib:/opt/ros/humble/lib/x86_64-linux-gnu:/opt/ros/humble/lib:/opt/openrobots/lib:/opt/openrobots/lib /usr/bin/cmake --install /home/rama/Documents/code/Docker/moonshot_project/ros2_ws/build/kortex_bringup
[28.207s] Level 1:colcon.colcon_core.environment:checking '/home/rama/Documents/code/Docker/moonshot_project/ros2_ws/install/kortex_bringup' for CMake config files
[28.207s] Level 1:colcon.colcon_core.shell:create_environment_hook('kortex_bringup', 'cmake_prefix_path')
[28.208s] INFO:colcon.colcon_core.shell:Creating environment hook '/home/rama/Documents/code/Docker/moonshot_project/ros2_ws/install/kortex_bringup/share/kortex_bringup/hook/cmake_prefix_path.ps1'
[28.208s] INFO:colcon.colcon_core.shell:Creating environment descriptor '/home/rama/Documents/code/Docker/moonshot_project/ros2_ws/install/kortex_bringup/share/kortex_bringup/hook/cmake_prefix_path.dsv'
[28.208s] INFO:colcon.colcon_core.shell:Creating environment hook '/home/rama/Documents/code/Docker/moonshot_project/ros2_ws/install/kortex_bringup/share/kortex_bringup/hook/cmake_prefix_path.sh'
[28.209s] Level 1:colcon.colcon_core.environment:checking '/home/rama/Documents/code/Docker/moonshot_project/ros2_ws/install/kortex_bringup/lib'
[28.209s] Level 1:colcon.colcon_core.environment:checking '/home/rama/Documents/code/Docker/moonshot_project/ros2_ws/install/kortex_bringup/bin'
[28.209s] Level 1:colcon.colcon_core.environment:checking '/home/rama/Documents/code/Docker/moonshot_project/ros2_ws/install/kortex_bringup/lib/pkgconfig/kortex_bringup.pc'
[28.209s] Level 1:colcon.colcon_core.environment:checking '/home/rama/Documents/code/Docker/moonshot_project/ros2_ws/install/kortex_bringup/lib/python3.10/site-packages'
[28.209s] Level 1:colcon.colcon_core.environment:checking '/home/rama/Documents/code/Docker/moonshot_project/ros2_ws/install/kortex_bringup/bin'
[28.209s] INFO:colcon.colcon_core.shell:Creating package script '/home/rama/Documents/code/Docker/moonshot_project/ros2_ws/install/kortex_bringup/share/kortex_bringup/package.ps1'
[28.210s] INFO:colcon.colcon_core.shell:Creating package descriptor '/home/rama/Documents/code/Docker/moonshot_project/ros2_ws/install/kortex_bringup/share/kortex_bringup/package.dsv'
[28.210s] INFO:colcon.colcon_core.shell:Creating package script '/home/rama/Documents/code/Docker/moonshot_project/ros2_ws/install/kortex_bringup/share/kortex_bringup/package.sh'
[28.210s] INFO:colcon.colcon_core.shell:Creating package script '/home/rama/Documents/code/Docker/moonshot_project/ros2_ws/install/kortex_bringup/share/kortex_bringup/package.bash'
[28.210s] INFO:colcon.colcon_core.shell:Creating package script '/home/rama/Documents/code/Docker/moonshot_project/ros2_ws/install/kortex_bringup/share/kortex_bringup/package.zsh'
[28.211s] Level 1:colcon.colcon_core.environment:create_file_with_runtime_dependencies(/home/rama/Documents/code/Docker/moonshot_project/ros2_ws/install/kortex_bringup/share/colcon-core/packages/kortex_bringup)
[28.211s] Level 1:colcon.colcon_core.environment:create_environment_scripts_only(kortex_bringup)
[28.211s] Level 1:colcon.colcon_core.environment:checking '/home/rama/Documents/code/Docker/moonshot_project/ros2_ws/install/kortex_bringup' for CMake module files
[28.212s] Level 1:colcon.colcon_core.environment:checking '/home/rama/Documents/code/Docker/moonshot_project/ros2_ws/install/kortex_bringup' for CMake config files
[28.212s] Level 1:colcon.colcon_core.shell:create_environment_hook('kortex_bringup', 'cmake_prefix_path')
[28.212s] INFO:colcon.colcon_core.shell:Creating environment hook '/home/rama/Documents/code/Docker/moonshot_project/ros2_ws/install/kortex_bringup/share/kortex_bringup/hook/cmake_prefix_path.ps1'
[28.212s] INFO:colcon.colcon_core.shell:Creating environment descriptor '/home/rama/Documents/code/Docker/moonshot_project/ros2_ws/install/kortex_bringup/share/kortex_bringup/hook/cmake_prefix_path.dsv'
[28.212s] INFO:colcon.colcon_core.shell:Creating environment hook '/home/rama/Documents/code/Docker/moonshot_project/ros2_ws/install/kortex_bringup/share/kortex_bringup/hook/cmake_prefix_path.sh'
[28.213s] Level 1:colcon.colcon_core.environment:checking '/home/rama/Documents/code/Docker/moonshot_project/ros2_ws/install/kortex_bringup/lib'
[28.213s] Level 1:colcon.colcon_core.environment:checking '/home/rama/Documents/code/Docker/moonshot_project/ros2_ws/install/kortex_bringup/bin'
[28.213s] Level 1:colcon.colcon_core.environment:checking '/home/rama/Documents/code/Docker/moonshot_project/ros2_ws/install/kortex_bringup/lib/pkgconfig/kortex_bringup.pc'
[28.213s] Level 1:colcon.colcon_core.environment:checking '/home/rama/Documents/code/Docker/moonshot_project/ros2_ws/install/kortex_bringup/lib/python3.10/site-packages'
[28.213s] Level 1:colcon.colcon_core.environment:checking '/home/rama/Documents/code/Docker/moonshot_project/ros2_ws/install/kortex_bringup/bin'
[28.213s] INFO:colcon.colcon_core.shell:Creating package script '/home/rama/Documents/code/Docker/moonshot_project/ros2_ws/install/kortex_bringup/share/kortex_bringup/package.ps1'
[28.214s] INFO:colcon.colcon_core.shell:Creating package descriptor '/home/rama/Documents/code/Docker/moonshot_project/ros2_ws/install/kortex_bringup/share/kortex_bringup/package.dsv'
[28.214s] INFO:colcon.colcon_core.shell:Creating package script '/home/rama/Documents/code/Docker/moonshot_project/ros2_ws/install/kortex_bringup/share/kortex_bringup/package.sh'
[28.214s] INFO:colcon.colcon_core.shell:Creating package script '/home/rama/Documents/code/Docker/moonshot_project/ros2_ws/install/kortex_bringup/share/kortex_bringup/package.bash'
[28.214s] INFO:colcon.colcon_core.shell:Creating package script '/home/rama/Documents/code/Docker/moonshot_project/ros2_ws/install/kortex_bringup/share/kortex_bringup/package.zsh'
[28.215s] Level 1:colcon.colcon_core.environment:create_file_with_runtime_dependencies(/home/rama/Documents/code/Docker/moonshot_project/ros2_ws/install/kortex_bringup/share/colcon-core/packages/kortex_bringup)
[28.215s] DEBUG:colcon.colcon_parallel_executor.executor.parallel:closing loop
[28.215s] DEBUG:colcon.colcon_parallel_executor.executor.parallel:loop closed
[28.215s] DEBUG:colcon.colcon_parallel_executor.executor.parallel:run_until_complete finished with '0'
[28.215s] DEBUG:colcon.colcon_core.event_reactor:joining thread
[28.219s] INFO:colcon.colcon_core.plugin_system:Skipping extension 'colcon_notification.desktop_notification.terminal_notifier': Not used on non-Darwin systems
[28.219s] INFO:colcon.colcon_core.plugin_system:Skipping extension 'colcon_notification.desktop_notification.win32': Not used on non-Windows systems
[28.219s] INFO:colcon.colcon_notification.desktop_notification:Sending desktop notification using 'notify2'
[28.229s] DEBUG:colcon.colcon_core.event_reactor:joined thread
[28.229s] INFO:colcon.colcon_core.shell:Creating prefix script '/home/rama/Documents/code/Docker/moonshot_project/ros2_ws/install/local_setup.ps1'
[28.230s] INFO:colcon.colcon_core.shell:Creating prefix util module '/home/rama/Documents/code/Docker/moonshot_project/ros2_ws/install/_local_setup_util_ps1.py'
[28.231s] INFO:colcon.colcon_core.shell:Creating prefix chain script '/home/rama/Documents/code/Docker/moonshot_project/ros2_ws/install/setup.ps1'
[28.232s] INFO:colcon.colcon_core.shell:Creating prefix script '/home/rama/Documents/code/Docker/moonshot_project/ros2_ws/install/local_setup.sh'
[28.232s] INFO:colcon.colcon_core.shell:Creating prefix util module '/home/rama/Documents/code/Docker/moonshot_project/ros2_ws/install/_local_setup_util_sh.py'
[28.233s] INFO:colcon.colcon_core.shell:Creating prefix chain script '/home/rama/Documents/code/Docker/moonshot_project/ros2_ws/install/setup.sh'
[28.234s] INFO:colcon.colcon_core.shell:Creating prefix script '/home/rama/Documents/code/Docker/moonshot_project/ros2_ws/install/local_setup.bash'
[28.234s] INFO:colcon.colcon_core.shell:Creating prefix chain script '/home/rama/Documents/code/Docker/moonshot_project/ros2_ws/install/setup.bash'
[28.235s] INFO:colcon.colcon_core.shell:Creating prefix script '/home/rama/Documents/code/Docker/moonshot_project/ros2_ws/install/local_setup.zsh'
[28.236s] INFO:colcon.colcon_core.shell:Creating prefix chain script '/home/rama/Documents/code/Docker/moonshot_project/ros2_ws/install/setup.zsh'
