[0.399s] DEBUG:colcon:Command line arguments: ['/usr/bin/colcon', 'build', '--cmake-args', '-DROS_EDITION=ROS2', '-DHUMBLE_ROS=humble']
[0.399s] DEBUG:colcon:Parsed command line arguments: Namespace(log_base=None, log_level=None, verb_name='build', build_base='build', install_base='install', merge_install=False, symlink_install=False, test_result_base=None, continue_on_error=False, executor='parallel', parallel_workers=16, event_handlers=None, ignore_user_meta=False, metas=['./colcon.meta'], base_paths=['.'], packages_ignore=None, packages_ignore_regex=None, paths=None, packages_up_to=None, packages_up_to_regex=None, packages_above=None, packages_above_and_dependencies=None, packages_above_depth=None, packages_select_by_dep=None, packages_skip_by_dep=None, packages_skip_up_to=None, packages_select_build_failed=False, packages_skip_build_finished=False, packages_select_test_failures=False, packages_skip_test_passed=False, packages_select=None, packages_skip=None, packages_select_regex=None, packages_skip_regex=None, packages_start=None, packages_end=None, allow_overriding=[], cmake_args=['-DROS_EDITION=ROS2', '-DHUMBLE_ROS=humble'], cmake_target=None, cmake_target_skip_unavailable=False, cmake_clean_cache=False, cmake_clean_first=False, cmake_force_configure=False, ament_cmake_args=None, catkin_cmake_args=None, catkin_skip_building_tests=False, mixin_files=None, mixin=None, verb_parser=<colcon_mixin.mixin.mixin_argument.MixinArgumentDecorator object at 0x761924e3f7f0>, verb_extension=<colcon_core.verb.build.BuildVerb object at 0x761924e3f160>, main=<bound method BuildVerb.main of <colcon_core.verb.build.BuildVerb object at 0x761924e3f160>>, mixin_verb=('build',))
[2.184s] Level 1:colcon.colcon_core.package_discovery:discover_packages(colcon_meta) check parameters
[2.184s] Level 1:colcon.colcon_core.package_discovery:discover_packages(recursive) check parameters
[2.184s] Level 1:colcon.colcon_core.package_discovery:discover_packages(ignore) check parameters
[2.184s] Level 1:colcon.colcon_core.package_discovery:discover_packages(path) check parameters
[2.184s] Level 1:colcon.colcon_core.package_discovery:discover_packages(colcon_meta) discover
[2.184s] Level 1:colcon.colcon_core.package_discovery:discover_packages(recursive) discover
[2.184s] INFO:colcon.colcon_core.package_discovery:Crawling recursively for packages in '/home/rama/Documents/code/Docker/moonshot_project/ros2_ws'
[2.185s] Level 1:colcon.colcon_core.package_identification:_identify(.) by extensions ['ignore', 'ignore_ament_install']
[2.185s] Level 1:colcon.colcon_core.package_identification:_identify(.) by extension 'ignore'
[2.185s] Level 1:colcon.colcon_core.package_identification:_identify(.) by extension 'ignore_ament_install'
[2.185s] Level 1:colcon.colcon_core.package_identification:_identify(.) by extensions ['colcon_pkg']
[2.185s] Level 1:colcon.colcon_core.package_identification:_identify(.) by extension 'colcon_pkg'
[2.185s] Level 1:colcon.colcon_core.package_identification:_identify(.) by extensions ['colcon_meta']
[2.185s] Level 1:colcon.colcon_core.package_identification:_identify(.) by extension 'colcon_meta'
[2.185s] Level 1:colcon.colcon_core.package_identification:_identify(.) by extensions ['ros']
[2.185s] Level 1:colcon.colcon_core.package_identification:_identify(.) by extension 'ros'
[2.197s] Level 1:colcon.colcon_core.package_identification:_identify(.) by extensions ['cmake', 'python']
[2.197s] Level 1:colcon.colcon_core.package_identification:_identify(.) by extension 'cmake'
[2.197s] Level 1:colcon.colcon_core.package_identification:_identify(.) by extension 'python'
[2.197s] Level 1:colcon.colcon_core.package_identification:_identify(.) by extensions ['python_setup_py']
[2.197s] Level 1:colcon.colcon_core.package_identification:_identify(.) by extension 'python_setup_py'
[2.197s] Level 1:colcon.colcon_core.package_identification:_identify(build) by extensions ['ignore', 'ignore_ament_install']
[2.197s] Level 1:colcon.colcon_core.package_identification:_identify(build) by extension 'ignore'
[2.197s] Level 1:colcon.colcon_core.package_identification:_identify(build) ignored
[2.198s] Level 1:colcon.colcon_core.package_identification:_identify(install) by extensions ['ignore', 'ignore_ament_install']
[2.198s] Level 1:colcon.colcon_core.package_identification:_identify(install) by extension 'ignore'
[2.198s] Level 1:colcon.colcon_core.package_identification:_identify(install) ignored
[2.198s] Level 1:colcon.colcon_core.package_identification:_identify(log) by extensions ['ignore', 'ignore_ament_install']
[2.198s] Level 1:colcon.colcon_core.package_identification:_identify(log) by extension 'ignore'
[2.198s] Level 1:colcon.colcon_core.package_identification:_identify(log) ignored
[2.198s] Level 1:colcon.colcon_core.package_identification:_identify(src) by extensions ['ignore', 'ignore_ament_install']
[2.198s] Level 1:colcon.colcon_core.package_identification:_identify(src) by extension 'ignore'
[2.198s] Level 1:colcon.colcon_core.package_identification:_identify(src) by extension 'ignore_ament_install'
[2.198s] Level 1:colcon.colcon_core.package_identification:_identify(src) by extensions ['colcon_pkg']
[2.198s] Level 1:colcon.colcon_core.package_identification:_identify(src) by extension 'colcon_pkg'
[2.198s] Level 1:colcon.colcon_core.package_identification:_identify(src) by extensions ['colcon_meta']
[2.198s] Level 1:colcon.colcon_core.package_identification:_identify(src) by extension 'colcon_meta'
[2.198s] Level 1:colcon.colcon_core.package_identification:_identify(src) by extensions ['ros']
[2.198s] Level 1:colcon.colcon_core.package_identification:_identify(src) by extension 'ros'
[2.198s] Level 1:colcon.colcon_core.package_identification:_identify(src) by extensions ['cmake', 'python']
[2.198s] Level 1:colcon.colcon_core.package_identification:_identify(src) by extension 'cmake'
[2.198s] Level 1:colcon.colcon_core.package_identification:_identify(src) by extension 'python'
[2.198s] Level 1:colcon.colcon_core.package_identification:_identify(src) by extensions ['python_setup_py']
[2.198s] Level 1:colcon.colcon_core.package_identification:_identify(src) by extension 'python_setup_py'
[2.198s] Level 1:colcon.colcon_core.package_identification:_identify(src/kinova_gen3_lite_control) by extensions ['ignore', 'ignore_ament_install']
[2.198s] Level 1:colcon.colcon_core.package_identification:_identify(src/kinova_gen3_lite_control) by extension 'ignore'
[2.198s] Level 1:colcon.colcon_core.package_identification:_identify(src/kinova_gen3_lite_control) by extension 'ignore_ament_install'
[2.198s] Level 1:colcon.colcon_core.package_identification:_identify(src/kinova_gen3_lite_control) by extensions ['colcon_pkg']
[2.198s] Level 1:colcon.colcon_core.package_identification:_identify(src/kinova_gen3_lite_control) by extension 'colcon_pkg'
[2.198s] Level 1:colcon.colcon_core.package_identification:_identify(src/kinova_gen3_lite_control) by extensions ['colcon_meta']
[2.198s] Level 1:colcon.colcon_core.package_identification:_identify(src/kinova_gen3_lite_control) by extension 'colcon_meta'
[2.198s] Level 1:colcon.colcon_core.package_identification:_identify(src/kinova_gen3_lite_control) by extensions ['ros']
[2.198s] Level 1:colcon.colcon_core.package_identification:_identify(src/kinova_gen3_lite_control) by extension 'ros'
[2.199s] Level 1:colcon.colcon_core.package_identification:_identify(src/kinova_gen3_lite_control) by extensions ['cmake', 'python']
[2.199s] Level 1:colcon.colcon_core.package_identification:_identify(src/kinova_gen3_lite_control) by extension 'cmake'
[2.199s] Level 1:colcon.colcon_core.package_identification:_identify(src/kinova_gen3_lite_control) by extension 'python'
[2.199s] Level 1:colcon.colcon_core.package_identification:_identify(src/kinova_gen3_lite_control) by extensions ['python_setup_py']
[2.199s] Level 1:colcon.colcon_core.package_identification:_identify(src/kinova_gen3_lite_control) by extension 'python_setup_py'
[2.199s] Level 1:colcon.colcon_core.package_identification:_identify(src/lidar_integration) by extensions ['ignore', 'ignore_ament_install']
[2.199s] Level 1:colcon.colcon_core.package_identification:_identify(src/lidar_integration) by extension 'ignore'
[2.199s] Level 1:colcon.colcon_core.package_identification:_identify(src/lidar_integration) by extension 'ignore_ament_install'
[2.199s] Level 1:colcon.colcon_core.package_identification:_identify(src/lidar_integration) by extensions ['colcon_pkg']
[2.199s] Level 1:colcon.colcon_core.package_identification:_identify(src/lidar_integration) by extension 'colcon_pkg'
[2.199s] Level 1:colcon.colcon_core.package_identification:_identify(src/lidar_integration) by extensions ['colcon_meta']
[2.199s] Level 1:colcon.colcon_core.package_identification:_identify(src/lidar_integration) by extension 'colcon_meta'
[2.199s] Level 1:colcon.colcon_core.package_identification:_identify(src/lidar_integration) by extensions ['ros']
[2.199s] Level 1:colcon.colcon_core.package_identification:_identify(src/lidar_integration) by extension 'ros'
[2.199s] Level 1:colcon.colcon_core.package_identification:_identify(src/lidar_integration) by extensions ['cmake', 'python']
[2.199s] Level 1:colcon.colcon_core.package_identification:_identify(src/lidar_integration) by extension 'cmake'
[2.199s] Level 1:colcon.colcon_core.package_identification:_identify(src/lidar_integration) by extension 'python'
[2.199s] Level 1:colcon.colcon_core.package_identification:_identify(src/lidar_integration) by extensions ['python_setup_py']
[2.199s] Level 1:colcon.colcon_core.package_identification:_identify(src/lidar_integration) by extension 'python_setup_py'
[2.199s] Level 1:colcon.colcon_core.package_identification:_identify(src/livox_ros_driver2) by extensions ['ignore', 'ignore_ament_install']
[2.199s] Level 1:colcon.colcon_core.package_identification:_identify(src/livox_ros_driver2) by extension 'ignore'
[2.199s] Level 1:colcon.colcon_core.package_identification:_identify(src/livox_ros_driver2) by extension 'ignore_ament_install'
[2.199s] Level 1:colcon.colcon_core.package_identification:_identify(src/livox_ros_driver2) by extensions ['colcon_pkg']
[2.199s] Level 1:colcon.colcon_core.package_identification:_identify(src/livox_ros_driver2) by extension 'colcon_pkg'
[2.199s] Level 1:colcon.colcon_core.package_identification:_identify(src/livox_ros_driver2) by extensions ['colcon_meta']
[2.199s] Level 1:colcon.colcon_core.package_identification:_identify(src/livox_ros_driver2) by extension 'colcon_meta'
[2.199s] Level 1:colcon.colcon_core.package_identification:_identify(src/livox_ros_driver2) by extensions ['ros']
[2.199s] Level 1:colcon.colcon_core.package_identification:_identify(src/livox_ros_driver2) by extension 'ros'
[2.202s] DEBUG:colcon.colcon_core.package_identification:Package 'src/livox_ros_driver2' with type 'ros.ament_cmake' and name 'livox_ros_driver2'
[2.202s] Level 1:colcon.colcon_core.package_identification:_identify(src/moving_table_interfaces) by extensions ['ignore', 'ignore_ament_install']
[2.202s] Level 1:colcon.colcon_core.package_identification:_identify(src/moving_table_interfaces) by extension 'ignore'
[2.202s] Level 1:colcon.colcon_core.package_identification:_identify(src/moving_table_interfaces) by extension 'ignore_ament_install'
[2.202s] Level 1:colcon.colcon_core.package_identification:_identify(src/moving_table_interfaces) by extensions ['colcon_pkg']
[2.202s] Level 1:colcon.colcon_core.package_identification:_identify(src/moving_table_interfaces) by extension 'colcon_pkg'
[2.202s] Level 1:colcon.colcon_core.package_identification:_identify(src/moving_table_interfaces) by extensions ['colcon_meta']
[2.202s] Level 1:colcon.colcon_core.package_identification:_identify(src/moving_table_interfaces) by extension 'colcon_meta'
[2.202s] Level 1:colcon.colcon_core.package_identification:_identify(src/moving_table_interfaces) by extensions ['ros']
[2.202s] Level 1:colcon.colcon_core.package_identification:_identify(src/moving_table_interfaces) by extension 'ros'
[2.203s] DEBUG:colcon.colcon_core.package_identification:Package 'src/moving_table_interfaces' with type 'ros.ament_cmake' and name 'moving_table_interfaces'
[2.203s] Level 1:colcon.colcon_core.package_identification:_identify(src/moving_table_pkg) by extensions ['ignore', 'ignore_ament_install']
[2.203s] Level 1:colcon.colcon_core.package_identification:_identify(src/moving_table_pkg) by extension 'ignore'
[2.203s] Level 1:colcon.colcon_core.package_identification:_identify(src/moving_table_pkg) by extension 'ignore_ament_install'
[2.203s] Level 1:colcon.colcon_core.package_identification:_identify(src/moving_table_pkg) by extensions ['colcon_pkg']
[2.203s] Level 1:colcon.colcon_core.package_identification:_identify(src/moving_table_pkg) by extension 'colcon_pkg'
[2.203s] Level 1:colcon.colcon_core.package_identification:_identify(src/moving_table_pkg) by extensions ['colcon_meta']
[2.203s] Level 1:colcon.colcon_core.package_identification:_identify(src/moving_table_pkg) by extension 'colcon_meta'
[2.203s] Level 1:colcon.colcon_core.package_identification:_identify(src/moving_table_pkg) by extensions ['ros']
[2.203s] Level 1:colcon.colcon_core.package_identification:_identify(src/moving_table_pkg) by extension 'ros'
[2.203s] DEBUG:colcon.colcon_core.package_identification:Package 'src/moving_table_pkg' with type 'ros.ament_python' and name 'moving_table_pkg'
[2.204s] Level 1:colcon.colcon_core.package_identification:_identify(src/ros2_kortex) by extensions ['ignore', 'ignore_ament_install']
[2.204s] Level 1:colcon.colcon_core.package_identification:_identify(src/ros2_kortex) by extension 'ignore'
[2.204s] Level 1:colcon.colcon_core.package_identification:_identify(src/ros2_kortex) by extension 'ignore_ament_install'
[2.204s] Level 1:colcon.colcon_core.package_identification:_identify(src/ros2_kortex) by extensions ['colcon_pkg']
[2.204s] Level 1:colcon.colcon_core.package_identification:_identify(src/ros2_kortex) by extension 'colcon_pkg'
[2.204s] Level 1:colcon.colcon_core.package_identification:_identify(src/ros2_kortex) by extensions ['colcon_meta']
[2.204s] Level 1:colcon.colcon_core.package_identification:_identify(src/ros2_kortex) by extension 'colcon_meta'
[2.204s] Level 1:colcon.colcon_core.package_identification:_identify(src/ros2_kortex) by extensions ['ros']
[2.204s] Level 1:colcon.colcon_core.package_identification:_identify(src/ros2_kortex) by extension 'ros'
[2.204s] Level 1:colcon.colcon_core.package_identification:_identify(src/ros2_kortex) by extensions ['cmake', 'python']
[2.204s] Level 1:colcon.colcon_core.package_identification:_identify(src/ros2_kortex) by extension 'cmake'
[2.204s] Level 1:colcon.colcon_core.package_identification:_identify(src/ros2_kortex) by extension 'python'
[2.204s] Level 1:colcon.colcon_core.package_identification:_identify(src/ros2_kortex) by extensions ['python_setup_py']
[2.204s] Level 1:colcon.colcon_core.package_identification:_identify(src/ros2_kortex) by extension 'python_setup_py'
[2.204s] Level 1:colcon.colcon_core.package_identification:_identify(src/ros2_kortex/3rdParty) by extensions ['ignore', 'ignore_ament_install']
[2.204s] Level 1:colcon.colcon_core.package_identification:_identify(src/ros2_kortex/3rdParty) by extension 'ignore'
[2.204s] Level 1:colcon.colcon_core.package_identification:_identify(src/ros2_kortex/3rdParty) by extension 'ignore_ament_install'
[2.204s] Level 1:colcon.colcon_core.package_identification:_identify(src/ros2_kortex/3rdParty) by extensions ['colcon_pkg']
[2.204s] Level 1:colcon.colcon_core.package_identification:_identify(src/ros2_kortex/3rdParty) by extension 'colcon_pkg'
[2.204s] Level 1:colcon.colcon_core.package_identification:_identify(src/ros2_kortex/3rdParty) by extensions ['colcon_meta']
[2.204s] Level 1:colcon.colcon_core.package_identification:_identify(src/ros2_kortex/3rdParty) by extension 'colcon_meta'
[2.204s] Level 1:colcon.colcon_core.package_identification:_identify(src/ros2_kortex/3rdParty) by extensions ['ros']
[2.204s] Level 1:colcon.colcon_core.package_identification:_identify(src/ros2_kortex/3rdParty) by extension 'ros'
[2.204s] Level 1:colcon.colcon_core.package_identification:_identify(src/ros2_kortex/3rdParty) by extensions ['cmake', 'python']
[2.204s] Level 1:colcon.colcon_core.package_identification:_identify(src/ros2_kortex/3rdParty) by extension 'cmake'
[2.204s] Level 1:colcon.colcon_core.package_identification:_identify(src/ros2_kortex/3rdParty) by extension 'python'
[2.204s] Level 1:colcon.colcon_core.package_identification:_identify(src/ros2_kortex/3rdParty) by extensions ['python_setup_py']
[2.204s] Level 1:colcon.colcon_core.package_identification:_identify(src/ros2_kortex/3rdParty) by extension 'python_setup_py'
[2.204s] Level 1:colcon.colcon_core.package_identification:_identify(src/ros2_kortex/3rdParty/Mobile_platform_integration) by extensions ['ignore', 'ignore_ament_install']
[2.204s] Level 1:colcon.colcon_core.package_identification:_identify(src/ros2_kortex/3rdParty/Mobile_platform_integration) by extension 'ignore'
[2.204s] Level 1:colcon.colcon_core.package_identification:_identify(src/ros2_kortex/3rdParty/Mobile_platform_integration) by extension 'ignore_ament_install'
[2.204s] Level 1:colcon.colcon_core.package_identification:_identify(src/ros2_kortex/3rdParty/Mobile_platform_integration) by extensions ['colcon_pkg']
[2.204s] Level 1:colcon.colcon_core.package_identification:_identify(src/ros2_kortex/3rdParty/Mobile_platform_integration) by extension 'colcon_pkg'
[2.205s] Level 1:colcon.colcon_core.package_identification:_identify(src/ros2_kortex/3rdParty/Mobile_platform_integration) by extensions ['colcon_meta']
[2.205s] Level 1:colcon.colcon_core.package_identification:_identify(src/ros2_kortex/3rdParty/Mobile_platform_integration) by extension 'colcon_meta'
[2.205s] Level 1:colcon.colcon_core.package_identification:_identify(src/ros2_kortex/3rdParty/Mobile_platform_integration) by extensions ['ros']
[2.205s] Level 1:colcon.colcon_core.package_identification:_identify(src/ros2_kortex/3rdParty/Mobile_platform_integration) by extension 'ros'
[2.205s] Level 1:colcon.colcon_core.package_identification:_identify(src/ros2_kortex/3rdParty/Mobile_platform_integration) by extensions ['cmake', 'python']
[2.205s] Level 1:colcon.colcon_core.package_identification:_identify(src/ros2_kortex/3rdParty/Mobile_platform_integration) by extension 'cmake'
[2.205s] Level 1:colcon.colcon_core.package_identification:_identify(src/ros2_kortex/3rdParty/Mobile_platform_integration) by extension 'python'
[2.205s] Level 1:colcon.colcon_core.package_identification:_identify(src/ros2_kortex/3rdParty/Mobile_platform_integration) by extensions ['python_setup_py']
[2.205s] Level 1:colcon.colcon_core.package_identification:_identify(src/ros2_kortex/3rdParty/Mobile_platform_integration) by extension 'python_setup_py'
[2.205s] Level 1:colcon.colcon_core.package_identification:_identify(src/ros2_kortex/3rdParty/Mobile_platform_integration/clearpath) by extensions ['ignore', 'ignore_ament_install']
[2.205s] Level 1:colcon.colcon_core.package_identification:_identify(src/ros2_kortex/3rdParty/Mobile_platform_integration/clearpath) by extension 'ignore'
[2.205s] Level 1:colcon.colcon_core.package_identification:_identify(src/ros2_kortex/3rdParty/Mobile_platform_integration/clearpath) by extension 'ignore_ament_install'
[2.205s] Level 1:colcon.colcon_core.package_identification:_identify(src/ros2_kortex/3rdParty/Mobile_platform_integration/clearpath) by extensions ['colcon_pkg']
[2.205s] Level 1:colcon.colcon_core.package_identification:_identify(src/ros2_kortex/3rdParty/Mobile_platform_integration/clearpath) by extension 'colcon_pkg'
[2.205s] Level 1:colcon.colcon_core.package_identification:_identify(src/ros2_kortex/3rdParty/Mobile_platform_integration/clearpath) by extensions ['colcon_meta']
[2.205s] Level 1:colcon.colcon_core.package_identification:_identify(src/ros2_kortex/3rdParty/Mobile_platform_integration/clearpath) by extension 'colcon_meta'
[2.205s] Level 1:colcon.colcon_core.package_identification:_identify(src/ros2_kortex/3rdParty/Mobile_platform_integration/clearpath) by extensions ['ros']
[2.205s] Level 1:colcon.colcon_core.package_identification:_identify(src/ros2_kortex/3rdParty/Mobile_platform_integration/clearpath) by extension 'ros'
[2.205s] Level 1:colcon.colcon_core.package_identification:_identify(src/ros2_kortex/3rdParty/Mobile_platform_integration/clearpath) by extensions ['cmake', 'python']
[2.205s] Level 1:colcon.colcon_core.package_identification:_identify(src/ros2_kortex/3rdParty/Mobile_platform_integration/clearpath) by extension 'cmake'
[2.205s] Level 1:colcon.colcon_core.package_identification:_identify(src/ros2_kortex/3rdParty/Mobile_platform_integration/clearpath) by extension 'python'
[2.205s] Level 1:colcon.colcon_core.package_identification:_identify(src/ros2_kortex/3rdParty/Mobile_platform_integration/clearpath) by extensions ['python_setup_py']
[2.205s] Level 1:colcon.colcon_core.package_identification:_identify(src/ros2_kortex/3rdParty/Mobile_platform_integration/clearpath) by extension 'python_setup_py'
[2.205s] Level 1:colcon.colcon_core.package_identification:_identify(src/ros2_kortex/doc) by extensions ['ignore', 'ignore_ament_install']
[2.205s] Level 1:colcon.colcon_core.package_identification:_identify(src/ros2_kortex/doc) by extension 'ignore'
[2.205s] Level 1:colcon.colcon_core.package_identification:_identify(src/ros2_kortex/doc) by extension 'ignore_ament_install'
[2.205s] Level 1:colcon.colcon_core.package_identification:_identify(src/ros2_kortex/doc) by extensions ['colcon_pkg']
[2.205s] Level 1:colcon.colcon_core.package_identification:_identify(src/ros2_kortex/doc) by extension 'colcon_pkg'
[2.205s] Level 1:colcon.colcon_core.package_identification:_identify(src/ros2_kortex/doc) by extensions ['colcon_meta']
[2.205s] Level 1:colcon.colcon_core.package_identification:_identify(src/ros2_kortex/doc) by extension 'colcon_meta'
[2.205s] Level 1:colcon.colcon_core.package_identification:_identify(src/ros2_kortex/doc) by extensions ['ros']
[2.205s] Level 1:colcon.colcon_core.package_identification:_identify(src/ros2_kortex/doc) by extension 'ros'
[2.205s] Level 1:colcon.colcon_core.package_identification:_identify(src/ros2_kortex/doc) by extensions ['cmake', 'python']
[2.206s] Level 1:colcon.colcon_core.package_identification:_identify(src/ros2_kortex/doc) by extension 'cmake'
[2.206s] Level 1:colcon.colcon_core.package_identification:_identify(src/ros2_kortex/doc) by extension 'python'
[2.206s] Level 1:colcon.colcon_core.package_identification:_identify(src/ros2_kortex/doc) by extensions ['python_setup_py']
[2.206s] Level 1:colcon.colcon_core.package_identification:_identify(src/ros2_kortex/doc) by extension 'python_setup_py'
[2.206s] Level 1:colcon.colcon_core.package_identification:_identify(src/ros2_kortex/doc/resources) by extensions ['ignore', 'ignore_ament_install']
[2.206s] Level 1:colcon.colcon_core.package_identification:_identify(src/ros2_kortex/doc/resources) by extension 'ignore'
[2.206s] Level 1:colcon.colcon_core.package_identification:_identify(src/ros2_kortex/doc/resources) by extension 'ignore_ament_install'
[2.206s] Level 1:colcon.colcon_core.package_identification:_identify(src/ros2_kortex/doc/resources) by extensions ['colcon_pkg']
[2.206s] Level 1:colcon.colcon_core.package_identification:_identify(src/ros2_kortex/doc/resources) by extension 'colcon_pkg'
[2.206s] Level 1:colcon.colcon_core.package_identification:_identify(src/ros2_kortex/doc/resources) by extensions ['colcon_meta']
[2.206s] Level 1:colcon.colcon_core.package_identification:_identify(src/ros2_kortex/doc/resources) by extension 'colcon_meta'
[2.206s] Level 1:colcon.colcon_core.package_identification:_identify(src/ros2_kortex/doc/resources) by extensions ['ros']
[2.206s] Level 1:colcon.colcon_core.package_identification:_identify(src/ros2_kortex/doc/resources) by extension 'ros'
[2.206s] Level 1:colcon.colcon_core.package_identification:_identify(src/ros2_kortex/doc/resources) by extensions ['cmake', 'python']
[2.206s] Level 1:colcon.colcon_core.package_identification:_identify(src/ros2_kortex/doc/resources) by extension 'cmake'
[2.206s] Level 1:colcon.colcon_core.package_identification:_identify(src/ros2_kortex/doc/resources) by extension 'python'
[2.206s] Level 1:colcon.colcon_core.package_identification:_identify(src/ros2_kortex/doc/resources) by extensions ['python_setup_py']
[2.206s] Level 1:colcon.colcon_core.package_identification:_identify(src/ros2_kortex/doc/resources) by extension 'python_setup_py'
[2.206s] Level 1:colcon.colcon_core.package_identification:_identify(src/ros2_kortex/kortex_api) by extensions ['ignore', 'ignore_ament_install']
[2.206s] Level 1:colcon.colcon_core.package_identification:_identify(src/ros2_kortex/kortex_api) by extension 'ignore'
[2.206s] Level 1:colcon.colcon_core.package_identification:_identify(src/ros2_kortex/kortex_api) by extension 'ignore_ament_install'
[2.206s] Level 1:colcon.colcon_core.package_identification:_identify(src/ros2_kortex/kortex_api) by extensions ['colcon_pkg']
[2.206s] Level 1:colcon.colcon_core.package_identification:_identify(src/ros2_kortex/kortex_api) by extension 'colcon_pkg'
[2.206s] Level 1:colcon.colcon_core.package_identification:_identify(src/ros2_kortex/kortex_api) by extensions ['colcon_meta']
[2.206s] Level 1:colcon.colcon_core.package_identification:_identify(src/ros2_kortex/kortex_api) by extension 'colcon_meta'
[2.206s] Level 1:colcon.colcon_core.package_identification:_identify(src/ros2_kortex/kortex_api) by extensions ['ros']
[2.206s] Level 1:colcon.colcon_core.package_identification:_identify(src/ros2_kortex/kortex_api) by extension 'ros'
[2.207s] DEBUG:colcon.colcon_core.package_identification:Package 'src/ros2_kortex/kortex_api' with type 'ros.ament_cmake' and name 'kortex_api'
[2.207s] Level 1:colcon.colcon_core.package_identification:_identify(src/ros2_kortex/kortex_bringup) by extensions ['ignore', 'ignore_ament_install']
[2.207s] Level 1:colcon.colcon_core.package_identification:_identify(src/ros2_kortex/kortex_bringup) by extension 'ignore'
[2.207s] Level 1:colcon.colcon_core.package_identification:_identify(src/ros2_kortex/kortex_bringup) by extension 'ignore_ament_install'
[2.207s] Level 1:colcon.colcon_core.package_identification:_identify(src/ros2_kortex/kortex_bringup) by extensions ['colcon_pkg']
[2.207s] Level 1:colcon.colcon_core.package_identification:_identify(src/ros2_kortex/kortex_bringup) by extension 'colcon_pkg'
[2.207s] Level 1:colcon.colcon_core.package_identification:_identify(src/ros2_kortex/kortex_bringup) by extensions ['colcon_meta']
[2.207s] Level 1:colcon.colcon_core.package_identification:_identify(src/ros2_kortex/kortex_bringup) by extension 'colcon_meta'
[2.207s] Level 1:colcon.colcon_core.package_identification:_identify(src/ros2_kortex/kortex_bringup) by extensions ['ros']
[2.207s] Level 1:colcon.colcon_core.package_identification:_identify(src/ros2_kortex/kortex_bringup) by extension 'ros'
[2.208s] DEBUG:colcon.colcon_core.package_identification:Package 'src/ros2_kortex/kortex_bringup' with type 'ros.ament_cmake' and name 'kortex_bringup'
[2.208s] Level 1:colcon.colcon_core.package_identification:_identify(src/ros2_kortex/kortex_description) by extensions ['ignore', 'ignore_ament_install']
[2.208s] Level 1:colcon.colcon_core.package_identification:_identify(src/ros2_kortex/kortex_description) by extension 'ignore'
[2.208s] Level 1:colcon.colcon_core.package_identification:_identify(src/ros2_kortex/kortex_description) by extension 'ignore_ament_install'
[2.208s] Level 1:colcon.colcon_core.package_identification:_identify(src/ros2_kortex/kortex_description) by extensions ['colcon_pkg']
[2.208s] Level 1:colcon.colcon_core.package_identification:_identify(src/ros2_kortex/kortex_description) by extension 'colcon_pkg'
[2.208s] Level 1:colcon.colcon_core.package_identification:_identify(src/ros2_kortex/kortex_description) by extensions ['colcon_meta']
[2.208s] Level 1:colcon.colcon_core.package_identification:_identify(src/ros2_kortex/kortex_description) by extension 'colcon_meta'
[2.208s] Level 1:colcon.colcon_core.package_identification:_identify(src/ros2_kortex/kortex_description) by extensions ['ros']
[2.208s] Level 1:colcon.colcon_core.package_identification:_identify(src/ros2_kortex/kortex_description) by extension 'ros'
[2.208s] DEBUG:colcon.colcon_core.package_identification:Package 'src/ros2_kortex/kortex_description' with type 'ros.ament_cmake' and name 'kortex_description'
[2.208s] Level 1:colcon.colcon_core.package_identification:_identify(src/ros2_kortex/kortex_driver) by extensions ['ignore', 'ignore_ament_install']
[2.208s] Level 1:colcon.colcon_core.package_identification:_identify(src/ros2_kortex/kortex_driver) by extension 'ignore'
[2.208s] Level 1:colcon.colcon_core.package_identification:_identify(src/ros2_kortex/kortex_driver) by extension 'ignore_ament_install'
[2.209s] Level 1:colcon.colcon_core.package_identification:_identify(src/ros2_kortex/kortex_driver) by extensions ['colcon_pkg']
[2.209s] Level 1:colcon.colcon_core.package_identification:_identify(src/ros2_kortex/kortex_driver) by extension 'colcon_pkg'
[2.209s] Level 1:colcon.colcon_core.package_identification:_identify(src/ros2_kortex/kortex_driver) by extensions ['colcon_meta']
[2.209s] Level 1:colcon.colcon_core.package_identification:_identify(src/ros2_kortex/kortex_driver) by extension 'colcon_meta'
[2.209s] Level 1:colcon.colcon_core.package_identification:_identify(src/ros2_kortex/kortex_driver) by extensions ['ros']
[2.209s] Level 1:colcon.colcon_core.package_identification:_identify(src/ros2_kortex/kortex_driver) by extension 'ros'
[2.209s] DEBUG:colcon.colcon_core.package_identification:Package 'src/ros2_kortex/kortex_driver' with type 'ros.ament_cmake' and name 'kortex_driver'
[2.209s] Level 1:colcon.colcon_core.package_identification:_identify(src/ros2_kortex/kortex_moveit_config) by extensions ['ignore', 'ignore_ament_install']
[2.209s] Level 1:colcon.colcon_core.package_identification:_identify(src/ros2_kortex/kortex_moveit_config) by extension 'ignore'
[2.209s] Level 1:colcon.colcon_core.package_identification:_identify(src/ros2_kortex/kortex_moveit_config) by extension 'ignore_ament_install'
[2.209s] Level 1:colcon.colcon_core.package_identification:_identify(src/ros2_kortex/kortex_moveit_config) by extensions ['colcon_pkg']
[2.209s] Level 1:colcon.colcon_core.package_identification:_identify(src/ros2_kortex/kortex_moveit_config) by extension 'colcon_pkg'
[2.209s] Level 1:colcon.colcon_core.package_identification:_identify(src/ros2_kortex/kortex_moveit_config) by extensions ['colcon_meta']
[2.209s] Level 1:colcon.colcon_core.package_identification:_identify(src/ros2_kortex/kortex_moveit_config) by extension 'colcon_meta'
[2.209s] Level 1:colcon.colcon_core.package_identification:_identify(src/ros2_kortex/kortex_moveit_config) by extensions ['ros']
[2.209s] Level 1:colcon.colcon_core.package_identification:_identify(src/ros2_kortex/kortex_moveit_config) by extension 'ros'
[2.209s] Level 1:colcon.colcon_core.package_identification:_identify(src/ros2_kortex/kortex_moveit_config) by extensions ['cmake', 'python']
[2.209s] Level 1:colcon.colcon_core.package_identification:_identify(src/ros2_kortex/kortex_moveit_config) by extension 'cmake'
[2.210s] Level 1:colcon.colcon_core.package_identification:_identify(src/ros2_kortex/kortex_moveit_config) by extension 'python'
[2.210s] Level 1:colcon.colcon_core.package_identification:_identify(src/ros2_kortex/kortex_moveit_config) by extensions ['python_setup_py']
[2.210s] Level 1:colcon.colcon_core.package_identification:_identify(src/ros2_kortex/kortex_moveit_config) by extension 'python_setup_py'
[2.210s] Level 1:colcon.colcon_core.package_identification:_identify(src/ros2_kortex/kortex_moveit_config/kinova_gen3_6dof_robotiq_2f_85_moveit_config) by extensions ['ignore', 'ignore_ament_install']
[2.210s] Level 1:colcon.colcon_core.package_identification:_identify(src/ros2_kortex/kortex_moveit_config/kinova_gen3_6dof_robotiq_2f_85_moveit_config) by extension 'ignore'
[2.210s] Level 1:colcon.colcon_core.package_identification:_identify(src/ros2_kortex/kortex_moveit_config/kinova_gen3_6dof_robotiq_2f_85_moveit_config) by extension 'ignore_ament_install'
[2.210s] Level 1:colcon.colcon_core.package_identification:_identify(src/ros2_kortex/kortex_moveit_config/kinova_gen3_6dof_robotiq_2f_85_moveit_config) by extensions ['colcon_pkg']
[2.210s] Level 1:colcon.colcon_core.package_identification:_identify(src/ros2_kortex/kortex_moveit_config/kinova_gen3_6dof_robotiq_2f_85_moveit_config) by extension 'colcon_pkg'
[2.210s] Level 1:colcon.colcon_core.package_identification:_identify(src/ros2_kortex/kortex_moveit_config/kinova_gen3_6dof_robotiq_2f_85_moveit_config) by extensions ['colcon_meta']
[2.210s] Level 1:colcon.colcon_core.package_identification:_identify(src/ros2_kortex/kortex_moveit_config/kinova_gen3_6dof_robotiq_2f_85_moveit_config) by extension 'colcon_meta'
[2.210s] Level 1:colcon.colcon_core.package_identification:_identify(src/ros2_kortex/kortex_moveit_config/kinova_gen3_6dof_robotiq_2f_85_moveit_config) by extensions ['ros']
[2.210s] Level 1:colcon.colcon_core.package_identification:_identify(src/ros2_kortex/kortex_moveit_config/kinova_gen3_6dof_robotiq_2f_85_moveit_config) by extension 'ros'
[2.210s] DEBUG:colcon.colcon_core.package_identification:Package 'src/ros2_kortex/kortex_moveit_config/kinova_gen3_6dof_robotiq_2f_85_moveit_config' with type 'ros.ament_cmake' and name 'kinova_gen3_6dof_robotiq_2f_85_moveit_config'
[2.211s] Level 1:colcon.colcon_core.package_identification:_identify(src/ros2_kortex/kortex_moveit_config/kinova_gen3_7dof_robotiq_2f_85_moveit_config) by extensions ['ignore', 'ignore_ament_install']
[2.211s] Level 1:colcon.colcon_core.package_identification:_identify(src/ros2_kortex/kortex_moveit_config/kinova_gen3_7dof_robotiq_2f_85_moveit_config) by extension 'ignore'
[2.211s] Level 1:colcon.colcon_core.package_identification:_identify(src/ros2_kortex/kortex_moveit_config/kinova_gen3_7dof_robotiq_2f_85_moveit_config) by extension 'ignore_ament_install'
[2.211s] Level 1:colcon.colcon_core.package_identification:_identify(src/ros2_kortex/kortex_moveit_config/kinova_gen3_7dof_robotiq_2f_85_moveit_config) by extensions ['colcon_pkg']
[2.211s] Level 1:colcon.colcon_core.package_identification:_identify(src/ros2_kortex/kortex_moveit_config/kinova_gen3_7dof_robotiq_2f_85_moveit_config) by extension 'colcon_pkg'
[2.211s] Level 1:colcon.colcon_core.package_identification:_identify(src/ros2_kortex/kortex_moveit_config/kinova_gen3_7dof_robotiq_2f_85_moveit_config) by extensions ['colcon_meta']
[2.211s] Level 1:colcon.colcon_core.package_identification:_identify(src/ros2_kortex/kortex_moveit_config/kinova_gen3_7dof_robotiq_2f_85_moveit_config) by extension 'colcon_meta'
[2.211s] Level 1:colcon.colcon_core.package_identification:_identify(src/ros2_kortex/kortex_moveit_config/kinova_gen3_7dof_robotiq_2f_85_moveit_config) by extensions ['ros']
[2.211s] Level 1:colcon.colcon_core.package_identification:_identify(src/ros2_kortex/kortex_moveit_config/kinova_gen3_7dof_robotiq_2f_85_moveit_config) by extension 'ros'
[2.211s] DEBUG:colcon.colcon_core.package_identification:Package 'src/ros2_kortex/kortex_moveit_config/kinova_gen3_7dof_robotiq_2f_85_moveit_config' with type 'ros.ament_cmake' and name 'kinova_gen3_7dof_robotiq_2f_85_moveit_config'
[2.212s] Level 1:colcon.colcon_core.package_identification:_identify(src/ros2_kortex/kortex_moveit_config/kinova_gen3_lite_moveit_config) by extensions ['ignore', 'ignore_ament_install']
[2.212s] Level 1:colcon.colcon_core.package_identification:_identify(src/ros2_kortex/kortex_moveit_config/kinova_gen3_lite_moveit_config) by extension 'ignore'
[2.212s] Level 1:colcon.colcon_core.package_identification:_identify(src/ros2_kortex/kortex_moveit_config/kinova_gen3_lite_moveit_config) by extension 'ignore_ament_install'
[2.212s] Level 1:colcon.colcon_core.package_identification:_identify(src/ros2_kortex/kortex_moveit_config/kinova_gen3_lite_moveit_config) by extensions ['colcon_pkg']
[2.212s] Level 1:colcon.colcon_core.package_identification:_identify(src/ros2_kortex/kortex_moveit_config/kinova_gen3_lite_moveit_config) by extension 'colcon_pkg'
[2.212s] Level 1:colcon.colcon_core.package_identification:_identify(src/ros2_kortex/kortex_moveit_config/kinova_gen3_lite_moveit_config) by extensions ['colcon_meta']
[2.212s] Level 1:colcon.colcon_core.package_identification:_identify(src/ros2_kortex/kortex_moveit_config/kinova_gen3_lite_moveit_config) by extension 'colcon_meta'
[2.212s] Level 1:colcon.colcon_core.package_identification:_identify(src/ros2_kortex/kortex_moveit_config/kinova_gen3_lite_moveit_config) by extensions ['ros']
[2.212s] Level 1:colcon.colcon_core.package_identification:_identify(src/ros2_kortex/kortex_moveit_config/kinova_gen3_lite_moveit_config) by extension 'ros'
[2.212s] DEBUG:colcon.colcon_core.package_identification:Package 'src/ros2_kortex/kortex_moveit_config/kinova_gen3_lite_moveit_config' with type 'ros.ament_cmake' and name 'kinova_gen3_lite_moveit_config'
[2.212s] Level 1:colcon.colcon_core.package_identification:_identify(src/ros2_kortex/kortex_moveit_config/launch) by extensions ['ignore', 'ignore_ament_install']
[2.212s] Level 1:colcon.colcon_core.package_identification:_identify(src/ros2_kortex/kortex_moveit_config/launch) by extension 'ignore'
[2.212s] Level 1:colcon.colcon_core.package_identification:_identify(src/ros2_kortex/kortex_moveit_config/launch) by extension 'ignore_ament_install'
[2.212s] Level 1:colcon.colcon_core.package_identification:_identify(src/ros2_kortex/kortex_moveit_config/launch) by extensions ['colcon_pkg']
[2.213s] Level 1:colcon.colcon_core.package_identification:_identify(src/ros2_kortex/kortex_moveit_config/launch) by extension 'colcon_pkg'
[2.213s] Level 1:colcon.colcon_core.package_identification:_identify(src/ros2_kortex/kortex_moveit_config/launch) by extensions ['colcon_meta']
[2.213s] Level 1:colcon.colcon_core.package_identification:_identify(src/ros2_kortex/kortex_moveit_config/launch) by extension 'colcon_meta'
[2.213s] Level 1:colcon.colcon_core.package_identification:_identify(src/ros2_kortex/kortex_moveit_config/launch) by extensions ['ros']
[2.213s] Level 1:colcon.colcon_core.package_identification:_identify(src/ros2_kortex/kortex_moveit_config/launch) by extension 'ros'
[2.213s] Level 1:colcon.colcon_core.package_identification:_identify(src/ros2_kortex/kortex_moveit_config/launch) by extensions ['cmake', 'python']
[2.213s] Level 1:colcon.colcon_core.package_identification:_identify(src/ros2_kortex/kortex_moveit_config/launch) by extension 'cmake'
[2.213s] Level 1:colcon.colcon_core.package_identification:_identify(src/ros2_kortex/kortex_moveit_config/launch) by extension 'python'
[2.213s] Level 1:colcon.colcon_core.package_identification:_identify(src/ros2_kortex/kortex_moveit_config/launch) by extensions ['python_setup_py']
[2.213s] Level 1:colcon.colcon_core.package_identification:_identify(src/ros2_kortex/kortex_moveit_config/launch) by extension 'python_setup_py'
[2.213s] Level 1:colcon.colcon_core.package_discovery:discover_packages(recursive) using defaults
[2.213s] Level 1:colcon.colcon_core.package_discovery:discover_packages(ignore) discover
[2.213s] Level 1:colcon.colcon_core.package_discovery:discover_packages(ignore) using defaults
[2.213s] Level 1:colcon.colcon_core.package_discovery:discover_packages(path) discover
[2.213s] Level 1:colcon.colcon_core.package_discovery:discover_packages(path) using defaults
[2.264s] Level 1:colcon.colcon_core.package_discovery:discover_packages(prefix_path) check parameters
[2.264s] Level 1:colcon.colcon_core.package_discovery:discover_packages(prefix_path) discover
[2.279s] WARNING:colcon.colcon_ros.prefix_path.ament:The path '/home/rama/Documents/code/Docker/moonshot_project/ros2_ws/install/moving_table_pkg' in the environment variable AMENT_PREFIX_PATH doesn't exist
[2.279s] WARNING:colcon.colcon_ros.prefix_path.ament:The path '/home/rama/Documents/code/Docker/moonshot_project/ros2_ws/install/moving_table_interfaces' in the environment variable AMENT_PREFIX_PATH doesn't exist
[2.279s] WARNING:colcon.colcon_ros.prefix_path.ament:The path '/home/rama/Documents/code/Docker/moonshot_project/ros2_ws/install/livox_ros_driver2' in the environment variable AMENT_PREFIX_PATH doesn't exist
[2.279s] WARNING:colcon.colcon_ros.prefix_path.ament:The path '/home/rama/Documents/code/Docker/moonshot_project/ros2_ws/install/kortex_bringup' in the environment variable AMENT_PREFIX_PATH doesn't exist
[2.279s] WARNING:colcon.colcon_ros.prefix_path.ament:The path '/home/rama/Documents/code/Docker/moonshot_project/ros2_ws/install/kortex_driver' in the environment variable AMENT_PREFIX_PATH doesn't exist
[2.279s] WARNING:colcon.colcon_ros.prefix_path.ament:The path '/home/rama/Documents/code/Docker/moonshot_project/ros2_ws/install/kinova_gen3_lite_moveit_config' in the environment variable AMENT_PREFIX_PATH doesn't exist
[2.279s] WARNING:colcon.colcon_ros.prefix_path.ament:The path '/home/rama/Documents/code/Docker/moonshot_project/ros2_ws/install/kinova_gen3_7dof_robotiq_2f_85_moveit_config' in the environment variable AMENT_PREFIX_PATH doesn't exist
[2.279s] WARNING:colcon.colcon_ros.prefix_path.ament:The path '/home/rama/Documents/code/Docker/moonshot_project/ros2_ws/install/kinova_gen3_6dof_robotiq_2f_85_moveit_config' in the environment variable AMENT_PREFIX_PATH doesn't exist
[2.279s] WARNING:colcon.colcon_ros.prefix_path.ament:The path '/home/rama/Documents/code/Docker/moonshot_project/ros2_ws/install/kortex_description' in the environment variable AMENT_PREFIX_PATH doesn't exist
[2.279s] WARNING:colcon.colcon_ros.prefix_path.ament:The path '/home/rama/Documents/code/Docker/moonshot_project/ros2_ws/install/kortex_api' in the environment variable AMENT_PREFIX_PATH doesn't exist
[2.279s] WARNING:colcon.colcon_ros.prefix_path.catkin:The path '/home/rama/Documents/code/Docker/moonshot_project/ros2_ws/install/moving_table_interfaces' in the environment variable CMAKE_PREFIX_PATH doesn't exist
[2.279s] WARNING:colcon.colcon_ros.prefix_path.catkin:The path '/home/rama/Documents/code/Docker/moonshot_project/ros2_ws/install/livox_ros_driver2' in the environment variable CMAKE_PREFIX_PATH doesn't exist
[2.279s] WARNING:colcon.colcon_ros.prefix_path.catkin:The path '/home/rama/Documents/code/Docker/moonshot_project/ros2_ws/install/kortex_bringup' in the environment variable CMAKE_PREFIX_PATH doesn't exist
[2.279s] WARNING:colcon.colcon_ros.prefix_path.catkin:The path '/home/rama/Documents/code/Docker/moonshot_project/ros2_ws/install/kortex_driver' in the environment variable CMAKE_PREFIX_PATH doesn't exist
[2.279s] WARNING:colcon.colcon_ros.prefix_path.catkin:The path '/home/rama/Documents/code/Docker/moonshot_project/ros2_ws/install/kinova_gen3_lite_moveit_config' in the environment variable CMAKE_PREFIX_PATH doesn't exist
[2.280s] WARNING:colcon.colcon_ros.prefix_path.catkin:The path '/home/rama/Documents/code/Docker/moonshot_project/ros2_ws/install/kinova_gen3_7dof_robotiq_2f_85_moveit_config' in the environment variable CMAKE_PREFIX_PATH doesn't exist
[2.280s] WARNING:colcon.colcon_ros.prefix_path.catkin:The path '/home/rama/Documents/code/Docker/moonshot_project/ros2_ws/install/kinova_gen3_6dof_robotiq_2f_85_moveit_config' in the environment variable CMAKE_PREFIX_PATH doesn't exist
[2.280s] WARNING:colcon.colcon_ros.prefix_path.catkin:The path '/home/rama/Documents/code/Docker/moonshot_project/ros2_ws/install/kortex_description' in the environment variable CMAKE_PREFIX_PATH doesn't exist
[2.280s] WARNING:colcon.colcon_ros.prefix_path.catkin:The path '/home/rama/Documents/code/Docker/moonshot_project/ros2_ws/install/kortex_api' in the environment variable CMAKE_PREFIX_PATH doesn't exist
[2.280s] DEBUG:colcon.colcon_installed_package_information.package_discovery:Found 0 installed packages in /home/rama/Documents/code/Docker/moonshot_project/ros2_ws/install
[2.281s] DEBUG:colcon.colcon_installed_package_information.package_discovery:Found 299 installed packages in /opt/ros/humble
[2.282s] Level 1:colcon.colcon_core.package_discovery:discover_packages(prefix_path) using defaults
[2.315s] Level 5:colcon.colcon_core.verb:set package 'kortex_api' build argument 'cmake_args' from command line to '['-DROS_EDITION=ROS2', '-DHUMBLE_ROS=humble']'
[2.315s] Level 5:colcon.colcon_core.verb:set package 'kortex_api' build argument 'cmake_target' from command line to 'None'
[2.315s] Level 5:colcon.colcon_core.verb:set package 'kortex_api' build argument 'cmake_target_skip_unavailable' from command line to 'False'
[2.315s] Level 5:colcon.colcon_core.verb:set package 'kortex_api' build argument 'cmake_clean_cache' from command line to 'False'
[2.315s] Level 5:colcon.colcon_core.verb:set package 'kortex_api' build argument 'cmake_clean_first' from command line to 'False'
[2.315s] Level 5:colcon.colcon_core.verb:set package 'kortex_api' build argument 'cmake_force_configure' from command line to 'False'
[2.315s] Level 5:colcon.colcon_core.verb:set package 'kortex_api' build argument 'ament_cmake_args' from command line to 'None'
[2.315s] Level 5:colcon.colcon_core.verb:set package 'kortex_api' build argument 'catkin_cmake_args' from command line to 'None'
[2.315s] Level 5:colcon.colcon_core.verb:set package 'kortex_api' build argument 'catkin_skip_building_tests' from command line to 'False'
[2.315s] DEBUG:colcon.colcon_core.verb:Building package 'kortex_api' with the following arguments: {'ament_cmake_args': None, 'build_base': '/home/rama/Documents/code/Docker/moonshot_project/ros2_ws/build/kortex_api', 'catkin_cmake_args': None, 'catkin_skip_building_tests': False, 'cmake_args': ['-DROS_EDITION=ROS2', '-DHUMBLE_ROS=humble'], 'cmake_clean_cache': False, 'cmake_clean_first': False, 'cmake_force_configure': False, 'cmake_target': None, 'cmake_target_skip_unavailable': False, 'install_base': '/home/rama/Documents/code/Docker/moonshot_project/ros2_ws/install/kortex_api', 'merge_install': False, 'path': '/home/rama/Documents/code/Docker/moonshot_project/ros2_ws/src/ros2_kortex/kortex_api', 'symlink_install': False, 'test_result_base': None}
[2.315s] Level 5:colcon.colcon_core.verb:set package 'kortex_description' build argument 'cmake_args' from command line to '['-DROS_EDITION=ROS2', '-DHUMBLE_ROS=humble']'
[2.315s] Level 5:colcon.colcon_core.verb:set package 'kortex_description' build argument 'cmake_target' from command line to 'None'
[2.315s] Level 5:colcon.colcon_core.verb:set package 'kortex_description' build argument 'cmake_target_skip_unavailable' from command line to 'False'
[2.315s] Level 5:colcon.colcon_core.verb:set package 'kortex_description' build argument 'cmake_clean_cache' from command line to 'False'
[2.315s] Level 5:colcon.colcon_core.verb:set package 'kortex_description' build argument 'cmake_clean_first' from command line to 'False'
[2.315s] Level 5:colcon.colcon_core.verb:set package 'kortex_description' build argument 'cmake_force_configure' from command line to 'False'
[2.315s] Level 5:colcon.colcon_core.verb:set package 'kortex_description' build argument 'ament_cmake_args' from command line to 'None'
[2.315s] Level 5:colcon.colcon_core.verb:set package 'kortex_description' build argument 'catkin_cmake_args' from command line to 'None'
[2.315s] Level 5:colcon.colcon_core.verb:set package 'kortex_description' build argument 'catkin_skip_building_tests' from command line to 'False'
[2.315s] DEBUG:colcon.colcon_core.verb:Building package 'kortex_description' with the following arguments: {'ament_cmake_args': None, 'build_base': '/home/rama/Documents/code/Docker/moonshot_project/ros2_ws/build/kortex_description', 'catkin_cmake_args': None, 'catkin_skip_building_tests': False, 'cmake_args': ['-DROS_EDITION=ROS2', '-DHUMBLE_ROS=humble'], 'cmake_clean_cache': False, 'cmake_clean_first': False, 'cmake_force_configure': False, 'cmake_target': None, 'cmake_target_skip_unavailable': False, 'install_base': '/home/rama/Documents/code/Docker/moonshot_project/ros2_ws/install/kortex_description', 'merge_install': False, 'path': '/home/rama/Documents/code/Docker/moonshot_project/ros2_ws/src/ros2_kortex/kortex_description', 'symlink_install': False, 'test_result_base': None}
[2.315s] Level 5:colcon.colcon_core.verb:set package 'livox_ros_driver2' build argument 'cmake_args' from command line to '['-DROS_EDITION=ROS2', '-DHUMBLE_ROS=humble']'
[2.315s] Level 5:colcon.colcon_core.verb:set package 'livox_ros_driver2' build argument 'cmake_target' from command line to 'None'
[2.316s] Level 5:colcon.colcon_core.verb:set package 'livox_ros_driver2' build argument 'cmake_target_skip_unavailable' from command line to 'False'
[2.316s] Level 5:colcon.colcon_core.verb:set package 'livox_ros_driver2' build argument 'cmake_clean_cache' from command line to 'False'
[2.316s] Level 5:colcon.colcon_core.verb:set package 'livox_ros_driver2' build argument 'cmake_clean_first' from command line to 'False'
[2.316s] Level 5:colcon.colcon_core.verb:set package 'livox_ros_driver2' build argument 'cmake_force_configure' from command line to 'False'
[2.316s] Level 5:colcon.colcon_core.verb:set package 'livox_ros_driver2' build argument 'ament_cmake_args' from command line to 'None'
[2.316s] Level 5:colcon.colcon_core.verb:set package 'livox_ros_driver2' build argument 'catkin_cmake_args' from command line to 'None'
[2.316s] Level 5:colcon.colcon_core.verb:set package 'livox_ros_driver2' build argument 'catkin_skip_building_tests' from command line to 'False'
[2.316s] DEBUG:colcon.colcon_core.verb:Building package 'livox_ros_driver2' with the following arguments: {'ament_cmake_args': None, 'build_base': '/home/rama/Documents/code/Docker/moonshot_project/ros2_ws/build/livox_ros_driver2', 'catkin_cmake_args': None, 'catkin_skip_building_tests': False, 'cmake_args': ['-DROS_EDITION=ROS2', '-DHUMBLE_ROS=humble'], 'cmake_clean_cache': False, 'cmake_clean_first': False, 'cmake_force_configure': False, 'cmake_target': None, 'cmake_target_skip_unavailable': False, 'install_base': '/home/rama/Documents/code/Docker/moonshot_project/ros2_ws/install/livox_ros_driver2', 'merge_install': False, 'path': '/home/rama/Documents/code/Docker/moonshot_project/ros2_ws/src/livox_ros_driver2', 'symlink_install': False, 'test_result_base': None}
[2.316s] Level 5:colcon.colcon_core.verb:set package 'moving_table_interfaces' build argument 'cmake_args' from command line to '['-DROS_EDITION=ROS2', '-DHUMBLE_ROS=humble']'
[2.316s] Level 5:colcon.colcon_core.verb:set package 'moving_table_interfaces' build argument 'cmake_target' from command line to 'None'
[2.316s] Level 5:colcon.colcon_core.verb:set package 'moving_table_interfaces' build argument 'cmake_target_skip_unavailable' from command line to 'False'
[2.316s] Level 5:colcon.colcon_core.verb:set package 'moving_table_interfaces' build argument 'cmake_clean_cache' from command line to 'False'
[2.316s] Level 5:colcon.colcon_core.verb:set package 'moving_table_interfaces' build argument 'cmake_clean_first' from command line to 'False'
[2.316s] Level 5:colcon.colcon_core.verb:set package 'moving_table_interfaces' build argument 'cmake_force_configure' from command line to 'False'
[2.316s] Level 5:colcon.colcon_core.verb:set package 'moving_table_interfaces' build argument 'ament_cmake_args' from command line to 'None'
[2.316s] Level 5:colcon.colcon_core.verb:set package 'moving_table_interfaces' build argument 'catkin_cmake_args' from command line to 'None'
[2.316s] Level 5:colcon.colcon_core.verb:set package 'moving_table_interfaces' build argument 'catkin_skip_building_tests' from command line to 'False'
[2.316s] DEBUG:colcon.colcon_core.verb:Building package 'moving_table_interfaces' with the following arguments: {'ament_cmake_args': None, 'build_base': '/home/rama/Documents/code/Docker/moonshot_project/ros2_ws/build/moving_table_interfaces', 'catkin_cmake_args': None, 'catkin_skip_building_tests': False, 'cmake_args': ['-DROS_EDITION=ROS2', '-DHUMBLE_ROS=humble'], 'cmake_clean_cache': False, 'cmake_clean_first': False, 'cmake_force_configure': False, 'cmake_target': None, 'cmake_target_skip_unavailable': False, 'install_base': '/home/rama/Documents/code/Docker/moonshot_project/ros2_ws/install/moving_table_interfaces', 'merge_install': False, 'path': '/home/rama/Documents/code/Docker/moonshot_project/ros2_ws/src/moving_table_interfaces', 'symlink_install': False, 'test_result_base': None}
[2.316s] Level 5:colcon.colcon_core.verb:set package 'moving_table_pkg' build argument 'cmake_args' from command line to '['-DROS_EDITION=ROS2', '-DHUMBLE_ROS=humble']'
[2.316s] Level 5:colcon.colcon_core.verb:set package 'moving_table_pkg' build argument 'cmake_target' from command line to 'None'
[2.316s] Level 5:colcon.colcon_core.verb:set package 'moving_table_pkg' build argument 'cmake_target_skip_unavailable' from command line to 'False'
[2.316s] Level 5:colcon.colcon_core.verb:set package 'moving_table_pkg' build argument 'cmake_clean_cache' from command line to 'False'
[2.316s] Level 5:colcon.colcon_core.verb:set package 'moving_table_pkg' build argument 'cmake_clean_first' from command line to 'False'
[2.316s] Level 5:colcon.colcon_core.verb:set package 'moving_table_pkg' build argument 'cmake_force_configure' from command line to 'False'
[2.316s] Level 5:colcon.colcon_core.verb:set package 'moving_table_pkg' build argument 'ament_cmake_args' from command line to 'None'
[2.316s] Level 5:colcon.colcon_core.verb:set package 'moving_table_pkg' build argument 'catkin_cmake_args' from command line to 'None'
[2.316s] Level 5:colcon.colcon_core.verb:set package 'moving_table_pkg' build argument 'catkin_skip_building_tests' from command line to 'False'
[2.316s] DEBUG:colcon.colcon_core.verb:Building package 'moving_table_pkg' with the following arguments: {'ament_cmake_args': None, 'build_base': '/home/rama/Documents/code/Docker/moonshot_project/ros2_ws/build/moving_table_pkg', 'catkin_cmake_args': None, 'catkin_skip_building_tests': False, 'cmake_args': ['-DROS_EDITION=ROS2', '-DHUMBLE_ROS=humble'], 'cmake_clean_cache': False, 'cmake_clean_first': False, 'cmake_force_configure': False, 'cmake_target': None, 'cmake_target_skip_unavailable': False, 'install_base': '/home/rama/Documents/code/Docker/moonshot_project/ros2_ws/install/moving_table_pkg', 'merge_install': False, 'path': '/home/rama/Documents/code/Docker/moonshot_project/ros2_ws/src/moving_table_pkg', 'symlink_install': False, 'test_result_base': None}
[2.317s] Level 5:colcon.colcon_core.verb:set package 'kinova_gen3_6dof_robotiq_2f_85_moveit_config' build argument 'cmake_args' from command line to '['-DROS_EDITION=ROS2', '-DHUMBLE_ROS=humble']'
[2.317s] Level 5:colcon.colcon_core.verb:set package 'kinova_gen3_6dof_robotiq_2f_85_moveit_config' build argument 'cmake_target' from command line to 'None'
[2.317s] Level 5:colcon.colcon_core.verb:set package 'kinova_gen3_6dof_robotiq_2f_85_moveit_config' build argument 'cmake_target_skip_unavailable' from command line to 'False'
[2.317s] Level 5:colcon.colcon_core.verb:set package 'kinova_gen3_6dof_robotiq_2f_85_moveit_config' build argument 'cmake_clean_cache' from command line to 'False'
[2.317s] Level 5:colcon.colcon_core.verb:set package 'kinova_gen3_6dof_robotiq_2f_85_moveit_config' build argument 'cmake_clean_first' from command line to 'False'
[2.317s] Level 5:colcon.colcon_core.verb:set package 'kinova_gen3_6dof_robotiq_2f_85_moveit_config' build argument 'cmake_force_configure' from command line to 'False'
[2.317s] Level 5:colcon.colcon_core.verb:set package 'kinova_gen3_6dof_robotiq_2f_85_moveit_config' build argument 'ament_cmake_args' from command line to 'None'
[2.317s] Level 5:colcon.colcon_core.verb:set package 'kinova_gen3_6dof_robotiq_2f_85_moveit_config' build argument 'catkin_cmake_args' from command line to 'None'
[2.317s] Level 5:colcon.colcon_core.verb:set package 'kinova_gen3_6dof_robotiq_2f_85_moveit_config' build argument 'catkin_skip_building_tests' from command line to 'False'
[2.317s] DEBUG:colcon.colcon_core.verb:Building package 'kinova_gen3_6dof_robotiq_2f_85_moveit_config' with the following arguments: {'ament_cmake_args': None, 'build_base': '/home/rama/Documents/code/Docker/moonshot_project/ros2_ws/build/kinova_gen3_6dof_robotiq_2f_85_moveit_config', 'catkin_cmake_args': None, 'catkin_skip_building_tests': False, 'cmake_args': ['-DROS_EDITION=ROS2', '-DHUMBLE_ROS=humble'], 'cmake_clean_cache': False, 'cmake_clean_first': False, 'cmake_force_configure': False, 'cmake_target': None, 'cmake_target_skip_unavailable': False, 'install_base': '/home/rama/Documents/code/Docker/moonshot_project/ros2_ws/install/kinova_gen3_6dof_robotiq_2f_85_moveit_config', 'merge_install': False, 'path': '/home/rama/Documents/code/Docker/moonshot_project/ros2_ws/src/ros2_kortex/kortex_moveit_config/kinova_gen3_6dof_robotiq_2f_85_moveit_config', 'symlink_install': False, 'test_result_base': None}
[2.317s] Level 5:colcon.colcon_core.verb:set package 'kinova_gen3_7dof_robotiq_2f_85_moveit_config' build argument 'cmake_args' from command line to '['-DROS_EDITION=ROS2', '-DHUMBLE_ROS=humble']'
[2.317s] Level 5:colcon.colcon_core.verb:set package 'kinova_gen3_7dof_robotiq_2f_85_moveit_config' build argument 'cmake_target' from command line to 'None'
[2.317s] Level 5:colcon.colcon_core.verb:set package 'kinova_gen3_7dof_robotiq_2f_85_moveit_config' build argument 'cmake_target_skip_unavailable' from command line to 'False'
[2.317s] Level 5:colcon.colcon_core.verb:set package 'kinova_gen3_7dof_robotiq_2f_85_moveit_config' build argument 'cmake_clean_cache' from command line to 'False'
[2.317s] Level 5:colcon.colcon_core.verb:set package 'kinova_gen3_7dof_robotiq_2f_85_moveit_config' build argument 'cmake_clean_first' from command line to 'False'
[2.317s] Level 5:colcon.colcon_core.verb:set package 'kinova_gen3_7dof_robotiq_2f_85_moveit_config' build argument 'cmake_force_configure' from command line to 'False'
[2.317s] Level 5:colcon.colcon_core.verb:set package 'kinova_gen3_7dof_robotiq_2f_85_moveit_config' build argument 'ament_cmake_args' from command line to 'None'
[2.317s] Level 5:colcon.colcon_core.verb:set package 'kinova_gen3_7dof_robotiq_2f_85_moveit_config' build argument 'catkin_cmake_args' from command line to 'None'
[2.317s] Level 5:colcon.colcon_core.verb:set package 'kinova_gen3_7dof_robotiq_2f_85_moveit_config' build argument 'catkin_skip_building_tests' from command line to 'False'
[2.317s] DEBUG:colcon.colcon_core.verb:Building package 'kinova_gen3_7dof_robotiq_2f_85_moveit_config' with the following arguments: {'ament_cmake_args': None, 'build_base': '/home/rama/Documents/code/Docker/moonshot_project/ros2_ws/build/kinova_gen3_7dof_robotiq_2f_85_moveit_config', 'catkin_cmake_args': None, 'catkin_skip_building_tests': False, 'cmake_args': ['-DROS_EDITION=ROS2', '-DHUMBLE_ROS=humble'], 'cmake_clean_cache': False, 'cmake_clean_first': False, 'cmake_force_configure': False, 'cmake_target': None, 'cmake_target_skip_unavailable': False, 'install_base': '/home/rama/Documents/code/Docker/moonshot_project/ros2_ws/install/kinova_gen3_7dof_robotiq_2f_85_moveit_config', 'merge_install': False, 'path': '/home/rama/Documents/code/Docker/moonshot_project/ros2_ws/src/ros2_kortex/kortex_moveit_config/kinova_gen3_7dof_robotiq_2f_85_moveit_config', 'symlink_install': False, 'test_result_base': None}
[2.317s] Level 5:colcon.colcon_core.verb:set package 'kinova_gen3_lite_moveit_config' build argument 'cmake_args' from command line to '['-DROS_EDITION=ROS2', '-DHUMBLE_ROS=humble']'
[2.317s] Level 5:colcon.colcon_core.verb:set package 'kinova_gen3_lite_moveit_config' build argument 'cmake_target' from command line to 'None'
[2.318s] Level 5:colcon.colcon_core.verb:set package 'kinova_gen3_lite_moveit_config' build argument 'cmake_target_skip_unavailable' from command line to 'False'
[2.318s] Level 5:colcon.colcon_core.verb:set package 'kinova_gen3_lite_moveit_config' build argument 'cmake_clean_cache' from command line to 'False'
[2.318s] Level 5:colcon.colcon_core.verb:set package 'kinova_gen3_lite_moveit_config' build argument 'cmake_clean_first' from command line to 'False'
[2.318s] Level 5:colcon.colcon_core.verb:set package 'kinova_gen3_lite_moveit_config' build argument 'cmake_force_configure' from command line to 'False'
[2.318s] Level 5:colcon.colcon_core.verb:set package 'kinova_gen3_lite_moveit_config' build argument 'ament_cmake_args' from command line to 'None'
[2.318s] Level 5:colcon.colcon_core.verb:set package 'kinova_gen3_lite_moveit_config' build argument 'catkin_cmake_args' from command line to 'None'
[2.318s] Level 5:colcon.colcon_core.verb:set package 'kinova_gen3_lite_moveit_config' build argument 'catkin_skip_building_tests' from command line to 'False'
[2.318s] DEBUG:colcon.colcon_core.verb:Building package 'kinova_gen3_lite_moveit_config' with the following arguments: {'ament_cmake_args': None, 'build_base': '/home/rama/Documents/code/Docker/moonshot_project/ros2_ws/build/kinova_gen3_lite_moveit_config', 'catkin_cmake_args': None, 'catkin_skip_building_tests': False, 'cmake_args': ['-DROS_EDITION=ROS2', '-DHUMBLE_ROS=humble'], 'cmake_clean_cache': False, 'cmake_clean_first': False, 'cmake_force_configure': False, 'cmake_target': None, 'cmake_target_skip_unavailable': False, 'install_base': '/home/rama/Documents/code/Docker/moonshot_project/ros2_ws/install/kinova_gen3_lite_moveit_config', 'merge_install': False, 'path': '/home/rama/Documents/code/Docker/moonshot_project/ros2_ws/src/ros2_kortex/kortex_moveit_config/kinova_gen3_lite_moveit_config', 'symlink_install': False, 'test_result_base': None}
[2.318s] Level 5:colcon.colcon_core.verb:set package 'kortex_driver' build argument 'cmake_args' from command line to '['-DROS_EDITION=ROS2', '-DHUMBLE_ROS=humble']'
[2.318s] Level 5:colcon.colcon_core.verb:set package 'kortex_driver' build argument 'cmake_target' from command line to 'None'
[2.318s] Level 5:colcon.colcon_core.verb:set package 'kortex_driver' build argument 'cmake_target_skip_unavailable' from command line to 'False'
[2.318s] Level 5:colcon.colcon_core.verb:set package 'kortex_driver' build argument 'cmake_clean_cache' from command line to 'False'
[2.318s] Level 5:colcon.colcon_core.verb:set package 'kortex_driver' build argument 'cmake_clean_first' from command line to 'False'
[2.318s] Level 5:colcon.colcon_core.verb:set package 'kortex_driver' build argument 'cmake_force_configure' from command line to 'False'
[2.318s] Level 5:colcon.colcon_core.verb:set package 'kortex_driver' build argument 'ament_cmake_args' from command line to 'None'
[2.318s] Level 5:colcon.colcon_core.verb:set package 'kortex_driver' build argument 'catkin_cmake_args' from command line to 'None'
[2.318s] Level 5:colcon.colcon_core.verb:set package 'kortex_driver' build argument 'catkin_skip_building_tests' from command line to 'False'
[2.318s] DEBUG:colcon.colcon_core.verb:Building package 'kortex_driver' with the following arguments: {'ament_cmake_args': None, 'build_base': '/home/rama/Documents/code/Docker/moonshot_project/ros2_ws/build/kortex_driver', 'catkin_cmake_args': None, 'catkin_skip_building_tests': False, 'cmake_args': ['-DROS_EDITION=ROS2', '-DHUMBLE_ROS=humble'], 'cmake_clean_cache': False, 'cmake_clean_first': False, 'cmake_force_configure': False, 'cmake_target': None, 'cmake_target_skip_unavailable': False, 'install_base': '/home/rama/Documents/code/Docker/moonshot_project/ros2_ws/install/kortex_driver', 'merge_install': False, 'path': '/home/rama/Documents/code/Docker/moonshot_project/ros2_ws/src/ros2_kortex/kortex_driver', 'symlink_install': False, 'test_result_base': None}
[2.318s] Level 5:colcon.colcon_core.verb:set package 'kortex_bringup' build argument 'cmake_args' from command line to '['-DROS_EDITION=ROS2', '-DHUMBLE_ROS=humble']'
[2.318s] Level 5:colcon.colcon_core.verb:set package 'kortex_bringup' build argument 'cmake_target' from command line to 'None'
[2.318s] Level 5:colcon.colcon_core.verb:set package 'kortex_bringup' build argument 'cmake_target_skip_unavailable' from command line to 'False'
[2.318s] Level 5:colcon.colcon_core.verb:set package 'kortex_bringup' build argument 'cmake_clean_cache' from command line to 'False'
[2.318s] Level 5:colcon.colcon_core.verb:set package 'kortex_bringup' build argument 'cmake_clean_first' from command line to 'False'
[2.318s] Level 5:colcon.colcon_core.verb:set package 'kortex_bringup' build argument 'cmake_force_configure' from command line to 'False'
[2.318s] Level 5:colcon.colcon_core.verb:set package 'kortex_bringup' build argument 'ament_cmake_args' from command line to 'None'
[2.318s] Level 5:colcon.colcon_core.verb:set package 'kortex_bringup' build argument 'catkin_cmake_args' from command line to 'None'
[2.318s] Level 5:colcon.colcon_core.verb:set package 'kortex_bringup' build argument 'catkin_skip_building_tests' from command line to 'False'
[2.318s] DEBUG:colcon.colcon_core.verb:Building package 'kortex_bringup' with the following arguments: {'ament_cmake_args': None, 'build_base': '/home/rama/Documents/code/Docker/moonshot_project/ros2_ws/build/kortex_bringup', 'catkin_cmake_args': None, 'catkin_skip_building_tests': False, 'cmake_args': ['-DROS_EDITION=ROS2', '-DHUMBLE_ROS=humble'], 'cmake_clean_cache': False, 'cmake_clean_first': False, 'cmake_force_configure': False, 'cmake_target': None, 'cmake_target_skip_unavailable': False, 'install_base': '/home/rama/Documents/code/Docker/moonshot_project/ros2_ws/install/kortex_bringup', 'merge_install': False, 'path': '/home/rama/Documents/code/Docker/moonshot_project/ros2_ws/src/ros2_kortex/kortex_bringup', 'symlink_install': False, 'test_result_base': None}
[2.318s] INFO:colcon.colcon_core.executor:Executing jobs using 'parallel' executor
[2.319s] DEBUG:colcon.colcon_parallel_executor.executor.parallel:run_until_complete
[2.320s] INFO:colcon.colcon_ros.task.ament_cmake.build:Building ROS package in '/home/rama/Documents/code/Docker/moonshot_project/ros2_ws/src/ros2_kortex/kortex_description' with build type 'ament_cmake'
[2.320s] INFO:colcon.colcon_cmake.task.cmake.build:Building CMake package in '/home/rama/Documents/code/Docker/moonshot_project/ros2_ws/src/ros2_kortex/kortex_description'
[2.344s] INFO:colcon.colcon_core.plugin_system:Skipping extension 'colcon_core.shell.bat': Not used on non-Windows systems
[2.344s] INFO:colcon.colcon_core.shell:Skip shell extension 'powershell' for command environment: Not usable outside of PowerShell
[2.344s] DEBUG:colcon.colcon_core.shell:Skip shell extension 'dsv' for command environment
[2.347s] INFO:colcon.colcon_ros.task.ament_cmake.build:Building ROS package in '/home/rama/Documents/code/Docker/moonshot_project/ros2_ws/src/ros2_kortex/kortex_api' with build type 'ament_cmake'
[2.347s] INFO:colcon.colcon_cmake.task.cmake.build:Building CMake package in '/home/rama/Documents/code/Docker/moonshot_project/ros2_ws/src/ros2_kortex/kortex_api'
[2.347s] INFO:colcon.colcon_core.shell:Skip shell extension 'powershell' for command environment: Not usable outside of PowerShell
[2.347s] DEBUG:colcon.colcon_core.shell:Skip shell extension 'dsv' for command environment
[2.349s] INFO:colcon.colcon_ros.task.ament_cmake.build:Building ROS package in '/home/rama/Documents/code/Docker/moonshot_project/ros2_ws/src/livox_ros_driver2' with build type 'ament_cmake'
[2.349s] INFO:colcon.colcon_cmake.task.cmake.build:Building CMake package in '/home/rama/Documents/code/Docker/moonshot_project/ros2_ws/src/livox_ros_driver2'
[2.349s] INFO:colcon.colcon_core.shell:Skip shell extension 'powershell' for command environment: Not usable outside of PowerShell
[2.349s] DEBUG:colcon.colcon_core.shell:Skip shell extension 'dsv' for command environment
[2.351s] INFO:colcon.colcon_ros.task.ament_cmake.build:Building ROS package in '/home/rama/Documents/code/Docker/moonshot_project/ros2_ws/src/moving_table_interfaces' with build type 'ament_cmake'
[2.351s] INFO:colcon.colcon_cmake.task.cmake.build:Building CMake package in '/home/rama/Documents/code/Docker/moonshot_project/ros2_ws/src/moving_table_interfaces'
[2.351s] INFO:colcon.colcon_core.shell:Skip shell extension 'powershell' for command environment: Not usable outside of PowerShell
[2.351s] DEBUG:colcon.colcon_core.shell:Skip shell extension 'dsv' for command environment
[2.353s] INFO:colcon.colcon_ros.task.ament_python.build:Building ROS package in '/home/rama/Documents/code/Docker/moonshot_project/ros2_ws/src/moving_table_pkg' with build type 'ament_python'
[2.353s] Level 1:colcon.colcon_core.shell:create_environment_hook('moving_table_pkg', 'ament_prefix_path')
[2.353s] INFO:colcon.colcon_core.shell:Creating environment hook '/home/rama/Documents/code/Docker/moonshot_project/ros2_ws/install/moving_table_pkg/share/moving_table_pkg/hook/ament_prefix_path.ps1'
[2.354s] INFO:colcon.colcon_core.shell:Creating environment descriptor '/home/rama/Documents/code/Docker/moonshot_project/ros2_ws/install/moving_table_pkg/share/moving_table_pkg/hook/ament_prefix_path.dsv'
[2.354s] INFO:colcon.colcon_core.shell:Creating environment hook '/home/rama/Documents/code/Docker/moonshot_project/ros2_ws/install/moving_table_pkg/share/moving_table_pkg/hook/ament_prefix_path.sh'
[2.355s] INFO:colcon.colcon_core.shell:Skip shell extension 'powershell' for command environment: Not usable outside of PowerShell
[2.355s] DEBUG:colcon.colcon_core.shell:Skip shell extension 'dsv' for command environment
[2.359s] DEBUG:colcon.colcon_core.event_handler.log_command:Invoking command in '/home/rama/Documents/code/Docker/moonshot_project/ros2_ws/build/kortex_description': CMAKE_PREFIX_PATH=${CMAKE_PREFIX_PATH}:/home/rama/Documents/code/Docker/moonshot_project/ros2_ws/install/moving_table_pkg:/opt/ros/humble /usr/bin/cmake /home/rama/Documents/code/Docker/moonshot_project/ros2_ws/src/ros2_kortex/kortex_description -DROS_EDITION=ROS2 -DHUMBLE_ROS=humble -DCMAKE_INSTALL_PREFIX=/home/rama/Documents/code/Docker/moonshot_project/ros2_ws/install/kortex_description
[2.361s] DEBUG:colcon.colcon_core.event_handler.log_command:Invoking command in '/home/rama/Documents/code/Docker/moonshot_project/ros2_ws/build/kortex_api': CMAKE_PREFIX_PATH=${CMAKE_PREFIX_PATH}:/home/rama/Documents/code/Docker/moonshot_project/ros2_ws/install/moving_table_pkg:/opt/ros/humble /usr/bin/cmake /home/rama/Documents/code/Docker/moonshot_project/ros2_ws/src/ros2_kortex/kortex_api -DROS_EDITION=ROS2 -DHUMBLE_ROS=humble -DCMAKE_INSTALL_PREFIX=/home/rama/Documents/code/Docker/moonshot_project/ros2_ws/install/kortex_api
[2.362s] DEBUG:colcon.colcon_core.event_handler.log_command:Invoking command in '/home/rama/Documents/code/Docker/moonshot_project/ros2_ws/build/livox_ros_driver2': CMAKE_PREFIX_PATH=${CMAKE_PREFIX_PATH}:/home/rama/Documents/code/Docker/moonshot_project/ros2_ws/install/moving_table_pkg:/opt/ros/humble /usr/bin/cmake /home/rama/Documents/code/Docker/moonshot_project/ros2_ws/src/livox_ros_driver2 -DROS_EDITION=ROS2 -DHUMBLE_ROS=humble -DCMAKE_INSTALL_PREFIX=/home/rama/Documents/code/Docker/moonshot_project/ros2_ws/install/livox_ros_driver2
[2.364s] DEBUG:colcon.colcon_core.event_handler.log_command:Invoking command in '/home/rama/Documents/code/Docker/moonshot_project/ros2_ws/build/moving_table_interfaces': CMAKE_PREFIX_PATH=${CMAKE_PREFIX_PATH}:/home/rama/Documents/code/Docker/moonshot_project/ros2_ws/install/moving_table_pkg:/opt/ros/humble /usr/bin/cmake /home/rama/Documents/code/Docker/moonshot_project/ros2_ws/src/moving_table_interfaces -DROS_EDITION=ROS2 -DHUMBLE_ROS=humble -DCMAKE_INSTALL_PREFIX=/home/rama/Documents/code/Docker/moonshot_project/ros2_ws/install/moving_table_interfaces
[2.553s] INFO:colcon.colcon_core.task.python.build:Building Python package in '/home/rama/Documents/code/Docker/moonshot_project/ros2_ws/src/moving_table_pkg'
[2.553s] INFO:colcon.colcon_core.shell:Skip shell extension 'powershell' for command environment: Not usable outside of PowerShell
[2.553s] DEBUG:colcon.colcon_core.shell:Skip shell extension 'dsv' for command environment
[3.026s] DEBUG:colcon.colcon_core.event_handler.log_command:Invoked command in '/home/rama/Documents/code/Docker/moonshot_project/ros2_ws/build/kortex_description' returned '0': CMAKE_PREFIX_PATH=${CMAKE_PREFIX_PATH}:/home/rama/Documents/code/Docker/moonshot_project/ros2_ws/install/moving_table_pkg:/opt/ros/humble /usr/bin/cmake /home/rama/Documents/code/Docker/moonshot_project/ros2_ws/src/ros2_kortex/kortex_description -DROS_EDITION=ROS2 -DHUMBLE_ROS=humble -DCMAKE_INSTALL_PREFIX=/home/rama/Documents/code/Docker/moonshot_project/ros2_ws/install/kortex_description
[3.028s] DEBUG:colcon.colcon_core.event_handler.log_command:Invoking command in '/home/rama/Documents/code/Docker/moonshot_project/ros2_ws/build/kortex_description': CMAKE_PREFIX_PATH=${CMAKE_PREFIX_PATH}:/home/rama/Documents/code/Docker/moonshot_project/ros2_ws/install/moving_table_pkg:/opt/ros/humble /usr/bin/cmake --build /home/rama/Documents/code/Docker/moonshot_project/ros2_ws/build/kortex_description -- -j16 -l16
[3.066s] DEBUG:colcon.colcon_core.event_handler.log_command:Invoked command in '/home/rama/Documents/code/Docker/moonshot_project/ros2_ws/build/kortex_description' returned '0': CMAKE_PREFIX_PATH=${CMAKE_PREFIX_PATH}:/home/rama/Documents/code/Docker/moonshot_project/ros2_ws/install/moving_table_pkg:/opt/ros/humble /usr/bin/cmake --build /home/rama/Documents/code/Docker/moonshot_project/ros2_ws/build/kortex_description -- -j16 -l16
[3.076s] DEBUG:colcon.colcon_core.event_handler.log_command:Invoking command in '/home/rama/Documents/code/Docker/moonshot_project/ros2_ws/build/kortex_description': CMAKE_PREFIX_PATH=${CMAKE_PREFIX_PATH}:/home/rama/Documents/code/Docker/moonshot_project/ros2_ws/install/moving_table_pkg:/opt/ros/humble /usr/bin/cmake --install /home/rama/Documents/code/Docker/moonshot_project/ros2_ws/build/kortex_description
[3.086s] DEBUG:colcon.colcon_core.event_handler.log_command:Invoking command in '/home/rama/Documents/code/Docker/moonshot_project/ros2_ws/src/moving_table_pkg': PYTHONPATH=/home/rama/Documents/code/Docker/moonshot_project/ros2_ws/build/moving_table_pkg/prefix_override:/usr/lib/python3/dist-packages/colcon_core/task/python/colcon_distutils_commands:/home/rama/Documents/code/Docker/moonshot_project/ros2_ws/install/moving_table_pkg/lib/python3.10/site-packages:${PYTHONPATH} /usr/bin/python3 -W ignore:setup.py install is deprecated -W ignore:easy_install command is deprecated setup.py egg_info --egg-base ../../build/moving_table_pkg build --build-base /home/rama/Documents/code/Docker/moonshot_project/ros2_ws/build/moving_table_pkg/build install --record /home/rama/Documents/code/Docker/moonshot_project/ros2_ws/build/moving_table_pkg/install.log --single-version-externally-managed install_data
[3.113s] Level 1:colcon.colcon_core.environment:create_environment_scripts_only(kortex_description)
[3.113s] DEBUG:colcon.colcon_core.event_handler.log_command:Invoked command in '/home/rama/Documents/code/Docker/moonshot_project/ros2_ws/build/kortex_description' returned '0': CMAKE_PREFIX_PATH=${CMAKE_PREFIX_PATH}:/home/rama/Documents/code/Docker/moonshot_project/ros2_ws/install/moving_table_pkg:/opt/ros/humble /usr/bin/cmake --install /home/rama/Documents/code/Docker/moonshot_project/ros2_ws/build/kortex_description
[3.149s] Level 1:colcon.colcon_core.environment:checking '/home/rama/Documents/code/Docker/moonshot_project/ros2_ws/install/kortex_description' for CMake module files
[3.150s] Level 1:colcon.colcon_core.environment:checking '/home/rama/Documents/code/Docker/moonshot_project/ros2_ws/install/kortex_description' for CMake config files
[3.150s] Level 1:colcon.colcon_core.shell:create_environment_hook('kortex_description', 'cmake_prefix_path')
[3.150s] INFO:colcon.colcon_core.shell:Creating environment hook '/home/rama/Documents/code/Docker/moonshot_project/ros2_ws/install/kortex_description/share/kortex_description/hook/cmake_prefix_path.ps1'
[3.151s] INFO:colcon.colcon_core.shell:Creating environment descriptor '/home/rama/Documents/code/Docker/moonshot_project/ros2_ws/install/kortex_description/share/kortex_description/hook/cmake_prefix_path.dsv'
[3.151s] INFO:colcon.colcon_core.shell:Creating environment hook '/home/rama/Documents/code/Docker/moonshot_project/ros2_ws/install/kortex_description/share/kortex_description/hook/cmake_prefix_path.sh'
[3.151s] Level 1:colcon.colcon_core.environment:checking '/home/rama/Documents/code/Docker/moonshot_project/ros2_ws/install/kortex_description/bin'
[3.151s] Level 1:colcon.colcon_core.environment:checking '/home/rama/Documents/code/Docker/moonshot_project/ros2_ws/install/kortex_description/lib/pkgconfig/kortex_description.pc'
[3.151s] Level 1:colcon.colcon_core.environment:checking '/home/rama/Documents/code/Docker/moonshot_project/ros2_ws/install/kortex_description/lib/python3.10/site-packages'
[3.152s] Level 1:colcon.colcon_core.environment:checking '/home/rama/Documents/code/Docker/moonshot_project/ros2_ws/install/kortex_description/bin'
[3.152s] INFO:colcon.colcon_core.shell:Creating package script '/home/rama/Documents/code/Docker/moonshot_project/ros2_ws/install/kortex_description/share/kortex_description/package.ps1'
[3.153s] INFO:colcon.colcon_core.shell:Creating package descriptor '/home/rama/Documents/code/Docker/moonshot_project/ros2_ws/install/kortex_description/share/kortex_description/package.dsv'
[3.153s] INFO:colcon.colcon_core.shell:Creating package script '/home/rama/Documents/code/Docker/moonshot_project/ros2_ws/install/kortex_description/share/kortex_description/package.sh'
[3.153s] INFO:colcon.colcon_core.shell:Creating package script '/home/rama/Documents/code/Docker/moonshot_project/ros2_ws/install/kortex_description/share/kortex_description/package.bash'
[3.154s] INFO:colcon.colcon_core.shell:Creating package script '/home/rama/Documents/code/Docker/moonshot_project/ros2_ws/install/kortex_description/share/kortex_description/package.zsh'
[3.154s] Level 1:colcon.colcon_core.environment:create_file_with_runtime_dependencies(/home/rama/Documents/code/Docker/moonshot_project/ros2_ws/install/kortex_description/share/colcon-core/packages/kortex_description)
[3.155s] Level 1:colcon.colcon_core.environment:create_environment_scripts_only(kortex_description)
[3.155s] Level 1:colcon.colcon_core.environment:checking '/home/rama/Documents/code/Docker/moonshot_project/ros2_ws/install/kortex_description' for CMake module files
[3.155s] Level 1:colcon.colcon_core.environment:checking '/home/rama/Documents/code/Docker/moonshot_project/ros2_ws/install/kortex_description' for CMake config files
[3.155s] Level 1:colcon.colcon_core.shell:create_environment_hook('kortex_description', 'cmake_prefix_path')
[3.155s] INFO:colcon.colcon_core.shell:Creating environment hook '/home/rama/Documents/code/Docker/moonshot_project/ros2_ws/install/kortex_description/share/kortex_description/hook/cmake_prefix_path.ps1'
[3.156s] INFO:colcon.colcon_core.shell:Creating environment descriptor '/home/rama/Documents/code/Docker/moonshot_project/ros2_ws/install/kortex_description/share/kortex_description/hook/cmake_prefix_path.dsv'
[3.156s] INFO:colcon.colcon_core.shell:Creating environment hook '/home/rama/Documents/code/Docker/moonshot_project/ros2_ws/install/kortex_description/share/kortex_description/hook/cmake_prefix_path.sh'
[3.156s] Level 1:colcon.colcon_core.environment:checking '/home/rama/Documents/code/Docker/moonshot_project/ros2_ws/install/kortex_description/bin'
[3.156s] Level 1:colcon.colcon_core.environment:checking '/home/rama/Documents/code/Docker/moonshot_project/ros2_ws/install/kortex_description/lib/pkgconfig/kortex_description.pc'
[3.156s] Level 1:colcon.colcon_core.environment:checking '/home/rama/Documents/code/Docker/moonshot_project/ros2_ws/install/kortex_description/lib/python3.10/site-packages'
[3.157s] Level 1:colcon.colcon_core.environment:checking '/home/rama/Documents/code/Docker/moonshot_project/ros2_ws/install/kortex_description/bin'
[3.157s] INFO:colcon.colcon_core.shell:Creating package script '/home/rama/Documents/code/Docker/moonshot_project/ros2_ws/install/kortex_description/share/kortex_description/package.ps1'
[3.157s] INFO:colcon.colcon_core.shell:Creating package descriptor '/home/rama/Documents/code/Docker/moonshot_project/ros2_ws/install/kortex_description/share/kortex_description/package.dsv'
[3.158s] INFO:colcon.colcon_core.shell:Creating package script '/home/rama/Documents/code/Docker/moonshot_project/ros2_ws/install/kortex_description/share/kortex_description/package.sh'
[3.158s] INFO:colcon.colcon_core.shell:Creating package script '/home/rama/Documents/code/Docker/moonshot_project/ros2_ws/install/kortex_description/share/kortex_description/package.bash'
[3.158s] INFO:colcon.colcon_core.shell:Creating package script '/home/rama/Documents/code/Docker/moonshot_project/ros2_ws/install/kortex_description/share/kortex_description/package.zsh'
[3.158s] Level 1:colcon.colcon_core.environment:create_file_with_runtime_dependencies(/home/rama/Documents/code/Docker/moonshot_project/ros2_ws/install/kortex_description/share/colcon-core/packages/kortex_description)
[3.158s] INFO:colcon.colcon_ros.task.ament_cmake.build:Building ROS package in '/home/rama/Documents/code/Docker/moonshot_project/ros2_ws/src/ros2_kortex/kortex_moveit_config/kinova_gen3_6dof_robotiq_2f_85_moveit_config' with build type 'ament_cmake'
[3.159s] INFO:colcon.colcon_cmake.task.cmake.build:Building CMake package in '/home/rama/Documents/code/Docker/moonshot_project/ros2_ws/src/ros2_kortex/kortex_moveit_config/kinova_gen3_6dof_robotiq_2f_85_moveit_config'
[3.159s] INFO:colcon.colcon_core.shell:Skip shell extension 'powershell' for command environment: Not usable outside of PowerShell
[3.159s] DEBUG:colcon.colcon_core.shell:Skip shell extension 'dsv' for command environment
[3.161s] INFO:colcon.colcon_ros.task.ament_cmake.build:Building ROS package in '/home/rama/Documents/code/Docker/moonshot_project/ros2_ws/src/ros2_kortex/kortex_moveit_config/kinova_gen3_7dof_robotiq_2f_85_moveit_config' with build type 'ament_cmake'
[3.161s] INFO:colcon.colcon_cmake.task.cmake.build:Building CMake package in '/home/rama/Documents/code/Docker/moonshot_project/ros2_ws/src/ros2_kortex/kortex_moveit_config/kinova_gen3_7dof_robotiq_2f_85_moveit_config'
[3.161s] INFO:colcon.colcon_core.shell:Skip shell extension 'powershell' for command environment: Not usable outside of PowerShell
[3.161s] DEBUG:colcon.colcon_core.shell:Skip shell extension 'dsv' for command environment
[3.164s] INFO:colcon.colcon_ros.task.ament_cmake.build:Building ROS package in '/home/rama/Documents/code/Docker/moonshot_project/ros2_ws/src/ros2_kortex/kortex_moveit_config/kinova_gen3_lite_moveit_config' with build type 'ament_cmake'
[3.164s] INFO:colcon.colcon_cmake.task.cmake.build:Building CMake package in '/home/rama/Documents/code/Docker/moonshot_project/ros2_ws/src/ros2_kortex/kortex_moveit_config/kinova_gen3_lite_moveit_config'
[3.164s] INFO:colcon.colcon_core.shell:Skip shell extension 'powershell' for command environment: Not usable outside of PowerShell
[3.164s] DEBUG:colcon.colcon_core.shell:Skip shell extension 'dsv' for command environment
[3.168s] DEBUG:colcon.colcon_core.event_handler.log_command:Invoking command in '/home/rama/Documents/code/Docker/moonshot_project/ros2_ws/build/kinova_gen3_6dof_robotiq_2f_85_moveit_config': CMAKE_PREFIX_PATH=/home/rama/Documents/code/Docker/moonshot_project/ros2_ws/install/kortex_description:/home/rama/Documents/code/Docker/moonshot_project/ros2_ws/install/moving_table_interfaces:/home/rama/Documents/code/Docker/moonshot_project/ros2_ws/install/livox_ros_driver2:/home/rama/Documents/code/Docker/moonshot_project/ros2_ws/install/kortex_bringup:/home/rama/Documents/code/Docker/moonshot_project/ros2_ws/install/kortex_driver:/home/rama/Documents/code/Docker/moonshot_project/ros2_ws/install/kinova_gen3_lite_moveit_config:/home/rama/Documents/code/Docker/moonshot_project/ros2_ws/install/kinova_gen3_7dof_robotiq_2f_85_moveit_config:/home/rama/Documents/code/Docker/moonshot_project/ros2_ws/install/kinova_gen3_6dof_robotiq_2f_85_moveit_config:/home/rama/Documents/code/Docker/moonshot_project/ros2_ws/install/kortex_api:/opt/openrobots:/opt/openrobots:/home/rama/Documents/code/Docker/moonshot_project/ros2_ws/install/moving_table_pkg:/opt/ros/humble /usr/bin/cmake /home/rama/Documents/code/Docker/moonshot_project/ros2_ws/src/ros2_kortex/kortex_moveit_config/kinova_gen3_6dof_robotiq_2f_85_moveit_config -DROS_EDITION=ROS2 -DHUMBLE_ROS=humble -DCMAKE_INSTALL_PREFIX=/home/rama/Documents/code/Docker/moonshot_project/ros2_ws/install/kinova_gen3_6dof_robotiq_2f_85_moveit_config
[3.170s] DEBUG:colcon.colcon_core.event_handler.log_command:Invoking command in '/home/rama/Documents/code/Docker/moonshot_project/ros2_ws/build/kinova_gen3_7dof_robotiq_2f_85_moveit_config': CMAKE_PREFIX_PATH=/home/rama/Documents/code/Docker/moonshot_project/ros2_ws/install/kortex_description:/home/rama/Documents/code/Docker/moonshot_project/ros2_ws/install/moving_table_interfaces:/home/rama/Documents/code/Docker/moonshot_project/ros2_ws/install/livox_ros_driver2:/home/rama/Documents/code/Docker/moonshot_project/ros2_ws/install/kortex_bringup:/home/rama/Documents/code/Docker/moonshot_project/ros2_ws/install/kortex_driver:/home/rama/Documents/code/Docker/moonshot_project/ros2_ws/install/kinova_gen3_lite_moveit_config:/home/rama/Documents/code/Docker/moonshot_project/ros2_ws/install/kinova_gen3_7dof_robotiq_2f_85_moveit_config:/home/rama/Documents/code/Docker/moonshot_project/ros2_ws/install/kinova_gen3_6dof_robotiq_2f_85_moveit_config:/home/rama/Documents/code/Docker/moonshot_project/ros2_ws/install/kortex_api:/opt/openrobots:/opt/openrobots:/home/rama/Documents/code/Docker/moonshot_project/ros2_ws/install/moving_table_pkg:/opt/ros/humble /usr/bin/cmake /home/rama/Documents/code/Docker/moonshot_project/ros2_ws/src/ros2_kortex/kortex_moveit_config/kinova_gen3_7dof_robotiq_2f_85_moveit_config -DROS_EDITION=ROS2 -DHUMBLE_ROS=humble -DCMAKE_INSTALL_PREFIX=/home/rama/Documents/code/Docker/moonshot_project/ros2_ws/install/kinova_gen3_7dof_robotiq_2f_85_moveit_config
[3.172s] DEBUG:colcon.colcon_core.event_handler.log_command:Invoking command in '/home/rama/Documents/code/Docker/moonshot_project/ros2_ws/build/kinova_gen3_lite_moveit_config': CMAKE_PREFIX_PATH=/home/rama/Documents/code/Docker/moonshot_project/ros2_ws/install/kortex_description:/home/rama/Documents/code/Docker/moonshot_project/ros2_ws/install/moving_table_interfaces:/home/rama/Documents/code/Docker/moonshot_project/ros2_ws/install/livox_ros_driver2:/home/rama/Documents/code/Docker/moonshot_project/ros2_ws/install/kortex_bringup:/home/rama/Documents/code/Docker/moonshot_project/ros2_ws/install/kortex_driver:/home/rama/Documents/code/Docker/moonshot_project/ros2_ws/install/kinova_gen3_lite_moveit_config:/home/rama/Documents/code/Docker/moonshot_project/ros2_ws/install/kinova_gen3_7dof_robotiq_2f_85_moveit_config:/home/rama/Documents/code/Docker/moonshot_project/ros2_ws/install/kinova_gen3_6dof_robotiq_2f_85_moveit_config:/home/rama/Documents/code/Docker/moonshot_project/ros2_ws/install/kortex_api:/opt/openrobots:/opt/openrobots:/home/rama/Documents/code/Docker/moonshot_project/ros2_ws/install/moving_table_pkg:/opt/ros/humble /usr/bin/cmake /home/rama/Documents/code/Docker/moonshot_project/ros2_ws/src/ros2_kortex/kortex_moveit_config/kinova_gen3_lite_moveit_config -DROS_EDITION=ROS2 -DHUMBLE_ROS=humble -DCMAKE_INSTALL_PREFIX=/home/rama/Documents/code/Docker/moonshot_project/ros2_ws/install/kinova_gen3_lite_moveit_config
[3.299s] Level 1:colcon.colcon_core.environment:checking '/home/rama/Documents/code/Docker/moonshot_project/ros2_ws/install/moving_table_pkg' for CMake module files
[3.300s] DEBUG:colcon.colcon_core.event_handler.log_command:Invoked command in '/home/rama/Documents/code/Docker/moonshot_project/ros2_ws/src/moving_table_pkg' returned '0': PYTHONPATH=/home/rama/Documents/code/Docker/moonshot_project/ros2_ws/build/moving_table_pkg/prefix_override:/usr/lib/python3/dist-packages/colcon_core/task/python/colcon_distutils_commands:/home/rama/Documents/code/Docker/moonshot_project/ros2_ws/install/moving_table_pkg/lib/python3.10/site-packages:${PYTHONPATH} /usr/bin/python3 -W ignore:setup.py install is deprecated -W ignore:easy_install command is deprecated setup.py egg_info --egg-base ../../build/moving_table_pkg build --build-base /home/rama/Documents/code/Docker/moonshot_project/ros2_ws/build/moving_table_pkg/build install --record /home/rama/Documents/code/Docker/moonshot_project/ros2_ws/build/moving_table_pkg/install.log --single-version-externally-managed install_data
[3.300s] Level 1:colcon.colcon_core.environment:checking '/home/rama/Documents/code/Docker/moonshot_project/ros2_ws/install/moving_table_pkg' for CMake config files
[3.300s] Level 1:colcon.colcon_core.environment:checking '/home/rama/Documents/code/Docker/moonshot_project/ros2_ws/install/moving_table_pkg/lib'
[3.300s] Level 1:colcon.colcon_core.environment:checking '/home/rama/Documents/code/Docker/moonshot_project/ros2_ws/install/moving_table_pkg/bin'
[3.301s] Level 1:colcon.colcon_core.environment:checking '/home/rama/Documents/code/Docker/moonshot_project/ros2_ws/install/moving_table_pkg/lib/pkgconfig/moving_table_pkg.pc'
[3.301s] Level 1:colcon.colcon_core.environment:checking '/home/rama/Documents/code/Docker/moonshot_project/ros2_ws/install/moving_table_pkg/lib/python3.10/site-packages'
[3.301s] Level 1:colcon.colcon_core.shell:create_environment_hook('moving_table_pkg', 'pythonpath')
[3.301s] INFO:colcon.colcon_core.shell:Creating environment hook '/home/rama/Documents/code/Docker/moonshot_project/ros2_ws/install/moving_table_pkg/share/moving_table_pkg/hook/pythonpath.ps1'
[3.301s] INFO:colcon.colcon_core.shell:Creating environment descriptor '/home/rama/Documents/code/Docker/moonshot_project/ros2_ws/install/moving_table_pkg/share/moving_table_pkg/hook/pythonpath.dsv'
[3.302s] INFO:colcon.colcon_core.shell:Creating environment hook '/home/rama/Documents/code/Docker/moonshot_project/ros2_ws/install/moving_table_pkg/share/moving_table_pkg/hook/pythonpath.sh'
[3.302s] Level 1:colcon.colcon_core.environment:checking '/home/rama/Documents/code/Docker/moonshot_project/ros2_ws/install/moving_table_pkg/bin'
[3.302s] Level 1:colcon.colcon_core.environment:create_environment_scripts_only(moving_table_pkg)
[3.302s] INFO:colcon.colcon_core.shell:Creating package script '/home/rama/Documents/code/Docker/moonshot_project/ros2_ws/install/moving_table_pkg/share/moving_table_pkg/package.ps1'
[3.303s] INFO:colcon.colcon_core.shell:Creating package descriptor '/home/rama/Documents/code/Docker/moonshot_project/ros2_ws/install/moving_table_pkg/share/moving_table_pkg/package.dsv'
[3.304s] INFO:colcon.colcon_core.shell:Creating package script '/home/rama/Documents/code/Docker/moonshot_project/ros2_ws/install/moving_table_pkg/share/moving_table_pkg/package.sh'
[3.304s] INFO:colcon.colcon_core.shell:Creating package script '/home/rama/Documents/code/Docker/moonshot_project/ros2_ws/install/moving_table_pkg/share/moving_table_pkg/package.bash'
[3.304s] INFO:colcon.colcon_core.shell:Creating package script '/home/rama/Documents/code/Docker/moonshot_project/ros2_ws/install/moving_table_pkg/share/moving_table_pkg/package.zsh'
[3.304s] Level 1:colcon.colcon_core.environment:create_file_with_runtime_dependencies(/home/rama/Documents/code/Docker/moonshot_project/ros2_ws/install/moving_table_pkg/share/colcon-core/packages/moving_table_pkg)
[3.595s] DEBUG:colcon.colcon_core.event_handler.log_command:Invoked command in '/home/rama/Documents/code/Docker/moonshot_project/ros2_ws/build/kinova_gen3_6dof_robotiq_2f_85_moveit_config' returned '0': CMAKE_PREFIX_PATH=/home/rama/Documents/code/Docker/moonshot_project/ros2_ws/install/kortex_description:/home/rama/Documents/code/Docker/moonshot_project/ros2_ws/install/moving_table_interfaces:/home/rama/Documents/code/Docker/moonshot_project/ros2_ws/install/livox_ros_driver2:/home/rama/Documents/code/Docker/moonshot_project/ros2_ws/install/kortex_bringup:/home/rama/Documents/code/Docker/moonshot_project/ros2_ws/install/kortex_driver:/home/rama/Documents/code/Docker/moonshot_project/ros2_ws/install/kinova_gen3_lite_moveit_config:/home/rama/Documents/code/Docker/moonshot_project/ros2_ws/install/kinova_gen3_7dof_robotiq_2f_85_moveit_config:/home/rama/Documents/code/Docker/moonshot_project/ros2_ws/install/kinova_gen3_6dof_robotiq_2f_85_moveit_config:/home/rama/Documents/code/Docker/moonshot_project/ros2_ws/install/kortex_api:/opt/openrobots:/opt/openrobots:/home/rama/Documents/code/Docker/moonshot_project/ros2_ws/install/moving_table_pkg:/opt/ros/humble /usr/bin/cmake /home/rama/Documents/code/Docker/moonshot_project/ros2_ws/src/ros2_kortex/kortex_moveit_config/kinova_gen3_6dof_robotiq_2f_85_moveit_config -DROS_EDITION=ROS2 -DHUMBLE_ROS=humble -DCMAKE_INSTALL_PREFIX=/home/rama/Documents/code/Docker/moonshot_project/ros2_ws/install/kinova_gen3_6dof_robotiq_2f_85_moveit_config
[3.596s] DEBUG:colcon.colcon_core.event_handler.log_command:Invoking command in '/home/rama/Documents/code/Docker/moonshot_project/ros2_ws/build/kinova_gen3_6dof_robotiq_2f_85_moveit_config': CMAKE_PREFIX_PATH=/home/rama/Documents/code/Docker/moonshot_project/ros2_ws/install/kortex_description:/home/rama/Documents/code/Docker/moonshot_project/ros2_ws/install/moving_table_interfaces:/home/rama/Documents/code/Docker/moonshot_project/ros2_ws/install/livox_ros_driver2:/home/rama/Documents/code/Docker/moonshot_project/ros2_ws/install/kortex_bringup:/home/rama/Documents/code/Docker/moonshot_project/ros2_ws/install/kortex_driver:/home/rama/Documents/code/Docker/moonshot_project/ros2_ws/install/kinova_gen3_lite_moveit_config:/home/rama/Documents/code/Docker/moonshot_project/ros2_ws/install/kinova_gen3_7dof_robotiq_2f_85_moveit_config:/home/rama/Documents/code/Docker/moonshot_project/ros2_ws/install/kinova_gen3_6dof_robotiq_2f_85_moveit_config:/home/rama/Documents/code/Docker/moonshot_project/ros2_ws/install/kortex_api:/opt/openrobots:/opt/openrobots:/home/rama/Documents/code/Docker/moonshot_project/ros2_ws/install/moving_table_pkg:/opt/ros/humble /usr/bin/cmake --build /home/rama/Documents/code/Docker/moonshot_project/ros2_ws/build/kinova_gen3_6dof_robotiq_2f_85_moveit_config -- -j16 -l16
[3.597s] DEBUG:colcon.colcon_core.event_handler.log_command:Invoked command in '/home/rama/Documents/code/Docker/moonshot_project/ros2_ws/build/kinova_gen3_lite_moveit_config' returned '0': CMAKE_PREFIX_PATH=/home/rama/Documents/code/Docker/moonshot_project/ros2_ws/install/kortex_description:/home/rama/Documents/code/Docker/moonshot_project/ros2_ws/install/moving_table_interfaces:/home/rama/Documents/code/Docker/moonshot_project/ros2_ws/install/livox_ros_driver2:/home/rama/Documents/code/Docker/moonshot_project/ros2_ws/install/kortex_bringup:/home/rama/Documents/code/Docker/moonshot_project/ros2_ws/install/kortex_driver:/home/rama/Documents/code/Docker/moonshot_project/ros2_ws/install/kinova_gen3_lite_moveit_config:/home/rama/Documents/code/Docker/moonshot_project/ros2_ws/install/kinova_gen3_7dof_robotiq_2f_85_moveit_config:/home/rama/Documents/code/Docker/moonshot_project/ros2_ws/install/kinova_gen3_6dof_robotiq_2f_85_moveit_config:/home/rama/Documents/code/Docker/moonshot_project/ros2_ws/install/kortex_api:/opt/openrobots:/opt/openrobots:/home/rama/Documents/code/Docker/moonshot_project/ros2_ws/install/moving_table_pkg:/opt/ros/humble /usr/bin/cmake /home/rama/Documents/code/Docker/moonshot_project/ros2_ws/src/ros2_kortex/kortex_moveit_config/kinova_gen3_lite_moveit_config -DROS_EDITION=ROS2 -DHUMBLE_ROS=humble -DCMAKE_INSTALL_PREFIX=/home/rama/Documents/code/Docker/moonshot_project/ros2_ws/install/kinova_gen3_lite_moveit_config
[3.598s] DEBUG:colcon.colcon_core.event_handler.log_command:Invoking command in '/home/rama/Documents/code/Docker/moonshot_project/ros2_ws/build/kinova_gen3_lite_moveit_config': CMAKE_PREFIX_PATH=/home/rama/Documents/code/Docker/moonshot_project/ros2_ws/install/kortex_description:/home/rama/Documents/code/Docker/moonshot_project/ros2_ws/install/moving_table_interfaces:/home/rama/Documents/code/Docker/moonshot_project/ros2_ws/install/livox_ros_driver2:/home/rama/Documents/code/Docker/moonshot_project/ros2_ws/install/kortex_bringup:/home/rama/Documents/code/Docker/moonshot_project/ros2_ws/install/kortex_driver:/home/rama/Documents/code/Docker/moonshot_project/ros2_ws/install/kinova_gen3_lite_moveit_config:/home/rama/Documents/code/Docker/moonshot_project/ros2_ws/install/kinova_gen3_7dof_robotiq_2f_85_moveit_config:/home/rama/Documents/code/Docker/moonshot_project/ros2_ws/install/kinova_gen3_6dof_robotiq_2f_85_moveit_config:/home/rama/Documents/code/Docker/moonshot_project/ros2_ws/install/kortex_api:/opt/openrobots:/opt/openrobots:/home/rama/Documents/code/Docker/moonshot_project/ros2_ws/install/moving_table_pkg:/opt/ros/humble /usr/bin/cmake --build /home/rama/Documents/code/Docker/moonshot_project/ros2_ws/build/kinova_gen3_lite_moveit_config -- -j16 -l16
[3.606s] DEBUG:colcon.colcon_core.event_handler.log_command:Invoked command in '/home/rama/Documents/code/Docker/moonshot_project/ros2_ws/build/kinova_gen3_7dof_robotiq_2f_85_moveit_config' returned '0': CMAKE_PREFIX_PATH=/home/rama/Documents/code/Docker/moonshot_project/ros2_ws/install/kortex_description:/home/rama/Documents/code/Docker/moonshot_project/ros2_ws/install/moving_table_interfaces:/home/rama/Documents/code/Docker/moonshot_project/ros2_ws/install/livox_ros_driver2:/home/rama/Documents/code/Docker/moonshot_project/ros2_ws/install/kortex_bringup:/home/rama/Documents/code/Docker/moonshot_project/ros2_ws/install/kortex_driver:/home/rama/Documents/code/Docker/moonshot_project/ros2_ws/install/kinova_gen3_lite_moveit_config:/home/rama/Documents/code/Docker/moonshot_project/ros2_ws/install/kinova_gen3_7dof_robotiq_2f_85_moveit_config:/home/rama/Documents/code/Docker/moonshot_project/ros2_ws/install/kinova_gen3_6dof_robotiq_2f_85_moveit_config:/home/rama/Documents/code/Docker/moonshot_project/ros2_ws/install/kortex_api:/opt/openrobots:/opt/openrobots:/home/rama/Documents/code/Docker/moonshot_project/ros2_ws/install/moving_table_pkg:/opt/ros/humble /usr/bin/cmake /home/rama/Documents/code/Docker/moonshot_project/ros2_ws/src/ros2_kortex/kortex_moveit_config/kinova_gen3_7dof_robotiq_2f_85_moveit_config -DROS_EDITION=ROS2 -DHUMBLE_ROS=humble -DCMAKE_INSTALL_PREFIX=/home/rama/Documents/code/Docker/moonshot_project/ros2_ws/install/kinova_gen3_7dof_robotiq_2f_85_moveit_config
[3.607s] DEBUG:colcon.colcon_core.event_handler.log_command:Invoking command in '/home/rama/Documents/code/Docker/moonshot_project/ros2_ws/build/kinova_gen3_7dof_robotiq_2f_85_moveit_config': CMAKE_PREFIX_PATH=/home/rama/Documents/code/Docker/moonshot_project/ros2_ws/install/kortex_description:/home/rama/Documents/code/Docker/moonshot_project/ros2_ws/install/moving_table_interfaces:/home/rama/Documents/code/Docker/moonshot_project/ros2_ws/install/livox_ros_driver2:/home/rama/Documents/code/Docker/moonshot_project/ros2_ws/install/kortex_bringup:/home/rama/Documents/code/Docker/moonshot_project/ros2_ws/install/kortex_driver:/home/rama/Documents/code/Docker/moonshot_project/ros2_ws/install/kinova_gen3_lite_moveit_config:/home/rama/Documents/code/Docker/moonshot_project/ros2_ws/install/kinova_gen3_7dof_robotiq_2f_85_moveit_config:/home/rama/Documents/code/Docker/moonshot_project/ros2_ws/install/kinova_gen3_6dof_robotiq_2f_85_moveit_config:/home/rama/Documents/code/Docker/moonshot_project/ros2_ws/install/kortex_api:/opt/openrobots:/opt/openrobots:/home/rama/Documents/code/Docker/moonshot_project/ros2_ws/install/moving_table_pkg:/opt/ros/humble /usr/bin/cmake --build /home/rama/Documents/code/Docker/moonshot_project/ros2_ws/build/kinova_gen3_7dof_robotiq_2f_85_moveit_config -- -j16 -l16
[3.623s] DEBUG:colcon.colcon_core.event_handler.log_command:Invoked command in '/home/rama/Documents/code/Docker/moonshot_project/ros2_ws/build/kinova_gen3_6dof_robotiq_2f_85_moveit_config' returned '0': CMAKE_PREFIX_PATH=/home/rama/Documents/code/Docker/moonshot_project/ros2_ws/install/kortex_description:/home/rama/Documents/code/Docker/moonshot_project/ros2_ws/install/moving_table_interfaces:/home/rama/Documents/code/Docker/moonshot_project/ros2_ws/install/livox_ros_driver2:/home/rama/Documents/code/Docker/moonshot_project/ros2_ws/install/kortex_bringup:/home/rama/Documents/code/Docker/moonshot_project/ros2_ws/install/kortex_driver:/home/rama/Documents/code/Docker/moonshot_project/ros2_ws/install/kinova_gen3_lite_moveit_config:/home/rama/Documents/code/Docker/moonshot_project/ros2_ws/install/kinova_gen3_7dof_robotiq_2f_85_moveit_config:/home/rama/Documents/code/Docker/moonshot_project/ros2_ws/install/kinova_gen3_6dof_robotiq_2f_85_moveit_config:/home/rama/Documents/code/Docker/moonshot_project/ros2_ws/install/kortex_api:/opt/openrobots:/opt/openrobots:/home/rama/Documents/code/Docker/moonshot_project/ros2_ws/install/moving_table_pkg:/opt/ros/humble /usr/bin/cmake --build /home/rama/Documents/code/Docker/moonshot_project/ros2_ws/build/kinova_gen3_6dof_robotiq_2f_85_moveit_config -- -j16 -l16
[3.624s] DEBUG:colcon.colcon_core.event_handler.log_command:Invoking command in '/home/rama/Documents/code/Docker/moonshot_project/ros2_ws/build/kinova_gen3_6dof_robotiq_2f_85_moveit_config': CMAKE_PREFIX_PATH=/home/rama/Documents/code/Docker/moonshot_project/ros2_ws/install/kortex_description:/home/rama/Documents/code/Docker/moonshot_project/ros2_ws/install/moving_table_interfaces:/home/rama/Documents/code/Docker/moonshot_project/ros2_ws/install/livox_ros_driver2:/home/rama/Documents/code/Docker/moonshot_project/ros2_ws/install/kortex_bringup:/home/rama/Documents/code/Docker/moonshot_project/ros2_ws/install/kortex_driver:/home/rama/Documents/code/Docker/moonshot_project/ros2_ws/install/kinova_gen3_lite_moveit_config:/home/rama/Documents/code/Docker/moonshot_project/ros2_ws/install/kinova_gen3_7dof_robotiq_2f_85_moveit_config:/home/rama/Documents/code/Docker/moonshot_project/ros2_ws/install/kinova_gen3_6dof_robotiq_2f_85_moveit_config:/home/rama/Documents/code/Docker/moonshot_project/ros2_ws/install/kortex_api:/opt/openrobots:/opt/openrobots:/home/rama/Documents/code/Docker/moonshot_project/ros2_ws/install/moving_table_pkg:/opt/ros/humble /usr/bin/cmake --install /home/rama/Documents/code/Docker/moonshot_project/ros2_ws/build/kinova_gen3_6dof_robotiq_2f_85_moveit_config
[3.624s] DEBUG:colcon.colcon_core.event_handler.log_command:Invoked command in '/home/rama/Documents/code/Docker/moonshot_project/ros2_ws/build/kinova_gen3_lite_moveit_config' returned '0': CMAKE_PREFIX_PATH=/home/rama/Documents/code/Docker/moonshot_project/ros2_ws/install/kortex_description:/home/rama/Documents/code/Docker/moonshot_project/ros2_ws/install/moving_table_interfaces:/home/rama/Documents/code/Docker/moonshot_project/ros2_ws/install/livox_ros_driver2:/home/rama/Documents/code/Docker/moonshot_project/ros2_ws/install/kortex_bringup:/home/rama/Documents/code/Docker/moonshot_project/ros2_ws/install/kortex_driver:/home/rama/Documents/code/Docker/moonshot_project/ros2_ws/install/kinova_gen3_lite_moveit_config:/home/rama/Documents/code/Docker/moonshot_project/ros2_ws/install/kinova_gen3_7dof_robotiq_2f_85_moveit_config:/home/rama/Documents/code/Docker/moonshot_project/ros2_ws/install/kinova_gen3_6dof_robotiq_2f_85_moveit_config:/home/rama/Documents/code/Docker/moonshot_project/ros2_ws/install/kortex_api:/opt/openrobots:/opt/openrobots:/home/rama/Documents/code/Docker/moonshot_project/ros2_ws/install/moving_table_pkg:/opt/ros/humble /usr/bin/cmake --build /home/rama/Documents/code/Docker/moonshot_project/ros2_ws/build/kinova_gen3_lite_moveit_config -- -j16 -l16
[3.625s] DEBUG:colcon.colcon_core.event_handler.log_command:Invoking command in '/home/rama/Documents/code/Docker/moonshot_project/ros2_ws/build/kinova_gen3_lite_moveit_config': CMAKE_PREFIX_PATH=/home/rama/Documents/code/Docker/moonshot_project/ros2_ws/install/kortex_description:/home/rama/Documents/code/Docker/moonshot_project/ros2_ws/install/moving_table_interfaces:/home/rama/Documents/code/Docker/moonshot_project/ros2_ws/install/livox_ros_driver2:/home/rama/Documents/code/Docker/moonshot_project/ros2_ws/install/kortex_bringup:/home/rama/Documents/code/Docker/moonshot_project/ros2_ws/install/kortex_driver:/home/rama/Documents/code/Docker/moonshot_project/ros2_ws/install/kinova_gen3_lite_moveit_config:/home/rama/Documents/code/Docker/moonshot_project/ros2_ws/install/kinova_gen3_7dof_robotiq_2f_85_moveit_config:/home/rama/Documents/code/Docker/moonshot_project/ros2_ws/install/kinova_gen3_6dof_robotiq_2f_85_moveit_config:/home/rama/Documents/code/Docker/moonshot_project/ros2_ws/install/kortex_api:/opt/openrobots:/opt/openrobots:/home/rama/Documents/code/Docker/moonshot_project/ros2_ws/install/moving_table_pkg:/opt/ros/humble /usr/bin/cmake --install /home/rama/Documents/code/Docker/moonshot_project/ros2_ws/build/kinova_gen3_lite_moveit_config
[3.634s] DEBUG:colcon.colcon_core.event_handler.log_command:Invoked command in '/home/rama/Documents/code/Docker/moonshot_project/ros2_ws/build/kinova_gen3_7dof_robotiq_2f_85_moveit_config' returned '0': CMAKE_PREFIX_PATH=/home/rama/Documents/code/Docker/moonshot_project/ros2_ws/install/kortex_description:/home/rama/Documents/code/Docker/moonshot_project/ros2_ws/install/moving_table_interfaces:/home/rama/Documents/code/Docker/moonshot_project/ros2_ws/install/livox_ros_driver2:/home/rama/Documents/code/Docker/moonshot_project/ros2_ws/install/kortex_bringup:/home/rama/Documents/code/Docker/moonshot_project/ros2_ws/install/kortex_driver:/home/rama/Documents/code/Docker/moonshot_project/ros2_ws/install/kinova_gen3_lite_moveit_config:/home/rama/Documents/code/Docker/moonshot_project/ros2_ws/install/kinova_gen3_7dof_robotiq_2f_85_moveit_config:/home/rama/Documents/code/Docker/moonshot_project/ros2_ws/install/kinova_gen3_6dof_robotiq_2f_85_moveit_config:/home/rama/Documents/code/Docker/moonshot_project/ros2_ws/install/kortex_api:/opt/openrobots:/opt/openrobots:/home/rama/Documents/code/Docker/moonshot_project/ros2_ws/install/moving_table_pkg:/opt/ros/humble /usr/bin/cmake --build /home/rama/Documents/code/Docker/moonshot_project/ros2_ws/build/kinova_gen3_7dof_robotiq_2f_85_moveit_config -- -j16 -l16
[3.636s] DEBUG:colcon.colcon_core.event_handler.log_command:Invoking command in '/home/rama/Documents/code/Docker/moonshot_project/ros2_ws/build/kinova_gen3_7dof_robotiq_2f_85_moveit_config': CMAKE_PREFIX_PATH=/home/rama/Documents/code/Docker/moonshot_project/ros2_ws/install/kortex_description:/home/rama/Documents/code/Docker/moonshot_project/ros2_ws/install/moving_table_interfaces:/home/rama/Documents/code/Docker/moonshot_project/ros2_ws/install/livox_ros_driver2:/home/rama/Documents/code/Docker/moonshot_project/ros2_ws/install/kortex_bringup:/home/rama/Documents/code/Docker/moonshot_project/ros2_ws/install/kortex_driver:/home/rama/Documents/code/Docker/moonshot_project/ros2_ws/install/kinova_gen3_lite_moveit_config:/home/rama/Documents/code/Docker/moonshot_project/ros2_ws/install/kinova_gen3_7dof_robotiq_2f_85_moveit_config:/home/rama/Documents/code/Docker/moonshot_project/ros2_ws/install/kinova_gen3_6dof_robotiq_2f_85_moveit_config:/home/rama/Documents/code/Docker/moonshot_project/ros2_ws/install/kortex_api:/opt/openrobots:/opt/openrobots:/home/rama/Documents/code/Docker/moonshot_project/ros2_ws/install/moving_table_pkg:/opt/ros/humble /usr/bin/cmake --install /home/rama/Documents/code/Docker/moonshot_project/ros2_ws/build/kinova_gen3_7dof_robotiq_2f_85_moveit_config
[3.636s] Level 1:colcon.colcon_core.environment:create_environment_scripts_only(kinova_gen3_6dof_robotiq_2f_85_moveit_config)
[3.636s] Level 1:colcon.colcon_core.environment:checking '/home/rama/Documents/code/Docker/moonshot_project/ros2_ws/install/kinova_gen3_6dof_robotiq_2f_85_moveit_config' for CMake module files
[3.637s] DEBUG:colcon.colcon_core.event_handler.log_command:Invoked command in '/home/rama/Documents/code/Docker/moonshot_project/ros2_ws/build/kinova_gen3_6dof_robotiq_2f_85_moveit_config' returned '0': CMAKE_PREFIX_PATH=/home/rama/Documents/code/Docker/moonshot_project/ros2_ws/install/kortex_description:/home/rama/Documents/code/Docker/moonshot_project/ros2_ws/install/moving_table_interfaces:/home/rama/Documents/code/Docker/moonshot_project/ros2_ws/install/livox_ros_driver2:/home/rama/Documents/code/Docker/moonshot_project/ros2_ws/install/kortex_bringup:/home/rama/Documents/code/Docker/moonshot_project/ros2_ws/install/kortex_driver:/home/rama/Documents/code/Docker/moonshot_project/ros2_ws/install/kinova_gen3_lite_moveit_config:/home/rama/Documents/code/Docker/moonshot_project/ros2_ws/install/kinova_gen3_7dof_robotiq_2f_85_moveit_config:/home/rama/Documents/code/Docker/moonshot_project/ros2_ws/install/kinova_gen3_6dof_robotiq_2f_85_moveit_config:/home/rama/Documents/code/Docker/moonshot_project/ros2_ws/install/kortex_api:/opt/openrobots:/opt/openrobots:/home/rama/Documents/code/Docker/moonshot_project/ros2_ws/install/moving_table_pkg:/opt/ros/humble /usr/bin/cmake --install /home/rama/Documents/code/Docker/moonshot_project/ros2_ws/build/kinova_gen3_6dof_robotiq_2f_85_moveit_config
[3.637s] Level 1:colcon.colcon_core.environment:checking '/home/rama/Documents/code/Docker/moonshot_project/ros2_ws/install/kinova_gen3_6dof_robotiq_2f_85_moveit_config' for CMake config files
[3.637s] Level 1:colcon.colcon_core.shell:create_environment_hook('kinova_gen3_6dof_robotiq_2f_85_moveit_config', 'cmake_prefix_path')
[3.637s] INFO:colcon.colcon_core.shell:Creating environment hook '/home/rama/Documents/code/Docker/moonshot_project/ros2_ws/install/kinova_gen3_6dof_robotiq_2f_85_moveit_config/share/kinova_gen3_6dof_robotiq_2f_85_moveit_config/hook/cmake_prefix_path.ps1'
[3.637s] INFO:colcon.colcon_core.shell:Creating environment descriptor '/home/rama/Documents/code/Docker/moonshot_project/ros2_ws/install/kinova_gen3_6dof_robotiq_2f_85_moveit_config/share/kinova_gen3_6dof_robotiq_2f_85_moveit_config/hook/cmake_prefix_path.dsv'
[3.638s] INFO:colcon.colcon_core.shell:Creating environment hook '/home/rama/Documents/code/Docker/moonshot_project/ros2_ws/install/kinova_gen3_6dof_robotiq_2f_85_moveit_config/share/kinova_gen3_6dof_robotiq_2f_85_moveit_config/hook/cmake_prefix_path.sh'
[3.638s] Level 1:colcon.colcon_core.environment:checking '/home/rama/Documents/code/Docker/moonshot_project/ros2_ws/install/kinova_gen3_6dof_robotiq_2f_85_moveit_config/bin'
[3.638s] Level 1:colcon.colcon_core.environment:checking '/home/rama/Documents/code/Docker/moonshot_project/ros2_ws/install/kinova_gen3_6dof_robotiq_2f_85_moveit_config/lib/pkgconfig/kinova_gen3_6dof_robotiq_2f_85_moveit_config.pc'
[3.638s] Level 1:colcon.colcon_core.environment:checking '/home/rama/Documents/code/Docker/moonshot_project/ros2_ws/install/kinova_gen3_6dof_robotiq_2f_85_moveit_config/lib/python3.10/site-packages'
[3.638s] Level 1:colcon.colcon_core.environment:checking '/home/rama/Documents/code/Docker/moonshot_project/ros2_ws/install/kinova_gen3_6dof_robotiq_2f_85_moveit_config/bin'
[3.639s] INFO:colcon.colcon_core.shell:Creating package script '/home/rama/Documents/code/Docker/moonshot_project/ros2_ws/install/kinova_gen3_6dof_robotiq_2f_85_moveit_config/share/kinova_gen3_6dof_robotiq_2f_85_moveit_config/package.ps1'
[3.639s] INFO:colcon.colcon_core.shell:Creating package descriptor '/home/rama/Documents/code/Docker/moonshot_project/ros2_ws/install/kinova_gen3_6dof_robotiq_2f_85_moveit_config/share/kinova_gen3_6dof_robotiq_2f_85_moveit_config/package.dsv'
[3.639s] INFO:colcon.colcon_core.shell:Creating package script '/home/rama/Documents/code/Docker/moonshot_project/ros2_ws/install/kinova_gen3_6dof_robotiq_2f_85_moveit_config/share/kinova_gen3_6dof_robotiq_2f_85_moveit_config/package.sh'
[3.640s] INFO:colcon.colcon_core.shell:Creating package script '/home/rama/Documents/code/Docker/moonshot_project/ros2_ws/install/kinova_gen3_6dof_robotiq_2f_85_moveit_config/share/kinova_gen3_6dof_robotiq_2f_85_moveit_config/package.bash'
[3.640s] INFO:colcon.colcon_core.shell:Creating package script '/home/rama/Documents/code/Docker/moonshot_project/ros2_ws/install/kinova_gen3_6dof_robotiq_2f_85_moveit_config/share/kinova_gen3_6dof_robotiq_2f_85_moveit_config/package.zsh'
[3.640s] Level 1:colcon.colcon_core.environment:create_file_with_runtime_dependencies(/home/rama/Documents/code/Docker/moonshot_project/ros2_ws/install/kinova_gen3_6dof_robotiq_2f_85_moveit_config/share/colcon-core/packages/kinova_gen3_6dof_robotiq_2f_85_moveit_config)
[3.641s] Level 1:colcon.colcon_core.environment:create_environment_scripts_only(kinova_gen3_6dof_robotiq_2f_85_moveit_config)
[3.641s] Level 1:colcon.colcon_core.environment:checking '/home/rama/Documents/code/Docker/moonshot_project/ros2_ws/install/kinova_gen3_6dof_robotiq_2f_85_moveit_config' for CMake module files
[3.643s] Level 1:colcon.colcon_core.environment:checking '/home/rama/Documents/code/Docker/moonshot_project/ros2_ws/install/kinova_gen3_6dof_robotiq_2f_85_moveit_config' for CMake config files
[3.644s] Level 1:colcon.colcon_core.shell:create_environment_hook('kinova_gen3_6dof_robotiq_2f_85_moveit_config', 'cmake_prefix_path')
[3.644s] INFO:colcon.colcon_core.shell:Creating environment hook '/home/rama/Documents/code/Docker/moonshot_project/ros2_ws/install/kinova_gen3_6dof_robotiq_2f_85_moveit_config/share/kinova_gen3_6dof_robotiq_2f_85_moveit_config/hook/cmake_prefix_path.ps1'
[3.644s] INFO:colcon.colcon_core.shell:Creating environment descriptor '/home/rama/Documents/code/Docker/moonshot_project/ros2_ws/install/kinova_gen3_6dof_robotiq_2f_85_moveit_config/share/kinova_gen3_6dof_robotiq_2f_85_moveit_config/hook/cmake_prefix_path.dsv'
[3.644s] INFO:colcon.colcon_core.shell:Creating environment hook '/home/rama/Documents/code/Docker/moonshot_project/ros2_ws/install/kinova_gen3_6dof_robotiq_2f_85_moveit_config/share/kinova_gen3_6dof_robotiq_2f_85_moveit_config/hook/cmake_prefix_path.sh'
[3.645s] Level 1:colcon.colcon_core.environment:checking '/home/rama/Documents/code/Docker/moonshot_project/ros2_ws/install/kinova_gen3_6dof_robotiq_2f_85_moveit_config/bin'
[3.645s] Level 1:colcon.colcon_core.environment:checking '/home/rama/Documents/code/Docker/moonshot_project/ros2_ws/install/kinova_gen3_6dof_robotiq_2f_85_moveit_config/lib/pkgconfig/kinova_gen3_6dof_robotiq_2f_85_moveit_config.pc'
[3.645s] Level 1:colcon.colcon_core.environment:checking '/home/rama/Documents/code/Docker/moonshot_project/ros2_ws/install/kinova_gen3_6dof_robotiq_2f_85_moveit_config/lib/python3.10/site-packages'
[3.645s] Level 1:colcon.colcon_core.environment:checking '/home/rama/Documents/code/Docker/moonshot_project/ros2_ws/install/kinova_gen3_6dof_robotiq_2f_85_moveit_config/bin'
[3.645s] INFO:colcon.colcon_core.shell:Creating package script '/home/rama/Documents/code/Docker/moonshot_project/ros2_ws/install/kinova_gen3_6dof_robotiq_2f_85_moveit_config/share/kinova_gen3_6dof_robotiq_2f_85_moveit_config/package.ps1'
[3.645s] INFO:colcon.colcon_core.shell:Creating package descriptor '/home/rama/Documents/code/Docker/moonshot_project/ros2_ws/install/kinova_gen3_6dof_robotiq_2f_85_moveit_config/share/kinova_gen3_6dof_robotiq_2f_85_moveit_config/package.dsv'
[3.646s] INFO:colcon.colcon_core.shell:Creating package script '/home/rama/Documents/code/Docker/moonshot_project/ros2_ws/install/kinova_gen3_6dof_robotiq_2f_85_moveit_config/share/kinova_gen3_6dof_robotiq_2f_85_moveit_config/package.sh'
[3.646s] INFO:colcon.colcon_core.shell:Creating package script '/home/rama/Documents/code/Docker/moonshot_project/ros2_ws/install/kinova_gen3_6dof_robotiq_2f_85_moveit_config/share/kinova_gen3_6dof_robotiq_2f_85_moveit_config/package.bash'
[3.646s] INFO:colcon.colcon_core.shell:Creating package script '/home/rama/Documents/code/Docker/moonshot_project/ros2_ws/install/kinova_gen3_6dof_robotiq_2f_85_moveit_config/share/kinova_gen3_6dof_robotiq_2f_85_moveit_config/package.zsh'
[3.646s] Level 1:colcon.colcon_core.environment:create_file_with_runtime_dependencies(/home/rama/Documents/code/Docker/moonshot_project/ros2_ws/install/kinova_gen3_6dof_robotiq_2f_85_moveit_config/share/colcon-core/packages/kinova_gen3_6dof_robotiq_2f_85_moveit_config)
[3.647s] Level 1:colcon.colcon_core.environment:create_environment_scripts_only(kinova_gen3_lite_moveit_config)
[3.648s] Level 1:colcon.colcon_core.environment:checking '/home/rama/Documents/code/Docker/moonshot_project/ros2_ws/install/kinova_gen3_lite_moveit_config' for CMake module files
[3.648s] DEBUG:colcon.colcon_core.event_handler.log_command:Invoked command in '/home/rama/Documents/code/Docker/moonshot_project/ros2_ws/build/kinova_gen3_lite_moveit_config' returned '0': CMAKE_PREFIX_PATH=/home/rama/Documents/code/Docker/moonshot_project/ros2_ws/install/kortex_description:/home/rama/Documents/code/Docker/moonshot_project/ros2_ws/install/moving_table_interfaces:/home/rama/Documents/code/Docker/moonshot_project/ros2_ws/install/livox_ros_driver2:/home/rama/Documents/code/Docker/moonshot_project/ros2_ws/install/kortex_bringup:/home/rama/Documents/code/Docker/moonshot_project/ros2_ws/install/kortex_driver:/home/rama/Documents/code/Docker/moonshot_project/ros2_ws/install/kinova_gen3_lite_moveit_config:/home/rama/Documents/code/Docker/moonshot_project/ros2_ws/install/kinova_gen3_7dof_robotiq_2f_85_moveit_config:/home/rama/Documents/code/Docker/moonshot_project/ros2_ws/install/kinova_gen3_6dof_robotiq_2f_85_moveit_config:/home/rama/Documents/code/Docker/moonshot_project/ros2_ws/install/kortex_api:/opt/openrobots:/opt/openrobots:/home/rama/Documents/code/Docker/moonshot_project/ros2_ws/install/moving_table_pkg:/opt/ros/humble /usr/bin/cmake --install /home/rama/Documents/code/Docker/moonshot_project/ros2_ws/build/kinova_gen3_lite_moveit_config
[3.648s] Level 1:colcon.colcon_core.environment:checking '/home/rama/Documents/code/Docker/moonshot_project/ros2_ws/install/kinova_gen3_lite_moveit_config' for CMake config files
[3.648s] Level 1:colcon.colcon_core.shell:create_environment_hook('kinova_gen3_lite_moveit_config', 'cmake_prefix_path')
[3.649s] INFO:colcon.colcon_core.shell:Creating environment hook '/home/rama/Documents/code/Docker/moonshot_project/ros2_ws/install/kinova_gen3_lite_moveit_config/share/kinova_gen3_lite_moveit_config/hook/cmake_prefix_path.ps1'
[3.649s] INFO:colcon.colcon_core.shell:Creating environment descriptor '/home/rama/Documents/code/Docker/moonshot_project/ros2_ws/install/kinova_gen3_lite_moveit_config/share/kinova_gen3_lite_moveit_config/hook/cmake_prefix_path.dsv'
[3.649s] INFO:colcon.colcon_core.shell:Creating environment hook '/home/rama/Documents/code/Docker/moonshot_project/ros2_ws/install/kinova_gen3_lite_moveit_config/share/kinova_gen3_lite_moveit_config/hook/cmake_prefix_path.sh'
[3.650s] Level 1:colcon.colcon_core.environment:checking '/home/rama/Documents/code/Docker/moonshot_project/ros2_ws/install/kinova_gen3_lite_moveit_config/bin'
[3.650s] Level 1:colcon.colcon_core.environment:checking '/home/rama/Documents/code/Docker/moonshot_project/ros2_ws/install/kinova_gen3_lite_moveit_config/lib/pkgconfig/kinova_gen3_lite_moveit_config.pc'
[3.650s] Level 1:colcon.colcon_core.environment:checking '/home/rama/Documents/code/Docker/moonshot_project/ros2_ws/install/kinova_gen3_lite_moveit_config/lib/python3.10/site-packages'
[3.650s] Level 1:colcon.colcon_core.environment:checking '/home/rama/Documents/code/Docker/moonshot_project/ros2_ws/install/kinova_gen3_lite_moveit_config/bin'
[3.650s] INFO:colcon.colcon_core.shell:Creating package script '/home/rama/Documents/code/Docker/moonshot_project/ros2_ws/install/kinova_gen3_lite_moveit_config/share/kinova_gen3_lite_moveit_config/package.ps1'
[3.651s] INFO:colcon.colcon_core.shell:Creating package descriptor '/home/rama/Documents/code/Docker/moonshot_project/ros2_ws/install/kinova_gen3_lite_moveit_config/share/kinova_gen3_lite_moveit_config/package.dsv'
[3.651s] INFO:colcon.colcon_core.shell:Creating package script '/home/rama/Documents/code/Docker/moonshot_project/ros2_ws/install/kinova_gen3_lite_moveit_config/share/kinova_gen3_lite_moveit_config/package.sh'
[3.651s] INFO:colcon.colcon_core.shell:Creating package script '/home/rama/Documents/code/Docker/moonshot_project/ros2_ws/install/kinova_gen3_lite_moveit_config/share/kinova_gen3_lite_moveit_config/package.bash'
[3.651s] INFO:colcon.colcon_core.shell:Creating package script '/home/rama/Documents/code/Docker/moonshot_project/ros2_ws/install/kinova_gen3_lite_moveit_config/share/kinova_gen3_lite_moveit_config/package.zsh'
[3.651s] Level 1:colcon.colcon_core.environment:create_file_with_runtime_dependencies(/home/rama/Documents/code/Docker/moonshot_project/ros2_ws/install/kinova_gen3_lite_moveit_config/share/colcon-core/packages/kinova_gen3_lite_moveit_config)
[3.652s] Level 1:colcon.colcon_core.environment:create_environment_scripts_only(kinova_gen3_lite_moveit_config)
[3.652s] Level 1:colcon.colcon_core.environment:checking '/home/rama/Documents/code/Docker/moonshot_project/ros2_ws/install/kinova_gen3_lite_moveit_config' for CMake module files
[3.653s] Level 1:colcon.colcon_core.environment:checking '/home/rama/Documents/code/Docker/moonshot_project/ros2_ws/install/kinova_gen3_lite_moveit_config' for CMake config files
[3.653s] Level 1:colcon.colcon_core.shell:create_environment_hook('kinova_gen3_lite_moveit_config', 'cmake_prefix_path')
[3.653s] INFO:colcon.colcon_core.shell:Creating environment hook '/home/rama/Documents/code/Docker/moonshot_project/ros2_ws/install/kinova_gen3_lite_moveit_config/share/kinova_gen3_lite_moveit_config/hook/cmake_prefix_path.ps1'
[3.653s] INFO:colcon.colcon_core.shell:Creating environment descriptor '/home/rama/Documents/code/Docker/moonshot_project/ros2_ws/install/kinova_gen3_lite_moveit_config/share/kinova_gen3_lite_moveit_config/hook/cmake_prefix_path.dsv'
[3.654s] INFO:colcon.colcon_core.shell:Creating environment hook '/home/rama/Documents/code/Docker/moonshot_project/ros2_ws/install/kinova_gen3_lite_moveit_config/share/kinova_gen3_lite_moveit_config/hook/cmake_prefix_path.sh'
[3.654s] Level 1:colcon.colcon_core.environment:checking '/home/rama/Documents/code/Docker/moonshot_project/ros2_ws/install/kinova_gen3_lite_moveit_config/bin'
[3.654s] Level 1:colcon.colcon_core.environment:checking '/home/rama/Documents/code/Docker/moonshot_project/ros2_ws/install/kinova_gen3_lite_moveit_config/lib/pkgconfig/kinova_gen3_lite_moveit_config.pc'
[3.654s] Level 1:colcon.colcon_core.environment:checking '/home/rama/Documents/code/Docker/moonshot_project/ros2_ws/install/kinova_gen3_lite_moveit_config/lib/python3.10/site-packages'
[3.654s] Level 1:colcon.colcon_core.environment:checking '/home/rama/Documents/code/Docker/moonshot_project/ros2_ws/install/kinova_gen3_lite_moveit_config/bin'
[3.654s] INFO:colcon.colcon_core.shell:Creating package script '/home/rama/Documents/code/Docker/moonshot_project/ros2_ws/install/kinova_gen3_lite_moveit_config/share/kinova_gen3_lite_moveit_config/package.ps1'
[3.655s] INFO:colcon.colcon_core.shell:Creating package descriptor '/home/rama/Documents/code/Docker/moonshot_project/ros2_ws/install/kinova_gen3_lite_moveit_config/share/kinova_gen3_lite_moveit_config/package.dsv'
[3.655s] INFO:colcon.colcon_core.shell:Creating package script '/home/rama/Documents/code/Docker/moonshot_project/ros2_ws/install/kinova_gen3_lite_moveit_config/share/kinova_gen3_lite_moveit_config/package.sh'
[3.655s] INFO:colcon.colcon_core.shell:Creating package script '/home/rama/Documents/code/Docker/moonshot_project/ros2_ws/install/kinova_gen3_lite_moveit_config/share/kinova_gen3_lite_moveit_config/package.bash'
[3.655s] INFO:colcon.colcon_core.shell:Creating package script '/home/rama/Documents/code/Docker/moonshot_project/ros2_ws/install/kinova_gen3_lite_moveit_config/share/kinova_gen3_lite_moveit_config/package.zsh'
[3.656s] Level 1:colcon.colcon_core.environment:create_file_with_runtime_dependencies(/home/rama/Documents/code/Docker/moonshot_project/ros2_ws/install/kinova_gen3_lite_moveit_config/share/colcon-core/packages/kinova_gen3_lite_moveit_config)
[3.656s] Level 1:colcon.colcon_core.environment:create_environment_scripts_only(kinova_gen3_7dof_robotiq_2f_85_moveit_config)
[3.656s] Level 1:colcon.colcon_core.environment:checking '/home/rama/Documents/code/Docker/moonshot_project/ros2_ws/install/kinova_gen3_7dof_robotiq_2f_85_moveit_config' for CMake module files
[3.657s] DEBUG:colcon.colcon_core.event_handler.log_command:Invoked command in '/home/rama/Documents/code/Docker/moonshot_project/ros2_ws/build/kinova_gen3_7dof_robotiq_2f_85_moveit_config' returned '0': CMAKE_PREFIX_PATH=/home/rama/Documents/code/Docker/moonshot_project/ros2_ws/install/kortex_description:/home/rama/Documents/code/Docker/moonshot_project/ros2_ws/install/moving_table_interfaces:/home/rama/Documents/code/Docker/moonshot_project/ros2_ws/install/livox_ros_driver2:/home/rama/Documents/code/Docker/moonshot_project/ros2_ws/install/kortex_bringup:/home/rama/Documents/code/Docker/moonshot_project/ros2_ws/install/kortex_driver:/home/rama/Documents/code/Docker/moonshot_project/ros2_ws/install/kinova_gen3_lite_moveit_config:/home/rama/Documents/code/Docker/moonshot_project/ros2_ws/install/kinova_gen3_7dof_robotiq_2f_85_moveit_config:/home/rama/Documents/code/Docker/moonshot_project/ros2_ws/install/kinova_gen3_6dof_robotiq_2f_85_moveit_config:/home/rama/Documents/code/Docker/moonshot_project/ros2_ws/install/kortex_api:/opt/openrobots:/opt/openrobots:/home/rama/Documents/code/Docker/moonshot_project/ros2_ws/install/moving_table_pkg:/opt/ros/humble /usr/bin/cmake --install /home/rama/Documents/code/Docker/moonshot_project/ros2_ws/build/kinova_gen3_7dof_robotiq_2f_85_moveit_config
[3.657s] Level 1:colcon.colcon_core.environment:checking '/home/rama/Documents/code/Docker/moonshot_project/ros2_ws/install/kinova_gen3_7dof_robotiq_2f_85_moveit_config' for CMake config files
[3.657s] Level 1:colcon.colcon_core.shell:create_environment_hook('kinova_gen3_7dof_robotiq_2f_85_moveit_config', 'cmake_prefix_path')
[3.657s] INFO:colcon.colcon_core.shell:Creating environment hook '/home/rama/Documents/code/Docker/moonshot_project/ros2_ws/install/kinova_gen3_7dof_robotiq_2f_85_moveit_config/share/kinova_gen3_7dof_robotiq_2f_85_moveit_config/hook/cmake_prefix_path.ps1'
[3.658s] INFO:colcon.colcon_core.shell:Creating environment descriptor '/home/rama/Documents/code/Docker/moonshot_project/ros2_ws/install/kinova_gen3_7dof_robotiq_2f_85_moveit_config/share/kinova_gen3_7dof_robotiq_2f_85_moveit_config/hook/cmake_prefix_path.dsv'
[3.658s] INFO:colcon.colcon_core.shell:Creating environment hook '/home/rama/Documents/code/Docker/moonshot_project/ros2_ws/install/kinova_gen3_7dof_robotiq_2f_85_moveit_config/share/kinova_gen3_7dof_robotiq_2f_85_moveit_config/hook/cmake_prefix_path.sh'
[3.658s] Level 1:colcon.colcon_core.environment:checking '/home/rama/Documents/code/Docker/moonshot_project/ros2_ws/install/kinova_gen3_7dof_robotiq_2f_85_moveit_config/bin'
[3.659s] Level 1:colcon.colcon_core.environment:checking '/home/rama/Documents/code/Docker/moonshot_project/ros2_ws/install/kinova_gen3_7dof_robotiq_2f_85_moveit_config/lib/pkgconfig/kinova_gen3_7dof_robotiq_2f_85_moveit_config.pc'
[3.659s] Level 1:colcon.colcon_core.environment:checking '/home/rama/Documents/code/Docker/moonshot_project/ros2_ws/install/kinova_gen3_7dof_robotiq_2f_85_moveit_config/lib/python3.10/site-packages'
[3.659s] Level 1:colcon.colcon_core.environment:checking '/home/rama/Documents/code/Docker/moonshot_project/ros2_ws/install/kinova_gen3_7dof_robotiq_2f_85_moveit_config/bin'
[3.659s] INFO:colcon.colcon_core.shell:Creating package script '/home/rama/Documents/code/Docker/moonshot_project/ros2_ws/install/kinova_gen3_7dof_robotiq_2f_85_moveit_config/share/kinova_gen3_7dof_robotiq_2f_85_moveit_config/package.ps1'
[3.660s] INFO:colcon.colcon_core.shell:Creating package descriptor '/home/rama/Documents/code/Docker/moonshot_project/ros2_ws/install/kinova_gen3_7dof_robotiq_2f_85_moveit_config/share/kinova_gen3_7dof_robotiq_2f_85_moveit_config/package.dsv'
[3.660s] INFO:colcon.colcon_core.shell:Creating package script '/home/rama/Documents/code/Docker/moonshot_project/ros2_ws/install/kinova_gen3_7dof_robotiq_2f_85_moveit_config/share/kinova_gen3_7dof_robotiq_2f_85_moveit_config/package.sh'
[3.661s] INFO:colcon.colcon_core.shell:Creating package script '/home/rama/Documents/code/Docker/moonshot_project/ros2_ws/install/kinova_gen3_7dof_robotiq_2f_85_moveit_config/share/kinova_gen3_7dof_robotiq_2f_85_moveit_config/package.bash'
[3.661s] INFO:colcon.colcon_core.shell:Creating package script '/home/rama/Documents/code/Docker/moonshot_project/ros2_ws/install/kinova_gen3_7dof_robotiq_2f_85_moveit_config/share/kinova_gen3_7dof_robotiq_2f_85_moveit_config/package.zsh'
[3.661s] Level 1:colcon.colcon_core.environment:create_file_with_runtime_dependencies(/home/rama/Documents/code/Docker/moonshot_project/ros2_ws/install/kinova_gen3_7dof_robotiq_2f_85_moveit_config/share/colcon-core/packages/kinova_gen3_7dof_robotiq_2f_85_moveit_config)
[3.662s] Level 1:colcon.colcon_core.environment:create_environment_scripts_only(kinova_gen3_7dof_robotiq_2f_85_moveit_config)
[3.662s] Level 1:colcon.colcon_core.environment:checking '/home/rama/Documents/code/Docker/moonshot_project/ros2_ws/install/kinova_gen3_7dof_robotiq_2f_85_moveit_config' for CMake module files
[3.662s] Level 1:colcon.colcon_core.environment:checking '/home/rama/Documents/code/Docker/moonshot_project/ros2_ws/install/kinova_gen3_7dof_robotiq_2f_85_moveit_config' for CMake config files
[3.663s] Level 1:colcon.colcon_core.shell:create_environment_hook('kinova_gen3_7dof_robotiq_2f_85_moveit_config', 'cmake_prefix_path')
[3.663s] INFO:colcon.colcon_core.shell:Creating environment hook '/home/rama/Documents/code/Docker/moonshot_project/ros2_ws/install/kinova_gen3_7dof_robotiq_2f_85_moveit_config/share/kinova_gen3_7dof_robotiq_2f_85_moveit_config/hook/cmake_prefix_path.ps1'
[3.663s] INFO:colcon.colcon_core.shell:Creating environment descriptor '/home/rama/Documents/code/Docker/moonshot_project/ros2_ws/install/kinova_gen3_7dof_robotiq_2f_85_moveit_config/share/kinova_gen3_7dof_robotiq_2f_85_moveit_config/hook/cmake_prefix_path.dsv'
[3.664s] INFO:colcon.colcon_core.shell:Creating environment hook '/home/rama/Documents/code/Docker/moonshot_project/ros2_ws/install/kinova_gen3_7dof_robotiq_2f_85_moveit_config/share/kinova_gen3_7dof_robotiq_2f_85_moveit_config/hook/cmake_prefix_path.sh'
[3.664s] Level 1:colcon.colcon_core.environment:checking '/home/rama/Documents/code/Docker/moonshot_project/ros2_ws/install/kinova_gen3_7dof_robotiq_2f_85_moveit_config/bin'
[3.664s] Level 1:colcon.colcon_core.environment:checking '/home/rama/Documents/code/Docker/moonshot_project/ros2_ws/install/kinova_gen3_7dof_robotiq_2f_85_moveit_config/lib/pkgconfig/kinova_gen3_7dof_robotiq_2f_85_moveit_config.pc'
[3.664s] Level 1:colcon.colcon_core.environment:checking '/home/rama/Documents/code/Docker/moonshot_project/ros2_ws/install/kinova_gen3_7dof_robotiq_2f_85_moveit_config/lib/python3.10/site-packages'
[3.665s] Level 1:colcon.colcon_core.environment:checking '/home/rama/Documents/code/Docker/moonshot_project/ros2_ws/install/kinova_gen3_7dof_robotiq_2f_85_moveit_config/bin'
[3.665s] INFO:colcon.colcon_core.shell:Creating package script '/home/rama/Documents/code/Docker/moonshot_project/ros2_ws/install/kinova_gen3_7dof_robotiq_2f_85_moveit_config/share/kinova_gen3_7dof_robotiq_2f_85_moveit_config/package.ps1'
[3.665s] INFO:colcon.colcon_core.shell:Creating package descriptor '/home/rama/Documents/code/Docker/moonshot_project/ros2_ws/install/kinova_gen3_7dof_robotiq_2f_85_moveit_config/share/kinova_gen3_7dof_robotiq_2f_85_moveit_config/package.dsv'
[3.665s] INFO:colcon.colcon_core.shell:Creating package script '/home/rama/Documents/code/Docker/moonshot_project/ros2_ws/install/kinova_gen3_7dof_robotiq_2f_85_moveit_config/share/kinova_gen3_7dof_robotiq_2f_85_moveit_config/package.sh'
[3.666s] INFO:colcon.colcon_core.shell:Creating package script '/home/rama/Documents/code/Docker/moonshot_project/ros2_ws/install/kinova_gen3_7dof_robotiq_2f_85_moveit_config/share/kinova_gen3_7dof_robotiq_2f_85_moveit_config/package.bash'
[3.666s] INFO:colcon.colcon_core.shell:Creating package script '/home/rama/Documents/code/Docker/moonshot_project/ros2_ws/install/kinova_gen3_7dof_robotiq_2f_85_moveit_config/share/kinova_gen3_7dof_robotiq_2f_85_moveit_config/package.zsh'
[3.666s] Level 1:colcon.colcon_core.environment:create_file_with_runtime_dependencies(/home/rama/Documents/code/Docker/moonshot_project/ros2_ws/install/kinova_gen3_7dof_robotiq_2f_85_moveit_config/share/colcon-core/packages/kinova_gen3_7dof_robotiq_2f_85_moveit_config)
[4.086s] DEBUG:colcon.colcon_core.event_handler.log_command:Invoked command in '/home/rama/Documents/code/Docker/moonshot_project/ros2_ws/build/moving_table_interfaces' returned '0': CMAKE_PREFIX_PATH=${CMAKE_PREFIX_PATH}:/home/rama/Documents/code/Docker/moonshot_project/ros2_ws/install/moving_table_pkg:/opt/ros/humble /usr/bin/cmake /home/rama/Documents/code/Docker/moonshot_project/ros2_ws/src/moving_table_interfaces -DROS_EDITION=ROS2 -DHUMBLE_ROS=humble -DCMAKE_INSTALL_PREFIX=/home/rama/Documents/code/Docker/moonshot_project/ros2_ws/install/moving_table_interfaces
[4.087s] DEBUG:colcon.colcon_core.event_handler.log_command:Invoking command in '/home/rama/Documents/code/Docker/moonshot_project/ros2_ws/build/moving_table_interfaces': CMAKE_PREFIX_PATH=${CMAKE_PREFIX_PATH}:/home/rama/Documents/code/Docker/moonshot_project/ros2_ws/install/moving_table_pkg:/opt/ros/humble /usr/bin/cmake --build /home/rama/Documents/code/Docker/moonshot_project/ros2_ws/build/moving_table_interfaces -- -j16 -l16
[5.733s] DEBUG:colcon.colcon_core.event_handler.log_command:Invoked command in '/home/rama/Documents/code/Docker/moonshot_project/ros2_ws/build/moving_table_interfaces' returned '0': CMAKE_PREFIX_PATH=${CMAKE_PREFIX_PATH}:/home/rama/Documents/code/Docker/moonshot_project/ros2_ws/install/moving_table_pkg:/opt/ros/humble /usr/bin/cmake --build /home/rama/Documents/code/Docker/moonshot_project/ros2_ws/build/moving_table_interfaces -- -j16 -l16
[5.734s] DEBUG:colcon.colcon_core.event_handler.log_command:Invoking command in '/home/rama/Documents/code/Docker/moonshot_project/ros2_ws/build/moving_table_interfaces': CMAKE_PREFIX_PATH=${CMAKE_PREFIX_PATH}:/home/rama/Documents/code/Docker/moonshot_project/ros2_ws/install/moving_table_pkg:/opt/ros/humble /usr/bin/cmake --install /home/rama/Documents/code/Docker/moonshot_project/ros2_ws/build/moving_table_interfaces
[5.779s] Level 1:colcon.colcon_core.environment:create_environment_scripts_only(moving_table_interfaces)
[5.780s] DEBUG:colcon.colcon_core.event_handler.log_command:Invoked command in '/home/rama/Documents/code/Docker/moonshot_project/ros2_ws/build/moving_table_interfaces' returned '0': CMAKE_PREFIX_PATH=${CMAKE_PREFIX_PATH}:/home/rama/Documents/code/Docker/moonshot_project/ros2_ws/install/moving_table_pkg:/opt/ros/humble /usr/bin/cmake --install /home/rama/Documents/code/Docker/moonshot_project/ros2_ws/build/moving_table_interfaces
[5.780s] Level 1:colcon.colcon_core.environment:checking '/home/rama/Documents/code/Docker/moonshot_project/ros2_ws/install/moving_table_interfaces' for CMake module files
[5.781s] Level 1:colcon.colcon_core.environment:checking '/home/rama/Documents/code/Docker/moonshot_project/ros2_ws/install/moving_table_interfaces' for CMake config files
[5.781s] Level 1:colcon.colcon_core.shell:create_environment_hook('moving_table_interfaces', 'cmake_prefix_path')
[5.781s] INFO:colcon.colcon_core.shell:Creating environment hook '/home/rama/Documents/code/Docker/moonshot_project/ros2_ws/install/moving_table_interfaces/share/moving_table_interfaces/hook/cmake_prefix_path.ps1'
[5.781s] INFO:colcon.colcon_core.shell:Creating environment descriptor '/home/rama/Documents/code/Docker/moonshot_project/ros2_ws/install/moving_table_interfaces/share/moving_table_interfaces/hook/cmake_prefix_path.dsv'
[5.782s] INFO:colcon.colcon_core.shell:Creating environment hook '/home/rama/Documents/code/Docker/moonshot_project/ros2_ws/install/moving_table_interfaces/share/moving_table_interfaces/hook/cmake_prefix_path.sh'
[5.782s] Level 1:colcon.colcon_core.environment:checking '/home/rama/Documents/code/Docker/moonshot_project/ros2_ws/install/moving_table_interfaces/lib'
[5.782s] Level 1:colcon.colcon_core.shell:create_environment_hook('moving_table_interfaces', 'ld_library_path_lib')
[5.782s] INFO:colcon.colcon_core.shell:Creating environment hook '/home/rama/Documents/code/Docker/moonshot_project/ros2_ws/install/moving_table_interfaces/share/moving_table_interfaces/hook/ld_library_path_lib.ps1'
[5.782s] INFO:colcon.colcon_core.shell:Creating environment descriptor '/home/rama/Documents/code/Docker/moonshot_project/ros2_ws/install/moving_table_interfaces/share/moving_table_interfaces/hook/ld_library_path_lib.dsv'
[5.782s] INFO:colcon.colcon_core.shell:Creating environment hook '/home/rama/Documents/code/Docker/moonshot_project/ros2_ws/install/moving_table_interfaces/share/moving_table_interfaces/hook/ld_library_path_lib.sh'
[5.783s] Level 1:colcon.colcon_core.environment:checking '/home/rama/Documents/code/Docker/moonshot_project/ros2_ws/install/moving_table_interfaces/bin'
[5.783s] Level 1:colcon.colcon_core.environment:checking '/home/rama/Documents/code/Docker/moonshot_project/ros2_ws/install/moving_table_interfaces/lib/pkgconfig/moving_table_interfaces.pc'
[5.783s] Level 1:colcon.colcon_core.environment:checking '/home/rama/Documents/code/Docker/moonshot_project/ros2_ws/install/moving_table_interfaces/lib/python3.10/site-packages'
[5.783s] Level 1:colcon.colcon_core.environment:checking '/home/rama/Documents/code/Docker/moonshot_project/ros2_ws/install/moving_table_interfaces/bin'
[5.783s] INFO:colcon.colcon_core.shell:Creating package script '/home/rama/Documents/code/Docker/moonshot_project/ros2_ws/install/moving_table_interfaces/share/moving_table_interfaces/package.ps1'
[5.784s] INFO:colcon.colcon_core.shell:Creating package descriptor '/home/rama/Documents/code/Docker/moonshot_project/ros2_ws/install/moving_table_interfaces/share/moving_table_interfaces/package.dsv'
[5.784s] INFO:colcon.colcon_core.shell:Creating package script '/home/rama/Documents/code/Docker/moonshot_project/ros2_ws/install/moving_table_interfaces/share/moving_table_interfaces/package.sh'
[5.784s] INFO:colcon.colcon_core.shell:Creating package script '/home/rama/Documents/code/Docker/moonshot_project/ros2_ws/install/moving_table_interfaces/share/moving_table_interfaces/package.bash'
[5.784s] INFO:colcon.colcon_core.shell:Creating package script '/home/rama/Documents/code/Docker/moonshot_project/ros2_ws/install/moving_table_interfaces/share/moving_table_interfaces/package.zsh'
[5.784s] Level 1:colcon.colcon_core.environment:create_file_with_runtime_dependencies(/home/rama/Documents/code/Docker/moonshot_project/ros2_ws/install/moving_table_interfaces/share/colcon-core/packages/moving_table_interfaces)
[5.785s] Level 1:colcon.colcon_core.environment:create_environment_scripts_only(moving_table_interfaces)
[5.785s] Level 1:colcon.colcon_core.environment:checking '/home/rama/Documents/code/Docker/moonshot_project/ros2_ws/install/moving_table_interfaces' for CMake module files
[5.785s] Level 1:colcon.colcon_core.environment:checking '/home/rama/Documents/code/Docker/moonshot_project/ros2_ws/install/moving_table_interfaces' for CMake config files
[5.786s] Level 1:colcon.colcon_core.shell:create_environment_hook('moving_table_interfaces', 'cmake_prefix_path')
[5.786s] INFO:colcon.colcon_core.shell:Creating environment hook '/home/rama/Documents/code/Docker/moonshot_project/ros2_ws/install/moving_table_interfaces/share/moving_table_interfaces/hook/cmake_prefix_path.ps1'
[5.789s] INFO:colcon.colcon_core.shell:Creating environment descriptor '/home/rama/Documents/code/Docker/moonshot_project/ros2_ws/install/moving_table_interfaces/share/moving_table_interfaces/hook/cmake_prefix_path.dsv'
[5.794s] INFO:colcon.colcon_core.shell:Creating environment hook '/home/rama/Documents/code/Docker/moonshot_project/ros2_ws/install/moving_table_interfaces/share/moving_table_interfaces/hook/cmake_prefix_path.sh'
[5.799s] Level 1:colcon.colcon_core.environment:checking '/home/rama/Documents/code/Docker/moonshot_project/ros2_ws/install/moving_table_interfaces/lib'
[5.799s] Level 1:colcon.colcon_core.shell:create_environment_hook('moving_table_interfaces', 'ld_library_path_lib')
[5.799s] INFO:colcon.colcon_core.shell:Creating environment hook '/home/rama/Documents/code/Docker/moonshot_project/ros2_ws/install/moving_table_interfaces/share/moving_table_interfaces/hook/ld_library_path_lib.ps1'
[5.804s] INFO:colcon.colcon_core.shell:Creating environment descriptor '/home/rama/Documents/code/Docker/moonshot_project/ros2_ws/install/moving_table_interfaces/share/moving_table_interfaces/hook/ld_library_path_lib.dsv'
[5.809s] INFO:colcon.colcon_core.shell:Creating environment hook '/home/rama/Documents/code/Docker/moonshot_project/ros2_ws/install/moving_table_interfaces/share/moving_table_interfaces/hook/ld_library_path_lib.sh'
[5.814s] Level 1:colcon.colcon_core.environment:checking '/home/rama/Documents/code/Docker/moonshot_project/ros2_ws/install/moving_table_interfaces/bin'
[5.814s] Level 1:colcon.colcon_core.environment:checking '/home/rama/Documents/code/Docker/moonshot_project/ros2_ws/install/moving_table_interfaces/lib/pkgconfig/moving_table_interfaces.pc'
[5.814s] Level 1:colcon.colcon_core.environment:checking '/home/rama/Documents/code/Docker/moonshot_project/ros2_ws/install/moving_table_interfaces/lib/python3.10/site-packages'
[5.814s] Level 1:colcon.colcon_core.environment:checking '/home/rama/Documents/code/Docker/moonshot_project/ros2_ws/install/moving_table_interfaces/bin'
[5.815s] INFO:colcon.colcon_core.shell:Creating package script '/home/rama/Documents/code/Docker/moonshot_project/ros2_ws/install/moving_table_interfaces/share/moving_table_interfaces/package.ps1'
[5.815s] INFO:colcon.colcon_core.shell:Creating package descriptor '/home/rama/Documents/code/Docker/moonshot_project/ros2_ws/install/moving_table_interfaces/share/moving_table_interfaces/package.dsv'
[5.815s] INFO:colcon.colcon_core.shell:Creating package script '/home/rama/Documents/code/Docker/moonshot_project/ros2_ws/install/moving_table_interfaces/share/moving_table_interfaces/package.sh'
[5.819s] INFO:colcon.colcon_core.shell:Creating package script '/home/rama/Documents/code/Docker/moonshot_project/ros2_ws/install/moving_table_interfaces/share/moving_table_interfaces/package.bash'
[5.819s] INFO:colcon.colcon_core.shell:Creating package script '/home/rama/Documents/code/Docker/moonshot_project/ros2_ws/install/moving_table_interfaces/share/moving_table_interfaces/package.zsh'
[5.820s] Level 1:colcon.colcon_core.environment:create_file_with_runtime_dependencies(/home/rama/Documents/code/Docker/moonshot_project/ros2_ws/install/moving_table_interfaces/share/colcon-core/packages/moving_table_interfaces)
[8.012s] DEBUG:colcon.colcon_core.event_handler.log_command:Invoked command in '/home/rama/Documents/code/Docker/moonshot_project/ros2_ws/build/livox_ros_driver2' returned '0': CMAKE_PREFIX_PATH=${CMAKE_PREFIX_PATH}:/home/rama/Documents/code/Docker/moonshot_project/ros2_ws/install/moving_table_pkg:/opt/ros/humble /usr/bin/cmake /home/rama/Documents/code/Docker/moonshot_project/ros2_ws/src/livox_ros_driver2 -DROS_EDITION=ROS2 -DHUMBLE_ROS=humble -DCMAKE_INSTALL_PREFIX=/home/rama/Documents/code/Docker/moonshot_project/ros2_ws/install/livox_ros_driver2
[8.014s] DEBUG:colcon.colcon_core.event_handler.log_command:Invoking command in '/home/rama/Documents/code/Docker/moonshot_project/ros2_ws/build/livox_ros_driver2': CMAKE_PREFIX_PATH=${CMAKE_PREFIX_PATH}:/home/rama/Documents/code/Docker/moonshot_project/ros2_ws/install/moving_table_pkg:/opt/ros/humble /usr/bin/cmake --build /home/rama/Documents/code/Docker/moonshot_project/ros2_ws/build/livox_ros_driver2 -- -j16 -l16
[15.250s] DEBUG:colcon.colcon_core.event_handler.log_command:Invoked command in '/home/rama/Documents/code/Docker/moonshot_project/ros2_ws/build/livox_ros_driver2' returned '0': CMAKE_PREFIX_PATH=${CMAKE_PREFIX_PATH}:/home/rama/Documents/code/Docker/moonshot_project/ros2_ws/install/moving_table_pkg:/opt/ros/humble /usr/bin/cmake --build /home/rama/Documents/code/Docker/moonshot_project/ros2_ws/build/livox_ros_driver2 -- -j16 -l16
[15.252s] DEBUG:colcon.colcon_core.event_handler.log_command:Invoking command in '/home/rama/Documents/code/Docker/moonshot_project/ros2_ws/build/livox_ros_driver2': CMAKE_PREFIX_PATH=${CMAKE_PREFIX_PATH}:/home/rama/Documents/code/Docker/moonshot_project/ros2_ws/install/moving_table_pkg:/opt/ros/humble /usr/bin/cmake --install /home/rama/Documents/code/Docker/moonshot_project/ros2_ws/build/livox_ros_driver2
[15.300s] Level 1:colcon.colcon_core.environment:create_environment_scripts_only(livox_ros_driver2)
[15.300s] Level 1:colcon.colcon_core.environment:checking '/home/rama/Documents/code/Docker/moonshot_project/ros2_ws/install/livox_ros_driver2' for CMake module files
[15.300s] DEBUG:colcon.colcon_core.event_handler.log_command:Invoked command in '/home/rama/Documents/code/Docker/moonshot_project/ros2_ws/build/livox_ros_driver2' returned '0': CMAKE_PREFIX_PATH=${CMAKE_PREFIX_PATH}:/home/rama/Documents/code/Docker/moonshot_project/ros2_ws/install/moving_table_pkg:/opt/ros/humble /usr/bin/cmake --install /home/rama/Documents/code/Docker/moonshot_project/ros2_ws/build/livox_ros_driver2
[15.301s] Level 1:colcon.colcon_core.environment:checking '/home/rama/Documents/code/Docker/moonshot_project/ros2_ws/install/livox_ros_driver2' for CMake config files
[15.301s] Level 1:colcon.colcon_core.shell:create_environment_hook('livox_ros_driver2', 'cmake_prefix_path')
[15.301s] INFO:colcon.colcon_core.shell:Creating environment hook '/home/rama/Documents/code/Docker/moonshot_project/ros2_ws/install/livox_ros_driver2/share/livox_ros_driver2/hook/cmake_prefix_path.ps1'
[15.302s] INFO:colcon.colcon_core.shell:Creating environment descriptor '/home/rama/Documents/code/Docker/moonshot_project/ros2_ws/install/livox_ros_driver2/share/livox_ros_driver2/hook/cmake_prefix_path.dsv'
[15.302s] INFO:colcon.colcon_core.shell:Creating environment hook '/home/rama/Documents/code/Docker/moonshot_project/ros2_ws/install/livox_ros_driver2/share/livox_ros_driver2/hook/cmake_prefix_path.sh'
[15.302s] Level 1:colcon.colcon_core.environment:checking '/home/rama/Documents/code/Docker/moonshot_project/ros2_ws/install/livox_ros_driver2/lib'
[15.302s] Level 1:colcon.colcon_core.shell:create_environment_hook('livox_ros_driver2', 'ld_library_path_lib')
[15.302s] INFO:colcon.colcon_core.shell:Creating environment hook '/home/rama/Documents/code/Docker/moonshot_project/ros2_ws/install/livox_ros_driver2/share/livox_ros_driver2/hook/ld_library_path_lib.ps1'
[15.303s] INFO:colcon.colcon_core.shell:Creating environment descriptor '/home/rama/Documents/code/Docker/moonshot_project/ros2_ws/install/livox_ros_driver2/share/livox_ros_driver2/hook/ld_library_path_lib.dsv'
[15.303s] INFO:colcon.colcon_core.shell:Creating environment hook '/home/rama/Documents/code/Docker/moonshot_project/ros2_ws/install/livox_ros_driver2/share/livox_ros_driver2/hook/ld_library_path_lib.sh'
[15.303s] Level 1:colcon.colcon_core.environment:checking '/home/rama/Documents/code/Docker/moonshot_project/ros2_ws/install/livox_ros_driver2/bin'
[15.303s] Level 1:colcon.colcon_core.environment:checking '/home/rama/Documents/code/Docker/moonshot_project/ros2_ws/install/livox_ros_driver2/lib/pkgconfig/livox_ros_driver2.pc'
[15.303s] Level 1:colcon.colcon_core.environment:checking '/home/rama/Documents/code/Docker/moonshot_project/ros2_ws/install/livox_ros_driver2/lib/python3.10/site-packages'
[15.303s] Level 1:colcon.colcon_core.environment:checking '/home/rama/Documents/code/Docker/moonshot_project/ros2_ws/install/livox_ros_driver2/bin'
[15.303s] INFO:colcon.colcon_core.shell:Creating package script '/home/rama/Documents/code/Docker/moonshot_project/ros2_ws/install/livox_ros_driver2/share/livox_ros_driver2/package.ps1'
[15.304s] INFO:colcon.colcon_core.shell:Creating package descriptor '/home/rama/Documents/code/Docker/moonshot_project/ros2_ws/install/livox_ros_driver2/share/livox_ros_driver2/package.dsv'
[15.304s] INFO:colcon.colcon_core.shell:Creating package script '/home/rama/Documents/code/Docker/moonshot_project/ros2_ws/install/livox_ros_driver2/share/livox_ros_driver2/package.sh'
[15.304s] INFO:colcon.colcon_core.shell:Creating package script '/home/rama/Documents/code/Docker/moonshot_project/ros2_ws/install/livox_ros_driver2/share/livox_ros_driver2/package.bash'
[15.304s] INFO:colcon.colcon_core.shell:Creating package script '/home/rama/Documents/code/Docker/moonshot_project/ros2_ws/install/livox_ros_driver2/share/livox_ros_driver2/package.zsh'
[15.305s] Level 1:colcon.colcon_core.environment:create_file_with_runtime_dependencies(/home/rama/Documents/code/Docker/moonshot_project/ros2_ws/install/livox_ros_driver2/share/colcon-core/packages/livox_ros_driver2)
[15.305s] Level 1:colcon.colcon_core.environment:create_environment_scripts_only(livox_ros_driver2)
[15.305s] Level 1:colcon.colcon_core.environment:checking '/home/rama/Documents/code/Docker/moonshot_project/ros2_ws/install/livox_ros_driver2' for CMake module files
[15.306s] Level 1:colcon.colcon_core.environment:checking '/home/rama/Documents/code/Docker/moonshot_project/ros2_ws/install/livox_ros_driver2' for CMake config files
[15.306s] Level 1:colcon.colcon_core.shell:create_environment_hook('livox_ros_driver2', 'cmake_prefix_path')
[15.306s] INFO:colcon.colcon_core.shell:Creating environment hook '/home/rama/Documents/code/Docker/moonshot_project/ros2_ws/install/livox_ros_driver2/share/livox_ros_driver2/hook/cmake_prefix_path.ps1'
[15.306s] INFO:colcon.colcon_core.shell:Creating environment descriptor '/home/rama/Documents/code/Docker/moonshot_project/ros2_ws/install/livox_ros_driver2/share/livox_ros_driver2/hook/cmake_prefix_path.dsv'
[15.306s] INFO:colcon.colcon_core.shell:Creating environment hook '/home/rama/Documents/code/Docker/moonshot_project/ros2_ws/install/livox_ros_driver2/share/livox_ros_driver2/hook/cmake_prefix_path.sh'
[15.307s] Level 1:colcon.colcon_core.environment:checking '/home/rama/Documents/code/Docker/moonshot_project/ros2_ws/install/livox_ros_driver2/lib'
[15.307s] Level 1:colcon.colcon_core.shell:create_environment_hook('livox_ros_driver2', 'ld_library_path_lib')
[15.307s] INFO:colcon.colcon_core.shell:Creating environment hook '/home/rama/Documents/code/Docker/moonshot_project/ros2_ws/install/livox_ros_driver2/share/livox_ros_driver2/hook/ld_library_path_lib.ps1'
[15.307s] INFO:colcon.colcon_core.shell:Creating environment descriptor '/home/rama/Documents/code/Docker/moonshot_project/ros2_ws/install/livox_ros_driver2/share/livox_ros_driver2/hook/ld_library_path_lib.dsv'
[15.307s] INFO:colcon.colcon_core.shell:Creating environment hook '/home/rama/Documents/code/Docker/moonshot_project/ros2_ws/install/livox_ros_driver2/share/livox_ros_driver2/hook/ld_library_path_lib.sh'
[15.308s] Level 1:colcon.colcon_core.environment:checking '/home/rama/Documents/code/Docker/moonshot_project/ros2_ws/install/livox_ros_driver2/bin'
[15.308s] Level 1:colcon.colcon_core.environment:checking '/home/rama/Documents/code/Docker/moonshot_project/ros2_ws/install/livox_ros_driver2/lib/pkgconfig/livox_ros_driver2.pc'
[15.308s] Level 1:colcon.colcon_core.environment:checking '/home/rama/Documents/code/Docker/moonshot_project/ros2_ws/install/livox_ros_driver2/lib/python3.10/site-packages'
[15.308s] Level 1:colcon.colcon_core.environment:checking '/home/rama/Documents/code/Docker/moonshot_project/ros2_ws/install/livox_ros_driver2/bin'
[15.308s] INFO:colcon.colcon_core.shell:Creating package script '/home/rama/Documents/code/Docker/moonshot_project/ros2_ws/install/livox_ros_driver2/share/livox_ros_driver2/package.ps1'
[15.308s] INFO:colcon.colcon_core.shell:Creating package descriptor '/home/rama/Documents/code/Docker/moonshot_project/ros2_ws/install/livox_ros_driver2/share/livox_ros_driver2/package.dsv'
[15.309s] INFO:colcon.colcon_core.shell:Creating package script '/home/rama/Documents/code/Docker/moonshot_project/ros2_ws/install/livox_ros_driver2/share/livox_ros_driver2/package.sh'
[15.309s] INFO:colcon.colcon_core.shell:Creating package script '/home/rama/Documents/code/Docker/moonshot_project/ros2_ws/install/livox_ros_driver2/share/livox_ros_driver2/package.bash'
[15.309s] INFO:colcon.colcon_core.shell:Creating package script '/home/rama/Documents/code/Docker/moonshot_project/ros2_ws/install/livox_ros_driver2/share/livox_ros_driver2/package.zsh'
[15.309s] Level 1:colcon.colcon_core.environment:create_file_with_runtime_dependencies(/home/rama/Documents/code/Docker/moonshot_project/ros2_ws/install/livox_ros_driver2/share/colcon-core/packages/livox_ros_driver2)
[15.332s] DEBUG:colcon.colcon_core.event_handler.log_command:Invoked command in '/home/rama/Documents/code/Docker/moonshot_project/ros2_ws/build/kortex_api' returned '0': CMAKE_PREFIX_PATH=${CMAKE_PREFIX_PATH}:/home/rama/Documents/code/Docker/moonshot_project/ros2_ws/install/moving_table_pkg:/opt/ros/humble /usr/bin/cmake /home/rama/Documents/code/Docker/moonshot_project/ros2_ws/src/ros2_kortex/kortex_api -DROS_EDITION=ROS2 -DHUMBLE_ROS=humble -DCMAKE_INSTALL_PREFIX=/home/rama/Documents/code/Docker/moonshot_project/ros2_ws/install/kortex_api
[15.333s] DEBUG:colcon.colcon_core.event_handler.log_command:Invoking command in '/home/rama/Documents/code/Docker/moonshot_project/ros2_ws/build/kortex_api': CMAKE_PREFIX_PATH=${CMAKE_PREFIX_PATH}:/home/rama/Documents/code/Docker/moonshot_project/ros2_ws/install/moving_table_pkg:/opt/ros/humble /usr/bin/cmake --build /home/rama/Documents/code/Docker/moonshot_project/ros2_ws/build/kortex_api -- -j16 -l16
[15.356s] DEBUG:colcon.colcon_core.event_handler.log_command:Invoked command in '/home/rama/Documents/code/Docker/moonshot_project/ros2_ws/build/kortex_api' returned '0': CMAKE_PREFIX_PATH=${CMAKE_PREFIX_PATH}:/home/rama/Documents/code/Docker/moonshot_project/ros2_ws/install/moving_table_pkg:/opt/ros/humble /usr/bin/cmake --build /home/rama/Documents/code/Docker/moonshot_project/ros2_ws/build/kortex_api -- -j16 -l16
[15.357s] DEBUG:colcon.colcon_core.event_handler.log_command:Invoking command in '/home/rama/Documents/code/Docker/moonshot_project/ros2_ws/build/kortex_api': CMAKE_PREFIX_PATH=${CMAKE_PREFIX_PATH}:/home/rama/Documents/code/Docker/moonshot_project/ros2_ws/install/moving_table_pkg:/opt/ros/humble /usr/bin/cmake --install /home/rama/Documents/code/Docker/moonshot_project/ros2_ws/build/kortex_api
[15.376s] Level 1:colcon.colcon_core.environment:create_environment_scripts_only(kortex_api)
[15.376s] Level 1:colcon.colcon_core.environment:checking '/home/rama/Documents/code/Docker/moonshot_project/ros2_ws/install/kortex_api' for CMake module files
[15.376s] DEBUG:colcon.colcon_core.event_handler.log_command:Invoked command in '/home/rama/Documents/code/Docker/moonshot_project/ros2_ws/build/kortex_api' returned '0': CMAKE_PREFIX_PATH=${CMAKE_PREFIX_PATH}:/home/rama/Documents/code/Docker/moonshot_project/ros2_ws/install/moving_table_pkg:/opt/ros/humble /usr/bin/cmake --install /home/rama/Documents/code/Docker/moonshot_project/ros2_ws/build/kortex_api
[15.376s] Level 1:colcon.colcon_core.environment:checking '/home/rama/Documents/code/Docker/moonshot_project/ros2_ws/install/kortex_api' for CMake config files
[15.377s] Level 1:colcon.colcon_core.shell:create_environment_hook('kortex_api', 'cmake_prefix_path')
[15.377s] INFO:colcon.colcon_core.shell:Creating environment hook '/home/rama/Documents/code/Docker/moonshot_project/ros2_ws/install/kortex_api/share/kortex_api/hook/cmake_prefix_path.ps1'
[15.377s] INFO:colcon.colcon_core.shell:Creating environment descriptor '/home/rama/Documents/code/Docker/moonshot_project/ros2_ws/install/kortex_api/share/kortex_api/hook/cmake_prefix_path.dsv'
[15.377s] INFO:colcon.colcon_core.shell:Creating environment hook '/home/rama/Documents/code/Docker/moonshot_project/ros2_ws/install/kortex_api/share/kortex_api/hook/cmake_prefix_path.sh'
[15.378s] Level 1:colcon.colcon_core.environment:checking '/home/rama/Documents/code/Docker/moonshot_project/ros2_ws/install/kortex_api/bin'
[15.378s] Level 1:colcon.colcon_core.environment:checking '/home/rama/Documents/code/Docker/moonshot_project/ros2_ws/install/kortex_api/lib/pkgconfig/kortex_api.pc'
[15.378s] Level 1:colcon.colcon_core.environment:checking '/home/rama/Documents/code/Docker/moonshot_project/ros2_ws/install/kortex_api/lib/python3.10/site-packages'
[15.378s] Level 1:colcon.colcon_core.environment:checking '/home/rama/Documents/code/Docker/moonshot_project/ros2_ws/install/kortex_api/bin'
[15.378s] INFO:colcon.colcon_core.shell:Creating package script '/home/rama/Documents/code/Docker/moonshot_project/ros2_ws/install/kortex_api/share/kortex_api/package.ps1'
[15.379s] INFO:colcon.colcon_core.shell:Creating package descriptor '/home/rama/Documents/code/Docker/moonshot_project/ros2_ws/install/kortex_api/share/kortex_api/package.dsv'
[15.379s] INFO:colcon.colcon_core.shell:Creating package script '/home/rama/Documents/code/Docker/moonshot_project/ros2_ws/install/kortex_api/share/kortex_api/package.sh'
[15.379s] INFO:colcon.colcon_core.shell:Creating package script '/home/rama/Documents/code/Docker/moonshot_project/ros2_ws/install/kortex_api/share/kortex_api/package.bash'
[15.379s] INFO:colcon.colcon_core.shell:Creating package script '/home/rama/Documents/code/Docker/moonshot_project/ros2_ws/install/kortex_api/share/kortex_api/package.zsh'
[15.379s] Level 1:colcon.colcon_core.environment:create_file_with_runtime_dependencies(/home/rama/Documents/code/Docker/moonshot_project/ros2_ws/install/kortex_api/share/colcon-core/packages/kortex_api)
[15.380s] Level 1:colcon.colcon_core.environment:create_environment_scripts_only(kortex_api)
[15.380s] Level 1:colcon.colcon_core.environment:checking '/home/rama/Documents/code/Docker/moonshot_project/ros2_ws/install/kortex_api' for CMake module files
[15.380s] Level 1:colcon.colcon_core.environment:checking '/home/rama/Documents/code/Docker/moonshot_project/ros2_ws/install/kortex_api' for CMake config files
[15.380s] Level 1:colcon.colcon_core.shell:create_environment_hook('kortex_api', 'cmake_prefix_path')
[15.381s] INFO:colcon.colcon_core.shell:Creating environment hook '/home/rama/Documents/code/Docker/moonshot_project/ros2_ws/install/kortex_api/share/kortex_api/hook/cmake_prefix_path.ps1'
[15.381s] INFO:colcon.colcon_core.shell:Creating environment descriptor '/home/rama/Documents/code/Docker/moonshot_project/ros2_ws/install/kortex_api/share/kortex_api/hook/cmake_prefix_path.dsv'
[15.381s] INFO:colcon.colcon_core.shell:Creating environment hook '/home/rama/Documents/code/Docker/moonshot_project/ros2_ws/install/kortex_api/share/kortex_api/hook/cmake_prefix_path.sh'
[15.381s] Level 1:colcon.colcon_core.environment:checking '/home/rama/Documents/code/Docker/moonshot_project/ros2_ws/install/kortex_api/bin'
[15.381s] Level 1:colcon.colcon_core.environment:checking '/home/rama/Documents/code/Docker/moonshot_project/ros2_ws/install/kortex_api/lib/pkgconfig/kortex_api.pc'
[15.381s] Level 1:colcon.colcon_core.environment:checking '/home/rama/Documents/code/Docker/moonshot_project/ros2_ws/install/kortex_api/lib/python3.10/site-packages'
[15.382s] Level 1:colcon.colcon_core.environment:checking '/home/rama/Documents/code/Docker/moonshot_project/ros2_ws/install/kortex_api/bin'
[15.382s] INFO:colcon.colcon_core.shell:Creating package script '/home/rama/Documents/code/Docker/moonshot_project/ros2_ws/install/kortex_api/share/kortex_api/package.ps1'
[15.382s] INFO:colcon.colcon_core.shell:Creating package descriptor '/home/rama/Documents/code/Docker/moonshot_project/ros2_ws/install/kortex_api/share/kortex_api/package.dsv'
[15.382s] INFO:colcon.colcon_core.shell:Creating package script '/home/rama/Documents/code/Docker/moonshot_project/ros2_ws/install/kortex_api/share/kortex_api/package.sh'
[15.383s] INFO:colcon.colcon_core.shell:Creating package script '/home/rama/Documents/code/Docker/moonshot_project/ros2_ws/install/kortex_api/share/kortex_api/package.bash'
[15.383s] INFO:colcon.colcon_core.shell:Creating package script '/home/rama/Documents/code/Docker/moonshot_project/ros2_ws/install/kortex_api/share/kortex_api/package.zsh'
[15.383s] Level 1:colcon.colcon_core.environment:create_file_with_runtime_dependencies(/home/rama/Documents/code/Docker/moonshot_project/ros2_ws/install/kortex_api/share/colcon-core/packages/kortex_api)
[15.383s] INFO:colcon.colcon_ros.task.ament_cmake.build:Building ROS package in '/home/rama/Documents/code/Docker/moonshot_project/ros2_ws/src/ros2_kortex/kortex_driver' with build type 'ament_cmake'
[15.383s] INFO:colcon.colcon_cmake.task.cmake.build:Building CMake package in '/home/rama/Documents/code/Docker/moonshot_project/ros2_ws/src/ros2_kortex/kortex_driver'
[15.384s] INFO:colcon.colcon_core.shell:Skip shell extension 'powershell' for command environment: Not usable outside of PowerShell
[15.384s] DEBUG:colcon.colcon_core.shell:Skip shell extension 'dsv' for command environment
[15.389s] DEBUG:colcon.colcon_core.event_handler.log_command:Invoking command in '/home/rama/Documents/code/Docker/moonshot_project/ros2_ws/build/kortex_driver': CMAKE_PREFIX_PATH=/home/rama/Documents/code/Docker/moonshot_project/ros2_ws/install/kortex_api:/home/rama/Documents/code/Docker/moonshot_project/ros2_ws/install/moving_table_interfaces:/home/rama/Documents/code/Docker/moonshot_project/ros2_ws/install/livox_ros_driver2:/home/rama/Documents/code/Docker/moonshot_project/ros2_ws/install/kortex_bringup:/home/rama/Documents/code/Docker/moonshot_project/ros2_ws/install/kortex_driver:/home/rama/Documents/code/Docker/moonshot_project/ros2_ws/install/kinova_gen3_lite_moveit_config:/home/rama/Documents/code/Docker/moonshot_project/ros2_ws/install/kinova_gen3_7dof_robotiq_2f_85_moveit_config:/home/rama/Documents/code/Docker/moonshot_project/ros2_ws/install/kinova_gen3_6dof_robotiq_2f_85_moveit_config:/home/rama/Documents/code/Docker/moonshot_project/ros2_ws/install/kortex_description:/opt/openrobots:/opt/openrobots:/home/rama/Documents/code/Docker/moonshot_project/ros2_ws/install/moving_table_pkg:/opt/ros/humble /usr/bin/cmake /home/rama/Documents/code/Docker/moonshot_project/ros2_ws/src/ros2_kortex/kortex_driver -DROS_EDITION=ROS2 -DHUMBLE_ROS=humble -DCMAKE_INSTALL_PREFIX=/home/rama/Documents/code/Docker/moonshot_project/ros2_ws/install/kortex_driver
[30.571s] DEBUG:colcon.colcon_core.event_handler.log_command:Invoked command in '/home/rama/Documents/code/Docker/moonshot_project/ros2_ws/build/kortex_driver' returned '0': CMAKE_PREFIX_PATH=/home/rama/Documents/code/Docker/moonshot_project/ros2_ws/install/kortex_api:/home/rama/Documents/code/Docker/moonshot_project/ros2_ws/install/moving_table_interfaces:/home/rama/Documents/code/Docker/moonshot_project/ros2_ws/install/livox_ros_driver2:/home/rama/Documents/code/Docker/moonshot_project/ros2_ws/install/kortex_bringup:/home/rama/Documents/code/Docker/moonshot_project/ros2_ws/install/kortex_driver:/home/rama/Documents/code/Docker/moonshot_project/ros2_ws/install/kinova_gen3_lite_moveit_config:/home/rama/Documents/code/Docker/moonshot_project/ros2_ws/install/kinova_gen3_7dof_robotiq_2f_85_moveit_config:/home/rama/Documents/code/Docker/moonshot_project/ros2_ws/install/kinova_gen3_6dof_robotiq_2f_85_moveit_config:/home/rama/Documents/code/Docker/moonshot_project/ros2_ws/install/kortex_description:/opt/openrobots:/opt/openrobots:/home/rama/Documents/code/Docker/moonshot_project/ros2_ws/install/moving_table_pkg:/opt/ros/humble /usr/bin/cmake /home/rama/Documents/code/Docker/moonshot_project/ros2_ws/src/ros2_kortex/kortex_driver -DROS_EDITION=ROS2 -DHUMBLE_ROS=humble -DCMAKE_INSTALL_PREFIX=/home/rama/Documents/code/Docker/moonshot_project/ros2_ws/install/kortex_driver
[30.572s] DEBUG:colcon.colcon_core.event_handler.log_command:Invoking command in '/home/rama/Documents/code/Docker/moonshot_project/ros2_ws/build/kortex_driver': CMAKE_PREFIX_PATH=/home/rama/Documents/code/Docker/moonshot_project/ros2_ws/install/kortex_api:/home/rama/Documents/code/Docker/moonshot_project/ros2_ws/install/moving_table_interfaces:/home/rama/Documents/code/Docker/moonshot_project/ros2_ws/install/livox_ros_driver2:/home/rama/Documents/code/Docker/moonshot_project/ros2_ws/install/kortex_bringup:/home/rama/Documents/code/Docker/moonshot_project/ros2_ws/install/kortex_driver:/home/rama/Documents/code/Docker/moonshot_project/ros2_ws/install/kinova_gen3_lite_moveit_config:/home/rama/Documents/code/Docker/moonshot_project/ros2_ws/install/kinova_gen3_7dof_robotiq_2f_85_moveit_config:/home/rama/Documents/code/Docker/moonshot_project/ros2_ws/install/kinova_gen3_6dof_robotiq_2f_85_moveit_config:/home/rama/Documents/code/Docker/moonshot_project/ros2_ws/install/kortex_description:/opt/openrobots:/opt/openrobots:/home/rama/Documents/code/Docker/moonshot_project/ros2_ws/install/moving_table_pkg:/opt/ros/humble /usr/bin/cmake --build /home/rama/Documents/code/Docker/moonshot_project/ros2_ws/build/kortex_driver -- -j16 -l16
[33.967s] DEBUG:colcon.colcon_core.event_handler.log_command:Invoked command in '/home/rama/Documents/code/Docker/moonshot_project/ros2_ws/build/kortex_driver' returned '0': CMAKE_PREFIX_PATH=/home/rama/Documents/code/Docker/moonshot_project/ros2_ws/install/kortex_api:/home/rama/Documents/code/Docker/moonshot_project/ros2_ws/install/moving_table_interfaces:/home/rama/Documents/code/Docker/moonshot_project/ros2_ws/install/livox_ros_driver2:/home/rama/Documents/code/Docker/moonshot_project/ros2_ws/install/kortex_bringup:/home/rama/Documents/code/Docker/moonshot_project/ros2_ws/install/kortex_driver:/home/rama/Documents/code/Docker/moonshot_project/ros2_ws/install/kinova_gen3_lite_moveit_config:/home/rama/Documents/code/Docker/moonshot_project/ros2_ws/install/kinova_gen3_7dof_robotiq_2f_85_moveit_config:/home/rama/Documents/code/Docker/moonshot_project/ros2_ws/install/kinova_gen3_6dof_robotiq_2f_85_moveit_config:/home/rama/Documents/code/Docker/moonshot_project/ros2_ws/install/kortex_description:/opt/openrobots:/opt/openrobots:/home/rama/Documents/code/Docker/moonshot_project/ros2_ws/install/moving_table_pkg:/opt/ros/humble /usr/bin/cmake --build /home/rama/Documents/code/Docker/moonshot_project/ros2_ws/build/kortex_driver -- -j16 -l16
[33.968s] DEBUG:colcon.colcon_core.event_handler.log_command:Invoking command in '/home/rama/Documents/code/Docker/moonshot_project/ros2_ws/build/kortex_driver': CMAKE_PREFIX_PATH=/home/rama/Documents/code/Docker/moonshot_project/ros2_ws/install/kortex_api:/home/rama/Documents/code/Docker/moonshot_project/ros2_ws/install/moving_table_interfaces:/home/rama/Documents/code/Docker/moonshot_project/ros2_ws/install/livox_ros_driver2:/home/rama/Documents/code/Docker/moonshot_project/ros2_ws/install/kortex_bringup:/home/rama/Documents/code/Docker/moonshot_project/ros2_ws/install/kortex_driver:/home/rama/Documents/code/Docker/moonshot_project/ros2_ws/install/kinova_gen3_lite_moveit_config:/home/rama/Documents/code/Docker/moonshot_project/ros2_ws/install/kinova_gen3_7dof_robotiq_2f_85_moveit_config:/home/rama/Documents/code/Docker/moonshot_project/ros2_ws/install/kinova_gen3_6dof_robotiq_2f_85_moveit_config:/home/rama/Documents/code/Docker/moonshot_project/ros2_ws/install/kortex_description:/opt/openrobots:/opt/openrobots:/home/rama/Documents/code/Docker/moonshot_project/ros2_ws/install/moving_table_pkg:/opt/ros/humble /usr/bin/cmake --install /home/rama/Documents/code/Docker/moonshot_project/ros2_ws/build/kortex_driver
[33.983s] Level 1:colcon.colcon_core.environment:create_environment_scripts_only(kortex_driver)
[33.983s] Level 1:colcon.colcon_core.environment:checking '/home/rama/Documents/code/Docker/moonshot_project/ros2_ws/install/kortex_driver' for CMake module files
[33.983s] DEBUG:colcon.colcon_core.event_handler.log_command:Invoked command in '/home/rama/Documents/code/Docker/moonshot_project/ros2_ws/build/kortex_driver' returned '0': CMAKE_PREFIX_PATH=/home/rama/Documents/code/Docker/moonshot_project/ros2_ws/install/kortex_api:/home/rama/Documents/code/Docker/moonshot_project/ros2_ws/install/moving_table_interfaces:/home/rama/Documents/code/Docker/moonshot_project/ros2_ws/install/livox_ros_driver2:/home/rama/Documents/code/Docker/moonshot_project/ros2_ws/install/kortex_bringup:/home/rama/Documents/code/Docker/moonshot_project/ros2_ws/install/kortex_driver:/home/rama/Documents/code/Docker/moonshot_project/ros2_ws/install/kinova_gen3_lite_moveit_config:/home/rama/Documents/code/Docker/moonshot_project/ros2_ws/install/kinova_gen3_7dof_robotiq_2f_85_moveit_config:/home/rama/Documents/code/Docker/moonshot_project/ros2_ws/install/kinova_gen3_6dof_robotiq_2f_85_moveit_config:/home/rama/Documents/code/Docker/moonshot_project/ros2_ws/install/kortex_description:/opt/openrobots:/opt/openrobots:/home/rama/Documents/code/Docker/moonshot_project/ros2_ws/install/moving_table_pkg:/opt/ros/humble /usr/bin/cmake --install /home/rama/Documents/code/Docker/moonshot_project/ros2_ws/build/kortex_driver
[33.983s] Level 1:colcon.colcon_core.environment:checking '/home/rama/Documents/code/Docker/moonshot_project/ros2_ws/install/kortex_driver' for CMake config files
[33.983s] Level 1:colcon.colcon_core.shell:create_environment_hook('kortex_driver', 'cmake_prefix_path')
[33.983s] INFO:colcon.colcon_core.shell:Creating environment hook '/home/rama/Documents/code/Docker/moonshot_project/ros2_ws/install/kortex_driver/share/kortex_driver/hook/cmake_prefix_path.ps1'
[33.984s] INFO:colcon.colcon_core.shell:Creating environment descriptor '/home/rama/Documents/code/Docker/moonshot_project/ros2_ws/install/kortex_driver/share/kortex_driver/hook/cmake_prefix_path.dsv'
[33.984s] INFO:colcon.colcon_core.shell:Creating environment hook '/home/rama/Documents/code/Docker/moonshot_project/ros2_ws/install/kortex_driver/share/kortex_driver/hook/cmake_prefix_path.sh'
[33.984s] Level 1:colcon.colcon_core.environment:checking '/home/rama/Documents/code/Docker/moonshot_project/ros2_ws/install/kortex_driver/lib'
[33.984s] Level 1:colcon.colcon_core.shell:create_environment_hook('kortex_driver', 'ld_library_path_lib')
[33.984s] INFO:colcon.colcon_core.shell:Creating environment hook '/home/rama/Documents/code/Docker/moonshot_project/ros2_ws/install/kortex_driver/share/kortex_driver/hook/ld_library_path_lib.ps1'
[33.985s] INFO:colcon.colcon_core.shell:Creating environment descriptor '/home/rama/Documents/code/Docker/moonshot_project/ros2_ws/install/kortex_driver/share/kortex_driver/hook/ld_library_path_lib.dsv'
[33.985s] INFO:colcon.colcon_core.shell:Creating environment hook '/home/rama/Documents/code/Docker/moonshot_project/ros2_ws/install/kortex_driver/share/kortex_driver/hook/ld_library_path_lib.sh'
[33.985s] Level 1:colcon.colcon_core.environment:checking '/home/rama/Documents/code/Docker/moonshot_project/ros2_ws/install/kortex_driver/bin'
[33.985s] Level 1:colcon.colcon_core.environment:checking '/home/rama/Documents/code/Docker/moonshot_project/ros2_ws/install/kortex_driver/lib/pkgconfig/kortex_driver.pc'
[33.985s] Level 1:colcon.colcon_core.environment:checking '/home/rama/Documents/code/Docker/moonshot_project/ros2_ws/install/kortex_driver/lib/python3.10/site-packages'
[33.986s] Level 1:colcon.colcon_core.environment:checking '/home/rama/Documents/code/Docker/moonshot_project/ros2_ws/install/kortex_driver/bin'
[33.986s] INFO:colcon.colcon_core.shell:Creating package script '/home/rama/Documents/code/Docker/moonshot_project/ros2_ws/install/kortex_driver/share/kortex_driver/package.ps1'
[33.986s] INFO:colcon.colcon_core.shell:Creating package descriptor '/home/rama/Documents/code/Docker/moonshot_project/ros2_ws/install/kortex_driver/share/kortex_driver/package.dsv'
[33.986s] INFO:colcon.colcon_core.shell:Creating package script '/home/rama/Documents/code/Docker/moonshot_project/ros2_ws/install/kortex_driver/share/kortex_driver/package.sh'
[33.986s] INFO:colcon.colcon_core.shell:Creating package script '/home/rama/Documents/code/Docker/moonshot_project/ros2_ws/install/kortex_driver/share/kortex_driver/package.bash'
[33.987s] INFO:colcon.colcon_core.shell:Creating package script '/home/rama/Documents/code/Docker/moonshot_project/ros2_ws/install/kortex_driver/share/kortex_driver/package.zsh'
[33.987s] Level 1:colcon.colcon_core.environment:create_file_with_runtime_dependencies(/home/rama/Documents/code/Docker/moonshot_project/ros2_ws/install/kortex_driver/share/colcon-core/packages/kortex_driver)
[33.987s] Level 1:colcon.colcon_core.environment:create_environment_scripts_only(kortex_driver)
[33.987s] Level 1:colcon.colcon_core.environment:checking '/home/rama/Documents/code/Docker/moonshot_project/ros2_ws/install/kortex_driver' for CMake module files
[33.988s] Level 1:colcon.colcon_core.environment:checking '/home/rama/Documents/code/Docker/moonshot_project/ros2_ws/install/kortex_driver' for CMake config files
[33.988s] Level 1:colcon.colcon_core.shell:create_environment_hook('kortex_driver', 'cmake_prefix_path')
[33.988s] INFO:colcon.colcon_core.shell:Creating environment hook '/home/rama/Documents/code/Docker/moonshot_project/ros2_ws/install/kortex_driver/share/kortex_driver/hook/cmake_prefix_path.ps1'
[33.988s] INFO:colcon.colcon_core.shell:Creating environment descriptor '/home/rama/Documents/code/Docker/moonshot_project/ros2_ws/install/kortex_driver/share/kortex_driver/hook/cmake_prefix_path.dsv'
[33.988s] INFO:colcon.colcon_core.shell:Creating environment hook '/home/rama/Documents/code/Docker/moonshot_project/ros2_ws/install/kortex_driver/share/kortex_driver/hook/cmake_prefix_path.sh'
[33.988s] Level 1:colcon.colcon_core.environment:checking '/home/rama/Documents/code/Docker/moonshot_project/ros2_ws/install/kortex_driver/lib'
[33.989s] Level 1:colcon.colcon_core.shell:create_environment_hook('kortex_driver', 'ld_library_path_lib')
[33.989s] INFO:colcon.colcon_core.shell:Creating environment hook '/home/rama/Documents/code/Docker/moonshot_project/ros2_ws/install/kortex_driver/share/kortex_driver/hook/ld_library_path_lib.ps1'
[33.989s] INFO:colcon.colcon_core.shell:Creating environment descriptor '/home/rama/Documents/code/Docker/moonshot_project/ros2_ws/install/kortex_driver/share/kortex_driver/hook/ld_library_path_lib.dsv'
[33.989s] INFO:colcon.colcon_core.shell:Creating environment hook '/home/rama/Documents/code/Docker/moonshot_project/ros2_ws/install/kortex_driver/share/kortex_driver/hook/ld_library_path_lib.sh'
[33.989s] Level 1:colcon.colcon_core.environment:checking '/home/rama/Documents/code/Docker/moonshot_project/ros2_ws/install/kortex_driver/bin'
[33.989s] Level 1:colcon.colcon_core.environment:checking '/home/rama/Documents/code/Docker/moonshot_project/ros2_ws/install/kortex_driver/lib/pkgconfig/kortex_driver.pc'
[33.989s] Level 1:colcon.colcon_core.environment:checking '/home/rama/Documents/code/Docker/moonshot_project/ros2_ws/install/kortex_driver/lib/python3.10/site-packages'
[33.990s] Level 1:colcon.colcon_core.environment:checking '/home/rama/Documents/code/Docker/moonshot_project/ros2_ws/install/kortex_driver/bin'
[33.990s] INFO:colcon.colcon_core.shell:Creating package script '/home/rama/Documents/code/Docker/moonshot_project/ros2_ws/install/kortex_driver/share/kortex_driver/package.ps1'
[33.990s] INFO:colcon.colcon_core.shell:Creating package descriptor '/home/rama/Documents/code/Docker/moonshot_project/ros2_ws/install/kortex_driver/share/kortex_driver/package.dsv'
[33.990s] INFO:colcon.colcon_core.shell:Creating package script '/home/rama/Documents/code/Docker/moonshot_project/ros2_ws/install/kortex_driver/share/kortex_driver/package.sh'
[33.991s] INFO:colcon.colcon_core.shell:Creating package script '/home/rama/Documents/code/Docker/moonshot_project/ros2_ws/install/kortex_driver/share/kortex_driver/package.bash'
[33.991s] INFO:colcon.colcon_core.shell:Creating package script '/home/rama/Documents/code/Docker/moonshot_project/ros2_ws/install/kortex_driver/share/kortex_driver/package.zsh'
[33.991s] Level 1:colcon.colcon_core.environment:create_file_with_runtime_dependencies(/home/rama/Documents/code/Docker/moonshot_project/ros2_ws/install/kortex_driver/share/colcon-core/packages/kortex_driver)
[33.991s] INFO:colcon.colcon_ros.task.ament_cmake.build:Building ROS package in '/home/rama/Documents/code/Docker/moonshot_project/ros2_ws/src/ros2_kortex/kortex_bringup' with build type 'ament_cmake'
[33.991s] INFO:colcon.colcon_cmake.task.cmake.build:Building CMake package in '/home/rama/Documents/code/Docker/moonshot_project/ros2_ws/src/ros2_kortex/kortex_bringup'
[33.991s] INFO:colcon.colcon_core.shell:Skip shell extension 'powershell' for command environment: Not usable outside of PowerShell
[33.992s] DEBUG:colcon.colcon_core.shell:Skip shell extension 'dsv' for command environment
[33.999s] DEBUG:colcon.colcon_core.event_handler.log_command:Invoking command in '/home/rama/Documents/code/Docker/moonshot_project/ros2_ws/build/kortex_bringup': CMAKE_PREFIX_PATH=/home/rama/Documents/code/Docker/moonshot_project/ros2_ws/install/kortex_driver:/home/rama/Documents/code/Docker/moonshot_project/ros2_ws/install/kortex_description:/home/rama/Documents/code/Docker/moonshot_project/ros2_ws/install/kortex_api:/home/rama/Documents/code/Docker/moonshot_project/ros2_ws/install/moving_table_interfaces:/home/rama/Documents/code/Docker/moonshot_project/ros2_ws/install/livox_ros_driver2:/home/rama/Documents/code/Docker/moonshot_project/ros2_ws/install/kortex_bringup:/home/rama/Documents/code/Docker/moonshot_project/ros2_ws/install/kinova_gen3_lite_moveit_config:/home/rama/Documents/code/Docker/moonshot_project/ros2_ws/install/kinova_gen3_7dof_robotiq_2f_85_moveit_config:/home/rama/Documents/code/Docker/moonshot_project/ros2_ws/install/kinova_gen3_6dof_robotiq_2f_85_moveit_config:/opt/openrobots:/opt/openrobots:/home/rama/Documents/code/Docker/moonshot_project/ros2_ws/install/moving_table_pkg:/opt/ros/humble LD_LIBRARY_PATH=/home/rama/Documents/code/Docker/moonshot_project/ros2_ws/install/kortex_driver/lib:/home/rama/Documents/code/Docker/moonshot_project/ros2_ws/install/moving_table_interfaces/lib:/home/rama/Documents/code/Docker/moonshot_project/ros2_ws/install/livox_ros_driver2/lib:/opt/ros/humble/opt/rviz_ogre_vendor/lib:/opt/ros/humble/lib/x86_64-linux-gnu:/opt/ros/humble/lib:/opt/openrobots/lib:/opt/openrobots/lib /usr/bin/cmake /home/rama/Documents/code/Docker/moonshot_project/ros2_ws/src/ros2_kortex/kortex_bringup -DROS_EDITION=ROS2 -DHUMBLE_ROS=humble -DCMAKE_INSTALL_PREFIX=/home/rama/Documents/code/Docker/moonshot_project/ros2_ws/install/kortex_bringup
[34.432s] DEBUG:colcon.colcon_core.event_handler.log_command:Invoked command in '/home/rama/Documents/code/Docker/moonshot_project/ros2_ws/build/kortex_bringup' returned '0': CMAKE_PREFIX_PATH=/home/rama/Documents/code/Docker/moonshot_project/ros2_ws/install/kortex_driver:/home/rama/Documents/code/Docker/moonshot_project/ros2_ws/install/kortex_description:/home/rama/Documents/code/Docker/moonshot_project/ros2_ws/install/kortex_api:/home/rama/Documents/code/Docker/moonshot_project/ros2_ws/install/moving_table_interfaces:/home/rama/Documents/code/Docker/moonshot_project/ros2_ws/install/livox_ros_driver2:/home/rama/Documents/code/Docker/moonshot_project/ros2_ws/install/kortex_bringup:/home/rama/Documents/code/Docker/moonshot_project/ros2_ws/install/kinova_gen3_lite_moveit_config:/home/rama/Documents/code/Docker/moonshot_project/ros2_ws/install/kinova_gen3_7dof_robotiq_2f_85_moveit_config:/home/rama/Documents/code/Docker/moonshot_project/ros2_ws/install/kinova_gen3_6dof_robotiq_2f_85_moveit_config:/opt/openrobots:/opt/openrobots:/home/rama/Documents/code/Docker/moonshot_project/ros2_ws/install/moving_table_pkg:/opt/ros/humble LD_LIBRARY_PATH=/home/rama/Documents/code/Docker/moonshot_project/ros2_ws/install/kortex_driver/lib:/home/rama/Documents/code/Docker/moonshot_project/ros2_ws/install/moving_table_interfaces/lib:/home/rama/Documents/code/Docker/moonshot_project/ros2_ws/install/livox_ros_driver2/lib:/opt/ros/humble/opt/rviz_ogre_vendor/lib:/opt/ros/humble/lib/x86_64-linux-gnu:/opt/ros/humble/lib:/opt/openrobots/lib:/opt/openrobots/lib /usr/bin/cmake /home/rama/Documents/code/Docker/moonshot_project/ros2_ws/src/ros2_kortex/kortex_bringup -DROS_EDITION=ROS2 -DHUMBLE_ROS=humble -DCMAKE_INSTALL_PREFIX=/home/rama/Documents/code/Docker/moonshot_project/ros2_ws/install/kortex_bringup
[34.433s] DEBUG:colcon.colcon_core.event_handler.log_command:Invoking command in '/home/rama/Documents/code/Docker/moonshot_project/ros2_ws/build/kortex_bringup': CMAKE_PREFIX_PATH=/home/rama/Documents/code/Docker/moonshot_project/ros2_ws/install/kortex_driver:/home/rama/Documents/code/Docker/moonshot_project/ros2_ws/install/kortex_description:/home/rama/Documents/code/Docker/moonshot_project/ros2_ws/install/kortex_api:/home/rama/Documents/code/Docker/moonshot_project/ros2_ws/install/moving_table_interfaces:/home/rama/Documents/code/Docker/moonshot_project/ros2_ws/install/livox_ros_driver2:/home/rama/Documents/code/Docker/moonshot_project/ros2_ws/install/kortex_bringup:/home/rama/Documents/code/Docker/moonshot_project/ros2_ws/install/kinova_gen3_lite_moveit_config:/home/rama/Documents/code/Docker/moonshot_project/ros2_ws/install/kinova_gen3_7dof_robotiq_2f_85_moveit_config:/home/rama/Documents/code/Docker/moonshot_project/ros2_ws/install/kinova_gen3_6dof_robotiq_2f_85_moveit_config:/opt/openrobots:/opt/openrobots:/home/rama/Documents/code/Docker/moonshot_project/ros2_ws/install/moving_table_pkg:/opt/ros/humble LD_LIBRARY_PATH=/home/rama/Documents/code/Docker/moonshot_project/ros2_ws/install/kortex_driver/lib:/home/rama/Documents/code/Docker/moonshot_project/ros2_ws/install/moving_table_interfaces/lib:/home/rama/Documents/code/Docker/moonshot_project/ros2_ws/install/livox_ros_driver2/lib:/opt/ros/humble/opt/rviz_ogre_vendor/lib:/opt/ros/humble/lib/x86_64-linux-gnu:/opt/ros/humble/lib:/opt/openrobots/lib:/opt/openrobots/lib /usr/bin/cmake --build /home/rama/Documents/code/Docker/moonshot_project/ros2_ws/build/kortex_bringup -- -j16 -l16
[34.455s] DEBUG:colcon.colcon_core.event_handler.log_command:Invoked command in '/home/rama/Documents/code/Docker/moonshot_project/ros2_ws/build/kortex_bringup' returned '0': CMAKE_PREFIX_PATH=/home/rama/Documents/code/Docker/moonshot_project/ros2_ws/install/kortex_driver:/home/rama/Documents/code/Docker/moonshot_project/ros2_ws/install/kortex_description:/home/rama/Documents/code/Docker/moonshot_project/ros2_ws/install/kortex_api:/home/rama/Documents/code/Docker/moonshot_project/ros2_ws/install/moving_table_interfaces:/home/rama/Documents/code/Docker/moonshot_project/ros2_ws/install/livox_ros_driver2:/home/rama/Documents/code/Docker/moonshot_project/ros2_ws/install/kortex_bringup:/home/rama/Documents/code/Docker/moonshot_project/ros2_ws/install/kinova_gen3_lite_moveit_config:/home/rama/Documents/code/Docker/moonshot_project/ros2_ws/install/kinova_gen3_7dof_robotiq_2f_85_moveit_config:/home/rama/Documents/code/Docker/moonshot_project/ros2_ws/install/kinova_gen3_6dof_robotiq_2f_85_moveit_config:/opt/openrobots:/opt/openrobots:/home/rama/Documents/code/Docker/moonshot_project/ros2_ws/install/moving_table_pkg:/opt/ros/humble LD_LIBRARY_PATH=/home/rama/Documents/code/Docker/moonshot_project/ros2_ws/install/kortex_driver/lib:/home/rama/Documents/code/Docker/moonshot_project/ros2_ws/install/moving_table_interfaces/lib:/home/rama/Documents/code/Docker/moonshot_project/ros2_ws/install/livox_ros_driver2/lib:/opt/ros/humble/opt/rviz_ogre_vendor/lib:/opt/ros/humble/lib/x86_64-linux-gnu:/opt/ros/humble/lib:/opt/openrobots/lib:/opt/openrobots/lib /usr/bin/cmake --build /home/rama/Documents/code/Docker/moonshot_project/ros2_ws/build/kortex_bringup -- -j16 -l16
[34.456s] DEBUG:colcon.colcon_core.event_handler.log_command:Invoking command in '/home/rama/Documents/code/Docker/moonshot_project/ros2_ws/build/kortex_bringup': CMAKE_PREFIX_PATH=/home/rama/Documents/code/Docker/moonshot_project/ros2_ws/install/kortex_driver:/home/rama/Documents/code/Docker/moonshot_project/ros2_ws/install/kortex_description:/home/rama/Documents/code/Docker/moonshot_project/ros2_ws/install/kortex_api:/home/rama/Documents/code/Docker/moonshot_project/ros2_ws/install/moving_table_interfaces:/home/rama/Documents/code/Docker/moonshot_project/ros2_ws/install/livox_ros_driver2:/home/rama/Documents/code/Docker/moonshot_project/ros2_ws/install/kortex_bringup:/home/rama/Documents/code/Docker/moonshot_project/ros2_ws/install/kinova_gen3_lite_moveit_config:/home/rama/Documents/code/Docker/moonshot_project/ros2_ws/install/kinova_gen3_7dof_robotiq_2f_85_moveit_config:/home/rama/Documents/code/Docker/moonshot_project/ros2_ws/install/kinova_gen3_6dof_robotiq_2f_85_moveit_config:/opt/openrobots:/opt/openrobots:/home/rama/Documents/code/Docker/moonshot_project/ros2_ws/install/moving_table_pkg:/opt/ros/humble LD_LIBRARY_PATH=/home/rama/Documents/code/Docker/moonshot_project/ros2_ws/install/kortex_driver/lib:/home/rama/Documents/code/Docker/moonshot_project/ros2_ws/install/moving_table_interfaces/lib:/home/rama/Documents/code/Docker/moonshot_project/ros2_ws/install/livox_ros_driver2/lib:/opt/ros/humble/opt/rviz_ogre_vendor/lib:/opt/ros/humble/lib/x86_64-linux-gnu:/opt/ros/humble/lib:/opt/openrobots/lib:/opt/openrobots/lib /usr/bin/cmake --install /home/rama/Documents/code/Docker/moonshot_project/ros2_ws/build/kortex_bringup
[34.463s] Level 1:colcon.colcon_core.environment:create_environment_scripts_only(kortex_bringup)
[34.463s] Level 1:colcon.colcon_core.environment:checking '/home/rama/Documents/code/Docker/moonshot_project/ros2_ws/install/kortex_bringup' for CMake module files
[34.463s] DEBUG:colcon.colcon_core.event_handler.log_command:Invoked command in '/home/rama/Documents/code/Docker/moonshot_project/ros2_ws/build/kortex_bringup' returned '0': CMAKE_PREFIX_PATH=/home/rama/Documents/code/Docker/moonshot_project/ros2_ws/install/kortex_driver:/home/rama/Documents/code/Docker/moonshot_project/ros2_ws/install/kortex_description:/home/rama/Documents/code/Docker/moonshot_project/ros2_ws/install/kortex_api:/home/rama/Documents/code/Docker/moonshot_project/ros2_ws/install/moving_table_interfaces:/home/rama/Documents/code/Docker/moonshot_project/ros2_ws/install/livox_ros_driver2:/home/rama/Documents/code/Docker/moonshot_project/ros2_ws/install/kortex_bringup:/home/rama/Documents/code/Docker/moonshot_project/ros2_ws/install/kinova_gen3_lite_moveit_config:/home/rama/Documents/code/Docker/moonshot_project/ros2_ws/install/kinova_gen3_7dof_robotiq_2f_85_moveit_config:/home/rama/Documents/code/Docker/moonshot_project/ros2_ws/install/kinova_gen3_6dof_robotiq_2f_85_moveit_config:/opt/openrobots:/opt/openrobots:/home/rama/Documents/code/Docker/moonshot_project/ros2_ws/install/moving_table_pkg:/opt/ros/humble LD_LIBRARY_PATH=/home/rama/Documents/code/Docker/moonshot_project/ros2_ws/install/kortex_driver/lib:/home/rama/Documents/code/Docker/moonshot_project/ros2_ws/install/moving_table_interfaces/lib:/home/rama/Documents/code/Docker/moonshot_project/ros2_ws/install/livox_ros_driver2/lib:/opt/ros/humble/opt/rviz_ogre_vendor/lib:/opt/ros/humble/lib/x86_64-linux-gnu:/opt/ros/humble/lib:/opt/openrobots/lib:/opt/openrobots/lib /usr/bin/cmake --install /home/rama/Documents/code/Docker/moonshot_project/ros2_ws/build/kortex_bringup
[34.463s] Level 1:colcon.colcon_core.environment:checking '/home/rama/Documents/code/Docker/moonshot_project/ros2_ws/install/kortex_bringup' for CMake config files
[34.463s] Level 1:colcon.colcon_core.shell:create_environment_hook('kortex_bringup', 'cmake_prefix_path')
[34.464s] INFO:colcon.colcon_core.shell:Creating environment hook '/home/rama/Documents/code/Docker/moonshot_project/ros2_ws/install/kortex_bringup/share/kortex_bringup/hook/cmake_prefix_path.ps1'
[34.464s] INFO:colcon.colcon_core.shell:Creating environment descriptor '/home/rama/Documents/code/Docker/moonshot_project/ros2_ws/install/kortex_bringup/share/kortex_bringup/hook/cmake_prefix_path.dsv'
[34.464s] INFO:colcon.colcon_core.shell:Creating environment hook '/home/rama/Documents/code/Docker/moonshot_project/ros2_ws/install/kortex_bringup/share/kortex_bringup/hook/cmake_prefix_path.sh'
[34.464s] Level 1:colcon.colcon_core.environment:checking '/home/rama/Documents/code/Docker/moonshot_project/ros2_ws/install/kortex_bringup/lib'
[34.465s] Level 1:colcon.colcon_core.environment:checking '/home/rama/Documents/code/Docker/moonshot_project/ros2_ws/install/kortex_bringup/bin'
[34.465s] Level 1:colcon.colcon_core.environment:checking '/home/rama/Documents/code/Docker/moonshot_project/ros2_ws/install/kortex_bringup/lib/pkgconfig/kortex_bringup.pc'
[34.465s] Level 1:colcon.colcon_core.environment:checking '/home/rama/Documents/code/Docker/moonshot_project/ros2_ws/install/kortex_bringup/lib/python3.10/site-packages'
[34.465s] Level 1:colcon.colcon_core.environment:checking '/home/rama/Documents/code/Docker/moonshot_project/ros2_ws/install/kortex_bringup/bin'
[34.465s] INFO:colcon.colcon_core.shell:Creating package script '/home/rama/Documents/code/Docker/moonshot_project/ros2_ws/install/kortex_bringup/share/kortex_bringup/package.ps1'
[34.465s] INFO:colcon.colcon_core.shell:Creating package descriptor '/home/rama/Documents/code/Docker/moonshot_project/ros2_ws/install/kortex_bringup/share/kortex_bringup/package.dsv'
[34.466s] INFO:colcon.colcon_core.shell:Creating package script '/home/rama/Documents/code/Docker/moonshot_project/ros2_ws/install/kortex_bringup/share/kortex_bringup/package.sh'
[34.466s] INFO:colcon.colcon_core.shell:Creating package script '/home/rama/Documents/code/Docker/moonshot_project/ros2_ws/install/kortex_bringup/share/kortex_bringup/package.bash'
[34.466s] INFO:colcon.colcon_core.shell:Creating package script '/home/rama/Documents/code/Docker/moonshot_project/ros2_ws/install/kortex_bringup/share/kortex_bringup/package.zsh'
[34.466s] Level 1:colcon.colcon_core.environment:create_file_with_runtime_dependencies(/home/rama/Documents/code/Docker/moonshot_project/ros2_ws/install/kortex_bringup/share/colcon-core/packages/kortex_bringup)
[34.467s] Level 1:colcon.colcon_core.environment:create_environment_scripts_only(kortex_bringup)
[34.467s] Level 1:colcon.colcon_core.environment:checking '/home/rama/Documents/code/Docker/moonshot_project/ros2_ws/install/kortex_bringup' for CMake module files
[34.467s] Level 1:colcon.colcon_core.environment:checking '/home/rama/Documents/code/Docker/moonshot_project/ros2_ws/install/kortex_bringup' for CMake config files
[34.467s] Level 1:colcon.colcon_core.shell:create_environment_hook('kortex_bringup', 'cmake_prefix_path')
[34.467s] INFO:colcon.colcon_core.shell:Creating environment hook '/home/rama/Documents/code/Docker/moonshot_project/ros2_ws/install/kortex_bringup/share/kortex_bringup/hook/cmake_prefix_path.ps1'
[34.468s] INFO:colcon.colcon_core.shell:Creating environment descriptor '/home/rama/Documents/code/Docker/moonshot_project/ros2_ws/install/kortex_bringup/share/kortex_bringup/hook/cmake_prefix_path.dsv'
[34.468s] INFO:colcon.colcon_core.shell:Creating environment hook '/home/rama/Documents/code/Docker/moonshot_project/ros2_ws/install/kortex_bringup/share/kortex_bringup/hook/cmake_prefix_path.sh'
[34.468s] Level 1:colcon.colcon_core.environment:checking '/home/rama/Documents/code/Docker/moonshot_project/ros2_ws/install/kortex_bringup/lib'
[34.468s] Level 1:colcon.colcon_core.environment:checking '/home/rama/Documents/code/Docker/moonshot_project/ros2_ws/install/kortex_bringup/bin'
[34.468s] Level 1:colcon.colcon_core.environment:checking '/home/rama/Documents/code/Docker/moonshot_project/ros2_ws/install/kortex_bringup/lib/pkgconfig/kortex_bringup.pc'
[34.469s] Level 1:colcon.colcon_core.environment:checking '/home/rama/Documents/code/Docker/moonshot_project/ros2_ws/install/kortex_bringup/lib/python3.10/site-packages'
[34.469s] Level 1:colcon.colcon_core.environment:checking '/home/rama/Documents/code/Docker/moonshot_project/ros2_ws/install/kortex_bringup/bin'
[34.469s] INFO:colcon.colcon_core.shell:Creating package script '/home/rama/Documents/code/Docker/moonshot_project/ros2_ws/install/kortex_bringup/share/kortex_bringup/package.ps1'
[34.469s] INFO:colcon.colcon_core.shell:Creating package descriptor '/home/rama/Documents/code/Docker/moonshot_project/ros2_ws/install/kortex_bringup/share/kortex_bringup/package.dsv'
[34.470s] INFO:colcon.colcon_core.shell:Creating package script '/home/rama/Documents/code/Docker/moonshot_project/ros2_ws/install/kortex_bringup/share/kortex_bringup/package.sh'
[34.470s] INFO:colcon.colcon_core.shell:Creating package script '/home/rama/Documents/code/Docker/moonshot_project/ros2_ws/install/kortex_bringup/share/kortex_bringup/package.bash'
[34.470s] INFO:colcon.colcon_core.shell:Creating package script '/home/rama/Documents/code/Docker/moonshot_project/ros2_ws/install/kortex_bringup/share/kortex_bringup/package.zsh'
[34.470s] Level 1:colcon.colcon_core.environment:create_file_with_runtime_dependencies(/home/rama/Documents/code/Docker/moonshot_project/ros2_ws/install/kortex_bringup/share/colcon-core/packages/kortex_bringup)
[34.470s] DEBUG:colcon.colcon_parallel_executor.executor.parallel:closing loop
[34.471s] DEBUG:colcon.colcon_parallel_executor.executor.parallel:loop closed
[34.471s] DEBUG:colcon.colcon_parallel_executor.executor.parallel:run_until_complete finished with '0'
[34.471s] DEBUG:colcon.colcon_core.event_reactor:joining thread
[34.479s] INFO:colcon.colcon_core.plugin_system:Skipping extension 'colcon_notification.desktop_notification.terminal_notifier': Not used on non-Darwin systems
[34.479s] INFO:colcon.colcon_core.plugin_system:Skipping extension 'colcon_notification.desktop_notification.win32': Not used on non-Windows systems
[34.479s] INFO:colcon.colcon_notification.desktop_notification:Sending desktop notification using 'notify2'
[34.488s] DEBUG:colcon.colcon_core.event_reactor:joined thread
[34.489s] INFO:colcon.colcon_core.shell:Creating prefix script '/home/rama/Documents/code/Docker/moonshot_project/ros2_ws/install/local_setup.ps1'
[34.490s] INFO:colcon.colcon_core.shell:Creating prefix util module '/home/rama/Documents/code/Docker/moonshot_project/ros2_ws/install/_local_setup_util_ps1.py'
[34.491s] INFO:colcon.colcon_core.shell:Creating prefix chain script '/home/rama/Documents/code/Docker/moonshot_project/ros2_ws/install/setup.ps1'
[34.493s] INFO:colcon.colcon_core.shell:Creating prefix script '/home/rama/Documents/code/Docker/moonshot_project/ros2_ws/install/local_setup.sh'
[34.493s] INFO:colcon.colcon_core.shell:Creating prefix util module '/home/rama/Documents/code/Docker/moonshot_project/ros2_ws/install/_local_setup_util_sh.py'
[34.494s] INFO:colcon.colcon_core.shell:Creating prefix chain script '/home/rama/Documents/code/Docker/moonshot_project/ros2_ws/install/setup.sh'
[34.496s] INFO:colcon.colcon_core.shell:Creating prefix script '/home/rama/Documents/code/Docker/moonshot_project/ros2_ws/install/local_setup.bash'
[34.496s] INFO:colcon.colcon_core.shell:Creating prefix chain script '/home/rama/Documents/code/Docker/moonshot_project/ros2_ws/install/setup.bash'
[34.497s] INFO:colcon.colcon_core.shell:Creating prefix script '/home/rama/Documents/code/Docker/moonshot_project/ros2_ws/install/local_setup.zsh'
[34.498s] INFO:colcon.colcon_core.shell:Creating prefix chain script '/home/rama/Documents/code/Docker/moonshot_project/ros2_ws/install/setup.zsh'
