t,det_idx,label,x,y,z,matched_gt,gt_dist,is_fp
1784255657.884,0,obj_7,0.0101,0.3754,1.0279,obj_7,0.013084375745318271,0
1784255657.884,1,obj_4,1.4672,0.5968,1.0862,obj_4,0.019509231802663476,0
1784255657.884,2,obj_3,1.7712,-0.9662,1.2368,obj_3,0.006469929669522687,0
1784255657.884,3,obj_6,-0.0143,-0.0044,1.0448,obj_6,0.01740665184096235,0
1784255657.884,4,obj_5,2.0183,0.5908,1.0281,obj_5,0.011474932841907457,0
1784255657.884,5,obj_2,3.2567,-0.6411,1.1332,obj_2,0.016275084797838974,0
1784255657.884,6,obj_0,2.7750,-0.9381,1.1953,obj_0,0.051828330435807604,0
1784255657.884,7,obj_1,2.8874,-0.6038,1.0864,obj_1,0.013885150575507717,0
1784255658.391,0,obj_7,0.0101,0.3754,1.0278,obj_7,0.013111406886779003,0
1784255658.391,1,obj_4,1.4675,0.5971,1.0854,obj_4,0.02029914052267393,0
1784255658.391,2,obj_3,1.7713,-0.9661,1.2359,obj_3,0.007297039860436813,0
1784255658.391,3,obj_6,-0.0140,-0.0043,1.0444,obj_6,0.017178620820066503,0
1784255658.391,4,obj_5,2.0198,0.5904,1.0279,obj_5,0.012853456316146265,0
1784255658.391,5,obj_2,3.2592,-0.6397,1.1334,obj_2,0.01916682338621535,0
1784255658.391,6,obj_0,2.7835,-0.9356,1.1945,obj_0,0.06071099028793639,0
1784255658.391,7,obj_1,2.8885,-0.6041,1.0862,obj_1,0.014929512870404905,0
1784255658.883,0,obj_7,0.0101,0.3754,1.0277,obj_7,0.013125356838314452,0
1784255658.883,1,obj_4,1.4676,0.5972,1.0849,obj_4,0.020698682032720107,0
1784255658.883,2,obj_3,1.7714,-0.9660,1.2355,obj_3,0.007713901936804991,0
1784255658.883,3,obj_6,-0.0139,-0.0042,1.0443,obj_6,0.01706834483183704,0
1784255658.883,4,obj_5,2.0205,0.5903,1.0278,obj_5,0.013557174571666908,0
1784255658.883,5,obj_2,3.2605,-0.6390,1.1335,obj_2,0.020614624398926015,0
1784255658.883,6,obj_0,2.7877,-0.9344,1.1941,obj_0,0.06515239615696919,0
1784255658.883,7,obj_1,2.8890,-0.6043,1.0862,obj_1,0.01545811613556725,0
1784255659.382,0,obj_7,0.0092,0.3754,1.0278,obj_7,0.01400674469186935,0
1784255659.382,1,obj_4,1.4677,0.5973,1.0848,obj_4,0.020801469669839416,0
1784255659.382,2,obj_3,1.7715,-0.9660,1.2352,obj_3,0.008005193742814581,0
1784255659.382,3,obj_6,-0.0138,-0.0041,1.0442,obj_6,0.017014163105829264,0
1784255659.382,4,obj_5,2.0209,0.5907,1.0278,obj_5,0.013607505430218925,0
1784255659.382,5,obj_2,3.2610,-0.6386,1.1336,obj_2,0.021228153758415115,0
1784255659.382,6,obj_0,2.7898,-0.9337,1.1939,obj_0,0.067347301531088,0
1784255659.382,7,obj_1,2.8889,-0.6034,1.0861,obj_1,0.014838868557337485,0
1784255659.883,0,obj_7,0.0087,0.3754,1.0279,obj_7,0.014447514302843786,0
1784255659.883,1,obj_4,1.4678,0.5973,1.0847,obj_4,0.02090983095734711,0
1784255659.883,2,obj_3,1.7715,-0.9659,1.2353,obj_3,0.007944063563956586,0
1784255659.883,3,obj_6,-0.0139,-0.0041,1.0441,obj_6,0.01704481470587915,0
1784255659.883,4,obj_5,2.0211,0.5909,1.0278,obj_5,0.013642506814409962,0
1784255659.883,5,obj_2,3.2613,-0.6384,1.1337,obj_2,0.021535387718655957,0
1784255659.883,6,obj_0,2.7909,-0.9334,1.1938,obj_0,0.06844475434010601,0
1784255659.883,7,obj_1,2.8889,-0.6029,1.0861,obj_1,0.014539275349353882,0
1784255660.384,0,obj_7,0.0085,0.3754,1.0279,obj_7,0.014668355425858147,0
1784255660.384,1,obj_4,1.4678,0.5973,1.0846,obj_4,0.020964189314659258,0
1784255660.384,2,obj_3,1.7715,-0.9659,1.2353,obj_3,0.007913664132837213,0
1784255660.384,3,obj_6,-0.0139,-0.0041,1.0441,obj_6,0.01706017807647363,0
1784255660.384,4,obj_5,2.0212,0.5910,1.0278,obj_5,0.013662445995637922,0
1784255660.384,5,obj_2,3.2614,-0.6383,1.1337,obj_2,0.021689116204538984,0
1784255660.384,6,obj_0,2.7914,-0.9333,1.1937,obj_0,0.06899348077340747,0
1784255660.384,7,obj_1,2.8888,-0.6027,1.0861,obj_1,0.014392170621590018,0
1784255660.889,0,obj_7,0.0084,0.3754,1.0279,obj_7,0.014778884103414694,0
1784255660.889,1,obj_4,1.4678,0.5974,1.0846,obj_4,0.02099141251936057,0
1784255660.889,2,obj_3,1.7715,-0.9659,1.2353,obj_3,0.007898506390496336,0
1784255660.889,3,obj_6,-0.0139,-0.0041,1.0441,obj_6,0.01706786912484013,0
1784255660.889,4,obj_5,2.0213,0.5911,1.0278,obj_5,0.013673022192153153,0
1784255660.889,5,obj_2,3.2615,-0.6383,1.1338,obj_2,0.02176600763494865,0
1784255660.889,6,obj_0,2.7916,-0.9332,1.1937,obj_0,0.06926784399705647,0
1784255660.889,7,obj_1,2.8888,-0.6026,1.0860,obj_1,0.014319315534816577,0
1784255661.386,0,obj_7,0.0083,0.3754,1.0279,obj_7,0.014834174766506439,0
1784255661.386,1,obj_4,1.4678,0.5974,1.0846,obj_4,0.02100503507831589,0
1784255661.386,2,obj_3,1.7715,-0.9658,1.2353,obj_3,0.00789093808322752,0
1784255661.386,3,obj_6,-0.0139,-0.0041,1.0441,obj_6,0.017071716986100875,0
1784255661.386,4,obj_5,2.0213,0.5911,1.0278,obj_5,0.01367846153737168,0
1784255661.386,5,obj_2,3.2615,-0.6383,1.1338,obj_2,0.021804460063138024,0
1784255661.386,6,obj_0,2.7918,-0.9332,1.1937,obj_0,0.06940502561060637,0
1784255661.386,7,obj_1,2.8888,-0.6026,1.0860,obj_1,0.014283065430241599,0
1784255661.881,0,obj_7,0.0075,0.3751,1.0279,obj_7,0.015630231585948895,0
1784255661.881,1,obj_4,1.4679,0.5974,1.0845,obj_4,0.021073915476820047,0
1784255661.881,2,obj_3,1.7715,-0.9659,1.2353,obj_3,0.007889025307389903,0
1784255661.881,3,obj_6,-0.0139,-0.0041,1.0441,obj_6,0.017073641500539805,0
1784255661.881,4,obj_5,2.0213,0.5918,1.0276,obj_5,0.01339306094206133,0
1784255661.881,5,obj_2,3.2615,-0.6382,1.1339,obj_2,0.02186791965965632,0
1784255661.881,6,obj_0,2.7919,-0.9332,1.1937,obj_0,0.06950682508644558,0
1784255661.881,7,obj_1,2.8888,-0.6021,1.0861,obj_1,0.013988088501465717,0
1784255662.389,0,obj_7,0.0071,0.3750,1.0280,obj_7,0.016030256311920156,0
1784255662.389,1,obj_4,1.4679,0.5974,1.0845,obj_4,0.021108428995377976,0
1784255662.389,2,obj_3,1.7715,-0.9659,1.2353,obj_3,0.007888102169639009,0
1784255662.389,3,obj_6,-0.0139,-0.0041,1.0441,obj_6,0.017074603903653864,0
1784255662.389,4,obj_5,2.0212,0.5921,1.0275,obj_5,0.013261761912891691,0
1784255662.389,5,obj_2,3.2616,-0.6382,1.1340,obj_2,0.02190007289119678,0
1784255662.389,6,obj_0,2.7919,-0.9331,1.1937,obj_0,0.06955772773072633,0
1784255662.389,7,obj_1,2.8887,-0.6019,1.0861,obj_1,0.013844057720963933,0
1784255662.882,0,black bowl,0.0069,0.3749,1.0280,obj_7,0.016230724756432155,0
1784255662.882,1,obj_4,1.4679,0.5974,1.0845,obj_4,0.021125703979728433,0
1784255662.882,2,brown bottle,1.7715,-0.9659,1.2353,obj_3,0.007887648916741133,0
1784255662.882,3,obj_6,-0.0139,-0.0041,1.0441,obj_6,0.01707508514167735,0
1784255662.882,4,obj_5,2.0212,0.5923,1.0274,obj_5,0.013199064108508478,0
1784255662.882,5,obj_2,3.2616,-0.6382,1.1340,obj_2,0.02191625482351177,0
1784255662.882,6,obj_0,2.7919,-0.9331,1.1937,obj_0,0.0695831797775966,0
1784255662.882,7,obj_1,2.8887,-0.6018,1.0861,obj_1,0.013772938580555233,0
1784255663.383,0,black bowl,0.0068,0.3749,1.0280,obj_7,0.01633106810314409,0
1784255663.383,1,obj_4,1.4679,0.5975,1.0845,obj_4,0.021134346015140172,0
1784255663.383,2,brown bottle,1.7715,-0.9659,1.2353,obj_3,0.007887424369706807,0
1784255663.383,3,obj_6,-0.0139,-0.0041,1.0441,obj_6,0.017075325769804826,0
1784255663.383,4,obj_5,2.0212,0.5923,1.0274,obj_5,0.013168465575596765,0
1784255663.383,5,obj_2,3.2616,-0.6382,1.1341,obj_2,0.021924372050900715,0
1784255663.383,6,obj_0,2.7920,-0.9331,1.1937,obj_0,0.06959590598198252,0
1784255663.383,7,obj_1,2.8887,-0.6017,1.0861,obj_1,0.013737607145477013,0
1784255663.888,0,black bowl,0.0068,0.3749,1.0280,obj_7,0.016381266472887013,0
1784255663.888,1,obj_4,1.4679,0.5975,1.0845,obj_4,0.021138668167030174,0
1784255663.888,2,brown bottle,1.7715,-0.9659,1.2353,obj_3,0.007887312616095184,0
1784255663.888,3,obj_6,-0.0139,-0.0041,1.0441,obj_6,0.017075446086147354,0
1784255663.888,4,obj_5,2.0212,0.5924,1.0273,obj_5,0.013153355438205236,0
1784255663.888,5,obj_2,3.2616,-0.6382,1.1341,obj_2,0.02192843722140436,0
1784255663.888,6,obj_0,2.7920,-0.9331,1.1937,obj_0,0.06960226912938396,0
1784255663.888,7,obj_1,2.8887,-0.6017,1.0861,obj_1,0.013719998976601436,0
1784255664.391,0,black bowl,0.0074,0.3749,1.0280,obj_7,0.015697401470146696,0
1784255664.391,1,brown teddy bear,1.4678,0.5975,1.0843,obj_4,0.021285132225703943,0
1784255664.391,2,brown bottle,1.7715,-0.9659,1.2353,obj_3,0.007899849533273932,0
1784255664.391,3,obj_6,-0.0139,-0.0041,1.0441,obj_6,0.017075506244888336,0
1784255664.391,4,obj_5,2.0213,0.5914,1.0276,obj_5,0.013609848155522082,0
1784255664.391,5,obj_2,3.2616,-0.6382,1.1341,obj_2,0.021931126422279602,0
1784255664.391,6,obj_0,2.7920,-0.9331,1.1936,obj_0,0.06961229211676316,0
1784255664.391,7,obj_1,2.8889,-0.6025,1.0861,obj_1,0.014290080921987696,0
1784255664.888,0,black bowl,0.0078,0.3750,1.0280,obj_7,0.01535580379027683,0
1784255664.888,1,brown teddy bear,1.4678,0.5975,1.0842,obj_4,0.02135844348674624,0
1784255664.888,2,brown bottle,1.7715,-0.9659,1.2353,obj_3,0.007906134163080381,0
1784255664.888,3,obj_6,-0.0139,-0.0041,1.0441,obj_6,0.01707553632440122,0
1784255664.888,4,obj_5,2.0214,0.5910,1.0277,obj_5,0.01385837267009218,0
1784255664.888,5,obj_2,3.2616,-0.6382,1.1341,obj_2,0.021932500681565242,0
1784255664.888,6,obj_0,2.7920,-0.9331,1.1936,obj_0,0.06961733005090526,0
1784255664.888,7,obj_1,2.8890,-0.6029,1.0861,obj_1,0.014584466238448664,0
1784255665.383,0,black bowl,0.0080,0.3750,1.0280,obj_7,0.015185095247839722,0
1784255665.383,1,brown teddy bear,1.4678,0.5975,1.0842,obj_4,0.021395118687703538,0
1784255665.383,2,brown bottle,1.7714,-0.9659,1.2353,obj_3,0.007909280509551878,0
1784255665.383,3,obj_6,-0.0139,-0.0041,1.0441,obj_6,0.017075551364193243,0
1784255665.383,4,obj_5,2.0214,0.5907,1.0277,obj_5,0.013987395640600378,0
1784255665.383,5,obj_2,3.2616,-0.6382,1.1341,obj_2,0.021933195224302357,0
1784255665.383,6,obj_0,2.7920,-0.9331,1.1935,obj_0,0.06961985562641741,0
1784255665.383,7,obj_1,2.8890,-0.6031,1.0861,obj_1,0.014733832915544797,0
1784255665.884,0,black bowl,0.0086,0.3753,1.0278,obj_7,0.014615191352606279,0
1784255665.884,1,brown teddy bear,1.4679,0.5975,1.0843,obj_4,0.021247088619856913,0
1784255665.884,2,brown bottle,1.7714,-0.9659,1.2354,obj_3,0.007795679275247202,0
1784255665.884,3,obj_6,-0.0139,-0.0041,1.0441,obj_6,0.01707555888409818,0
1784255665.884,4,obj_5,2.0214,0.5907,1.0278,obj_5,0.013965967123403955,0
1784255665.884,5,obj_2,3.2617,-0.6382,1.1339,obj_2,0.021996251550889433,0
1784255665.884,6,obj_0,2.7920,-0.9331,1.1935,obj_0,0.06967719897078015,0
1784255665.884,7,obj_1,2.8890,-0.6032,1.0861,obj_1,0.01480904064203048,0
1784255666.382,0,black bowl,0.0089,0.3754,1.0277,obj_7,0.014333784708127273,0
1784255666.382,1,brown teddy bear,1.4679,0.5974,1.0844,obj_4,0.02117320621107722,0
1784255666.382,2,brown bottle,1.7713,-0.9660,1.2355,obj_3,0.0077394343312420216,0
1784255666.382,3,obj_6,-0.0139,-0.0041,1.0441,obj_6,0.017075562644052876,0
1784255666.382,4,obj_5,2.0214,0.5907,1.0278,obj_5,0.013955269319760615,0
1784255666.382,5,obj_2,3.2617,-0.6382,1.1338,obj_2,0.022028931107052455,0
1784255666.382,6,obj_0,2.7920,-0.9331,1.1935,obj_0,0.0697058848906519,0
1784255666.382,7,obj_1,2.8890,-0.6033,1.0861,obj_1,0.01484677328201515,0
1784255666.882,0,black bowl,0.0090,0.3755,1.0277,obj_7,0.0141940294076334,0
1784255666.882,1,brown teddy bear,1.4679,0.5974,1.0845,obj_4,0.021136298568800393,0
1784255666.882,2,brown bottle,1.7713,-0.9660,1.2355,obj_3,0.007711454332579554,0
1784255666.882,3,obj_6,-0.0139,-0.0041,1.0441,obj_6,0.017075564524030754,0
1784255666.882,4,obj_5,2.0214,0.5907,1.0278,obj_5,0.013949924542723617,0
1784255666.882,5,obj_2,3.2617,-0.6382,1.1337,obj_2,0.022045557253069507,0
1784255666.882,6,obj_0,2.7921,-0.9331,1.1934,obj_0,0.06972023140738207,0
1784255666.882,7,obj_1,2.8890,-0.6033,1.0861,obj_1,0.014865671510428967,0
1784255667.384,0,black bowl,0.0091,0.3755,1.0277,obj_7,0.014124396984505893,0
1784255667.384,1,brown teddy bear,1.4679,0.5974,1.0845,obj_4,0.021117853189526158,0
1784255667.384,2,brown bottle,1.7713,-0.9660,1.2355,obj_3,0.00769750040530769,0
1784255667.384,3,obj_6,-0.0139,-0.0041,1.0441,obj_6,0.017075565464019855,0
1784255667.384,4,brown banana,2.0214,0.5907,1.0278,obj_5,0.01394725318678442,0
1784255667.384,5,obj_2,3.2618,-0.6382,1.1337,obj_2,0.02205394172997269,0
1784255667.384,6,obj_0,2.7921,-0.9331,1.1934,obj_0,0.06972740555430491,0
1784255667.384,7,obj_1,2.8890,-0.6033,1.0861,obj_1,0.014875128566285038,0
1784255667.888,0,black bowl,0.0091,0.3756,1.0277,obj_7,0.014089643141100512,0
1784255667.888,1,brown teddy bear,1.4679,0.5974,1.0845,obj_4,0.02110863261681061,0
1784255667.888,2,brown bottle,1.7713,-0.9660,1.2355,obj_3,0.007690532516992334,0
1784255667.888,3,obj_6,-0.0139,-0.0041,1.0441,obj_6,0.01707556593401442,0
1784255667.888,4,brown banana,2.0214,0.5907,1.0278,obj_5,0.013945917767132953,0
1784255667.888,5,obj_2,3.2618,-0.6382,1.1337,obj_2,0.022058151795700205,0
1784255667.888,6,obj_0,2.7921,-0.9331,1.1934,obj_0,0.0697309928498259,0
1784255667.888,7,obj_1,2.8890,-0.6033,1.0861,obj_1,0.014879859075210014,0
1784255668.383,0,black bowl,0.0087,0.3754,1.0278,obj_7,0.014482839359814292,0
1784255668.383,1,brown teddy bear,1.4679,0.5973,1.0843,obj_4,0.021285313830108888,0
1784255668.383,2,brown bottle,1.7713,-0.9660,1.2356,obj_3,0.00768457558331952,0
1784255668.383,3,obj_6,-0.0139,-0.0041,1.0441,obj_6,0.017075566169011732,0
1784255668.383,4,brown banana,2.0213,0.5915,1.0275,obj_5,0.01356458200016948,0
1784255668.383,5,obj_2,3.2617,-0.6382,1.1336,obj_2,0.022027344822961672,0
1784255668.383,6,obj_0,2.7921,-0.9331,1.1935,obj_0,0.06972864949947406,0
1784255668.383,7,obj_1,2.8876,-0.6043,1.0859,obj_1,0.014474057460750344,0
1784255668.883,0,black bowl,0.0085,0.3754,1.0279,obj_7,0.014681202730835298,0
1784255668.883,1,brown teddy bear,1.4679,0.5973,1.0842,obj_4,0.02137368024826186,0
1784255668.883,2,brown bottle,1.7713,-0.9660,1.2356,obj_3,0.007681621846332774,0
1784255668.883,3,obj_6,-0.0139,-0.0041,1.0441,obj_6,0.017075566286510392,0
1784255668.883,4,brown banana,2.0213,0.5919,1.0274,obj_5,0.013388199834184187,0
1784255668.883,5,gray canned food,3.2617,-0.6382,1.1336,obj_2,0.022011972425816435,0
1784255668.883,6,obj_0,2.7921,-0.9331,1.1935,obj_0,0.06972748666305245,0
1784255668.883,7,brown scissors,2.8869,-0.6048,1.0858,obj_1,0.014346435085326908,0
1784255669.386,0,black bowl,0.0084,0.3753,1.0279,obj_7,0.014780805048789859,0
1784255669.386,1,brown teddy bear,1.4679,0.5973,1.0842,obj_4,0.02141786981703901,0
1784255669.386,2,brown bottle,1.7713,-0.9660,1.2356,obj_3,0.0076801511686414746,0
1784255669.386,3,obj_6,-0.0139,-0.0041,1.0441,obj_6,0.017075566345259745,0
1784255669.386,4,brown banana,2.0212,0.5921,1.0274,obj_5,0.013303749263332807,0
1784255669.386,5,gray canned food,3.2617,-0.6382,1.1336,obj_2,0.022004294018563252,0
1784255669.386,6,obj_0,2.7921,-0.9331,1.1935,obj_0,0.06972690745465956,0
1784255669.386,7,brown scissors,2.8865,-0.6050,1.0857,obj_1,0.014302117962313185,0
1784255669.883,0,black bowl,0.0082,0.3753,1.0279,obj_7,0.014893739349317902,0
1784255669.883,1,brown teddy bear,1.4679,0.5974,1.0843,obj_4,0.021303217869873915,0
1784255669.883,2,brown bottle,1.7713,-0.9660,1.2356,obj_3,0.007678723467155006,0
1784255669.883,3,obj_6,-0.0139,-0.0041,1.0441,obj_6,0.0170755663746344,0
1784255669.883,4,brown banana,2.0213,0.5911,1.0275,obj_5,0.013816509951335121,0
1784255669.883,5,gray canned food,3.2616,-0.6381,1.1338,obj_2,0.022019717402465867,0
1784255669.883,6,obj_0,2.7921,-0.9331,1.1935,obj_0,0.06970937602232556,0
1784255669.883,7,brown scissors,2.8876,-0.6037,1.0859,obj_1,0.014108334538204459,0
1784255670.381,0,black bowl,0.0082,0.3753,1.0280,obj_7,0.014950253557353063,0
1784255670.381,1,brown teddy bear,1.4679,0.5974,1.0843,obj_4,0.021246000516806817,0
1784255670.381,2,brown bottle,1.7713,-0.9660,1.2356,obj_3,0.007678010946535906,0
1784255670.381,3,obj_6,-0.0139,-0.0041,1.0441,obj_6,0.017075566389321728,0
1784255670.381,4,brown banana,2.0214,0.5906,1.0276,obj_5,0.014093480781352186,0
1784255670.381,5,gray canned food,3.2616,-0.6380,1.1340,obj_2,0.022028828239445474,0
1784255670.381,6,obj_0,2.7921,-0.9331,1.1935,obj_0,0.06970061409325606,0
1784255670.381,7,brown scissors,2.8882,-0.6030,1.0860,obj_1,0.014089723121658761,0
1784255670.882,0,black bowl,0.0082,0.3752,1.0280,obj_7,0.014976550612284832,0
1784255670.882,1,brown teddy bear,1.4679,0.5974,1.0842,obj_4,0.021359587716241392,0
1784255670.882,2,brown bottle,1.7713,-0.9660,1.2355,obj_3,0.007697487505606671,0
1784255670.882,3,obj_6,-0.0139,-0.0041,1.0441,obj_6,0.01707556639666539,0
1784255670.882,4,brown banana,2.0214,0.5903,1.0276,obj_5,0.014250244827177955,0
1784255670.882,5,gray canned food,3.2615,-0.6381,1.1338,obj_2,0.021900239137762668,0
1784255670.882,6,obj_0,2.7920,-0.9331,1.1935,obj_0,0.06968049190417283,0
1784255670.882,7,brown scissors,2.8885,-0.6027,1.0861,obj_1,0.014088683926912359,0
1784255671.384,0,black bowl,0.0081,0.3751,1.0280,obj_7,0.014990141104118062,0
1784255671.384,1,brown teddy bear,1.4679,0.5974,1.0842,obj_4,0.0214164104625498,0
1784255671.384,2,brown bottle,1.7713,-0.9660,1.2355,obj_3,0.007707226253190907,0
1784255671.384,3,obj_6,-0.0139,-0.0041,1.0441,obj_6,0.017075566400337222,0
1784255671.384,4,brown banana,2.0214,0.5902,1.0276,obj_5,0.014329870582242419,0
1784255671.384,5,gray canned food,3.2615,-0.6382,1.1338,obj_2,0.021836185553833362,0
1784255671.384,6,obj_0,2.7920,-0.9331,1.1935,obj_0,0.06967043201038,0
1784255671.384,7,brown scissors,2.8886,-0.6026,1.0861,obj_1,0.014092898817422487,0
1784255671.886,0,black bowl,0.0081,0.3751,1.0280,obj_7,0.014997046493526716,0
1784255671.886,1,brown teddy bear,1.4679,0.5974,1.0842,obj_4,0.021444829054784106,0
1784255671.886,2,brown bottle,1.7713,-0.9660,1.2355,obj_3,0.007712095743478263,0
1784255671.886,3,obj_6,-0.0139,-0.0041,1.0441,obj_6,0.01707556640217314,0
1784255671.886,4,brown banana,2.0214,0.5901,1.0276,obj_5,0.014369988386156732,0
1784255671.886,5,gray canned food,3.2615,-0.6382,1.1338,obj_2,0.021804219623575403,0
1784255671.886,6,obj_0,2.7920,-0.9331,1.1935,obj_0,0.06966540236382224,0
1784255671.886,7,brown scissors,2.8887,-0.6025,1.0861,obj_1,0.014096188993799927,0
1784255672.386,0,black bowl,0.0081,0.3750,1.0280,obj_7,0.015000526679915164,0
1784255672.386,1,brown teddy bear,1.4679,0.5974,1.0841,obj_4,0.021459040147306364,0
1784255672.386,2,brown bottle,1.7713,-0.9660,1.2355,obj_3,0.007714530517681388,0
1784255672.386,3,obj_6,-0.0139,-0.0041,1.0441,obj_6,0.017075566403091096,0
1784255672.386,4,brown banana,2.0214,0.5901,1.0276,obj_5,0.014390122777289698,0
1784255672.386,5,gray canned food,3.2615,-0.6382,1.1338,obj_2,0.021788251952039872,0
1784255672.386,6,obj_0,2.7920,-0.9331,1.1935,obj_0,0.06966288761564685,0
1784255672.386,7,brown scissors,2.8887,-0.6024,1.0861,obj_1,0.014098129544955106,0
1784255672.890,0,black bowl,0.0081,0.3750,1.0280,obj_7,0.015002273640461151,0
1784255672.890,1,brown teddy bear,1.4678,0.5974,1.0841,obj_4,0.021466146141628232,0
1784255672.890,2,brown bottle,1.7713,-0.9660,1.2355,obj_3,0.007715747912039563,0
1784255672.890,3,obj_6,-0.0139,-0.0041,1.0441,obj_6,0.017075566403550076,0
1784255672.890,4,brown banana,2.0214,0.5901,1.0276,obj_5,0.014400208752880811,0
1784255672.890,5,gray canned food,3.2614,-0.6382,1.1337,obj_2,0.021780271949483673,0
1784255672.890,6,obj_0,2.7920,-0.9331,1.1935,obj_0,0.06966163026033766,0
1784255672.890,7,brown scissors,2.8887,-0.6024,1.0861,obj_1,0.014099173652045587,0
1784255673.388,0,black bowl,0.0087,0.3752,1.0280,obj_7,0.014493549378414631,0
1784255673.388,1,brown teddy bear,1.4678,0.5973,1.0841,obj_4,0.021524072437018052,0
1784255673.388,2,brown bottle,1.7713,-0.9660,1.2355,obj_3,0.007695362843346467,0
1784255673.388,3,obj_6,-0.0139,-0.0041,1.0441,obj_6,0.017075566403779562,0
1784255673.388,4,brown banana,2.0213,0.5900,1.0276,obj_5,0.01435562014730722,0
1784255673.388,5,gray canned food,3.2614,-0.6383,1.1337,obj_2,0.021745316442548977,0
1784255673.388,6,obj_0,2.7920,-0.9331,1.1935,obj_0,0.06967918016482323,0
1784255673.388,7,brown scissors,2.8887,-0.6025,1.0861,obj_1,0.014165728454942014,0
1784255673.888,0,black bowl,0.0089,0.3752,1.0279,obj_7,0.014240053104257196,0
1784255673.888,1,brown teddy bear,1.4678,0.5972,1.0841,obj_4,0.021553191283114517,0
1784255673.888,2,brown bottle,1.7713,-0.9660,1.2355,obj_3,0.007685171435749215,0
1784255673.888,3,obj_6,-0.0139,-0.0041,1.0441,obj_6,0.01707556640389431,0
1784255673.888,4,brown banana,2.0213,0.5900,1.0276,obj_5,0.014333491907894836,0
1784255673.888,5,gray canned food,3.2614,-0.6383,1.1337,obj_2,0.021727847042207572,0
1784255673.888,6,obj_0,2.7920,-0.9331,1.1935,obj_0,0.06968795547910399,0
1784255673.888,7,brown scissors,2.8888,-0.6025,1.0861,obj_1,0.014199041306352593,0
1784255674.387,0,black bowl,0.0090,0.3752,1.0279,obj_7,0.014113535050884595,0
1784255674.387,1,brown teddy bear,1.4678,0.5972,1.0841,obj_4,0.021567789447075558,0
1784255674.387,2,brown bottle,1.7713,-0.9660,1.2356,obj_3,0.007680076014946165,0
1784255674.387,3,obj_6,-0.0139,-0.0041,1.0441,obj_6,0.01707556640395168,0
1784255674.387,4,brown banana,2.0213,0.5900,1.0276,obj_5,0.01432246952895032,0
1784255674.387,5,gray canned food,3.2614,-0.6383,1.1337,obj_2,0.02171911443619844,0
1784255674.387,6,obj_0,2.7920,-0.9331,1.1935,obj_0,0.06969234322671447,0
1784255674.387,7,brown scissors,2.8888,-0.6025,1.0861,obj_1,0.014215706521879047,0
1784255674.883,0,black bowl,0.0091,0.3753,1.0279,obj_7,0.014050335358790179,0
1784255674.883,1,brown teddy bear,1.4678,0.5972,1.0841,obj_4,0.021575098191363332,0
1784255674.883,2,brown bottle,1.7713,-0.9660,1.2356,obj_3,0.00767752837545798,0
1784255674.883,3,obj_6,-0.0139,-0.0041,1.0441,obj_6,0.017075566403980343,0
1784255674.883,4,brown banana,2.0213,0.5900,1.0276,obj_5,0.014316968802813758,0
1784255674.883,5,gray canned food,3.2614,-0.6383,1.1337,obj_2,0.02171474865747072,0
1784255674.883,6,obj_0,2.7920,-0.9331,1.1935,obj_0,0.06969453712313217,0
1784255674.883,7,brown scissors,2.8888,-0.6025,1.0861,obj_1,0.014224041318087712,0
1784255675.890,0,black bowl,0.0092,0.3753,1.0279,obj_7,0.014002961988041022,0
1784255675.890,1,brown teddy bear,1.4678,0.5972,1.0841,obj_4,0.021580583971471137,0
1784255675.890,2,brown bottle,1.7713,-0.9660,1.2356,obj_3,0.007675617676904953,0
1784255675.890,3,obj_6,-0.0139,-0.0041,1.0441,obj_6,0.017075566404001874,0
1784255675.890,4,brown banana,2.0213,0.5900,1.0276,obj_5,0.014312847842520668,0
1784255675.890,5,gray canned food,3.2614,-0.6383,1.1337,obj_2,0.02171147455296975,0
1784255675.890,6,obj_0,2.7920,-0.9331,1.1935,obj_0,0.06969618255533656,0
1784255675.890,7,brown scissors,2.8888,-0.6025,1.0861,obj_1,0.01423029337058616,0
1784255677.389,0,black bowl,0.0092,0.3753,1.0279,obj_7,0.01398914905502823,0
1784255677.389,1,brown teddy bear,1.4678,0.5972,1.0840,obj_4,0.021582184671874095,0
1784255677.389,2,brown bottle,1.7713,-0.9660,1.2356,obj_3,0.007675060394845701,0
1784255677.389,3,obj_6,-0.0139,-0.0041,1.0441,obj_6,0.017075566404008168,0
1784255677.389,4,brown banana,2.0213,0.5900,1.0276,obj_5,0.01431164663650329,0
1784255677.389,5,gray canned food,3.2614,-0.6383,1.1337,obj_2,0.021710519642899467,0
1784255677.389,6,obj_0,2.7920,-0.9331,1.1935,obj_0,0.0696966624746602,0
1784255677.389,7,brown scissors,2.8888,-0.6025,1.0861,obj_1,0.01423211703996832,0
1784255680.398,0,black bowl,0.0087,0.3753,1.0279,obj_7,0.014441563999605873,0
1784255680.398,1,brown teddy bear,1.4678,0.5972,1.0842,obj_4,0.021428451341662803,0
1784255680.398,2,brown bottle,1.7714,-0.9660,1.2355,obj_3,0.007687112788174454,0
1784255680.398,3,obj_6,-0.0139,-0.0041,1.0441,obj_6,0.017075566404009042,0
1784255680.398,4,brown banana,2.0212,0.5913,1.0275,obj_5,0.013629514587015229,0
1784255680.398,5,gray canned food,3.2615,-0.6381,1.1339,obj_2,0.021863148097545762,0
1784255680.398,6,obj_0,2.7921,-0.9331,1.1934,obj_0,0.0697587640601865,0
1784255680.398,7,brown scissors,2.8876,-0.6041,1.0858,obj_1,0.01440698430507705,0
1784255680.885,0,black bowl,0.0085,0.3753,1.0279,obj_7,0.014668847770083707,0
1784255680.885,1,brown teddy bear,1.4679,0.5973,1.0843,obj_4,0.021351525773785626,0
1784255680.885,2,brown bottle,1.7714,-0.9660,1.2355,obj_3,0.007693321201850542,0
1784255680.885,3,gray mug,-0.0139,-0.0041,1.0441,obj_6,0.01707556640400905,0
1784255680.885,4,brown banana,2.0212,0.5919,1.0274,obj_5,0.01332310060324379,0
1784255680.885,5,gray canned food,3.2615,-0.6381,1.1339,obj_2,0.0219399908652601,0
1784255680.885,6,obj_0,2.7921,-0.9331,1.1933,obj_0,0.06978983435362664,0
1784255680.885,7,brown scissors,2.8871,-0.6049,1.0857,obj_1,0.014593961590984828,0
1784255681.391,0,black bowl,0.0094,0.3753,1.0279,obj_7,0.013802899259085134,0
1784255681.391,1,brown teddy bear,1.4679,0.5972,1.0838,obj_4,0.021791636371135854,0
1784255681.391,2,brown bottle,1.7714,-0.9660,1.2355,obj_3,0.007691259160569134,0
1784255681.391,3,gray mug,-0.0139,-0.0041,1.0441,obj_6,0.01707556640400905,0
1784255681.391,4,brown banana,2.0212,0.5922,1.0274,obj_5,0.01320746031734108,0
1784255681.391,5,gray canned food,3.2616,-0.6380,1.1340,obj_2,0.021981750478030124,0
1784255681.391,6,obj_0,2.7921,-0.9331,1.1934,obj_0,0.06976922854424061,0
1784255681.391,7,brown scissors,2.8869,-0.6056,1.0856,obj_1,0.014949574370503992,0
1784255681.888,0,black bowl,0.0098,0.3753,1.0279,obj_7,0.013370765441863759,0
1784255681.888,1,brown teddy bear,1.4679,0.5972,1.0836,obj_4,0.022011722662045295,0
1784255681.888,2,brown bottle,1.7714,-0.9660,1.2355,obj_3,0.007690235925565953,0
1784255681.888,3,gray mug,-0.0139,-0.0041,1.0441,obj_6,0.017075566404009052,0
1784255681.888,4,brown banana,2.0212,0.5923,1.0273,obj_5,0.01315143987909816,0
1784255681.888,5,gray canned food,3.2616,-0.6380,1.1340,obj_2,0.022002728524009096,0
1784255681.888,6,obj_0,2.7921,-0.9331,1.1935,obj_0,0.06975896389606474,0
1784255681.888,7,brown scissors,2.8867,-0.6059,1.0856,obj_1,0.015136278314814297,0
1784255682.388,0,black bowl,0.0100,0.3753,1.0279,obj_7,0.013154932811617922,0
1784255682.388,1,brown teddy bear,1.4679,0.5972,1.0835,obj_4,0.0221217732857731,0
1784255682.388,2,brown bottle,1.7714,-0.9660,1.2355,obj_3,0.0076897262553817175,0
1784255682.388,3,gray mug,-0.0139,-0.0041,1.0441,obj_6,0.017075566404009052,0
1784255682.388,4,brown banana,2.0212,0.5924,1.0273,obj_5,0.013123886362062654,0
1784255682.388,5,gray canned food,3.2616,-0.6380,1.1341,obj_2,0.022013242025075225,0
1784255682.388,6,obj_0,2.7921,-0.9331,1.1935,obj_0,0.06975384114103682,0
1784255682.388,7,brown scissors,2.8867,-0.6061,1.0856,obj_1,0.015231760383462991,0
1784255682.891,0,black bowl,0.0101,0.3753,1.0279,obj_7,0.013047078458134008,0
1784255682.891,1,brown teddy bear,1.4679,0.5972,1.0834,obj_4,0.022176800434734162,0
1784255682.891,2,brown bottle,1.7714,-0.9660,1.2355,obj_3,0.007689471907232027,0
1784255682.891,3,gray mug,-0.0139,-0.0041,1.0441,obj_6,0.017075566404009052,0
1784255682.891,4,brown banana,2.0212,0.5924,1.0273,obj_5,0.013110224622408639,0
1784255682.891,5,gray canned food,3.2616,-0.6380,1.1341,obj_2,0.02201850488490654,0
1784255682.891,6,obj_0,2.7921,-0.9331,1.1935,obj_0,0.06975128215640261,0
1784255682.891,7,brown scissors,2.8867,-0.6062,1.0856,obj_1,0.015280022360110423,0
1784255683.387,0,black bowl,0.0102,0.3753,1.0279,obj_7,0.012993167221908996,0
1784255683.387,1,brown teddy bear,1.4679,0.5972,1.0834,obj_4,0.022204314464505277,0
1784255683.387,2,brown bottle,1.7714,-0.9660,1.2355,obj_3,0.007689344854906904,0
1784255683.387,3,gray mug,-0.0139,-0.0041,1.0441,obj_6,0.017075566404009052,0
1784255683.387,4,brown banana,2.0212,0.5925,1.0273,obj_5,0.01310342261244812,0
1784255683.387,5,gray canned food,3.2616,-0.6380,1.1341,obj_2,0.022021137840869582,0
1784255683.387,6,obj_0,2.7921,-0.9331,1.1935,obj_0,0.06975000326238281,0
1784255683.387,7,brown scissors,2.8867,-0.6062,1.0856,obj_1,0.015304282150453822,0
1784255683.888,0,black bowl,0.0068,0.3753,1.0279,obj_7,0.01636466224159539,0
1784255683.888,1,brown teddy bear,1.4679,0.5973,1.0836,obj_4,0.022041768486077182,0
1784255683.888,2,brown bottle,1.7713,-0.9660,1.2355,obj_3,0.007692770450263061,0
1784255683.888,3,gray mug,-0.0139,-0.0041,1.0441,obj_6,0.017075566404009052,0
1784255683.888,4,brown banana,2.0212,0.5924,1.0273,obj_5,0.01312323172265727,0
1784255683.888,5,gray canned food,3.2616,-0.6381,1.1340,obj_2,0.02195644737835963,0
1784255683.888,6,obj_0,2.7921,-0.9331,1.1934,obj_0,0.06978570191671703,0
1784255683.888,7,brown scissors,2.8865,-0.6057,1.0856,obj_1,0.014868616258166458,0
1784255684.395,0,black bowl,0.0050,0.3754,1.0279,obj_7,0.018059576149030778,0
1784255684.395,1,brown teddy bear,1.4678,0.5973,1.0836,obj_4,0.021960533450345723,0
1784255684.395,2,brown bottle,1.7713,-0.9660,1.2355,obj_3,0.00769454203566773,0
1784255684.395,3,gray mug,-0.0139,-0.0041,1.0441,obj_6,0.017075566404009052,0
1784255684.395,4,brown banana,2.0212,0.5924,1.0273,obj_5,0.013133151082441022,0
1784255684.395,5,gray canned food,3.2616,-0.6382,1.1340,obj_2,0.021924342932804743,0
1784255684.395,6,obj_0,2.7921,-0.9331,1.1933,obj_0,0.06980368501142932,0
1784255684.395,7,brown scissors,2.8865,-0.6055,1.0856,obj_1,0.014652043879451338,0
1784255684.886,0,black bowl,0.0042,0.3754,1.0280,obj_7,0.018908606744162112,0
1784255684.886,1,brown teddy bear,1.4678,0.5973,1.0837,obj_4,0.021919925543938238,0
1784255684.886,2,brown bottle,1.7713,-0.9660,1.2355,obj_3,0.007695442513557929,0
1784255684.886,3,gray mug,-0.0139,-0.0041,1.0441,obj_6,0.017075566404009052,0
1784255684.886,4,brown banana,2.0212,0.5924,1.0273,obj_5,0.01313811445372587,0
1784255684.886,5,gray canned food,3.2616,-0.6382,1.1340,obj_2,0.02190835121577238,0
1784255684.886,6,obj_0,2.7921,-0.9331,1.1932,obj_0,0.06981270997057752,0
1784255684.886,7,brown scissors,2.8864,-0.6054,1.0855,obj_1,0.014544089280303587,0
1784255685.385,0,black bowl,0.0038,0.3754,1.0280,obj_7,0.019333455011903023,0
1784255685.385,1,brown teddy bear,1.4678,0.5973,1.0837,obj_4,0.021899624009194367,0
1784255685.385,2,brown bottle,1.7713,-0.9660,1.2355,obj_3,0.007695896422302649,0
1784255685.385,3,gray mug,-0.0139,-0.0041,1.0441,obj_6,0.017075566404009052,0
1784255685.385,4,brown banana,2.0212,0.5924,1.0273,obj_5,0.013140597060996694,0
1784255685.385,5,gray canned food,3.2616,-0.6382,1.1339,obj_2,0.02190037052238755,0
1784255685.385,6,obj_0,2.7921,-0.9331,1.1932,obj_0,0.06981723079932431,0
1784255685.385,7,brown scissors,2.8864,-0.6053,1.0855,obj_1,0.01449019704154868,0
1784255685.889,0,black bowl,0.0035,0.3754,1.0280,obj_7,0.01954595605683862,0
1784255685.889,1,brown teddy bear,1.4678,0.5973,1.0837,obj_4,0.021889473848400242,0
1784255685.889,2,brown bottle,1.7713,-0.9660,1.2355,obj_3,0.007696124293935894,0
1784255685.889,3,gray mug,-0.0139,-0.0041,1.0441,obj_6,0.017075566404009052,0
1784255685.889,4,brown banana,2.0212,0.5924,1.0273,obj_5,0.013141838594886966,0
1784255685.889,5,gray canned food,3.2616,-0.6382,1.1339,obj_2,0.021896383971816945,0
1784255685.889,6,obj_0,2.7921,-0.9331,1.1932,obj_0,0.06981949330051797,0
1784255685.889,7,brown scissors,2.8864,-0.6053,1.0855,obj_1,0.014463272464815713,0
1784255686.383,0,black bowl,0.0034,0.3754,1.0280,obj_7,0.01965222507944887,0
1784255686.383,1,brown teddy bear,1.4678,0.5973,1.0837,obj_4,0.021884398919893883,0
1784255686.383,2,brown bottle,1.7713,-0.9660,1.2355,obj_3,0.007696238459044016,0
1784255686.383,3,gray mug,-0.0139,-0.0041,1.0441,obj_6,0.017075566404009052,0
1784255686.383,4,brown banana,2.0212,0.5924,1.0273,obj_5,0.013142459419376374,0
1784255686.383,5,gray canned food,3.2616,-0.6382,1.1339,obj_2,0.02189439164616677,0
1784255686.383,6,obj_0,2.7921,-0.9331,1.1932,obj_0,0.06982062507276054,0
1784255686.383,7,brown scissors,2.8864,-0.6053,1.0855,obj_1,0.014449815597240526,0
1784255687.883,0,black bowl,0.0057,0.3753,1.0280,obj_7,0.017428814803325376,0
1784255687.883,1,brown teddy bear,1.4679,0.5975,1.0842,obj_4,0.021419754782608658,0
1784255687.883,2,brown bottle,1.7713,-0.9660,1.2355,obj_3,0.00771632307968192,0
1784255687.883,3,gray mug,-0.0139,-0.0041,1.0441,obj_6,0.017075566404009052,0
1784255687.883,4,brown banana,2.0212,0.5919,1.0275,obj_5,0.013336626346251108,0
1784255687.883,5,gray canned food,3.2616,-0.6381,1.1341,obj_2,0.02197948102016447,0
1784255687.883,6,obj_0,2.7921,-0.9331,1.1933,obj_0,0.0698175545124075,0
1784255687.883,7,brown scissors,2.8877,-0.6043,1.0858,obj_1,0.014585313890966893,0
1784255688.385,0,black bowl,0.0068,0.3752,1.0280,obj_7,0.016279674085711134,0
1784255688.385,1,brown teddy bear,1.4679,0.5975,1.0844,obj_4,0.021189491786890627,0
1784255688.385,2,brown bottle,1.7713,-0.9660,1.2355,obj_3,0.007726331287015982,0
1784255688.385,3,gray mug,-0.0139,-0.0041,1.0441,obj_6,0.017075566404009052,0
1784255688.385,4,brown banana,2.0213,0.5916,1.0276,obj_5,0.013440811392612457,0
1784255688.385,5,gray canned food,3.2616,-0.6380,1.1341,obj_2,0.02202333673568964,0
1784255688.385,6,obj_0,2.7921,-0.9331,1.1933,obj_0,0.06981562658078473,0
1784255688.385,7,brown scissors,2.8884,-0.6038,1.0859,obj_1,0.014729468498015288,0
1784255688.886,0,black bowl,0.0074,0.3752,1.0280,obj_7,0.01570586350941782,0
1784255688.886,1,brown teddy bear,1.4679,0.5976,1.0845,obj_4,0.021074400782783616,0
1784255688.886,2,brown bottle,1.7713,-0.9660,1.2355,obj_3,0.007731337570534997,0
1784255688.886,3,gray mug,-0.0139,-0.0041,1.0441,obj_6,0.017075566404009052,0
1784255688.886,4,brown banana,2.0213,0.5915,1.0277,obj_5,0.013494688842271107,0
1784255688.886,5,gray canned food,3.2616,-0.6380,1.1342,obj_2,0.022045404643226324,0
1784255688.886,6,obj_0,2.7921,-0.9331,1.1933,obj_0,0.06981467058505894,0
1784255688.886,7,brown scissors,2.8887,-0.6035,1.0859,obj_1,0.01481885365713727,0
1784255689.388,0,black bowl,0.0081,0.3753,1.0280,obj_7,0.015082228809616948,0
1784255689.388,1,brown teddy bear,1.4679,0.5975,1.0841,obj_4,0.0215178650072037,0
1784255689.388,2,brown bottle,1.7714,-0.9659,1.2354,obj_3,0.007821989149986237,0
1784255689.388,3,gray mug,-0.0139,-0.0041,1.0441,obj_6,0.017075566404009052,0
1784255689.388,4,brown banana,2.0212,0.5919,1.0275,obj_5,0.013319023710524765,0
1784255689.388,5,gray canned food,3.2616,-0.6380,1.1340,obj_2,0.022006558634417823,0
1784255689.388,6,obj_0,2.7921,-0.9331,1.1934,obj_0,0.06974925555995168,0
1784255689.388,7,brown scissors,2.8889,-0.6034,1.0860,obj_1,0.014885952233349844,0
1784255689.881,0,black bowl,0.0084,0.3753,1.0279,obj_7,0.014771599179695123,0
1784255689.881,1,brown teddy bear,1.4679,0.5974,1.0837,obj_4,0.021904600265238782,0
1784255689.881,2,brown bottle,1.7714,-0.9659,1.2352,obj_3,0.008032020324434471,0
1784255689.881,3,gray mug,-0.0140,-0.0041,1.0441,obj_6,0.017144290159570023,0
1784255689.881,4,brown banana,2.0212,0.5921,1.0274,obj_5,0.01323636654602312,0
1784255689.881,5,gray canned food,3.2615,-0.6380,1.1339,obj_2,0.021987907924725745,0
1784255689.881,6,obj_0,2.7921,-0.9331,1.1934,obj_0,0.06971655748835306,0
1784255689.881,7,brown scissors,2.8890,-0.6034,1.0860,obj_1,0.014920343061626026,0
1784255690.390,0,black bowl,0.0085,0.3754,1.0279,obj_7,0.014616492222960508,0
1784255690.390,1,brown teddy bear,1.4679,0.5974,1.0835,obj_4,0.0220979786642775,0
1784255690.390,2,brown bottle,1.7715,-0.9659,1.2351,obj_3,0.00813734165770721,0
1784255690.390,3,gray mug,-0.0140,-0.0041,1.0441,obj_6,0.017178664682343747,0
1784255690.390,4,brown banana,2.0212,0.5923,1.0274,obj_5,0.013196360622859747,0
1784255690.390,5,gray canned food,3.2615,-0.6380,1.1338,obj_2,0.02197877622292724,0
1784255690.390,6,obj_0,2.7920,-0.9331,1.1934,obj_0,0.0697002108166679,0
1784255690.390,7,brown scissors,2.8890,-0.6034,1.0860,obj_1,0.014937747175901009,0
1784255690.891,0,black bowl,0.0091,0.3754,1.0279,obj_7,0.01411165437742114,0
1784255690.891,1,brown teddy bear,1.4679,0.5974,1.0838,obj_4,0.021828432482374305,0
1784255690.891,2,brown bottle,1.7715,-0.9659,1.2351,obj_3,0.008139487349858959,0
1784255690.891,3,gray mug,-0.0140,-0.0041,1.0441,obj_6,0.017195855082863275,0
1784255690.891,4,brown banana,2.0213,0.5918,1.0276,obj_5,0.013363362216393946,0
1784255690.891,5,gray canned food,3.2616,-0.6380,1.1339,obj_2,0.022000863093100873,0
1784255690.891,6,obj_0,2.7920,-0.9331,1.1935,obj_0,0.06966555239557715,0
1784255690.891,7,brown scissors,2.8890,-0.6033,1.0860,obj_1,0.014918979952298449,0
1784255691.390,0,black bowl,0.0093,0.3754,1.0278,obj_7,0.013860001036750936,0
1784255691.390,1,brown teddy bear,1.4679,0.5974,1.0839,obj_4,0.021693703090143283,0
1784255691.390,2,brown bottle,1.7715,-0.9659,1.2351,obj_3,0.008140575180393758,0
1784255691.390,3,gray mug,-0.0140,-0.0041,1.0441,obj_6,0.017204451065161854,0
1784255691.390,4,brown banana,2.0213,0.5916,1.0277,obj_5,0.013453113329457924,0
1784255691.390,5,gray canned food,3.2616,-0.6380,1.1340,obj_2,0.022012214880316756,0
1784255691.390,6,obj_0,2.7920,-0.9331,1.1935,obj_0,0.06964823427144176,0
1784255691.390,7,brown scissors,2.8890,-0.6033,1.0860,obj_1,0.014909615984055331,0
1784255691.886,0,black bowl,0.0094,0.3754,1.0278,obj_7,0.013734378045490691,0
1784255691.886,1,brown teddy bear,1.4679,0.5974,1.0840,obj_4,0.02162634955693512,0
1784255691.886,2,brown bottle,1.7715,-0.9659,1.2351,obj_3,0.008141122840030077,0
1784255691.886,3,gray mug,-0.0140,-0.0041,1.0441,obj_6,0.01720874925147902,0
1784255691.886,4,brown banana,2.0213,0.5915,1.0278,obj_5,0.01349951573749972,0
1784255691.886,5,gray canned food,3.2616,-0.6380,1.1340,obj_2,0.022017967723797313,0
1784255691.886,6,obj_0,2.7920,-0.9331,1.1935,obj_0,0.06963957798338934,0
1784255691.886,7,brown scissors,2.8890,-0.6033,1.0860,obj_1,0.014904938921627128,0
1784255692.382,0,black bowl,0.0095,0.3755,1.0278,obj_7,0.013671619107877411,0
1784255692.382,1,brown teddy bear,1.4679,0.5974,1.0840,obj_4,0.02159267561152667,0
1784255692.382,2,brown bottle,1.7715,-0.9659,1.2351,obj_3,0.00814139760572044,0
1784255692.382,3,gray mug,-0.0140,-0.0041,1.0441,obj_6,0.017210898393386926,0
1784255692.382,4,brown banana,2.0213,0.5915,1.0278,obj_5,0.01352309410784901,0
1784255692.382,5,gray canned food,3.2616,-0.6380,1.1341,obj_2,0.022020863365474125,0
1784255692.382,6,obj_0,2.7920,-0.9331,1.1935,obj_0,0.06963525053316873,0
1784255692.382,7,brown scissors,2.8890,-0.6033,1.0860,obj_1,0.014902601622188476,0
1784255692.883,0,black bowl,0.0095,0.3755,1.0278,obj_7,0.013640252990211713,0
1784255692.883,1,brown teddy bear,1.4679,0.5974,1.0840,obj_4,0.021575839347974184,0
1784255692.883,2,brown bottle,1.7715,-0.9659,1.2351,obj_3,0.008141535222506173,0
1784255692.883,3,gray mug,-0.0140,-0.0041,1.0441,obj_6,0.01721197297652291,0
1784255692.883,4,brown banana,2.0213,0.5914,1.0279,obj_5,0.013534977011998343,0
1784255692.883,5,gray canned food,3.2616,-0.6380,1.1341,obj_2,0.022022315989089578,0
1784255692.883,6,obj_0,2.7920,-0.9331,1.1935,obj_0,0.06963308698154733,0
1784255692.883,7,brown scissors,2.8890,-0.6033,1.0860,obj_1,0.014901433280581872,0
1784255693.382,0,black bowl,0.0094,0.3755,1.0279,obj_7,0.013813491217920224,0
1784255693.382,1,brown teddy bear,1.4679,0.5974,1.0840,obj_4,0.021589891970043452,0
1784255693.382,2,brown bottle,1.7714,-0.9659,1.2352,obj_3,0.00801880780148842,0
1784255693.382,3,gray mug,-0.0140,-0.0041,1.0441,obj_6,0.01721251027113572,0
1784255693.382,4,brown banana,2.0213,0.5920,1.0276,obj_5,0.01330723845482237,0
1784255693.382,5,gray canned food,3.2616,-0.6381,1.1341,obj_2,0.022007661124517734,0
1784255693.382,6,obj_0,2.7921,-0.9331,1.1935,obj_0,0.06972134871326174,0
1784255693.382,7,brown scissors,2.8890,-0.6032,1.0860,obj_1,0.014830668523332126,0
1784255693.881,0,black bowl,0.0093,0.3755,1.0279,obj_7,0.013900316528809119,0
1784255693.881,1,brown teddy bear,1.4679,0.5973,1.0840,obj_4,0.021596943958512815,0
1784255693.881,2,brown bottle,1.7714,-0.9659,1.2353,obj_3,0.007957768296475673,0
1784255693.881,3,gray mug,-0.0140,-0.0041,1.0441,obj_6,0.017212778919203246,0
1784255693.881,4,brown banana,2.0213,0.5922,1.0275,obj_5,0.013201208906568064,0
1784255693.881,5,gray canned food,3.2616,-0.6381,1.1342,obj_2,0.022000549149226827,0
1784255693.881,6,obj_0,2.7921,-0.9331,1.1934,obj_0,0.06976548928692174,0
1784255693.881,7,brown scissors,2.8890,-0.6032,1.0861,obj_1,0.014795370893766912,0
1784255694.389,0,black bowl,0.0092,0.3755,1.0279,obj_7,0.013943779610722644,0
1784255694.389,1,brown teddy bear,1.4679,0.5973,1.0840,obj_4,0.021600476364777615,0
1784255694.389,2,brown bottle,1.7714,-0.9660,1.2353,obj_3,0.00792733178254445,0
1784255694.389,3,gray mug,-0.0140,-0.0041,1.0441,obj_6,0.017212913243427254,0
1784255694.389,4,brown banana,2.0212,0.5923,1.0275,obj_5,0.013150210397502611,0
1784255694.389,5,gray canned food,3.2616,-0.6381,1.1342,obj_2,0.021997047087244807,0
1784255694.389,6,obj_0,2.7921,-0.9331,1.1934,obj_0,0.0697875619953298,0
1784255694.389,7,brown scissors,2.8890,-0.6032,1.0861,obj_1,0.014777743443480528,0
1784255694.889,0,black bowl,0.0092,0.3755,1.0279,obj_7,0.013965523621017762,0
1784255694.889,1,brown teddy bear,1.4679,0.5973,1.0840,obj_4,0.021602244170000753,0
1784255694.889,2,brown bottle,1.7714,-0.9660,1.2353,obj_3,0.007912134615592047,0
1784255694.889,3,gray mug,-0.0140,-0.0041,1.0441,obj_6,0.01721298040558685,0
1784255694.889,4,brown banana,2.0212,0.5924,1.0274,obj_5,0.013125222131976356,0
1784255694.889,5,gray canned food,3.2616,-0.6381,1.1342,obj_2,0.02199530954521168,0
1784255694.889,6,obj_0,2.7921,-0.9331,1.1934,obj_0,0.06979859895425837,0
1784255694.889,7,brown scissors,2.8890,-0.6031,1.0861,obj_1,0.014768935081780328,0
1784255695.882,0,black bowl,0.0092,0.3755,1.0279,obj_7,0.013981837052263692,0
1784255695.882,1,brown teddy bear,1.4679,0.5973,1.0840,obj_4,0.021603570724617452,0
1784255695.882,2,brown bottle,1.7714,-0.9660,1.2353,obj_3,0.007900746033832982,0
1784255695.882,3,gray mug,-0.0140,-0.0041,1.0441,obj_6,0.017213030777227346,0
1784255695.882,4,brown banana,2.0212,0.5925,1.0274,obj_5,0.013106706095650173,0
1784255695.882,5,gray canned food,3.2616,-0.6382,1.1342,obj_2,0.02199401229185649,0
1784255695.882,6,obj_0,2.7921,-0.9331,1.1934,obj_0,0.06980687693786491,0
1784255695.882,7,brown scissors,2.8890,-0.6031,1.0861,obj_1,0.014762331162262754,0
1784255696.399,0,black bowl,0.0092,0.3755,1.0279,obj_7,0.013984556408113798,0
1784255696.399,1,brown teddy bear,1.4679,0.5973,1.0840,obj_4,0.021603791875436165,0
1784255696.399,2,brown bottle,1.7714,-0.9660,1.2353,obj_3,0.007898848714119713,0
1784255696.399,3,gray mug,-0.0140,-0.0041,1.0441,obj_6,0.017213039172502508,0
1784255696.399,4,brown banana,2.0212,0.5925,1.0274,obj_5,0.013103638919649774,0
1784255696.399,5,gray canned food,3.2616,-0.6382,1.1342,obj_2,0.02199379657496767,0
1784255696.399,6,obj_0,2.7922,-0.9331,1.1934,obj_0,0.0698082566238272,0
1784255696.399,7,brown scissors,2.8890,-0.6031,1.0861,obj_1,0.01476123070520876,0
1784255698.381,0,black bowl,0.0086,0.3754,1.0279,obj_7,0.014559453656525704,0
1784255698.381,1,brown teddy bear,1.4679,0.5974,1.0841,obj_4,0.021507046119104853,0
1784255698.381,2,brown bottle,1.7714,-0.9660,1.2355,obj_3,0.007747859536750461,0
1784255698.381,3,gray mug,-0.0140,-0.0041,1.0441,obj_6,0.01721304704307344,0
1784255698.381,4,brown banana,2.0213,0.5917,1.0276,obj_5,0.013439652604979398,0
1784255698.381,5,gray canned food,3.2616,-0.6382,1.1342,obj_2,0.02196214940829443,0
1784255698.381,6,obj_0,2.7922,-0.9331,1.1934,obj_0,0.0698115854871543,0
1784255698.381,7,brown scissors,2.8890,-0.6031,1.0860,obj_1,0.014727094657718735,0
1784255698.888,0,black bowl,0.0083,0.3753,1.0280,obj_7,0.014846386828860155,0
1784255698.888,1,brown teddy bear,1.4679,0.5975,1.0841,obj_4,0.021458777548007256,0
1784255698.888,2,brown bottle,1.7714,-0.9661,1.2356,obj_3,0.007673430622223357,0
1784255698.888,3,gray mug,-0.0140,-0.0041,1.0441,obj_6,0.017213047305425798,0
1784255698.888,4,brown banana,2.0213,0.5913,1.0277,obj_5,0.013623701179045952,0
1784255698.888,5,gray canned food,3.2616,-0.6382,1.1341,obj_2,0.021946493044877863,0
1784255698.888,6,obj_0,2.7922,-0.9331,1.1934,obj_0,0.06981265109729391,0
1784255698.888,7,brown scissors,2.8890,-0.6030,1.0860,obj_1,0.01471059041770446,0
1784255699.394,0,black bowl,0.0081,0.3753,1.0280,obj_7,0.014990010707310342,0
1784255699.394,1,brown teddy bear,1.4679,0.5975,1.0841,obj_4,0.021434693925902963,0
1784255699.394,2,brown bottle,1.7714,-0.9661,1.2356,obj_3,0.007636277098605216,0
1784255699.394,3,gray mug,-0.0140,-0.0041,1.0441,obj_6,0.01721304743660195,0
1784255699.394,4,brown banana,2.0213,0.5911,1.0278,obj_5,0.013719231847452181,0
1784255699.394,5,gray canned food,3.2616,-0.6382,1.1341,obj_2,0.021938683134105415,0
1784255699.394,6,obj_0,2.7921,-0.9331,1.1934,obj_0,0.06981318510071607,0
1784255699.394,7,brown scissors,2.8890,-0.6030,1.0860,obj_1,0.014702358967885706,0
1784255699.888,0,black bowl,0.0091,0.3754,1.0279,obj_7,0.014047634696289132,0
1784255699.888,1,brown teddy bear,1.4680,0.5976,1.0842,obj_4,0.021360574154570613,0
1784255699.888,2,brown bottle,1.7714,-0.9660,1.2354,obj_3,0.00783012131535275,0
1784255699.888,3,gray mug,-0.0140,-0.0041,1.0441,obj_6,0.017213047502190052,0
1784255699.888,4,brown banana,2.0214,0.5913,1.0278,obj_5,0.013636575668585362,0
1784255699.888,5,gray canned food,3.2616,-0.6382,1.1342,obj_2,0.021947737955480533,0
1784255699.888,6,obj_0,2.7921,-0.9331,1.1932,obj_0,0.06975717117040435,0
1784255699.888,7,brown scissors,2.8892,-0.6035,1.0860,obj_1,0.015140804311218576,0
1784255700.385,0,black bowl,0.0096,0.3755,1.0278,obj_7,0.013578721024575946,0
1784255700.385,1,brown teddy bear,1.4680,0.5976,1.0842,obj_4,0.021323627954110705,0
1784255700.385,2,brown bottle,1.7714,-0.9660,1.2353,obj_3,0.00792722973127476,0
1784255700.385,3,gray mug,-0.0140,-0.0041,1.0441,obj_6,0.017213047534984083,0
1784255700.385,4,brown banana,2.0214,0.5914,1.0278,obj_5,0.013596401307615833,0
1784255700.385,5,gray canned food,3.2616,-0.6381,1.1342,obj_2,0.021952323287685878,0
1784255700.385,6,obj_0,2.7920,-0.9331,1.1932,obj_0,0.0697292625126892,0
1784255700.385,7,brown scissors,2.8893,-0.6038,1.0860,obj_1,0.015362392498098842,0
1784255700.884,0,black bowl,0.0094,0.3755,1.0278,obj_7,0.01379931786093481,0
1784255700.884,1,brown teddy bear,1.4680,0.5977,1.0843,obj_4,0.021251811147192275,0
1784255700.884,2,brown bottle,1.7715,-0.9659,1.2357,obj_3,0.007545207362544762,0
1784255700.884,3,gray mug,-0.0140,-0.0041,1.0441,obj_6,0.01721304755138112,0
1784255700.884,4,brown banana,2.0213,0.5908,1.0278,obj_5,0.013911840394079025,0
1784255700.884,5,gray canned food,3.2617,-0.6382,1.1339,obj_2,0.02200141988368492,0
1784255700.884,6,obj_0,2.7920,-0.9331,1.1932,obj_0,0.0697080648395656,0
1784255700.884,7,brown scissors,2.8895,-0.6044,1.0861,obj_1,0.01592034708313737,0
1784255701.385,0,black bowl,0.0093,0.3755,1.0278,obj_7,0.013909683704636598,0
1784255701.385,1,brown teddy bear,1.4680,0.5977,1.0843,obj_4,0.021215949573637313,0
1784255701.385,2,brown bottle,1.7716,-0.9659,1.2359,obj_3,0.007355254502760205,0
1784255701.385,3,gray mug,-0.0140,-0.0041,1.0441,obj_6,0.017213047559579666,0
1784255701.385,4,brown banana,2.0213,0.5904,1.0278,obj_5,0.014079021699546225,0
1784255701.385,5,gray canned food,3.2617,-0.6382,1.1338,obj_2,0.022027432183273563,0
1784255701.385,6,obj_0,2.7920,-0.9331,1.1932,obj_0,0.06969746614740897,0
1784255701.385,7,brown scissors,2.8896,-0.6047,1.0861,obj_1,0.016201783518813413,0
1784255701.886,0,black bowl,0.0092,0.3755,1.0277,obj_7,0.013957463626416354,0
1784255701.886,1,brown teddy bear,1.4680,0.5976,1.0847,obj_4,0.020910266028982105,0
1784255701.886,2,brown bottle,1.7716,-0.9659,1.2361,obj_3,0.007154760724790006,0
1784255701.886,3,gray mug,-0.0140,-0.0041,1.0441,obj_6,0.017191021004653282,0
1784255701.886,4,brown banana,2.0213,0.5903,1.0278,obj_5,0.014164881462147606,0
1784255701.886,5,gray canned food,3.2617,-0.6382,1.1337,obj_2,0.022040802842914,0
1784255701.886,6,obj_0,2.7920,-0.9331,1.1932,obj_0,0.06969216683745116,0
1784255701.886,7,brown scissors,2.8897,-0.6048,1.0861,obj_1,0.016343079549153487,0
1784255702.383,0,black bowl,0.0092,0.3755,1.0277,obj_7,0.013981365406561435,0
1784255702.383,1,brown teddy bear,1.4679,0.5976,1.0848,obj_4,0.02075767417656597,0
1784255702.383,2,brown bottle,1.7716,-0.9658,1.2362,obj_3,0.007054541515545965,0
1784255702.383,3,gray mug,-0.0140,-0.0041,1.0441,obj_6,0.017180009192950457,0
1784255702.383,4,brown banana,2.0213,0.5902,1.0278,obj_5,0.014208366702184729,0
1784255702.383,5,gray canned food,3.2617,-0.6382,1.1337,obj_2,0.02204757910809049,0
1784255702.383,6,obj_0,2.7920,-0.9331,1.1932,obj_0,0.06968951719150476,0
1784255702.383,7,brown scissors,2.8897,-0.6049,1.0861,obj_1,0.016413867669647118,0
1784255702.887,0,black bowl,0.0092,0.3755,1.0277,obj_7,0.013993319233785174,0
1784255702.887,1,brown teddy bear,1.4679,0.5976,1.0849,obj_4,0.020681442344460996,0
1784255702.887,2,brown bottle,1.7717,-0.9658,1.2362,obj_3,0.007004439177418728,0
1784255702.887,3,gray mug,-0.0140,-0.0041,1.0441,obj_6,0.01717450365436147,0
1784255702.887,4,brown banana,2.0213,0.5901,1.0278,obj_5,0.014230246681680886,0
1784255702.887,5,gray canned food,3.2618,-0.6382,1.1336,obj_2,0.0220509899501485,0
1784255702.887,6,obj_0,2.7920,-0.9331,1.1932,obj_0,0.06968819237079002,0
1784255702.887,7,brown scissors,2.8897,-0.6049,1.0861,obj_1,0.016449296228921315,0
1784255703.385,0,black bowl,0.0092,0.3755,1.0277,obj_7,0.013999296879490466,0
1784255703.385,1,brown teddy bear,1.4679,0.5976,1.0849,obj_4,0.020643342659078724,0
1784255703.385,2,brown bottle,1.7717,-0.9658,1.2362,obj_3,0.006979389870623484,0
1784255703.385,3,gray mug,-0.0140,-0.0041,1.0441,obj_6,0.017171750976985645,0
1784255703.385,4,brown banana,2.0213,0.5901,1.0278,obj_5,0.01424122082693076,0
1784255703.385,5,gray canned food,3.2618,-0.6382,1.1336,obj_2,0.022052701045476467,0
1784255703.385,6,obj_0,2.7920,-0.9331,1.1932,obj_0,0.06968752996099734,0
1784255703.385,7,brown scissors,2.8897,-0.6050,1.0861,obj_1,0.016467019068384922,0
1784255703.891,0,black bowl,0.0092,0.3755,1.0277,obj_7,0.014002285885093035,0
1784255703.891,1,brown teddy bear,1.4679,0.5976,1.0850,obj_4,0.020624296900293552,0
1784255703.891,2,brown bottle,1.7717,-0.9658,1.2362,obj_3,0.006966865688651729,0
1784255703.891,3,gray mug,-0.0140,-0.0041,1.0441,obj_6,0.01717037466129029,0
1784255703.891,4,brown banana,2.0213,0.5901,1.0278,obj_5,0.014246716415428321,0
1784255703.891,5,gray canned food,3.2618,-0.6382,1.1336,obj_2,0.022053558011330562,0
1784255703.891,6,obj_0,2.7920,-0.9331,1.1932,obj_0,0.06968719875624212,0
1784255703.891,7,brown scissors,2.8897,-0.6050,1.0861,obj_1,0.01647588262001777,0
1784255704.887,0,black bowl,0.0092,0.3755,1.0277,obj_7,0.014004527719184052,0
1784255704.887,1,brown teddy bear,1.4679,0.5976,1.0850,obj_4,0.02061001437410515,0
1784255704.887,2,brown bottle,1.7717,-0.9658,1.2362,obj_3,0.006957472759813938,0
1784255704.887,3,gray mug,-0.0140,-0.0041,1.0441,obj_6,0.017169342434581035,0
1784255704.887,4,brown banana,2.0213,0.5901,1.0278,obj_5,0.01425084182710962,0
1784255704.887,5,gray canned food,3.2618,-0.6382,1.1336,obj_2,0.022054201356088713,0
1784255704.887,6,obj_0,2.7920,-0.9331,1.1932,obj_0,0.06968695035273725,0
1784255704.887,7,brown scissors,2.8898,-0.6050,1.0861,obj_1,0.016482531214567796,0
1784255705.887,0,black bowl,0.0091,0.3755,1.0277,obj_7,0.0140710126800452,0
1784255705.887,1,brown teddy bear,1.4680,0.5976,1.0848,obj_4,0.02075521690202309,0
1784255705.887,2,brown bottle,1.7717,-0.9658,1.2362,obj_3,0.0070444941898837295,0
1784255705.887,3,gray mug,-0.0140,-0.0040,1.0442,obj_6,0.01717520164660415,0
1784255705.887,4,brown banana,2.0213,0.5901,1.0278,obj_5,0.014251873677912995,0
1784255705.887,5,gray canned food,3.2618,-0.6382,1.1336,obj_2,0.02205436227535686,0
1784255705.887,6,obj_0,2.7920,-0.9331,1.1932,obj_0,0.06968688825186951,0
1784255705.887,7,brown scissors,2.8898,-0.6050,1.0861,obj_1,0.016484193487739978,0
1784255706.386,0,black bowl,0.0088,0.3754,1.0278,obj_7,0.014328930039559706,0
1784255706.386,1,brown teddy bear,1.4680,0.5974,1.0846,obj_4,0.02094390753672557,0
1784255706.386,2,brown bottle,1.7716,-0.9659,1.2357,obj_3,0.007519617958881426,0
1784255706.386,3,gray mug,-0.0141,-0.0040,1.0442,obj_6,0.01717838971882327,0
1784255706.386,4,brown banana,2.0213,0.5907,1.0278,obj_5,0.013910458587394424,0
1784255706.386,5,gray canned food,3.2617,-0.6382,1.1338,obj_2,0.021982038494285854,0
1784255706.386,6,obj_0,2.7921,-0.9331,1.1933,obj_0,0.06974274982505418,0
1784255706.386,7,brown scissors,2.8897,-0.6051,1.0861,obj_1,0.01656034891921426,0
1784255706.882,0,black bowl,0.0087,0.3753,1.0278,obj_7,0.014432619778455471,0
1784255706.882,1,brown teddy bear,1.4680,0.5973,1.0847,obj_4,0.02088420184599687,0
1784255706.882,2,brown bottle,1.7715,-0.9659,1.2355,obj_3,0.007668458396846036,0
1784255706.882,3,gray mug,-0.0140,-0.0040,1.0441,obj_6,0.017181744428451707,0
1784255706.882,4,brown banana,2.0214,0.5911,1.0278,obj_5,0.013748380437998413,0
1784255706.882,5,gray canned food,3.2616,-0.6382,1.1339,obj_2,0.021946542169078095,0
1784255706.882,6,obj_0,2.7921,-0.9331,1.1933,obj_0,0.06977076950549152,0
1784255706.882,7,brown scissors,2.8897,-0.6052,1.0861,obj_1,0.016598709261426526,0
1784255707.383,0,black bowl,0.0083,0.3753,1.0278,obj_7,0.014824385976647541,0
1784255707.383,1,brown teddy bear,1.4679,0.5973,1.0848,obj_4,0.020839773086882882,0
1784255707.383,2,brown bottle,1.7714,-0.9660,1.2355,obj_3,0.007733866756535563,0
1784255707.383,3,gray mug,-0.0140,-0.0040,1.0441,obj_6,0.01718353793925472,0
1784255707.383,4,brown banana,2.0214,0.5913,1.0279,obj_5,0.013651013623572635,0
1784255707.383,5,gray canned food,3.2616,-0.6382,1.1340,obj_2,0.021928961344904734,0
1784255707.383,6,obj_0,2.7921,-0.9331,1.1934,obj_0,0.06979048790551674,0
1784255707.383,7,brown scissors,2.8896,-0.6047,1.0860,obj_1,0.016161247407869596,0
1784255707.886,0,black bowl,0.0081,0.3752,1.0278,obj_7,0.015020439493864645,0
1784255707.886,1,brown teddy bear,1.4679,0.5973,1.0848,obj_4,0.02081760716562172,0
1784255707.886,2,brown bottle,1.7714,-0.9660,1.2355,obj_3,0.007767016045655083,0
1784255707.886,3,gray mug,-0.0140,-0.0039,1.0441,obj_6,0.017184463723217594,0
1784255707.886,4,brown banana,2.0214,0.5914,1.0279,obj_5,0.013603585225380752,0
1784255707.886,5,gray canned food,3.2616,-0.6382,1.1340,obj_2,0.021920212885140233,0
1784255707.886,6,obj_0,2.7921,-0.9331,1.1934,obj_0,0.06980035957049147,0
1784255707.886,7,brown scissors,2.8895,-0.6044,1.0860,obj_1,0.015944815145628895,0
1784255708.386,0,black bowl,0.0080,0.3752,1.0278,obj_7,0.015118506923721728,0
1784255708.386,1,brown teddy bear,1.4679,0.5973,1.0848,obj_4,0.020806536364761145,0
1784255708.386,2,brown bottle,1.7714,-0.9660,1.2354,obj_3,0.007783700314420886,0
1784255708.386,3,gray mug,-0.0140,-0.0039,1.0441,obj_6,0.017184933870981772,0
1784255708.386,4,brown banana,2.0214,0.5915,1.0279,obj_5,0.013580188639107416,0
1784255708.386,5,gray canned food,3.2616,-0.6382,1.1340,obj_2,0.021915849158009475,0
1784255708.386,6,red box,2.7921,-0.9331,1.1934,obj_0,0.06980529851767764,0
1784255708.386,7,brown scissors,2.8895,-0.6043,1.0860,obj_1,0.01583720124064148,0
1784255708.885,0,black bowl,0.0080,0.3752,1.0278,obj_7,0.015167550576392434,0
1784255708.885,1,brown teddy bear,1.4679,0.5973,1.0848,obj_4,0.02080100400993754,0
1784255708.885,2,brown bottle,1.7714,-0.9660,1.2354,obj_3,0.007792069649807588,0
1784255708.885,3,gray mug,-0.0140,-0.0039,1.0441,obj_6,0.017185170758636497,0
1784255708.885,4,brown banana,2.0214,0.5915,1.0279,obj_5,0.013568570230011656,0
1784255708.885,5,gray canned food,3.2616,-0.6382,1.1340,obj_2,0.021913669921963523,0
1784255708.885,6,red box,2.7922,-0.9331,1.1934,obj_0,0.06980776876975235,0
1784255708.885,7,brown scissors,2.8895,-0.6042,1.0860,obj_1,0.015783548442494397,0
1784255709.391,0,black bowl,0.0080,0.3752,1.0278,obj_7,0.015192074859093524,0
1784255709.391,1,brown teddy bear,1.4679,0.5973,1.0848,obj_4,0.020798238594636295,0
1784255709.391,2,brown bottle,1.7714,-0.9660,1.2354,obj_3,0.007796261092222386,0
1784255709.391,3,gray mug,-0.0140,-0.0039,1.0441,obj_6,0.017185289655885214,0
1784255709.391,4,brown banana,2.0214,0.5915,1.0279,obj_5,0.013562781056454615,0
1784255709.391,5,gray canned food,3.2616,-0.6382,1.1340,obj_2,0.021912580961048568,0
1784255709.391,6,red box,2.7922,-0.9331,1.1934,obj_0,0.06980900409038608,0
1784255709.391,7,brown scissors,2.8894,-0.6042,1.0860,obj_1,0.015756761041629774,0
1784255710.388,0,black bowl,0.0079,0.3752,1.0278,obj_7,0.015210469139281842,0
1784255710.388,1,brown teddy bear,1.4679,0.5973,1.0848,obj_4,0.020796164866750105,0
1784255710.388,2,brown bottle,1.7714,-0.9660,1.2354,obj_3,0.007799407632002648,0
1784255710.388,3,gray mug,-0.0140,-0.0039,1.0441,obj_6,0.017185379027188405,0
1784255710.388,4,brown banana,2.0214,0.5915,1.0279,obj_5,0.0135584479538872,0
1784255710.388,5,gray canned food,3.2616,-0.6382,1.1340,obj_2,0.021911764527901077,0
1784255710.388,6,red box,2.7922,-0.9331,1.1934,obj_0,0.06980993066599141,0
1784255710.388,7,brown scissors,2.8894,-0.6042,1.0860,obj_1,0.015736687661641734,0
1784255711.387,0,black bowl,0.0081,0.3750,1.0279,obj_7,0.015086762934230103,0
1784255711.387,1,brown teddy bear,1.4679,0.5972,1.0847,obj_4,0.02095435786215347,0
1784255711.387,2,brown bottle,1.7714,-0.9660,1.2353,obj_3,0.007875141821100287,0
1784255711.387,3,gray mug,-0.0140,-0.0039,1.0441,obj_6,0.01718540139658081,0
1784255711.387,4,brown banana,2.0214,0.5912,1.0279,obj_5,0.013724846878538349,0
1784255711.387,5,gray canned food,3.2615,-0.6382,1.1339,obj_2,0.021869111478106905,0
1784255711.387,6,red box,2.7920,-0.9331,1.1935,obj_0,0.06966740620337795,0
1784255711.387,7,brown scissors,2.8897,-0.6047,1.0860,obj_1,0.01624062210140253,0
1784255711.881,0,black bowl,0.0081,0.3749,1.0279,obj_7,0.015011363999123933,0
1784255711.881,1,brown teddy bear,1.4679,0.5973,1.0845,obj_4,0.02116212149266811,0
1784255711.881,2,brown bottle,1.7715,-0.9659,1.2352,obj_3,0.00800105430799987,0
1784255711.881,3,gray mug,-0.0140,-0.0039,1.0441,obj_6,0.01716617929813969,0
1784255711.881,4,brown banana,2.0214,0.5911,1.0279,obj_5,0.013810259210208887,0
1784255711.881,5,gray canned food,3.2615,-0.6382,1.1338,obj_2,0.021848126251689397,0
1784255711.881,6,red box,2.7919,-0.9331,1.1935,obj_0,0.06959607888156438,0
1784255711.881,7,brown scissors,2.8898,-0.6050,1.0860,obj_1,0.01649621290888191,0
1784255712.395,0,black bowl,0.0082,0.3749,1.0279,obj_7,0.01497387402183141,0
1784255712.395,1,brown teddy bear,1.4679,0.5973,1.0844,obj_4,0.02126607328100358,0
1784255712.395,2,brown bottle,1.7715,-0.9659,1.2351,obj_3,0.008064194335415113,0
1784255712.395,3,gray mug,-0.0140,-0.0039,1.0442,obj_6,0.017156646666866268,0
1784255712.395,4,brown banana,2.0214,0.5910,1.0279,obj_5,0.01385341847422848,0
1784255712.395,5,gray canned food,3.2615,-0.6382,1.1338,obj_2,0.02183770218760076,0
1784255712.395,6,red box,2.7919,-0.9331,1.1935,obj_0,0.0695604182634579,0
1784255712.395,7,brown scissors,2.8898,-0.6051,1.0860,obj_1,0.01662446999064836,0
1784255712.884,0,black bowl,0.0082,0.3749,1.0279,obj_7,0.014955181865902622,0
1784255712.884,1,brown teddy bear,1.4679,0.5973,1.0843,obj_4,0.021318066369937043,0
1784255712.884,2,brown bottle,1.7715,-0.9659,1.2351,obj_3,0.008095809041845934,0
1784255712.884,3,gray mug,-0.0140,-0.0040,1.0442,obj_6,0.01715189999392979,0
1784255712.884,4,brown banana,2.0214,0.5909,1.0279,obj_5,0.013875110150808672,0
1784255712.884,5,gray canned food,3.2615,-0.6382,1.1338,obj_2,0.02183250732152167,0
1784255712.884,6,red box,2.7919,-0.9331,1.1935,obj_0,0.06954258871647023,0
1784255712.884,7,brown scissors,2.8898,-0.6052,1.0860,obj_1,0.016688710849231233,0
1784255713.391,0,black bowl,0.0082,0.3748,1.0279,obj_7,0.0149551885776047,0
1784255713.391,1,brown teddy bear,1.4679,0.5973,1.0843,obj_4,0.02135436472117792,0
1784255713.391,2,brown bottle,1.7715,-0.9659,1.2351,obj_3,0.008142331574570496,0
1784255713.391,3,gray mug,-0.0140,-0.0040,1.0442,obj_6,0.0171667632661098,0
1784255713.391,4,brown banana,2.0214,0.5909,1.0279,obj_5,0.013885983847289734,0
1784255713.391,5,gray canned food,3.2615,-0.6382,1.1338,obj_2,0.021829914183550517,0
1784255713.391,6,red box,2.7919,-0.9331,1.1935,obj_0,0.06953367413366349,0
1784255713.391,7,brown scissors,2.8899,-0.6052,1.0860,obj_1,0.016720858980532764,0
1784255713.883,0,black bowl,0.0086,0.3751,1.0278,obj_7,0.014525260718788598,0
1784255713.883,1,brown teddy bear,1.4679,0.5974,1.0844,obj_4,0.021166102661340194,0
1784255713.883,2,brown bottle,1.7715,-0.9659,1.2351,obj_3,0.008112007921190401,0
1784255713.883,3,gray mug,-0.0141,-0.0040,1.0442,obj_6,0.01717421971296764,0
1784255713.883,4,brown banana,2.0215,0.5909,1.0279,obj_5,0.013896356923316746,0
1784255713.883,5,gray canned food,3.2617,-0.6381,1.1337,obj_2,0.02201218936841123,0
1784255713.883,6,red box,2.7919,-0.9331,1.1934,obj_0,0.06960812799783524,0
1784255713.883,7,brown scissors,2.8894,-0.6041,1.0860,obj_1,0.01572207005293793,0
1784255714.384,0,black bowl,0.0089,0.3753,1.0278,obj_7,0.014313032401326578,0
1784255714.384,1,brown teddy bear,1.4678,0.5975,1.0845,obj_4,0.02107214835381253,0
1784255714.384,2,brown bottle,1.7715,-0.9660,1.2351,obj_3,0.008096846890776725,0
1784255714.384,3,gray mug,-0.0141,-0.0040,1.0442,obj_6,0.01717795412967295,0
1784255714.384,4,brown banana,2.0215,0.5909,1.0279,obj_5,0.01390154380403544,0
1784255714.384,5,gray canned food,3.2617,-0.6381,1.1337,obj_2,0.02210336316558379,0
1784255714.384,6,red box,2.7920,-0.9331,1.1933,obj_0,0.0696454095074843,0
1784255714.384,7,brown scissors,2.8892,-0.6036,1.0860,obj_1,0.01523142773059836,0
1784255714.884,0,black bowl,0.0090,0.3753,1.0278,obj_7,0.01420373086473736,0
1784255714.884,1,brown teddy bear,1.4678,0.5975,1.0847,obj_4,0.02088734869736547,0
1784255714.884,2,brown bottle,1.7715,-0.9659,1.2352,obj_3,0.008058603485173054,0
1784255714.884,3,gray mug,-0.0141,-0.0040,1.0442,obj_6,0.017180990496327823,0
1784255714.884,4,brown banana,2.0215,0.5909,1.0279,obj_5,0.013904137329958972,0
1784255714.884,5,gray canned food,3.2618,-0.6381,1.1337,obj_2,0.022148958984964766,0
1784255714.884,6,red box,2.7920,-0.9331,1.1933,obj_0,0.06966406388115191,0
1784255714.884,7,brown scissors,2.8891,-0.6033,1.0860,obj_1,0.014988546409569566,0
1784255715.387,0,black bowl,0.0086,0.3753,1.0278,obj_7,0.014585079902892636,0
1784255715.387,1,brown teddy bear,1.4678,0.5974,1.0847,obj_4,0.020898801669613182,0
1784255715.387,2,brown bottle,1.7715,-0.9659,1.2352,obj_3,0.00803949602264281,0
1784255715.387,3,gray mug,-0.0141,-0.0040,1.0442,obj_6,0.0171825231184315,0
1784255715.387,4,brown banana,2.0214,0.5909,1.0279,obj_5,0.013889315474367267,0
1784255715.387,5,gray canned food,3.2618,-0.6380,1.1337,obj_2,0.022181581987579184,0
1784255715.387,6,red box,2.7920,-0.9331,1.1933,obj_0,0.06968224276613419,0
1784255715.387,7,brown scissors,2.8892,-0.6036,1.0860,obj_1,0.015237075533060886,0
1784255715.893,0,black bowl,0.0084,0.3754,1.0277,obj_7,0.014775898401904245,0
1784255715.893,1,brown teddy bear,1.4678,0.5973,1.0847,obj_4,0.020904718779056676,0
1784255715.893,2,brown bottle,1.7715,-0.9659,1.2352,obj_3,0.008029945881100807,0
1784255715.893,3,gray mug,-0.0141,-0.0040,1.0442,obj_6,0.01718329303805318,0
1784255715.893,4,brown banana,2.0214,0.5909,1.0279,obj_5,0.013881907860595386,0
1784255715.893,5,gray canned food,3.2618,-0.6380,1.1337,obj_2,0.022197893515132683,0
1784255715.893,6,red box,2.7920,-0.9331,1.1932,obj_0,0.06969135103791439,0
1784255715.893,7,brown scissors,2.8893,-0.6038,1.0860,obj_1,0.015362380755578773,0
1784255716.394,0,black bowl,0.0083,0.3754,1.0277,obj_7,0.014871342030181386,0
1784255716.394,1,brown teddy bear,1.4678,0.5973,1.0847,obj_4,0.02090772494278335,0
1784255716.394,2,brown bottle,1.7715,-0.9659,1.2352,obj_3,0.008025171711498727,0
1784255716.394,3,gray mug,-0.0141,-0.0040,1.0442,obj_6,0.017183678899865138,0
1784255716.394,4,brown banana,2.0214,0.5909,1.0279,obj_5,0.01387820488376338,0
1784255716.394,5,gray canned food,3.2618,-0.6380,1.1337,obj_2,0.02220604928545437,0
1784255716.394,6,red box,2.7920,-0.9331,1.1932,obj_0,0.06969590987897478,0
1784255716.394,7,brown scissors,2.8893,-0.6038,1.0860,obj_1,0.01542528615043239,0
1784255716.885,0,black bowl,0.0083,0.3754,1.0277,obj_7,0.014919072246586484,0
1784255716.885,1,brown teddy bear,1.4678,0.5973,1.0847,obj_4,0.02090923992093246,0
1784255716.885,2,brown bottle,1.7715,-0.9659,1.2352,obj_3,0.008022784852459176,0
1784255716.885,3,gray mug,-0.0141,-0.0040,1.0442,obj_6,0.017183872056253685,0
1784255716.885,4,brown banana,2.0214,0.5909,1.0279,obj_5,0.013876353603054782,0
1784255716.885,5,gray canned food,3.2618,-0.6380,1.1337,obj_2,0.02221012717224911,0
1784255716.885,6,red box,2.7920,-0.9331,1.1932,obj_0,0.06969819047552835,0
1784255716.885,7,brown scissors,2.8893,-0.6039,1.0860,obj_1,0.01545680114449041,0
1784255717.389,0,black bowl,0.0082,0.3754,1.0277,obj_7,0.014942939431873213,0
1784255717.389,1,brown teddy bear,1.4678,0.5973,1.0847,obj_4,0.020910000383325755,0
1784255717.389,2,brown bottle,1.7715,-0.9659,1.2352,obj_3,0.008021591479438355,0
1784255717.389,3,gray mug,-0.0141,-0.0040,1.0442,obj_6,0.01718396869081639,0
1784255717.389,4,brown banana,2.0214,0.5909,1.0279,obj_5,0.0138754280146512,0
1784255717.389,5,gray canned food,3.2618,-0.6380,1.1337,obj_2,0.022212166116054574,0
1784255717.389,6,red box,2.7920,-0.9331,1.1932,obj_0,0.06969933106777751,0
1784255717.389,7,brown scissors,2.8893,-0.6039,1.0860,obj_1,0.015472574104705842,0
1784255717.886,0,black bowl,0.0081,0.3751,1.0278,obj_7,0.015069880745248811,0
1784255717.886,1,brown teddy bear,1.4677,0.5972,1.0845,obj_4,0.02108084824276195,0
1784255717.886,2,brown bottle,1.7715,-0.9658,1.2352,obj_3,0.008014239635932363,0
1784255717.886,3,gray mug,-0.0141,-0.0040,1.0442,obj_6,0.01718401702218957,0
1784255717.886,4,brown banana,2.0214,0.5912,1.0279,obj_5,0.013719732298866723,0
1784255717.886,5,gray canned food,3.2617,-0.6382,1.1336,obj_2,0.022088442901878322,0
1784255717.886,6,red box,2.7921,-0.9331,1.1932,obj_0,0.06974021080526607,0
1784255717.886,7,brown scissors,2.8891,-0.6034,1.0861,obj_1,0.015015079611039959,0
1784255718.382,0,black bowl,0.0080,0.3750,1.0279,obj_7,0.015135211434853692,0
1784255718.382,1,brown teddy bear,1.4677,0.5972,1.0845,obj_4,0.02116631961639971,0
1784255718.382,2,brown bottle,1.7715,-0.9658,1.2352,obj_3,0.00801092938631862,0
1784255718.382,3,gray mug,-0.0141,-0.0040,1.0442,obj_6,0.01718404119139913,0
1784255718.382,4,brown banana,2.0214,0.5914,1.0279,obj_5,0.013643789831877461,0
1784255718.382,5,gray canned food,3.2617,-0.6382,1.1336,obj_2,0.02202675303600585,0
1784255718.382,6,red box,2.7921,-0.9331,1.1932,obj_0,0.06976065533123806,0
1784255718.382,7,brown scissors,2.8890,-0.6032,1.0861,obj_1,0.014787717597121464,0
1784255718.889,0,black bowl,0.0080,0.3749,1.0279,obj_7,0.015168334827942748,0
1784255718.889,1,brown teddy bear,1.4677,0.5972,1.0844,obj_4,0.021209066996924736,0
1784255718.889,2,brown bottle,1.7715,-0.9658,1.2352,obj_3,0.008009365815438273,0
1784255718.889,3,gray mug,-0.0141,-0.0040,1.0442,obj_6,0.017184053276884638,0
1784255718.889,4,brown banana,2.0214,0.5915,1.0279,obj_5,0.013606304309914611,0
1784255718.889,5,gray canned food,3.2617,-0.6382,1.1336,obj_2,0.02199595146012381,0
1784255718.889,6,red box,2.7921,-0.9331,1.1932,obj_0,0.0697708787573371,0
1784255718.889,7,brown scissors,2.8889,-0.6031,1.0861,obj_1,0.01467440170669476,0
1784255719.386,0,black bowl,0.0080,0.3749,1.0279,obj_7,0.015122034162249892,0
1784255719.386,1,brown teddy bear,1.4677,0.5972,1.0845,obj_4,0.021116109584560776,0
1784255719.386,2,brown bottle,1.7715,-0.9658,1.2352,obj_3,0.008057005176404666,0
1784255719.386,3,gray mug,-0.0141,-0.0040,1.0442,obj_6,0.01718405931984753,0
1784255719.386,4,brown banana,2.0214,0.5908,1.0278,obj_5,0.013920376550129968,0
1784255719.386,5,gray canned food,3.2617,-0.6383,1.1336,obj_2,0.021980624360187564,0
1784255719.386,6,red box,2.7920,-0.9331,1.1934,obj_0,0.06969519331283631,0
1784255719.386,7,brown scissors,2.8877,-0.6047,1.0858,obj_1,0.01485059221479478,0
1784255719.896,0,black bowl,0.0081,0.3749,1.0279,obj_7,0.015098928347153366,0
1784255719.896,1,brown teddy bear,1.4677,0.5972,1.0846,obj_4,0.021069642566828375,0
1784255719.896,2,brown bottle,1.7715,-0.9659,1.2351,obj_3,0.0080811059505132,0
1784255719.896,3,gray mug,-0.0141,-0.0040,1.0442,obj_6,0.01718406234138406,0
1784255719.896,4,brown banana,2.0213,0.5904,1.0278,obj_5,0.014087908726962743,0
1784255719.896,5,gray canned food,3.2617,-0.6383,1.1335,obj_2,0.02197296471753087,0
1784255719.896,6,red box,2.7920,-0.9331,1.1934,obj_0,0.06965741315102873,0
1784255719.896,7,brown scissors,2.8872,-0.6055,1.0857,obj_1,0.015036365520647195,0
1784255720.384,0,black bowl,0.0081,0.3749,1.0279,obj_7,0.015087386628726522,0
1784255720.384,1,brown teddy bear,1.4677,0.5973,1.0846,obj_4,0.021046412002656403,0
1784255720.384,2,brown bottle,1.7715,-0.9659,1.2351,obj_3,0.008093225880675797,0
1784255720.384,3,gray mug,-0.0141,-0.0040,1.0442,obj_6,0.017184063852166042,0
1784255720.384,4,brown banana,2.0213,0.5902,1.0278,obj_5,0.014174191979092794,0
1784255720.384,5,gray canned food,3.2617,-0.6383,1.1335,obj_2,0.021969135874222407,0
1784255720.384,6,red box,2.7920,-0.9331,1.1934,obj_0,0.06963853873994535,0
1784255720.384,7,brown scissors,2.8869,-0.6059,1.0856,obj_1,0.015152761606905313,0
1784255720.887,0,black bowl,0.0081,0.3749,1.0280,obj_7,0.015081618574287753,0
1784255720.887,1,brown teddy bear,1.4677,0.5973,1.0846,obj_4,0.02103479745958963,0
1784255720.887,2,brown bottle,1.7715,-0.9659,1.2351,obj_3,0.008099303140607398,0
1784255720.887,3,gray mug,-0.0141,-0.0040,1.0442,obj_6,0.017184064607560518,0
1784255720.887,4,brown banana,2.0213,0.5902,1.0278,obj_5,0.014217949627342675,0
1784255720.887,5,gray canned food,3.2617,-0.6383,1.1335,obj_2,0.021967221697222546,0
1784255720.887,6,red box,2.7920,-0.9331,1.1935,obj_0,0.06962910545557605,0
1784255720.887,7,brown scissors,2.8867,-0.6061,1.0856,obj_1,0.015216687603813568,0
1784255721.383,0,black bowl,0.0081,0.3749,1.0280,obj_7,0.015078735249200965,0
1784255721.383,1,brown teddy bear,1.4677,0.5973,1.0846,obj_4,0.02102899037316821,0
1784255721.383,2,brown bottle,1.7715,-0.9659,1.2351,obj_3,0.008102346082943294,0
1784255721.383,3,gray mug,-0.0141,-0.0040,1.0442,obj_6,0.01718406498525862,0
1784255721.383,4,brown banana,2.0213,0.5901,1.0278,obj_5,0.014239980806505405,0
1784255721.383,5,gray canned food,3.2617,-0.6383,1.1335,obj_2,0.021966264669904617,0
1784255721.383,6,red box,2.7920,-0.9331,1.1935,obj_0,0.06962438979414969,0
1784255721.383,7,brown scissors,2.8866,-0.6062,1.0856,obj_1,0.015250062051961251,0
1784255721.889,0,black bowl,0.0081,0.3748,1.0280,obj_7,0.01507729376230821,0
1784255721.889,1,brown teddy bear,1.4677,0.5973,1.0846,obj_4,0.02102608687628012,0
1784255721.889,2,brown bottle,1.7715,-0.9659,1.2351,obj_3,0.008103868630787282,0
1784255721.889,3,gray mug,-0.0141,-0.0040,1.0442,obj_6,0.017184065174107886,0
1784255721.889,4,brown banana,2.0213,0.5901,1.0278,obj_5,0.014251034279113027,0
1784255721.889,5,gray canned food,3.2617,-0.6383,1.1335,obj_2,0.02196578617154373,0
1784255721.889,6,red box,2.7920,-0.9331,1.1935,obj_0,0.06962203220868393,0
1784255721.889,7,brown scissors,2.8866,-0.6062,1.0856,obj_1,0.015267099467206722,0
1784255724.389,0,black bowl,0.0081,0.3748,1.0280,obj_7,0.015075897433591738,0
1784255724.389,1,brown teddy bear,1.4677,0.5973,1.0846,obj_4,0.02102327414313544,0
1784255724.389,2,brown bottle,1.7715,-0.9659,1.2351,obj_3,0.008105344282989415,0
1784255724.389,3,gray mug,-0.0141,-0.0040,1.0442,obj_6,0.0171840653570557,0
1784255724.389,4,brown banana,2.0213,0.5901,1.0278,obj_5,0.014261766340502156,0
1784255724.389,5,gray canned food,3.2617,-0.6383,1.1335,obj_2,0.021965322635982942,0
1784255724.389,6,red box,2.7920,-0.9331,1.1935,obj_0,0.06961974845369988,0
1784255724.389,7,brown scissors,2.8866,-0.6063,1.0856,obj_1,0.015283826113062988,0
1784255726.890,0,black bowl,0.0081,0.3747,1.0280,obj_7,0.015023352704778486,0
1784255726.890,1,brown teddy bear,1.4677,0.5973,1.0847,obj_4,0.020924886378378093,0
1784255726.890,2,brown bottle,1.7715,-0.9660,1.2354,obj_3,0.007813800322065923,0
1784255726.890,3,gray mug,-0.0141,-0.0040,1.0442,obj_6,0.01718406536277282,0
1784255726.890,4,brown banana,2.0213,0.5911,1.0275,obj_5,0.013723753412372289,0
1784255726.890,5,gray canned food,3.2615,-0.6383,1.1336,obj_2,0.021842583097440586,0
1784255726.890,6,red box,2.7920,-0.9331,1.1933,obj_0,0.0697160766022665,0
1784255726.890,7,brown scissors,2.8865,-0.6060,1.0856,obj_1,0.015056675620637316,0
1784255727.381,0,black bowl,0.0082,0.3746,1.0280,obj_7,0.01499801972365041,0
1784255727.381,1,brown teddy bear,1.4677,0.5973,1.0847,obj_4,0.020875762310271537,0
1784255727.381,2,brown bottle,1.7714,-0.9661,1.2355,obj_3,0.007669043361633943,0
1784255727.381,3,gray mug,-0.0141,-0.0040,1.0442,obj_6,0.01718406536286506,0
1784255727.381,4,brown banana,2.0212,0.5917,1.0274,obj_5,0.013479761447826475,0
1784255727.381,5,gray canned food,3.2615,-0.6383,1.1337,obj_2,0.021781498919564404,0
1784255727.381,6,red box,2.7921,-0.9331,1.1933,obj_0,0.06976435924155822,0
1784255727.381,7,brown scissors,2.8865,-0.6059,1.0856,obj_1,0.014943249323826329,0
1784255727.883,0,black bowl,0.0082,0.3745,1.0280,obj_7,0.014985584171254592,0
1784255727.883,1,brown teddy bear,1.4678,0.5973,1.0848,obj_4,0.020851207153281637,0
1784255727.883,2,brown bottle,1.7714,-0.9661,1.2356,obj_3,0.007596941542408318,0
1784255727.883,3,gray mug,-0.0141,-0.0040,1.0442,obj_6,0.017184065362911175,0
1784255727.883,4,brown banana,2.0212,0.5919,1.0273,obj_5,0.013364472281427193,0
1784255727.883,5,gray canned food,3.2614,-0.6382,1.1337,obj_2,0.021751027161556507,0
1784255727.883,6,red box,2.7921,-0.9331,1.1932,obj_0,0.06978852151875978,0
1784255727.883,7,brown scissors,2.8865,-0.6058,1.0856,obj_1,0.014886639760293675,0
1784255728.387,0,black bowl,0.0084,0.3744,1.0280,obj_7,0.014773644704357124,0
1784255728.387,1,brown teddy bear,1.4677,0.5973,1.0848,obj_4,0.020827527336148233,0
1784255728.387,2,brown bottle,1.7714,-0.9661,1.2354,obj_3,0.007800430880087079,0
1784255728.387,3,gray mug,-0.0141,-0.0040,1.0442,obj_6,0.017184065362934237,0
1784255728.387,4,brown banana,2.0213,0.5917,1.0276,obj_5,0.013494135750257832,0
1784255728.387,5,gray canned food,3.2615,-0.6383,1.1336,obj_2,0.021848106141236376,0
1784255728.387,6,red box,2.7921,-0.9331,1.1933,obj_0,0.06972112326024202,0
1784255728.387,7,brown scissors,2.8865,-0.6055,1.0856,obj_1,0.01468888948445782,0
1784255728.886,0,black bowl,0.0085,0.3744,1.0280,obj_7,0.014668123983192366,0
1784255728.886,1,brown teddy bear,1.4677,0.5973,1.0848,obj_4,0.020815712791407287,0
1784255728.886,2,brown bottle,1.7714,-0.9660,1.2353,obj_3,0.007902397917300609,0
1784255728.886,3,gray mug,-0.0141,-0.0040,1.0442,obj_6,0.017184065362945766,0
1784255728.886,4,brown banana,2.0214,0.5915,1.0277,obj_5,0.013562693921618407,0
1784255728.886,5,gray canned food,3.2616,-0.6383,1.1335,obj_2,0.021896985999067847,0
1784255728.886,6,red box,2.7920,-0.9331,1.1934,obj_0,0.06968745889235543,0
1784255728.886,7,brown scissors,2.8865,-0.6054,1.0856,obj_1,0.014590678656200883,0
1784255729.384,0,black bowl,0.0086,0.3743,1.0280,obj_7,0.014615478715252287,0
1784255729.384,1,brown teddy bear,1.4677,0.5973,1.0848,obj_4,0.020809811872599893,0
1784255729.384,2,brown bottle,1.7714,-0.9660,1.2353,obj_3,0.007953434534846102,0
1784255729.384,3,gray mug,-0.0141,-0.0040,1.0442,obj_6,0.017184065362951532,0
1784255729.384,4,brown banana,2.0214,0.5915,1.0278,obj_5,0.013597888400397955,0
1784255729.384,5,gray canned food,3.2616,-0.6383,1.1335,obj_2,0.021921510357063446,0
1784255729.384,6,red box,2.7920,-0.9331,1.1934,obj_0,0.0696706354134559,0
1784255729.384,7,brown scissors,2.8865,-0.6054,1.0856,obj_1,0.014541743251866801,0
1784255729.884,0,black bowl,0.0086,0.3743,1.0280,obj_7,0.014589185218040625,0
1784255729.884,1,brown teddy bear,1.4677,0.5973,1.0848,obj_4,0.02080686300316399,0
1784255729.884,2,brown bottle,1.7714,-0.9660,1.2352,obj_3,0.007978965821244242,0
1784255729.884,3,gray mug,-0.0141,-0.0040,1.0442,obj_6,0.017184065362954415,0
1784255729.884,4,brown banana,2.0214,0.5914,1.0278,obj_5,0.013615712431146142,0
1784255729.884,5,gray canned food,3.2616,-0.6383,1.1335,obj_2,0.021933793560802033,0
1784255729.884,6,red box,2.7920,-0.9331,1.1934,obj_0,0.06966222585210659,0
1784255729.884,7,brown scissors,2.8865,-0.6053,1.0856,obj_1,0.014517318554023642,0
1784255731.921,0,black bowl,0.0084,0.3748,1.0279,obj_7,0.014811319878593094,0
1784255731.921,1,brown teddy bear,1.4677,0.5972,1.0846,obj_4,0.02101244868021289,0
1784255731.921,2,brown bottle,1.7714,-0.9660,1.2352,obj_3,0.007983128650003701,0
1784255731.921,3,gray mug,-0.0141,-0.0040,1.0442,obj_6,0.017184065362957107,0
1784255731.921,4,brown banana,2.0213,0.5919,1.0276,obj_5,0.013392399711474321,0
1784255731.921,5,gray canned food,3.2616,-0.6383,1.1337,obj_2,0.021917136192208315,0
1784255731.921,6,red box,2.7919,-0.9331,1.1935,obj_0,0.06960703430597368,0
1784255731.921,7,brown scissors,2.8864,-0.6053,1.0856,obj_1,0.014450509141155936,0
1784255732.392,0,black bowl,0.0082,0.3750,1.0279,obj_7,0.014940309828499483,0
1784255732.392,1,brown teddy bear,1.4676,0.5972,1.0845,obj_4,0.02111654609204543,0
1784255732.392,2,brown bottle,1.7714,-0.9660,1.2352,obj_3,0.007974066143992745,0
1784255732.392,3,gray mug,-0.0141,-0.0040,1.0442,obj_6,0.017184065362957152,0
1784255732.392,4,brown banana,2.0213,0.5921,1.0275,obj_5,0.013280167931408855,0
1784255732.392,5,gray canned food,3.2616,-0.6382,1.1338,obj_2,0.02190443243160285,0
1784255732.392,6,red box,2.7919,-0.9331,1.1935,obj_0,0.06958313371568293,0
1784255732.392,7,brown scissors,2.8864,-0.6053,1.0856,obj_1,0.014427824512649633,0
1784255732.886,0,black bowl,0.0082,0.3752,1.0279,obj_7,0.015000860036777487,0
1784255732.886,1,brown teddy bear,1.4677,0.5972,1.0844,obj_4,0.021185656526981605,0
1784255732.886,2,brown bottle,1.7714,-0.9660,1.2353,obj_3,0.007883007579690193,0
1784255732.886,3,gray mug,-0.0140,-0.0040,1.0442,obj_6,0.017115931595804715,0
1784255732.886,4,brown banana,2.0213,0.5923,1.0274,obj_5,0.013225928078382803,0
1784255732.886,5,gray canned food,3.2616,-0.6382,1.1339,obj_2,0.021898332211758856,0
1784255732.886,6,red box,2.7919,-0.9331,1.1935,obj_0,0.06957118757441194,0
1784255732.886,7,brown scissors,2.8864,-0.6053,1.0856,obj_1,0.014416493789016202,0
1784255733.388,0,black bowl,0.0081,0.3752,1.0279,obj_7,0.015031529327762791,0
1784255733.388,1,brown teddy bear,1.4677,0.5972,1.0844,obj_4,0.021220215516563962,0
1784255733.388,2,brown bottle,1.7714,-0.9660,1.2354,obj_3,0.00783751602924263,0
1784255733.388,3,gray mug,-0.0139,-0.0040,1.0442,obj_6,0.017082025416954257,0
1784255733.388,4,brown banana,2.0213,0.5923,1.0274,obj_5,0.013199283965004914,0
1784255733.388,5,gray canned food,3.2616,-0.6382,1.1339,obj_2,0.02189534507893482,0
1784255733.388,6,red box,2.7919,-0.9331,1.1935,obj_0,0.06956521554286921,0
1784255733.388,7,brown scissors,2.8864,-0.6053,1.0856,obj_1,0.014410831332830509,0
1784255733.883,0,black bowl,0.0081,0.3752,1.0278,obj_7,0.015046961819210194,0
1784255733.883,1,brown teddy bear,1.4677,0.5972,1.0844,obj_4,0.021237495949012773,0
1784255733.883,2,brown bottle,1.7714,-0.9660,1.2354,obj_3,0.007814779879173478,0
1784255733.883,3,gray mug,-0.0139,-0.0041,1.0442,obj_6,0.017065112783428593,0
1784255733.883,4,brown banana,2.0212,0.5924,1.0273,obj_5,0.013186081706615291,0
1784255733.883,5,gray canned food,3.2616,-0.6382,1.1339,obj_2,0.021893867264354997,0
1784255733.883,6,red box,2.7919,-0.9331,1.1935,obj_0,0.0695622297869493,0
1784255733.883,7,brown scissors,2.8864,-0.6053,1.0856,obj_1,0.014408000832144866,0
1784255734.387,0,black bowl,0.0081,0.3753,1.0279,obj_7,0.015061427300047768,0
1784255734.387,1,brown teddy bear,1.4676,0.5972,1.0845,obj_4,0.021154462890984473,0
1784255734.387,2,brown bottle,1.7714,-0.9660,1.2355,obj_3,0.007763750888288919,0
1784255734.387,3,gray mug,-0.0139,-0.0040,1.0441,obj_6,0.017070474137540922,0
1784255734.387,4,brown banana,2.0212,0.5924,1.0273,obj_5,0.013179510632237976,0
1784255734.387,5,gray canned food,3.2616,-0.6382,1.1339,obj_2,0.021893132295955863,0
1784255734.387,6,red box,2.7919,-0.9331,1.1935,obj_0,0.06956073697396171,0
1784255734.387,7,brown scissors,2.8864,-0.6053,1.0856,obj_1,0.01440658576377884,0
1784255734.885,0,black bowl,0.0081,0.3751,1.0279,obj_7,0.01506458486901581,0
1784255734.885,1,brown teddy bear,1.4676,0.5973,1.0847,obj_4,0.0208805614478168,0
1784255734.885,2,brown bottle,1.7714,-0.9660,1.2355,obj_3,0.007761621115301108,0
1784255734.885,3,gray mug,-0.0139,-0.0040,1.0441,obj_6,0.017073187581751734,0
1784255734.885,4,brown banana,2.0212,0.5912,1.0275,obj_5,0.013711106279814025,0
1784255734.885,5,gray canned food,3.2617,-0.6381,1.1338,obj_2,0.022025091013841983,0
1784255734.885,6,red box,2.7919,-0.9331,1.1935,obj_0,0.06959969619192624,0
1784255734.885,7,brown scissors,2.8863,-0.6053,1.0857,obj_1,0.014372161350797958,0
1784255735.388,0,black bowl,0.0081,0.3751,1.0280,obj_7,0.015066585403183154,0
1784255735.388,1,brown teddy bear,1.4676,0.5973,1.0849,obj_4,0.020743689908647178,0
1784255735.388,2,brown bottle,1.7714,-0.9660,1.2355,obj_3,0.00776061951416595,0
1784255735.388,3,gray mug,-0.0139,-0.0040,1.0441,obj_6,0.017074552491103217,0
1784255735.388,4,brown banana,2.0212,0.5906,1.0275,obj_5,0.014008821674917842,0
1784255735.388,5,gray canned food,3.2617,-0.6381,1.1337,obj_2,0.022091434500448252,0
1784255735.388,6,red box,2.7920,-0.9331,1.1935,obj_0,0.06961917631804479,0
1784255735.388,7,brown scissors,2.8863,-0.6053,1.0857,obj_1,0.014354972420987478,0
1784255735.883,0,black bowl,0.0084,0.3751,1.0279,obj_7,0.014795840374540077,0
1784255735.883,1,brown teddy bear,1.4676,0.5973,1.0849,obj_4,0.020688764445594345,0
1784255735.883,2,brown bottle,1.7715,-0.9659,1.2359,obj_3,0.0073573152376738915,0
1784255735.883,3,gray mug,-0.0139,-0.0040,1.0441,obj_6,0.01707523699201867,0
1784255735.883,4,brown banana,2.0212,0.5914,1.0274,obj_5,0.01359569876159715,0
1784255735.883,5,gray canned food,3.2617,-0.6381,1.1337,obj_2,0.02212358261577759,0
1784255735.883,6,red box,2.7921,-0.9331,1.1935,obj_0,0.06971312658969103,0
1784255735.883,7,brown scissors,2.8876,-0.6039,1.0859,obj_1,0.014195489410554388,0
1784255736.383,0,black bowl,0.0085,0.3752,1.0279,obj_7,0.01466071520037851,0
1784255736.383,1,brown teddy bear,1.4676,0.5973,1.0850,obj_4,0.02066130966221863,0
1784255736.383,2,brown bottle,1.7716,-0.9659,1.2361,obj_3,0.0071564941771764205,0
1784255736.383,3,gray mug,-0.0139,-0.0040,1.0441,obj_6,0.017075579753964582,0
1784255736.383,4,brown banana,2.0212,0.5918,1.0273,obj_5,0.013403707655524903,0
1784255736.383,5,gray canned food,3.2617,-0.6381,1.1336,obj_2,0.02213969468442004,0
1784255736.383,6,red box,2.7921,-0.9331,1.1934,obj_0,0.06976011419053177,0
1784255736.383,7,brown scissors,2.8882,-0.6032,1.0860,obj_1,0.014204815955745643,0
1784255736.889,0,black bowl,0.0086,0.3752,1.0279,obj_7,0.014593216453209745,0
1784255736.889,1,brown teddy bear,1.4676,0.5973,1.0850,obj_4,0.020647584266816593,0
1784255736.889,2,brown bottle,1.7716,-0.9658,1.2362,obj_3,0.007056312133557444,0
1784255736.889,3,gray mug,-0.0139,-0.0040,1.0441,obj_6,0.017075751262800636,0
1784255736.889,4,brown banana,2.0212,0.5920,1.0273,obj_5,0.013311542058556971,0
1784255736.889,5,gray canned food,3.2618,-0.6380,1.1336,obj_2,0.022147760197304012,0
1784255736.889,6,red box,2.7921,-0.9331,1.1934,obj_0,0.06978361109986315,0
1784255736.889,7,brown scissors,2.8885,-0.6029,1.0860,obj_1,0.014231817104131584,0
1784255737.387,0,black bowl,0.0086,0.3752,1.0279,obj_7,0.014559483298634976,0
1784255737.387,1,brown teddy bear,1.4676,0.5973,1.0850,obj_4,0.020640722069348607,0
1784255737.387,2,brown bottle,1.7716,-0.9658,1.2362,obj_3,0.007006281093753063,0
1784255737.387,3,gray mug,-0.0139,-0.0040,1.0441,obj_6,0.017075837049183307,0
1784255737.387,4,brown banana,2.0212,0.5921,1.0273,obj_5,0.013266440272765362,0
1784255737.387,5,gray canned food,3.2618,-0.6380,1.1336,obj_2,0.022151795320368078,0
1784255737.387,6,red box,2.7921,-0.9331,1.1934,obj_0,0.06979536033084084,0
1784255737.387,7,brown scissors,2.8886,-0.6027,1.0861,obj_1,0.014250872773471023,0
1784255737.885,0,black bowl,0.0086,0.3752,1.0279,obj_7,0.014542620809022973,0
1784255737.885,1,brown teddy bear,1.4676,0.5973,1.0850,obj_4,0.020637291095818296,0
1784255737.885,2,brown bottle,1.7716,-0.9658,1.2362,obj_3,0.006981280945591065,0
1784255737.885,3,gray mug,-0.0139,-0.0040,1.0441,obj_6,0.017075879950365663,0
1784255737.885,4,brown banana,2.0212,0.5921,1.0273,obj_5,0.013244137572099574,0
1784255737.885,5,gray canned food,3.2618,-0.6380,1.1336,obj_2,0.02215381347317862,0
1784255737.885,6,red box,2.7921,-0.9331,1.1934,obj_0,0.06980123514029335,0
1784255737.885,7,brown scissors,2.8887,-0.6027,1.0861,obj_1,0.014261783360688259,0
1784255738.386,0,black bowl,0.0086,0.3752,1.0279,obj_7,0.01453419059028571,0
1784255738.386,1,brown teddy bear,1.4676,0.5973,1.0850,obj_4,0.02063557564037232,0
1784255738.386,2,brown bottle,1.7716,-0.9658,1.2362,obj_3,0.006968784762704544,0
1784255738.386,3,gray mug,-0.0139,-0.0040,1.0441,obj_6,0.017075901402954605,0
1784255738.386,4,brown banana,2.0212,0.5922,1.0273,obj_5,0.01323304863685349,0
1784255738.386,5,gray canned food,3.2618,-0.6380,1.1336,obj_2,0.022154822697356157,0
1784255738.386,6,red box,2.7921,-0.9331,1.1934,obj_0,0.06980417259349624,0
1784255738.386,7,brown scissors,2.8888,-0.6026,1.0861,obj_1,0.014267583446517516,0
1784255738.888,0,black bowl,0.0084,0.3748,1.0279,obj_7,0.0147494188528839,0
1784255738.888,1,brown teddy bear,1.4675,0.5973,1.0849,obj_4,0.020750445658967342,0
1784255738.888,2,brown bottle,1.7715,-0.9659,1.2358,obj_3,0.0073700749170892465,0
1784255738.888,3,gray mug,-0.0139,-0.0040,1.0441,obj_6,0.017075912129748485,0
1784255738.888,4,brown banana,2.0213,0.5915,1.0275,obj_5,0.013515773676417035,0
1784255738.888,5,gray canned food,3.2616,-0.6381,1.1337,obj_2,0.022002565052276653,0
1784255738.888,6,red box,2.7920,-0.9331,1.1936,obj_0,0.06963402119682369,0
1784255738.888,7,brown scissors,2.8889,-0.6030,1.0861,obj_1,0.01460305462961638,0
1784255739.384,0,black bowl,0.0083,0.3746,1.0280,obj_7,0.014860631820003318,0
1784255739.384,1,brown teddy bear,1.4675,0.5973,1.0848,obj_4,0.020807887991422008,0
1784255739.384,2,brown bottle,1.7714,-0.9660,1.2357,obj_3,0.007571789918769998,0
1784255739.384,3,gray mug,-0.0139,-0.0040,1.0441,obj_6,0.017075917493270303,0
1784255739.384,4,brown banana,2.0213,0.5912,1.0277,obj_5,0.013668024721078104,0
1784255739.384,5,gray canned food,3.2616,-0.6382,1.1337,obj_2,0.021926510478579138,0
1784255739.384,6,red box,2.7919,-0.9331,1.1937,obj_0,0.0695490637961294,0
1784255739.384,7,brown scissors,2.8890,-0.6032,1.0860,obj_1,0.014772086911097897,0
1784255739.888,0,black bowl,0.0081,0.3749,1.0280,obj_7,0.01502366161795415,0
1784255739.888,1,brown teddy bear,1.4675,0.5973,1.0848,obj_4,0.02082915778464463,0
1784255739.888,2,brown bottle,1.7714,-0.9661,1.2358,obj_3,0.007384879400438774,0
1784255739.888,3,gray mug,-0.0139,-0.0040,1.0441,obj_6,0.017075920175062403,0
1784255739.888,4,brown banana,2.0213,0.5909,1.0277,obj_5,0.013866175286112776,0
1784255739.888,5,gray canned food,3.2616,-0.6382,1.1337,obj_2,0.02195378261317517,0
1784255739.888,6,red box,2.7920,-0.9331,1.1936,obj_0,0.06960139055603748,0
1784255739.888,7,brown scissors,2.8889,-0.6031,1.0860,obj_1,0.014690307776789976,0
1784255740.381,0,black bowl,0.0080,0.3750,1.0280,obj_7,0.015107075031814028,0
1784255740.381,1,brown teddy bear,1.4675,0.5974,1.0848,obj_4,0.02083982350633196,0
1784255740.381,2,brown bottle,1.7714,-0.9661,1.2359,obj_3,0.00729204147054979,0
1784255740.381,3,gray mug,-0.0139,-0.0040,1.0441,obj_6,0.017075921515966236,0
1784255740.381,4,brown banana,2.0213,0.5907,1.0277,obj_5,0.013967931048170252,0
1784255740.381,5,gray canned food,3.2617,-0.6382,1.1336,obj_2,0.02196759929684333,0
1784255740.381,6,red box,2.7920,-0.9331,1.1935,obj_0,0.06962758006044607,0
1784255740.381,7,brown scissors,2.8889,-0.6030,1.0860,obj_1,0.01464948843574055,0
1784255740.888,0,black bowl,0.0080,0.3751,1.0280,obj_7,0.015149247272761622,0
1784255740.888,1,brown teddy bear,1.4675,0.5974,1.0848,obj_4,0.020845164059653906,0
1784255740.888,2,brown bottle,1.7714,-0.9661,1.2360,obj_3,0.007245783770371603,0
1784255740.888,3,gray mug,-0.0139,-0.0040,1.0441,obj_6,0.017075922186420123,0
1784255740.888,4,brown banana,2.0213,0.5906,1.0277,obj_5,0.014019462137729062,0
1784255740.888,5,gray canned food,3.2617,-0.6383,1.1336,obj_2,0.02197455269372611,0
1784255740.888,6,red box,2.7920,-0.9331,1.1935,obj_0,0.0696406813351694,0
1784255740.888,7,brown scissors,2.8889,-0.6030,1.0860,obj_1,0.014629096493272414,0
1784255741.386,0,black bowl,0.0080,0.3751,1.0280,obj_7,0.015170448647496535,0
1784255741.386,1,brown teddy bear,1.4675,0.5974,1.0848,obj_4,0.02084783625771094,0
1784255741.386,2,brown bottle,1.7714,-0.9662,1.2360,obj_3,0.007222696140978289,0
1784255741.386,3,gray mug,-0.0139,-0.0040,1.0441,obj_6,0.01707592252164756,0
1784255741.386,4,brown banana,2.0213,0.5905,1.0277,obj_5,0.014045388894300875,0
1784255741.386,5,gray canned food,3.2617,-0.6383,1.1336,obj_2,0.021978040643477192,0
1784255741.386,6,red box,2.7920,-0.9331,1.1935,obj_0,0.06964723360208766,0
1784255741.386,7,brown scissors,2.8889,-0.6030,1.0860,obj_1,0.014618904975695245,0
1784255741.888,0,black bowl,0.0080,0.3752,1.0280,obj_7,0.01518107800778052,0
1784255741.888,1,brown teddy bear,1.4675,0.5974,1.0848,obj_4,0.0208491728368729,0
1784255741.888,2,brown bottle,1.7714,-0.9662,1.2360,obj_3,0.007211162746984764,0
1784255741.888,3,gray mug,-0.0139,-0.0040,1.0441,obj_6,0.017075922689261395,0
1784255741.888,4,brown banana,2.0213,0.5905,1.0277,obj_5,0.014058392315792975,0
1784255741.888,5,gray canned food,3.2617,-0.6383,1.1336,obj_2,0.021979787429618786,0
1784255741.888,6,red box,2.7920,-0.9331,1.1935,obj_0,0.06965051014280156,0
1784255741.888,7,brown scissors,2.8889,-0.6030,1.0860,obj_1,0.014613810333038872,0
1784255742.385,0,black bowl,0.0083,0.3750,1.0280,obj_7,0.014847851085930718,0
1784255742.385,1,brown teddy bear,1.4675,0.5975,1.0849,obj_4,0.020714943929895525,0
1784255742.385,2,brown bottle,1.7714,-0.9661,1.2357,obj_3,0.007487205752930449,0
1784255742.385,3,gray mug,-0.0139,-0.0040,1.0441,obj_6,0.017075922773068346,0
1784255742.385,4,brown banana,2.0213,0.5905,1.0277,obj_5,0.014072061248979284,0
1784255742.385,5,gray canned food,3.2617,-0.6383,1.1336,obj_2,0.021984118240588088,0
1784255742.385,6,red box,2.7920,-0.9331,1.1936,obj_0,0.06964007564567593,0
1784255742.385,7,brown scissors,2.8889,-0.6030,1.0860,obj_1,0.01465135228684201,0
1784255742.884,0,black bowl,0.0085,0.3749,1.0280,obj_7,0.014682032626178843,0
1784255742.884,1,brown teddy bear,1.4675,0.5975,1.0849,obj_4,0.020647925357786544,0
1784255742.884,2,brown bottle,1.7713,-0.9660,1.2356,obj_3,0.007625575963479324,0
1784255742.884,3,gray mug,-0.0139,-0.0040,1.0441,obj_6,0.017075922814971802,0
1784255742.884,4,brown banana,2.0213,0.5905,1.0277,obj_5,0.01407894629571657,0
1784255742.884,5,gray canned food,3.2617,-0.6383,1.1336,obj_2,0.021986287773715345,0
1784255742.884,6,red box,2.7920,-0.9331,1.1936,obj_0,0.06963488224351899,0
1784255742.884,7,brown scissors,2.8889,-0.6030,1.0860,obj_1,0.014670196836256914,0
1784255743.384,0,black bowl,0.0085,0.3749,1.0280,obj_7,0.014599330056953918,0
1784255743.384,1,brown teddy bear,1.4675,0.5975,1.0850,obj_4,0.02061444031492517,0
1784255743.384,2,brown bottle,1.7713,-0.9660,1.2355,obj_3,0.007694842762392802,0
1784255743.384,3,gray mug,-0.0139,-0.0040,1.0441,obj_6,0.017075922835923556,0
1784255743.384,4,brown banana,2.0213,0.5905,1.0277,obj_5,0.01408240144252282,0
1784255743.384,5,gray canned food,3.2617,-0.6383,1.1336,obj_2,0.02198737357183294,0
1784255743.384,6,red box,2.7920,-0.9331,1.1936,obj_0,0.06963229150559991,0
1784255743.384,7,brown scissors,2.8889,-0.6030,1.0859,obj_1,0.014679637421532174,0
1784255743.894,0,black bowl,0.0086,0.3749,1.0280,obj_7,0.014558031465410261,0
1784255743.894,1,brown teddy bear,1.4675,0.5976,1.0850,obj_4,0.020597703888784107,0
1784255743.894,2,brown bottle,1.7713,-0.9660,1.2355,obj_3,0.007729495944872854,0
1784255743.894,3,gray mug,-0.0139,-0.0040,1.0441,obj_6,0.017075922846399437,0
1784255743.894,4,brown banana,2.0213,0.5905,1.0277,obj_5,0.014084132169078108,0
1784255743.894,5,gray canned food,3.2617,-0.6383,1.1336,obj_2,0.021987916728736182,0
1784255743.894,6,red box,2.7920,-0.9331,1.1936,obj_0,0.0696309976276245,0
1784255743.894,7,brown scissors,2.8889,-0.6030,1.0859,obj_1,0.014684362281516495,0
1784255744.384,0,black bowl,0.0086,0.3749,1.0280,obj_7,0.014536125630968203,0
1784255744.384,1,brown teddy bear,1.4676,0.5976,1.0850,obj_4,0.020588325473432215,0
1784255744.384,2,brown bottle,1.7713,-0.9661,1.2359,obj_3,0.007358385341066255,0
1784255744.384,3,gray mug,-0.0139,-0.0042,1.0440,obj_6,0.01713754750598091,0
1784255744.384,4,brown banana,2.0213,0.5905,1.0277,obj_5,0.014084998320304966,0
1784255744.384,5,gray canned food,3.2617,-0.6383,1.1336,obj_2,0.021988188371643232,0
1784255744.384,6,red box,2.7920,-0.9331,1.1936,obj_0,0.06963035106140707,0
1784255744.384,7,brown scissors,2.8889,-0.6030,1.0859,obj_1,0.014686725852060297,0
1784255744.892,0,black bowl,0.0086,0.3749,1.0280,obj_7,0.01452517705245228,0
1784255744.892,1,brown teddy bear,1.4676,0.5976,1.0850,obj_4,0.02058375133218706,0
1784255744.892,2,brown bottle,1.7712,-0.9662,1.2361,obj_3,0.007174150729010163,0
1784255744.892,3,gray mug,-0.0139,-0.0042,1.0440,obj_6,0.017168710844034086,0
1784255744.892,4,brown banana,2.0213,0.5905,1.0276,obj_5,0.014085431592863304,0
1784255744.892,5,gray canned food,3.2617,-0.6383,1.1336,obj_2,0.02198832420920948,0
1784255744.892,6,red box,2.7920,-0.9331,1.1936,obj_0,0.06963002787149374,0
1784255744.892,7,brown scissors,2.8890,-0.6030,1.0859,obj_1,0.014687907922309057,0
1784255745.384,0,black bowl,0.0086,0.3749,1.0280,obj_7,0.014519703850733551,0
1784255745.384,1,brown teddy bear,1.4677,0.5976,1.0850,obj_4,0.020581493050689133,0
1784255745.384,2,brown bottle,1.7712,-0.9662,1.2362,obj_3,0.0070823937101471696,0
1784255745.384,3,gray mug,-0.0140,-0.0043,1.0440,obj_6,0.01718437970971992,0
1784255745.384,4,brown banana,2.0213,0.5905,1.0276,obj_5,0.01408564827837343,0
1784255745.384,5,gray canned food,3.2617,-0.6383,1.1336,obj_2,0.021988392132021188,0
1784255745.384,6,red box,2.7920,-0.9331,1.1936,obj_0,0.06962986629983656,0
1784255745.384,7,brown scissors,2.8890,-0.6030,1.0859,obj_1,0.014688499028658106,0
1784255746.882,0,black bowl,0.0086,0.3749,1.0280,obj_7,0.014514915394846712,0
1784255746.882,1,brown teddy bear,1.4677,0.5976,1.0850,obj_4,0.02057953280514187,0
1784255746.882,2,brown bottle,1.7712,-0.9662,1.2363,obj_3,0.007002313362810285,0
1784255746.882,3,gray mug,-0.0140,-0.0043,1.0440,obj_6,0.01719813748469277,0
1784255746.882,4,brown banana,2.0213,0.5905,1.0276,obj_5,0.014085837905116264,0
1784255746.882,5,gray canned food,3.2617,-0.6383,1.1336,obj_2,0.02198845156668414,0
1784255746.882,6,red box,2.7920,-0.9331,1.1936,obj_0,0.06962972493737853,0
1784255746.882,7,brown scissors,2.8890,-0.6030,1.0859,obj_1,0.014689016285657958,0
1784255747.886,0,black bowl,0.0086,0.3746,1.0280,obj_7,0.01453554176917652,0
1784255747.886,1,brown teddy bear,1.4677,0.5975,1.0850,obj_4,0.02063471904332692,0
1784255747.886,2,brown bottle,1.7712,-0.9662,1.2362,obj_3,0.007033066631578165,0
1784255747.886,3,gray mug,-0.0140,-0.0043,1.0440,obj_6,0.017199614157713983,0
1784255747.886,4,brown banana,2.0214,0.5910,1.0278,obj_5,0.013814675867474029,0
1784255747.886,5,gray canned food,3.2616,-0.6382,1.1337,obj_2,0.021937408112658416,0
1784255747.886,6,red box,2.7921,-0.9331,1.1936,obj_0,0.06969968654905277,0
1784255747.886,7,brown scissors,2.8893,-0.6038,1.0860,obj_1,0.015396777199853303,0
1784255748.383,0,black bowl,0.0086,0.3745,1.0280,obj_7,0.01454799253031641,0
1784255748.383,1,brown teddy bear,1.4677,0.5975,1.0849,obj_4,0.02066246304912684,0
1784255748.383,2,brown bottle,1.7712,-0.9662,1.2362,obj_3,0.007051307069083931,0
1784255748.383,3,gray mug,-0.0140,-0.0043,1.0440,obj_6,0.017199860319248046,0
1784255748.383,4,brown banana,2.0214,0.5913,1.0278,obj_5,0.013684992116181743,0
1784255748.383,5,gray canned food,3.2616,-0.6382,1.1337,obj_2,0.021912061506330127,0
1784255748.383,6,red box,2.7921,-0.9331,1.1935,obj_0,0.06973469696159906,0
1784255748.383,7,brown scissors,2.8895,-0.6042,1.0860,obj_1,0.015755479965444553,0
1784255748.887,0,black bowl,0.0086,0.3744,1.0280,obj_7,0.014554708139089967,0
1784255748.887,1,brown teddy bear,1.4677,0.5975,1.0849,obj_4,0.02067635524662292,0
1784255748.887,2,brown bottle,1.7712,-0.9662,1.2362,obj_3,0.007060429166123855,0
1784255748.887,3,gray mug,-0.0140,-0.0043,1.0440,obj_6,0.017199983405303498,0
1784255748.887,4,brown banana,2.0214,0.5914,1.0278,obj_5,0.013621675993205982,0
1784255748.887,5,gray canned food,3.2616,-0.6382,1.1337,obj_2,0.021899432693827877,0
1784255748.887,6,red box,2.7921,-0.9331,1.1935,obj_0,0.0697522082966581,0
1784255748.887,7,brown scissors,2.8895,-0.6044,1.0861,obj_1,0.01593594652467536,0
1784255749.388,0,black bowl,0.0086,0.3744,1.0280,obj_7,0.01455818830626668,0
1784255749.388,1,brown teddy bear,1.4677,0.5975,1.0849,obj_4,0.020683306382155982,0
1784255749.388,2,brown bottle,1.7712,-0.9662,1.2362,obj_3,0.007064990682093566,0
1784255749.388,3,gray mug,-0.0140,-0.0043,1.0440,obj_6,0.017200044949653298,0
1784255749.388,4,brown banana,2.0214,0.5915,1.0279,obj_5,0.013590405627123806,0
1784255749.388,5,gray canned food,3.2616,-0.6382,1.1337,obj_2,0.021893129432718136,0
1784255749.388,6,red box,2.7921,-0.9331,1.1935,obj_0,0.06976096549503821,0
1784255749.388,7,brown scissors,2.8896,-0.6045,1.0861,obj_1,0.0160264476275687,0
1784255749.881,0,black bowl,0.0087,0.3744,1.0280,obj_7,0.014519594213895952,0
1784255749.881,1,brown teddy bear,1.4675,0.5974,1.0849,obj_4,0.02073904278862634,0
1784255749.881,2,brown bottle,1.7713,-0.9661,1.2358,obj_3,0.007439985205478972,0
1784255749.881,3,gray mug,-0.0140,-0.0041,1.0441,obj_6,0.017214914539802905,0
1784255749.881,4,brown banana,2.0214,0.5915,1.0279,obj_5,0.013574868151797105,0
1784255749.881,5,gray canned food,3.2616,-0.6382,1.1337,obj_2,0.021889980591257685,0
1784255749.881,6,red box,2.7921,-0.9331,1.1935,obj_0,0.0697653444767725,0
1784255749.881,7,brown scissors,2.8896,-0.6045,1.0861,obj_1,0.01607176381619785,0
1784255750.384,0,black bowl,0.0087,0.3745,1.0280,obj_7,0.014485824976145114,0
1784255750.384,1,brown teddy bear,1.4675,0.5975,1.0852,obj_4,0.0203705361828815,0
1784255750.384,2,brown bottle,1.7714,-0.9660,1.2357,obj_3,0.007561162415310435,0
1784255750.384,3,gray mug,-0.0141,-0.0040,1.0441,obj_6,0.01722315113766117,0
1784255750.384,4,brown banana,2.0214,0.5911,1.0278,obj_5,0.013739986169527653,0
1784255750.384,5,gray canned food,3.2615,-0.6382,1.1337,obj_2,0.021803585498283415,0
1784255750.384,6,red box,2.7921,-0.9331,1.1936,obj_0,0.06973542507970355,0
1784255750.384,7,brown scissors,2.8894,-0.6042,1.0861,obj_1,0.01571697347831186,0
1784255750.888,0,black bowl,0.0087,0.3746,1.0280,obj_7,0.014442174383483806,0
1784255750.888,1,brown teddy bear,1.4676,0.5976,1.0854,obj_4,0.0201632925793781,0
1784255750.888,2,brown bottle,1.7714,-0.9660,1.2355,obj_3,0.007761157078908083,0
1784255750.888,3,gray mug,-0.0140,-0.0040,1.0440,obj_6,0.01713565208225126,0
1784255750.888,4,brown banana,2.0214,0.5909,1.0278,obj_5,0.01382570532306916,0
1784255750.888,5,gray canned food,3.2614,-0.6382,1.1337,obj_2,0.02176043170356915,0
1784255750.888,6,red box,2.7921,-0.9331,1.1936,obj_0,0.06972049108868356,0
1784255750.888,7,brown scissors,2.8892,-0.6041,1.0861,obj_1,0.015539709620227675,0
1784255751.382,0,black bowl,0.0087,0.3747,1.0280,obj_7,0.01442062049464767,0
1784255751.382,1,brown teddy bear,1.4676,0.5976,1.0855,obj_4,0.0200597067252917,0
1784255751.382,2,brown bottle,1.7715,-0.9660,1.2354,obj_3,0.007861589869758035,0
1784255751.382,3,gray mug,-0.0139,-0.0040,1.0440,obj_6,0.01709199327562405,0
1784255751.382,4,brown banana,2.0213,0.5908,1.0278,obj_5,0.013869338003721286,0
1784255751.382,5,gray canned food,3.2614,-0.6382,1.1337,obj_2,0.02173886582016962,0
1784255751.382,6,red box,2.7921,-0.9331,1.1936,obj_0,0.06971303052487338,0
1784255751.382,7,brown scissors,2.8892,-0.6040,1.0861,obj_1,0.015451111837307685,0
1784255751.891,0,black bowl,0.0087,0.3747,1.0280,obj_7,0.014409911758438889,0
1784255751.891,1,brown teddy bear,1.4676,0.5976,1.0856,obj_4,0.020007922948025267,0
1784255751.891,2,brown bottle,1.7715,-0.9660,1.2353,obj_3,0.00791191029848542,0
1784255751.891,3,gray mug,-0.0139,-0.0040,1.0440,obj_6,0.017070186755710474,0
1784255751.891,4,brown banana,2.0213,0.5908,1.0278,obj_5,0.013891345504652023,0
1784255751.891,5,gray canned food,3.2614,-0.6382,1.1337,obj_2,0.02172808564152571,0
1784255751.891,6,red box,2.7921,-0.9331,1.1936,obj_0,0.06970930185149557,0
1784255751.891,7,brown scissors,2.8892,-0.6040,1.0861,obj_1,0.01540682165420887,0
1784255752.387,0,black bowl,0.0088,0.3747,1.0280,obj_7,0.014409660741382608,0
1784255752.387,1,brown teddy bear,1.4676,0.5976,1.0856,obj_4,0.01995615999440433,0
1784255752.387,2,brown bottle,1.7716,-0.9659,1.2350,obj_3,0.008172112847994727,0
1784255752.387,3,gray mug,-0.0139,-0.0040,1.0441,obj_6,0.017035895053734085,0
1784255752.387,4,brown banana,2.0161,0.5993,1.0265,obj_5,0.007828205073046227,0
1784255752.387,5,gray canned food,3.2614,-0.6382,1.1337,obj_2,0.0217226962441678,0
1784255752.387,6,red box,2.7921,-0.9331,1.1936,obj_0,0.0697074379170138,0
1784255752.387,7,brown scissors,2.8891,-0.6040,1.0861,obj_1,0.015384678761687351,0
1784255752.888,0,black bowl,0.0088,0.3747,1.0280,obj_7,0.014409549861772942,0
1784255752.888,1,brown teddy bear,1.4676,0.5976,1.0857,obj_4,0.01993029097080708,0
1784255752.888,2,brown bottle,1.7717,-0.9659,1.2349,obj_3,0.008303175539214357,0
1784255752.888,3,gray mug,-0.0139,-0.0041,1.0441,obj_6,0.017018988830358305,0
1784255752.888,4,brown banana,2.0135,0.6036,1.0259,obj_5,0.008459784808779207,0
1784255752.888,5,gray canned food,3.2614,-0.6382,1.1337,obj_2,0.021720001718629832,0
1784255752.888,6,red box,2.7921,-0.9331,1.1936,obj_0,0.06970650605033367,0
1784255752.888,7,brown scissors,2.8891,-0.6040,1.0861,obj_1,0.015373607867954773,0
1784255753.387,0,black bowl,0.0088,0.3747,1.0280,obj_7,0.014409498079299499,0
1784255753.387,1,brown teddy bear,1.4676,0.5976,1.0857,obj_4,0.019917359586466,0
1784255753.387,2,brown bottle,1.7717,-0.9659,1.2348,obj_3,0.00836893408878093,0
1784255753.387,3,gray mug,-0.0138,-0.0041,1.0442,obj_6,0.017010595834699594,0
1784255753.387,4,brown banana,2.0123,0.6057,1.0256,obj_5,0.009784907660664833,0
1784255753.387,5,gray canned food,3.2614,-0.6382,1.1337,obj_2,0.021718654499164967,0
1784255753.387,6,red box,2.7921,-0.9331,1.1936,obj_0,0.0697060401421355,0
1784255753.387,7,brown scissors,2.8891,-0.6040,1.0861,obj_1,0.015368072559568964,0
1784255753.890,0,black bowl,0.0088,0.3747,1.0280,obj_7,0.014409473102407321,0
1784255753.890,1,brown teddy bear,1.4676,0.5976,1.0857,obj_4,0.019910894677937357,0
1784255753.890,2,brown bottle,1.7717,-0.9659,1.2348,obj_3,0.008401868609930793,0
1784255753.890,3,gray mug,-0.0138,-0.0041,1.0442,obj_6,0.017006414391883894,0
1784255753.890,4,brown banana,2.0116,0.6068,1.0255,obj_5,0.010610884344495182,0
1784255753.890,5,gray canned food,3.2614,-0.6382,1.1337,obj_2,0.021717980900260715,0
1784255753.890,6,red box,2.7921,-0.9331,1.1936,obj_0,0.06970580719432193,0
1784255753.890,7,brown scissors,2.8891,-0.6040,1.0861,obj_1,0.015365304940039773,0
1784255754.384,0,black bowl,0.0088,0.3747,1.0280,obj_7,0.014409460842548768,0
1784255754.384,1,brown teddy bear,1.4676,0.5976,1.0857,obj_4,0.01990766241980628,0
1784255754.384,2,brown bottle,1.7717,-0.9658,1.2348,obj_3,0.008418349493057153,0
1784255754.384,3,gray mug,-0.0138,-0.0041,1.0442,obj_6,0.017004327437471708,0
1784255754.384,4,brown banana,2.0113,0.6073,1.0254,obj_5,0.011054575780690473,0
1784255754.384,5,gray canned food,3.2614,-0.6382,1.1337,obj_2,0.021717644103516145,0
1784255754.384,6,red box,2.7921,-0.9331,1.1936,obj_0,0.0697056907219861,0
1784255754.384,7,brown scissors,2.8891,-0.6040,1.0861,obj_1,0.015363921138946577,0
1784255754.888,0,black bowl,0.0088,0.3747,1.0280,obj_7,0.014409454769766527,0
1784255754.888,1,brown teddy bear,1.4676,0.5976,1.0857,obj_4,0.01990604633980177,0
1784255754.888,2,brown bottle,1.7717,-0.9658,1.2348,obj_3,0.00842659331695032,0
1784255754.888,3,gray mug,-0.0138,-0.0041,1.0442,obj_6,0.017003284902419275,0
1784255754.888,4,brown banana,2.0111,0.6076,1.0253,obj_5,0.011283059157407129,0
1784255754.888,5,gray canned food,3.2614,-0.6382,1.1337,obj_2,0.021717475705820964,0
1784255754.888,6,red box,2.7921,-0.9331,1.1936,obj_0,0.06970563248621105,0
1784255754.888,7,brown scissors,2.8891,-0.6040,1.0861,obj_1,0.015363229240568547,0
1784255755.385,0,black bowl,0.0088,0.3747,1.0280,obj_7,0.01440945174766221,0
1784255755.385,1,brown teddy bear,1.4676,0.5976,1.0857,obj_4,0.019905238312068297,0
1784255755.385,2,brown bottle,1.7717,-0.9658,1.2348,obj_3,0.008430716071585726,0
1784255755.385,3,gray mug,-0.0138,-0.0041,1.0442,obj_6,0.01700276387048203,0
1784255755.385,4,brown banana,2.0110,0.6077,1.0253,obj_5,0.011398844689423109,0
1784255755.385,5,gray canned food,3.2614,-0.6382,1.1337,obj_2,0.02171739150714243,0
1784255755.385,6,red box,2.7921,-0.9331,1.1936,obj_0,0.06970560336842176,0
1784255755.385,7,brown scissors,2.8891,-0.6040,1.0861,obj_1,0.015362883291921921,0
1784255755.886,0,black bowl,0.0088,0.3747,1.0280,obj_7,0.014409450240181768,0
1784255755.886,1,brown teddy bear,1.4676,0.5976,1.0857,obj_4,0.0199048343012692,0
1784255755.886,2,brown bottle,1.7717,-0.9658,1.2348,obj_3,0.008432777659215289,0
1784255755.886,3,gray mug,-0.0138,-0.0041,1.0442,obj_6,0.01700250341341695,0
1784255755.886,4,brown banana,2.0110,0.6078,1.0253,obj_5,0.011457109810039674,0
1784255755.886,5,gray canned food,3.2614,-0.6382,1.1337,obj_2,0.021717349407845254,0
1784255755.886,6,red box,2.7921,-0.9331,1.1936,obj_0,0.06970558880955208,0
1784255755.886,7,brown scissors,2.8891,-0.6040,1.0861,obj_1,0.015362710317734002,0
1784255756.884,0,black bowl,0.0088,0.3747,1.0280,obj_7,0.014409449111134008,0
1784255756.884,1,brown teddy bear,1.4676,0.5976,1.0857,obj_4,0.019904531294512064,0
1784255756.884,2,brown bottle,1.7717,-0.9658,1.2348,obj_3,0.008434323941864224,0
1784255756.884,3,gray mug,-0.0138,-0.0041,1.0442,obj_6,0.01700230809638992,0
1784255756.884,4,brown banana,2.0110,0.6079,1.0253,obj_5,0.01150096846490918,0
1784255756.884,5,gray canned food,3.2614,-0.6382,1.1337,obj_2,0.021717317833391373,0
1784255756.884,6,red box,2.7921,-0.9331,1.1936,obj_0,0.06970557789041013,0
1784255756.884,7,brown scissors,2.8891,-0.6040,1.0861,obj_1,0.015362580587152239,0
1784255758.395,0,black bowl,0.0078,0.3747,1.0280,obj_7,0.015391568931341065,0
1784255758.395,1,brown teddy bear,1.4675,0.5975,1.0853,obj_4,0.020309144635910593,0
1784255758.395,2,brown bottle,1.7717,-0.9659,1.2348,obj_3,0.008407035066833228,0
1784255758.395,3,gray mug,-0.0138,-0.0041,1.0442,obj_6,0.017002251133084987,0
1784255758.395,4,brown banana,2.0109,0.6083,1.0252,obj_5,0.011928741641167273,0
1784255758.395,5,gray canned food,3.2614,-0.6382,1.1338,obj_2,0.02178008556108869,0
1784255758.395,6,red box,2.7920,-0.9331,1.1936,obj_0,0.0696802278116461,0
1784255758.395,7,brown scissors,2.8890,-0.6035,1.0860,obj_1,0.015002309165126532,0
1784255758.883,0,black bowl,0.0073,0.3747,1.0280,obj_7,0.015883200081028396,0
1784255758.883,1,brown teddy bear,1.4675,0.5974,1.0851,obj_4,0.020511769831909922,0
1784255758.883,2,brown bottle,1.7716,-0.9659,1.2348,obj_3,0.00839337769215157,0
1784255758.883,3,gray mug,-0.0138,-0.0041,1.0442,obj_6,0.0170022470643494,0
1784255758.883,4,brown banana,2.0109,0.6085,1.0251,obj_5,0.012137733421762869,0
1784255758.883,5,gray canned food,3.2615,-0.6382,1.1338,obj_2,0.021811494309123807,0
1784255758.883,6,red box,2.7920,-0.9331,1.1935,obj_0,0.06966758635294033,0
1784255758.883,7,brown scissors,2.8890,-0.6032,1.0860,obj_1,0.0148252642083493,0
1784255759.381,0,black bowl,0.0070,0.3747,1.0280,obj_7,0.016129143203282955,0
1784255759.381,1,brown teddy bear,1.4675,0.5973,1.0850,obj_4,0.020613150179219712,0
1784255759.381,2,brown bottle,1.7716,-0.9659,1.2348,obj_3,0.008386594351228528,0
1784255759.381,3,gray mug,-0.0138,-0.0041,1.0442,obj_6,0.0170022450299852,0
1784255759.381,4,brown banana,2.0109,0.6086,1.0251,obj_5,0.0122423699143873,0
1784255759.381,5,gray canned food,3.2615,-0.6382,1.1338,obj_2,0.021827203891128508,0
1784255759.381,6,red box,2.7920,-0.9331,1.1935,obj_0,0.06966127368265221,0
1784255759.381,7,brown scissors,2.8890,-0.6031,1.0860,obj_1,0.01473754282292615,0
1784255759.889,0,black bowl,0.0077,0.3748,1.0280,obj_7,0.015475700444691057,0
1784255759.889,1,brown teddy bear,1.4675,0.5973,1.0850,obj_4,0.020633901173400224,0
1784255759.889,2,brown bottle,1.7716,-0.9659,1.2348,obj_3,0.00843147650833238,0
1784255759.889,3,gray mug,-0.0138,-0.0041,1.0442,obj_6,0.017002244012804004,0
1784255759.889,4,brown banana,2.0109,0.6087,1.0251,obj_5,0.012296638644321775,0
1784255759.889,5,gray canned food,3.2615,-0.6382,1.1338,obj_2,0.021835059980849395,0
1784255759.889,6,red box,2.7921,-0.9331,1.1935,obj_0,0.0697188539608184,0
1784255759.889,7,brown scissors,2.8878,-0.6047,1.0858,obj_1,0.014936785730096745,0
1784255760.384,0,black bowl,0.0080,0.3748,1.0280,obj_7,0.015149288113668686,0
1784255760.384,1,brown teddy bear,1.4675,0.5973,1.0850,obj_4,0.020644282489254928,0
1784255760.384,2,brown bottle,1.7716,-0.9659,1.2347,obj_3,0.008453920564414973,0
1784255760.384,3,gray mug,-0.0138,-0.0041,1.0442,obj_6,0.01700224350421358,0
1784255760.384,4,brown banana,2.0109,0.6087,1.0251,obj_5,0.012323779485069302,0
1784255760.384,5,gray canned food,3.2615,-0.6382,1.1338,obj_2,0.021838988349981055,0
1784255760.384,6,red box,2.7921,-0.9331,1.1934,obj_0,0.06974765343871935,0
1784255760.384,7,brown scissors,2.8873,-0.6055,1.0857,obj_1,0.015129829506338089,0
1784255760.887,0,black bowl,0.0082,0.3749,1.0280,obj_7,0.014986165101555095,0
1784255760.887,1,brown teddy bear,1.4675,0.5973,1.0850,obj_4,0.020649474599314117,0
1784255760.887,2,brown bottle,1.7716,-0.9658,1.2347,obj_3,0.008465143329931476,0
1784255760.887,3,gray mug,-0.0138,-0.0041,1.0442,obj_6,0.01700224324991847,0
1784255760.887,4,brown banana,2.0109,0.6087,1.0251,obj_5,0.012337351511923564,0
1784255760.887,5,gray canned food,3.2615,-0.6382,1.1338,obj_2,0.02184095261556356,0
1784255760.887,6,red box,2.7921,-0.9331,1.1934,obj_0,0.06976205550900147,0
1784255760.887,7,brown scissors,2.8870,-0.6059,1.0856,obj_1,0.01524879735135598,0
1784255761.385,0,black bowl,0.0082,0.3749,1.0280,obj_7,0.0149046251802593,0
1784255761.385,1,brown teddy bear,1.4675,0.5973,1.0850,obj_4,0.02065207101705725,0
1784255761.385,2,brown bottle,1.7716,-0.9658,1.2347,obj_3,0.00847075489620372,0
1784255761.385,3,gray mug,-0.0138,-0.0041,1.0442,obj_6,0.017002243122770936,0
1784255761.385,4,brown banana,2.0109,0.6087,1.0250,obj_5,0.0123441379254254,0
1784255761.385,5,gray canned food,3.2615,-0.6382,1.1338,obj_2,0.021841934768602612,0
1784255761.385,6,red box,2.7921,-0.9331,1.1934,obj_0,0.06976925712655452,0
1784255761.385,7,brown scissors,2.8869,-0.6061,1.0856,obj_1,0.015313747381801211,0
1784255761.890,0,black bowl,0.0083,0.3749,1.0280,obj_7,0.014863860719416672,0
1784255761.890,1,brown teddy bear,1.4675,0.5973,1.0850,obj_4,0.02065336931656741,0
1784255761.890,2,brown bottle,1.7716,-0.9658,1.2347,obj_3,0.008473560725111866,0
1784255761.890,3,gray mug,-0.0138,-0.0041,1.0442,obj_6,0.017002243059197168,0
1784255761.890,4,brown banana,2.0109,0.6087,1.0250,obj_5,0.012347531232002518,0
1784255761.890,5,gray canned food,3.2615,-0.6382,1.1338,obj_2,0.021842425850183287,0
1784255761.890,6,red box,2.7921,-0.9331,1.1934,obj_0,0.06977285808088117,0
1784255761.890,7,brown scissors,2.8868,-0.6062,1.0856,obj_1,0.015347569109155884,0
1784255762.889,0,black bowl,0.0083,0.3749,1.0280,obj_7,0.014833289804747287,0
1784255762.889,1,brown teddy bear,1.4675,0.5973,1.0850,obj_4,0.02065434308084476,0
1784255762.889,2,brown bottle,1.7716,-0.9658,1.2347,obj_3,0.008475665116793561,0
1784255762.889,3,gray mug,-0.0138,-0.0041,1.0442,obj_6,0.017002243011516822,0
1784255762.889,4,brown banana,2.0109,0.6087,1.0250,obj_5,0.012350076255564247,0
1784255762.889,5,gray canned food,3.2615,-0.6382,1.1338,obj_2,0.021842794163582674,0
1784255762.889,6,red box,2.7921,-0.9331,1.1934,obj_0,0.06977555886029214,0
1784255762.889,7,brown scissors,2.8867,-0.6062,1.0856,obj_1,0.01537351977076589,0
1784255763.395,0,black bowl,0.0083,0.3750,1.0280,obj_7,0.014886999245625086,0
1784255763.395,1,brown teddy bear,1.4675,0.5974,1.0850,obj_4,0.020621186334343858,0
1784255763.395,2,brown bottle,1.7717,-0.9658,1.2347,obj_3,0.00845599028253027,0
1784255763.395,3,gray mug,-0.0138,-0.0041,1.0442,obj_6,0.017002243003570068,0
1784255763.395,4,brown banana,2.0109,0.6085,1.0252,obj_5,0.012060701596142708,0
1784255763.395,5,gray canned food,3.2615,-0.6382,1.1339,obj_2,0.021867432968036535,0
1784255763.395,6,red box,2.7920,-0.9331,1.1935,obj_0,0.06969540622556579,0
1784255763.395,7,brown scissors,2.8879,-0.6048,1.0858,obj_1,0.015089413206585134,0
1784255763.885,0,black bowl,0.0082,0.3750,1.0280,obj_7,0.01491403871079064,0
1784255763.885,1,brown teddy bear,1.4675,0.5974,1.0850,obj_4,0.020604782314760553,0
1784255763.885,2,brown bottle,1.7717,-0.9658,1.2348,obj_3,0.008446378044319396,0
1784255763.885,3,gray mug,-0.0138,-0.0041,1.0442,obj_6,0.017002242999596684,0
1784255763.885,4,brown banana,2.0109,0.6083,1.0253,obj_5,0.011916100531041151,0
1784255763.885,5,gray canned food,3.2616,-0.6382,1.1339,obj_2,0.02187987550813869,0
1784255763.885,6,red box,2.7920,-0.9331,1.1935,obj_0,0.06965534075955335,0
1784255763.885,7,brown scissors,2.8885,-0.6041,1.0859,obj_1,0.015033704612621728,0
1784255764.386,0,black bowl,0.0082,0.3750,1.0280,obj_7,0.014927604337243777,0
1784255764.386,1,brown teddy bear,1.4675,0.5975,1.0850,obj_4,0.020596624015213318,0
1784255764.386,2,brown bottle,1.7717,-0.9658,1.2348,obj_3,0.008441628445612394,0
1784255764.386,3,gray mug,-0.0138,-0.0041,1.0442,obj_6,0.017002242997610044,0
1784255764.386,4,brown banana,2.0109,0.6083,1.0253,obj_5,0.011843822486333061,0
1784255764.386,5,gray canned food,3.2616,-0.6382,1.1339,obj_2,0.0218861275015551,0
1784255764.386,6,red box,2.7920,-0.9331,1.1935,obj_0,0.06963531074484793,0
1784255764.386,7,brown scissors,2.8888,-0.6037,1.0859,obj_1,0.015027825088076518,0
1784255764.883,0,black bowl,0.0082,0.3750,1.0280,obj_7,0.014934398587492122,0
1784255764.883,1,brown teddy bear,1.4675,0.5975,1.0850,obj_4,0.02059255580817328,0
1784255764.883,2,brown bottle,1.7717,-0.9658,1.2348,obj_3,0.008439267804274602,0
1784255764.883,3,gray mug,-0.0138,-0.0041,1.0442,obj_6,0.017002242996616727,0
1784255764.883,4,brown banana,2.0109,0.6082,1.0253,obj_5,0.011807689206396478,0
1784255764.883,5,gray canned food,3.2616,-0.6382,1.1339,obj_2,0.021889261171435873,0
1784255764.883,6,red box,2.7920,-0.9331,1.1935,obj_0,0.06962529641775475,0
1784255764.883,7,brown scissors,2.8890,-0.6036,1.0860,obj_1,0.015030393568332212,0
1784255765.384,0,black bowl,0.0082,0.3750,1.0280,obj_7,0.014937798567321935,0
1784255765.384,1,brown teddy bear,1.4675,0.5975,1.0850,obj_4,0.020590524442229953,0
1784255765.384,2,brown bottle,1.7717,-0.9658,1.2348,obj_3,0.008438091026580483,0
1784255765.384,3,gray mug,-0.0138,-0.0041,1.0442,obj_6,0.017002242996120017,0
1784255765.384,4,brown banana,2.0109,0.6082,1.0253,obj_5,0.011789624017432842,0
1784255765.384,5,gray canned food,3.2616,-0.6382,1.1339,obj_2,0.02189082992370884,0
1784255765.384,6,red box,2.7920,-0.9331,1.1935,obj_0,0.06962028942435869,0
1784255765.384,7,brown scissors,2.8891,-0.6035,1.0860,obj_1,0.015033054487113427,0
1784255765.884,0,black bowl,0.0082,0.3750,1.0280,obj_7,0.014939499270344879,0
1784255765.884,1,brown teddy bear,1.4675,0.5975,1.0850,obj_4,0.02058950944388862,0
1784255765.884,2,brown bottle,1.7717,-0.9658,1.2348,obj_3,0.008437503523909935,0
1784255765.884,3,gray mug,-0.0138,-0.0041,1.0442,obj_6,0.017002242995871664,0
1784255765.884,4,brown banana,2.0109,0.6082,1.0253,obj_5,0.01178059178764916,0
1784255765.884,5,gray canned food,3.2616,-0.6382,1.1339,obj_2,0.02189161477905832,0
1784255765.884,6,red box,2.7920,-0.9331,1.1935,obj_0,0.06961778597020876,0
1784255765.884,7,brown scissors,2.8891,-0.6034,1.0860,obj_1,0.015034728930548186,0
1784255766.391,0,black bowl,0.0082,0.3751,1.0280,obj_7,0.014940349800062362,0
1784255766.391,1,brown teddy bear,1.4675,0.5975,1.0850,obj_4,0.020589002115905104,0
1784255766.391,2,brown bottle,1.7717,-0.9658,1.2348,obj_3,0.008437209994172792,0
1784255766.391,3,gray mug,-0.0138,-0.0041,1.0442,obj_6,0.017002242995747485,0
1784255766.391,4,brown banana,2.0109,0.6082,1.0253,obj_5,0.01177607576417661,0
1784255766.391,5,gray canned food,3.2616,-0.6382,1.1339,obj_2,0.021892007326521242,0
1784255766.391,6,red box,2.7920,-0.9331,1.1935,obj_0,0.06961653425377243,0
1784255766.391,7,brown scissors,2.8891,-0.6034,1.0860,obj_1,0.015035652116478716,0
1784255768.884,0,black bowl,0.0082,0.3750,1.0280,obj_7,0.014944883885737647,0
1784255768.884,1,brown teddy bear,1.4675,0.5974,1.0849,obj_4,0.0207172086133667,0
1784255768.884,2,brown bottle,1.7717,-0.9658,1.2347,obj_3,0.00846152801572447,0
1784255768.884,3,gray mug,-0.0138,-0.0041,1.0442,obj_6,0.017002242995627224,0
1784255768.884,4,brown banana,2.0109,0.6085,1.0252,obj_5,0.01209588576309617,0
1784255768.884,5,gray canned food,3.2615,-0.6382,1.1339,obj_2,0.021864788906263994,0
1784255768.884,6,red box,2.7920,-0.9331,1.1933,obj_0,0.06964994757808875,0
1784255768.884,7,brown scissors,2.8880,-0.6050,1.0857,obj_1,0.01523301358328752,0
1784255769.392,0,black bowl,0.0082,0.3749,1.0280,obj_7,0.014946954529692741,0
1784255769.392,1,brown teddy bear,1.4675,0.5973,1.0848,obj_4,0.02078181314003834,0
1784255769.392,2,brown bottle,1.7716,-0.9658,1.2347,obj_3,0.00847399883860592,0
1784255769.392,3,gray mug,-0.0138,-0.0041,1.0442,obj_6,0.017002242995625312,0
1784255769.392,4,brown banana,2.0109,0.6087,1.0252,obj_5,0.012258163071360339,0
1784255769.392,5,gray canned food,3.2615,-0.6382,1.1338,obj_2,0.02185111655772802,0
1784255769.392,6,red box,2.7920,-0.9331,1.1933,obj_0,0.06966738520851844,0
1784255769.392,7,brown scissors,2.8874,-0.6058,1.0856,obj_1,0.01542846385345289,0
1784255769.894,0,black bowl,0.0082,0.3749,1.0280,obj_7,0.014948040412959081,0
1784255769.894,1,brown teddy bear,1.4675,0.5973,1.0848,obj_4,0.020814180568358487,0
1784255769.894,2,brown bottle,1.7716,-0.9658,1.2347,obj_3,0.008480277598350888,0
1784255769.894,3,gray mug,-0.0138,-0.0041,1.0442,obj_6,0.017002242995624358,0
1784255769.894,4,brown banana,2.0109,0.6088,1.0252,obj_5,0.012339362649735761,0
1784255769.894,5,gray canned food,3.2615,-0.6382,1.1338,obj_2,0.02184431067594061,0
1784255769.894,6,red box,2.7920,-0.9331,1.1932,obj_0,0.06967614004956792,0
1784255769.894,7,brown scissors,2.8871,-0.6062,1.0855,obj_1,0.015549559732541988,0
1784255770.389,0,black bowl,0.0082,0.3749,1.0280,obj_7,0.014948595991738155,0
1784255770.389,1,brown teddy bear,1.4675,0.5972,1.0848,obj_4,0.020830380485209417,0
1784255770.389,2,brown bottle,1.7716,-0.9658,1.2347,obj_3,0.008483427787275153,0
1784255770.389,3,gray mug,-0.0138,-0.0041,1.0442,obj_6,0.01700224299562388,0
1784255770.389,4,brown banana,2.0109,0.6088,1.0251,obj_5,0.012379977320401045,0
1784255770.389,5,gray canned food,3.2615,-0.6382,1.1338,obj_2,0.021840915316435783,0
1784255770.389,6,red box,2.7920,-0.9331,1.1932,obj_0,0.06968052647259484,0
1784255770.389,7,brown scissors,2.8869,-0.6064,1.0855,obj_1,0.015615799430984845,0
1784255770.886,0,black bowl,0.0082,0.3749,1.0280,obj_7,0.014948876940005544,0
1784255770.886,1,brown teddy bear,1.4675,0.5972,1.0848,obj_4,0.02083848448328882,0
1784255770.886,2,brown bottle,1.7716,-0.9658,1.2347,obj_3,0.008485005580491985,0
1784255770.886,3,gray mug,-0.0138,-0.0041,1.0442,obj_6,0.017002242995623595,0
1784255770.886,4,brown banana,2.0109,0.6088,1.0251,obj_5,0.012400288333458253,0
1784255770.886,5,gray canned food,3.2615,-0.6382,1.1338,obj_2,0.021839219533062903,0
1784255770.886,6,red box,2.7920,-0.9331,1.1932,obj_0,0.06968272193423822,0
1784255770.886,7,brown scissors,2.8869,-0.6065,1.0855,obj_1,0.015650321593774243,0
1784255771.383,0,black bowl,0.0085,0.3749,1.0280,obj_7,0.014676935310242336,0
1784255771.383,1,brown teddy bear,1.4675,0.5972,1.0848,obj_4,0.020830742233983107,0
1784255771.383,2,brown bottle,1.7716,-0.9658,1.2347,obj_3,0.008462996620178248,0
1784255771.383,3,gray mug,-0.0138,-0.0041,1.0442,obj_6,0.017002242995623452,0
1784255771.383,4,brown banana,2.0109,0.6088,1.0251,obj_5,0.012372110223526998,0
1784255771.383,5,gray canned food,3.2616,-0.6381,1.1337,obj_2,0.022003885019423273,0
1784255771.383,6,red box,2.7921,-0.9331,1.1933,obj_0,0.06974337338790924,0
1784255771.383,7,brown scissors,2.8881,-0.6050,1.0857,obj_1,0.01536321957936866,0
1784255771.885,0,black bowl,0.0086,0.3749,1.0280,obj_7,0.01454109078046771,0
1784255771.885,1,brown teddy bear,1.4675,0.5972,1.0848,obj_4,0.02082687179432717,0
1784255771.885,2,brown bottle,1.7716,-0.9658,1.2347,obj_3,0.008451993210387103,0
1784255771.885,3,gray mug,-0.0138,-0.0041,1.0442,obj_6,0.017002242995623428,0
1784255771.885,4,brown banana,2.0109,0.6087,1.0251,obj_5,0.012358133336028388,0
1784255771.885,5,gray canned food,3.2617,-0.6381,1.1337,obj_2,0.022086304046560423,0
1784255771.885,6,red box,2.7921,-0.9331,1.1934,obj_0,0.0697738370174562,0
1784255771.885,7,brown scissors,2.8887,-0.6043,1.0858,obj_1,0.015306016237089026,0
1784255772.387,0,black bowl,0.0087,0.3749,1.0280,obj_7,0.01447320112423911,0
1784255772.387,1,brown teddy bear,1.4675,0.5972,1.0848,obj_4,0.020824936745859876,0
1784255772.387,2,brown bottle,1.7716,-0.9658,1.2348,obj_3,0.00844649177430301,0
1784255772.387,3,gray mug,-0.0138,-0.0041,1.0442,obj_6,0.017002242995623414,0
1784255772.387,4,brown banana,2.0109,0.6087,1.0251,obj_5,0.012351173045433624,0
1784255772.387,5,gray canned food,3.2617,-0.6381,1.1337,obj_2,0.02212753484998054,0
1784255772.387,6,red box,2.7921,-0.9331,1.1935,obj_0,0.06978910325529554,0
1784255772.387,7,brown scissors,2.8890,-0.6040,1.0859,obj_1,0.015299390583376538,0
1784255772.885,0,black bowl,0.0084,0.3748,1.0280,obj_7,0.014717219514674295,0
1784255772.885,1,brown teddy bear,1.4675,0.5973,1.0849,obj_4,0.02069128245414724,0
1784255772.885,2,brown bottle,1.7716,-0.9658,1.2347,obj_3,0.008460619205164714,0
1784255772.885,3,gray mug,-0.0138,-0.0041,1.0442,obj_6,0.01700224299562341,0
1784255772.885,4,brown banana,2.0109,0.6087,1.0251,obj_5,0.012346528783866863,0
1784255772.885,5,gray canned food,3.2616,-0.6381,1.1337,obj_2,0.02195205608893921,0
1784255772.885,6,red box,2.7921,-0.9331,1.1933,obj_0,0.06981230021631869,0
1784255772.885,7,brown scissors,2.8891,-0.6038,1.0859,obj_1,0.015303741099016702,0
1784255773.389,0,black bowl,0.0083,0.3747,1.0280,obj_7,0.014882846769637166,0
1784255773.389,1,brown teddy bear,1.4677,0.5974,1.0848,obj_4,0.0207801321535328,0
1784255773.389,2,brown bottle,1.7715,-0.9659,1.2350,obj_3,0.008247316443654614,0
1784255773.389,3,gray mug,-0.0138,-0.0041,1.0441,obj_6,0.01698415763160839,0
1784255773.389,4,brown banana,2.0160,0.6006,1.0262,obj_5,0.008255075806985373,0
1784255773.389,5,gray canned food,3.2615,-0.6382,1.1337,obj_2,0.021864340715140974,0
1784255773.389,6,red box,2.7922,-0.9331,1.1933,obj_0,0.06982397266889785,0
1784255773.389,7,brown scissors,2.8892,-0.6037,1.0859,obj_1,0.015307276470581279,0
1784255773.888,0,black bowl,0.0082,0.3747,1.0280,obj_7,0.014965749605766904,0
1784255773.888,1,brown teddy bear,1.4679,0.5974,1.0848,obj_4,0.02082597479956323,0
1784255773.888,2,brown bottle,1.7715,-0.9659,1.2351,obj_3,0.008141428509573974,0
1784255773.888,3,gray mug,-0.0138,-0.0041,1.0441,obj_6,0.01697535355019684,0
1784255773.888,4,brown banana,2.0186,0.5965,1.0267,obj_5,0.009839124303601642,0
1784255773.888,5,gray canned food,3.2615,-0.6382,1.1337,obj_2,0.021820489114369197,0
1784255773.888,6,red box,2.7922,-0.9331,1.1933,obj_0,0.06982982737740225,0
1784255773.888,7,brown scissors,2.8893,-0.6037,1.0859,obj_1,0.015309383936404795,0
1784255774.382,0,black bowl,0.0082,0.3747,1.0280,obj_7,0.01500722289490457,0
1784255774.382,1,brown teddy bear,1.4679,0.5975,1.0847,obj_4,0.020849247865024664,0
1784255774.382,2,brown bottle,1.7714,-0.9659,1.2351,obj_3,0.008088684164879907,0
1784255774.382,3,gray mug,-0.0138,-0.0040,1.0440,obj_6,0.016971011268680766,0
1784255774.382,4,brown banana,2.0199,0.5944,1.0270,obj_5,0.011350825828003641,0
1784255774.382,5,gray canned food,3.2615,-0.6382,1.1337,obj_2,0.021798564846228156,0
1784255774.382,6,red box,2.7922,-0.9331,1.1932,obj_0,0.06983275935085317,0
1784255774.382,7,brown scissors,2.8893,-0.6036,1.0859,obj_1,0.015310522575052478,0
1784255774.885,0,black bowl,0.0081,0.3747,1.0280,obj_7,0.01502796495443488,0
1784255774.885,1,brown teddy bear,1.4680,0.5975,1.0847,obj_4,0.020860971991302588,0
1784255774.885,2,brown bottle,1.7714,-0.9660,1.2352,obj_3,0.008062363041897074,0
1784255774.885,3,gray mug,-0.0138,-0.0040,1.0440,obj_6,0.016968855081146803,0
1784255774.885,4,brown banana,2.0206,0.5934,1.0272,obj_5,0.012218148206839944,0
1784255774.885,5,gray canned food,3.2614,-0.6382,1.1337,obj_2,0.021787603096568246,0
1784255774.885,6,red box,2.7922,-0.9331,1.1932,obj_0,0.06983422649220894,0
1784255774.885,7,brown scissors,2.8893,-0.6036,1.0859,obj_1,0.015311113115388464,0
1784255775.396,0,black bowl,0.0081,0.3747,1.0280,obj_7,0.015038337331405683,0
1784255775.396,1,brown teddy bear,1.4680,0.5975,1.0847,obj_4,0.020866855909845838,0
1784255775.396,2,brown bottle,1.7714,-0.9660,1.2352,obj_3,0.008049215388883294,0
1784255775.396,3,gray mug,-0.0138,-0.0040,1.0440,obj_6,0.0169677807273514,0
1784255775.396,4,brown banana,2.0209,0.5929,1.0272,obj_5,0.012673218201577144,0
1784255775.396,5,gray canned food,3.2614,-0.6382,1.1337,obj_2,0.02178212231801003,0
1784255775.396,6,red box,2.7922,-0.9331,1.1932,obj_0,0.06983496035152292,0
1784255775.396,7,brown scissors,2.8893,-0.6036,1.0859,obj_1,0.015311413690099685,0
1784255775.888,0,black bowl,0.0081,0.3747,1.0280,obj_7,0.01504352385587975,0
1784255775.888,1,brown teddy bear,1.4680,0.5975,1.0847,obj_4,0.020869803327581985,0
1784255775.888,2,brown bottle,1.7714,-0.9660,1.2352,obj_3,0.008042644807964685,0
1784255775.888,3,gray mug,-0.0138,-0.0040,1.0440,obj_6,0.016967244485653985,0
1784255775.888,4,brown banana,2.0210,0.5927,1.0273,obj_5,0.012905452636068933,0
1784255775.888,5,gray canned food,3.2614,-0.6382,1.1337,obj_2,0.021779381952819837,0
1784255775.888,6,red box,2.7922,-0.9331,1.1932,obj_0,0.06983532735333657,0
1784255775.888,7,brown scissors,2.8893,-0.6036,1.0859,obj_1,0.0153115653035003,0
1784255776.396,0,black bowl,0.0081,0.3747,1.0280,obj_7,0.015046117202012608,0
1784255776.396,1,brown teddy bear,1.4680,0.5975,1.0847,obj_4,0.020871278400392008,0
1784255776.396,2,brown bottle,1.7714,-0.9660,1.2352,obj_3,0.008039360331223782,0
1784255776.396,3,gray mug,-0.0138,-0.0040,1.0440,obj_6,0.01696697659863122,0
1784255776.396,4,brown banana,2.0211,0.5925,1.0273,obj_5,0.013022671753984643,0
1784255776.396,5,gray canned food,3.2614,-0.6382,1.1337,obj_2,0.021778011776249877,0
1784255776.396,6,red box,2.7922,-0.9331,1.1932,obj_0,0.06983551087228192,0
1784255776.396,7,brown scissors,2.8893,-0.6036,1.0859,obj_1,0.015311641441700595,0
1784255776.885,0,black bowl,0.0081,0.3747,1.0280,obj_7,0.015047413896040305,0
1784255776.885,1,brown teddy bear,1.4680,0.5975,1.0847,obj_4,0.02087201627769818,0
1784255776.885,2,brown bottle,1.7714,-0.9660,1.2352,obj_3,0.008037718296573923,0
1784255776.885,3,gray mug,-0.0138,-0.0040,1.0440,obj_6,0.01696684271357956,0
1784255776.885,4,brown banana,2.0212,0.5925,1.0273,obj_5,0.013081548168893169,0
1784255776.885,5,gray canned food,3.2614,-0.6382,1.1337,obj_2,0.02177732668947147,0
1784255776.885,6,red box,2.7922,-0.9331,1.1932,obj_0,0.06983560263626448,0
1784255776.885,7,brown scissors,2.8893,-0.6036,1.0859,obj_1,0.015311679593674016,0
1784255777.384,0,black bowl,0.0081,0.3747,1.0280,obj_7,0.015048062248292936,0
1784255777.384,1,brown teddy bear,1.4680,0.5975,1.0847,obj_4,0.020872385301566015,0
1784255777.384,2,brown bottle,1.7714,-0.9660,1.2352,obj_3,0.008036897330215776,0
1784255777.384,3,gray mug,-0.0138,-0.0040,1.0440,obj_6,0.01696677578566911,0
1784255777.384,4,brown banana,2.0212,0.5924,1.0273,obj_5,0.013111052042973704,0
1784255777.384,5,gray canned food,3.2614,-0.6382,1.1337,obj_2,0.02177698414645881,0
1784255777.384,6,red box,2.7922,-0.9331,1.1932,obj_0,0.06983564851938315,0
1784255777.384,7,brown scissors,2.8893,-0.6036,1.0859,obj_1,0.01531169869037908,0
1784255777.882,0,black bowl,0.0080,0.3747,1.0280,obj_7,0.015105802155165327,0
1784255777.882,1,brown teddy bear,1.4680,0.5974,1.0847,obj_4,0.020950237211629766,0
1784255777.882,2,brown bottle,1.7714,-0.9660,1.2352,obj_3,0.008019869003789567,0
1784255777.882,3,gray mug,-0.0138,-0.0040,1.0440,obj_6,0.01696674232536772,0
1784255777.882,4,brown banana,2.0212,0.5924,1.0273,obj_5,0.013111895209448375,0
1784255777.882,5,gray canned food,3.2616,-0.6382,1.1337,obj_2,0.02192508188216493,0
1784255777.882,6,red box,2.7921,-0.9331,1.1934,obj_0,0.06980917403640667,0
1784255777.882,7,brown scissors,2.8890,-0.6030,1.0860,obj_1,0.014734202122709296,0
1784255778.382,0,black bowl,0.0080,0.3748,1.0280,obj_7,0.01513489125400557,0
1784255778.382,1,brown teddy bear,1.4680,0.5973,1.0846,obj_4,0.02098926874730708,0
1784255778.382,2,brown bottle,1.7714,-0.9660,1.2352,obj_3,0.008011361810625589,0
1784255778.382,3,gray mug,-0.0138,-0.0040,1.0440,obj_6,0.0169667255961305,0
1784255778.382,4,brown banana,2.0212,0.5924,1.0273,obj_5,0.01311234742626242,0
1784255778.382,5,gray canned food,3.2617,-0.6382,1.1337,obj_2,0.021999285747812597,0
1784255778.382,6,red box,2.7921,-0.9331,1.1934,obj_0,0.06979603913928113,0
1784255778.382,7,brown scissors,2.8889,-0.6027,1.0860,obj_1,0.014447880143493866,0
1784255778.882,0,black bowl,0.0080,0.3748,1.0280,obj_7,0.015149490222279599,0
1784255778.882,1,brown teddy bear,1.4680,0.5973,1.0846,obj_4,0.02100881073878783,0
1784255778.882,2,brown bottle,1.7714,-0.9660,1.2352,obj_3,0.0080071099630369,0
1784255778.882,3,gray mug,-0.0138,-0.0040,1.0440,obj_6,0.01696671723174031,0
1784255778.882,4,brown banana,2.0212,0.5924,1.0274,obj_5,0.013112581192154924,0
1784255778.882,5,gray canned food,3.2617,-0.6382,1.1337,obj_2,0.0220364259736363,0
1784255778.882,6,red box,2.7921,-0.9331,1.1935,obj_0,0.06978949729369588,0
1784255778.882,7,brown scissors,2.8888,-0.6026,1.0861,obj_1,0.014305368312305479,0
1784255779.387,0,black bowl,0.0081,0.3749,1.0280,obj_7,0.015088154581693613,0
1784255779.387,1,brown teddy bear,1.4680,0.5973,1.0846,obj_4,0.021017372285597965,0
1784255779.387,2,brown bottle,1.7714,-0.9660,1.2352,obj_3,0.008005373269685619,0
1784255779.387,3,gray mug,-0.0138,-0.0040,1.0440,obj_6,0.016966713049602258,0
1784255779.387,4,brown banana,2.0212,0.5924,1.0273,obj_5,0.013139358802426549,0
1784255779.387,5,gray canned food,3.2617,-0.6382,1.1336,obj_2,0.022030513902945623,0
1784255779.387,6,red box,2.7921,-0.9331,1.1935,obj_0,0.06974638254587505,0
1784255779.387,7,brown scissors,2.8891,-0.6033,1.0861,obj_1,0.014957653642424906,0
1784255779.884,0,black bowl,0.0081,0.3750,1.0280,obj_7,0.015057771908552649,0
1784255779.884,1,brown teddy bear,1.4680,0.5973,1.0846,obj_4,0.021021654628318825,0
1784255779.884,2,brown bottle,1.7714,-0.9660,1.2352,obj_3,0.008004505732204318,0
1784255779.884,3,gray mug,-0.0138,-0.0040,1.0440,obj_6,0.016966710958547557,0
1784255779.884,4,brown banana,2.0212,0.5924,1.0273,obj_5,0.013152809016880736,0
1784255779.884,5,gray canned food,3.2617,-0.6382,1.1336,obj_2,0.022027576447367685,0
1784255779.884,6,red box,2.7921,-0.9331,1.1934,obj_0,0.06972482789996506,0
1784255779.884,7,brown scissors,2.8892,-0.6037,1.0860,obj_1,0.01528862856259913,0
1784255780.385,0,black bowl,0.0081,0.3750,1.0281,obj_7,0.015032537284562712,0
1784255780.385,1,brown teddy bear,1.4680,0.5973,1.0845,obj_4,0.021109166102357923,0
1784255780.385,2,brown bottle,1.7714,-0.9660,1.2352,obj_3,0.008021151471177707,0
1784255780.385,3,gray mug,-0.0138,-0.0040,1.0440,obj_6,0.016966709913023723,0
1784255780.385,4,brown banana,2.0212,0.5924,1.0273,obj_5,0.013166743892384519,0
1784255780.385,5,gray canned food,3.2618,-0.6382,1.1336,obj_2,0.022050572709142374,0
1784255780.385,6,red box,2.7921,-0.9331,1.1935,obj_0,0.06971020595504336,0
1784255780.385,7,brown scissors,2.8891,-0.6034,1.0860,obj_1,0.0149593209872997,0
1784255780.884,0,black bowl,0.0081,0.3750,1.0281,obj_7,0.015020029828907988,0
1784255780.884,1,brown teddy bear,1.4680,0.5972,1.0845,obj_4,0.02115293576533553,0
1784255780.884,2,brown bottle,1.7714,-0.9660,1.2352,obj_3,0.008029476505084229,0
1784255780.884,3,gray mug,-0.0138,-0.0040,1.0440,obj_6,0.016966709390262746,0
1784255780.884,4,brown banana,2.0212,0.5924,1.0273,obj_5,0.013173712711192997,0
1784255780.884,5,gray canned food,3.2618,-0.6382,1.1336,obj_2,0.022062079313980725,0
1784255780.884,6,red box,2.7920,-0.9331,1.1935,obj_0,0.06970290128905332,0
1784255780.884,7,brown scissors,2.8890,-0.6032,1.0860,obj_1,0.014795432758595246,0
1784255781.390,0,black bowl,0.0081,0.3750,1.0281,obj_7,0.01501380364541923,0
1784255781.390,1,brown teddy bear,1.4680,0.5972,1.0844,obj_4,0.02117482405312813,0
1784255781.390,2,brown bottle,1.7714,-0.9660,1.2352,obj_3,0.008033639561180025,0
1784255781.390,3,gray mug,-0.0138,-0.0040,1.0440,obj_6,0.016966709128882436,0
1784255781.390,4,brown banana,2.0212,0.5924,1.0273,obj_5,0.013177197465222145,0
1784255781.390,5,gray canned food,3.2618,-0.6382,1.1337,obj_2,0.02206783473102197,0
1784255781.390,6,red box,2.7920,-0.9331,1.1935,obj_0,0.06969925053325499,0
1784255781.390,7,brown scissors,2.8889,-0.6031,1.0860,obj_1,0.014713687503967468,0
1784255781.886,0,black bowl,0.0082,0.3752,1.0280,obj_7,0.014952628770749377,0
1784255781.886,1,brown teddy bear,1.4680,0.5971,1.0843,obj_4,0.021340995185922335,0
1784255781.886,2,brown bottle,1.7714,-0.9660,1.2352,obj_3,0.008017597858934522,0
1784255781.886,3,gray mug,-0.0138,-0.0040,1.0440,obj_6,0.016966708998192383,0
1784255781.886,4,brown banana,2.0213,0.5916,1.0275,obj_5,0.013520963145835237,0
1784255781.886,5,gray canned food,3.2618,-0.6382,1.1337,obj_2,0.022089684041325264,0
1784255781.886,6,red box,2.7921,-0.9331,1.1935,obj_0,0.06971501453618403,0
1784255781.886,7,brown scissors,2.8889,-0.6030,1.0860,obj_1,0.014638120359043317,0
1784255782.382,0,black bowl,0.0082,0.3753,1.0280,obj_7,0.014944424822192978,0
1784255782.382,1,brown teddy bear,1.4678,0.5971,1.0843,obj_4,0.02135583752326928,0
1784255782.382,2,brown bottle,1.7713,-0.9661,1.2358,obj_3,0.007480390786663909,0
1784255782.382,3,gray mug,-0.0139,-0.0040,1.0441,obj_6,0.017066324685345552,0
1784255782.382,4,brown banana,2.0214,0.5913,1.0277,obj_5,0.013706251301234111,0
1784255782.382,5,gray canned food,3.2618,-0.6382,1.1337,obj_2,0.022100611222573254,0
1784255782.382,6,red box,2.7921,-0.9331,1.1935,obj_0,0.06972289835481484,0
1784255782.382,7,brown scissors,2.8889,-0.6030,1.0860,obj_1,0.014600426589102293,0
1784255782.881,0,black bowl,0.0082,0.3753,1.0280,obj_7,0.014940527519229313,0
1784255782.881,1,brown teddy bear,1.4678,0.5971,1.0843,obj_4,0.021363545003742324,0
1784255782.881,2,brown bottle,1.7712,-0.9661,1.2360,obj_3,0.0072138970666323545,0
1784255782.881,3,gray mug,-0.0140,-0.0040,1.0441,obj_6,0.017116395158163357,0
1784255782.881,4,brown banana,2.0214,0.5911,1.0277,obj_5,0.013802092090315042,0
1784255782.881,5,gray canned food,3.2618,-0.6382,1.1337,obj_2,0.02210607544362908,0
1784255782.881,6,red box,2.7921,-0.9331,1.1935,obj_0,0.06972684071824245,0
1784255782.881,7,brown scissors,2.8889,-0.6030,1.0860,obj_1,0.014581602358007113,0
1784255783.385,0,black bowl,0.0086,0.3753,1.0279,obj_7,0.014519467969726889,0
1784255783.385,1,brown teddy bear,1.4677,0.5971,1.0842,obj_4,0.021432338443666744,0
1784255783.385,2,brown bottle,1.7714,-0.9661,1.2366,obj_3,0.00661056225018896,0
1784255783.385,3,gray mug,-0.0140,-0.0040,1.0441,obj_6,0.017141495381513123,0
1784255783.385,4,brown banana,2.0214,0.5914,1.0278,obj_5,0.013604458034246801,0
1784255783.385,5,gray canned food,3.2617,-0.6382,1.1338,obj_2,0.021998758727154902,0
1784255783.385,6,red box,2.7920,-0.9331,1.1935,obj_0,0.06966975268417176,0
1784255783.385,7,brown scissors,2.8890,-0.6031,1.0860,obj_1,0.014771623596520424,0
1784255783.886,0,black bowl,0.0088,0.3753,1.0279,obj_7,0.014309309850050203,0
1784255783.886,1,brown teddy bear,1.4677,0.5971,1.0842,obj_4,0.02146676274823973,0
1784255783.886,2,brown bottle,1.7714,-0.9660,1.2369,obj_3,0.006309191116263704,0
1784255783.886,3,gray mug,-0.0140,-0.0040,1.0441,obj_6,0.017154061656772912,0
1784255783.886,4,brown banana,2.0214,0.5915,1.0278,obj_5,0.013507354032718086,0
1784255783.886,5,gray canned food,3.2616,-0.6382,1.1339,obj_2,0.02194545872415967,0
1784255783.886,6,red box,2.7920,-0.9331,1.1935,obj_0,0.06964120949781542,0
1784255783.886,7,brown scissors,2.8890,-0.6032,1.0860,obj_1,0.014866902278188064,0
1784255784.384,0,black bowl,0.0090,0.3753,1.0279,obj_7,0.014207111531656382,0
1784255784.384,1,brown teddy bear,1.4677,0.5971,1.0842,obj_4,0.02138846282174875,0
1784255784.384,2,brown bottle,1.7713,-0.9661,1.2366,obj_3,0.006608692001166469,0
1784255784.384,3,gray mug,-0.0140,-0.0040,1.0441,obj_6,0.017160348824945607,0
1784255784.384,4,brown banana,2.0213,0.5912,1.0278,obj_5,0.013666927655242777,0
1784255784.384,5,gray canned food,3.2617,-0.6382,1.1338,obj_2,0.02203178894836757,0
1784255784.384,6,red box,2.7920,-0.9331,1.1936,obj_0,0.0696534781431081,0
1784255784.384,7,brown scissors,2.8890,-0.6032,1.0860,obj_1,0.014794304114741957,0
1784255784.884,0,black bowl,0.0090,0.3753,1.0279,obj_7,0.014156069657259402,0
1784255784.884,1,brown teddy bear,1.4677,0.5972,1.0843,obj_4,0.021349345793704677,0
1784255784.884,2,brown bottle,1.7713,-0.9661,1.2365,obj_3,0.00675886741231647,0
1784255784.884,3,gray mug,-0.0140,-0.0040,1.0441,obj_6,0.017163493415375975,0
1784255784.884,4,brown banana,2.0213,0.5911,1.0277,obj_5,0.0137487300657155,0
1784255784.884,5,gray canned food,3.2618,-0.6382,1.1337,obj_2,0.022075182727161042,0
1784255784.884,6,red box,2.7920,-0.9331,1.1936,obj_0,0.06965964558794482,0
1784255784.884,7,brown scissors,2.8890,-0.6032,1.0860,obj_1,0.014758021292001244,0
1784255785.382,0,black bowl,0.0090,0.3753,1.0279,obj_7,0.014130563222368395,0
1784255785.382,1,brown teddy bear,1.4677,0.5972,1.0843,obj_4,0.021329795566344567,0
1784255785.382,2,brown bottle,1.7713,-0.9662,1.2364,obj_3,0.0068340531946586925,0
1784255785.382,3,gray mug,-0.0140,-0.0040,1.0441,obj_6,0.01716506596201586,0
1784255785.382,4,brown banana,2.0213,0.5910,1.0277,obj_5,0.013790124773313463,0
1784255785.382,5,gray canned food,3.2618,-0.6382,1.1337,obj_2,0.022096936390825706,0
1784255785.382,6,red box,2.7920,-0.9331,1.1936,obj_0,0.06966273758834865,0
1784255785.382,7,brown scissors,2.8889,-0.6031,1.0860,obj_1,0.014739883980399587,0
1784255785.882,0,black bowl,0.0088,0.3750,1.0279,obj_7,0.014331457598563226,0
1784255785.882,1,brown teddy bear,1.4677,0.5972,1.0844,obj_4,0.02118301781039151,0
1784255785.882,2,brown bottle,1.7712,-0.9662,1.2364,obj_3,0.006820880846736276,0
1784255785.882,3,gray mug,-0.0140,-0.0040,1.0441,obj_6,0.01716585229817178,0
1784255785.882,4,brown banana,2.0212,0.5914,1.0274,obj_5,0.013596959187546668,0
1784255785.882,5,gray canned food,3.2617,-0.6382,1.1339,obj_2,0.021997765017061074,0
1784255785.882,6,red box,2.7920,-0.9331,1.1936,obj_0,0.06965469168744184,0
1784255785.882,7,brown scissors,2.8892,-0.6039,1.0861,obj_1,0.015395631482468334,0
1784255786.385,0,black bowl,0.0087,0.3749,1.0279,obj_7,0.01443308214003392,0
1784255786.385,1,brown teddy bear,1.4677,0.5973,1.0845,obj_4,0.021109651934512752,0
1784255786.385,2,brown bottle,1.7712,-0.9662,1.2364,obj_3,0.006814385403546337,0
1784255786.385,3,gray mug,-0.0140,-0.0040,1.0441,obj_6,0.017166245481956225,0
1784255786.385,4,brown banana,2.0212,0.5916,1.0273,obj_5,0.013506582628256537,0
1784255786.385,5,gray canned food,3.2616,-0.6382,1.1340,obj_2,0.021948819666362033,0
1784255786.385,6,red box,2.7920,-0.9331,1.1935,obj_0,0.06965068620709321,0
1784255786.385,7,brown scissors,2.8893,-0.6043,1.0861,obj_1,0.015729620761010057,0
1784255786.887,0,black bowl,0.0087,0.3749,1.0279,obj_7,0.014484181542026188,0
1784255786.887,1,brown teddy bear,1.4677,0.5973,1.0845,obj_4,0.02107297481717511,0
1784255786.887,2,brown bottle,1.7712,-0.9662,1.2364,obj_3,0.006811160440617952,0
1784255786.887,3,gray mug,-0.0140,-0.0040,1.0441,obj_6,0.0171664420777748,0
1784255786.887,4,brown banana,2.0211,0.5917,1.0272,obj_5,0.013462982987361453,0
1784255786.887,5,gray canned food,3.2616,-0.6382,1.1340,obj_2,0.021924508329977437,0
1784255786.887,6,red box,2.7920,-0.9331,1.1935,obj_0,0.06964868783532538,0
1784255786.887,7,brown scissors,2.8894,-0.6045,1.0861,obj_1,0.015898032380379033,0
1784255787.384,0,black bowl,0.0087,0.3749,1.0279,obj_7,0.014509802142284074,0
1784255787.384,1,brown teddy bear,1.4677,0.5973,1.0846,obj_4,0.021054637722529242,0
1784255787.384,2,brown bottle,1.7712,-0.9662,1.2365,obj_3,0.00680955365826836,0
1784255787.384,3,gray mug,-0.0140,-0.0040,1.0441,obj_6,0.017166540376665634,0
1784255787.384,4,brown banana,2.0211,0.5917,1.0271,obj_5,0.013441584876522427,0
1784255787.384,5,gray canned food,3.2616,-0.6382,1.1340,obj_2,0.02191239315341333,0
1784255787.384,6,red box,2.7920,-0.9331,1.1935,obj_0,0.06964768974165299,0
1784255787.384,7,brown scissors,2.8894,-0.6046,1.0861,obj_1,0.015982579397947817,0
1784255787.887,0,black bowl,0.0086,0.3749,1.0279,obj_7,0.014522630057859719,0
1784255787.887,1,brown teddy bear,1.4677,0.5973,1.0846,obj_4,0.021045469542328207,0
1784255787.887,2,brown bottle,1.7712,-0.9662,1.2365,obj_3,0.0068087516930498285,0
1784255787.887,3,gray mug,-0.0140,-0.0040,1.0441,obj_6,0.017166589526356375,0
1784255787.887,4,brown banana,2.0211,0.5918,1.0271,obj_5,0.013430986811132988,0
1784255787.887,5,gray canned food,3.2616,-0.6382,1.1341,obj_2,0.02190634570764892,0
1784255787.887,6,red box,2.7920,-0.9331,1.1935,obj_0,0.06964719096788312,0
1784255787.887,7,brown scissors,2.8894,-0.6047,1.0861,obj_1,0.016024936635116838,0
1784255788.387,0,black bowl,0.0086,0.3748,1.0279,obj_7,0.0145290484059051,0
1784255788.387,1,brown teddy bear,1.4677,0.5973,1.0846,obj_4,0.02104088554414802,0
1784255788.387,2,brown bottle,1.7712,-0.9662,1.2365,obj_3,0.006808351067076672,0
1784255788.387,3,gray mug,-0.0140,-0.0040,1.0441,obj_6,0.01716661410126314,0
1784255788.387,4,brown banana,2.0211,0.5918,1.0271,obj_5,0.01342571309586739,0
1784255788.387,5,gray canned food,3.2616,-0.6382,1.1341,obj_2,0.02190332452284767,0
1784255788.387,6,red box,2.7920,-0.9331,1.1935,obj_0,0.06964694164926652,0
1784255788.387,7,brown scissors,2.8894,-0.6047,1.0861,obj_1,0.016046135992501175,0
1784255789.883,0,black bowl,0.0091,0.3751,1.0279,obj_7,0.014093417865123073,0
1784255789.883,1,brown teddy bear,1.4677,0.5973,1.0847,obj_4,0.0209624167197541,0
1784255789.883,2,brown bottle,1.7712,-0.9661,1.2364,obj_3,0.006877420139206555,0
1784255789.883,3,gray mug,-0.0140,-0.0040,1.0441,obj_6,0.017166635604340057,0
1784255789.883,4,brown banana,2.0213,0.5911,1.0274,obj_5,0.013742376866886835,0
1784255789.883,5,gray canned food,3.2616,-0.6382,1.1341,obj_2,0.02190960245491693,0
1784255789.883,6,red box,2.7921,-0.9331,1.1935,obj_0,0.06971415500683888,0
1784255789.883,7,brown scissors,2.8891,-0.6038,1.0862,obj_1,0.015270548447278745,0
1784255790.392,0,black bowl,0.0093,0.3752,1.0278,obj_7,0.013875212374184565,0
1784255790.392,1,brown teddy bear,1.4677,0.5973,1.0847,obj_4,0.020924904541157117,0
1784255790.392,2,brown bottle,1.7712,-0.9661,1.2363,obj_3,0.006912118668909787,0
1784255790.392,3,gray mug,-0.0140,-0.0040,1.0441,obj_6,0.017166637140275352,0
1784255790.392,4,brown banana,2.0213,0.5908,1.0276,obj_5,0.013914511887266312,0
1784255790.392,5,gray canned food,3.2616,-0.6382,1.1341,obj_2,0.021913878843661843,0
1784255790.392,6,red box,2.7921,-0.9331,1.1935,obj_0,0.06974785640228612,0
1784255790.392,7,brown scissors,2.8890,-0.6034,1.0863,obj_1,0.014880887455068291,0
1784255790.881,0,black bowl,0.0094,0.3753,1.0278,obj_7,0.01376664208050551,0
1784255790.881,1,brown teddy bear,1.4677,0.5973,1.0847,obj_4,0.020906149270570006,0
1784255790.881,2,brown bottle,1.7712,-0.9661,1.2363,obj_3,0.006929471332373652,0
1784255790.881,3,gray mug,-0.0140,-0.0040,1.0441,obj_6,0.017166637908243056,0
1784255790.881,4,brown banana,2.0213,0.5906,1.0277,obj_5,0.014003412091583014,0
1784255790.881,5,gray canned food,3.2616,-0.6382,1.1341,obj_2,0.02191601829565025,0
1784255790.881,6,red box,2.7921,-0.9331,1.1935,obj_0,0.06976470740876532,0
1784255790.881,7,brown scissors,2.8889,-0.6032,1.0863,obj_1,0.014687720576682002,0
1784255791.393,0,black bowl,0.0080,0.3753,1.0279,obj_7,0.015118320769590004,0
1784255791.393,1,brown teddy bear,1.4677,0.5974,1.0847,obj_4,0.020883785726333138,0
1784255791.393,2,brown bottle,1.7713,-0.9661,1.2367,obj_3,0.006554424692229187,0
1784255791.393,3,gray mug,-0.0140,-0.0040,1.0441,obj_6,0.017166638292226876,0
1784255791.393,4,brown banana,2.0213,0.5914,1.0275,obj_5,0.013636598682622895,0
1784255791.393,5,gray canned food,3.2616,-0.6382,1.1339,obj_2,0.021876244919342747,0
1784255791.393,6,red box,2.7921,-0.9331,1.1935,obj_0,0.06976884260858181,0
1784255791.393,7,brown scissors,2.8892,-0.6038,1.0862,obj_1,0.015276045230777968,0
1784255791.886,0,black bowl,0.0074,0.3753,1.0279,obj_7,0.01576864480026934,0
1784255791.886,1,brown teddy bear,1.4677,0.5975,1.0847,obj_4,0.02093080381751598,0
1784255791.886,2,brown bottle,1.7715,-0.9660,1.2364,obj_3,0.006832394116459148,0
1784255791.886,3,gray mug,-0.0140,-0.0040,1.0442,obj_6,0.017170716460044887,0
1784255791.886,4,brown banana,2.0213,0.5917,1.0274,obj_5,0.013465093651042403,0
1784255791.886,5,gray canned food,3.2615,-0.6382,1.1338,obj_2,0.021856752929433048,0
1784255791.886,6,red box,2.7921,-0.9331,1.1935,obj_0,0.06977091325723715,0
1784255791.886,7,brown scissors,2.8893,-0.6041,1.0862,obj_1,0.015572831369491062,0
1784255792.387,0,black bowl,0.0083,0.3753,1.0279,obj_7,0.014880822549960655,0
1784255792.387,1,brown teddy bear,1.4678,0.5975,1.0847,obj_4,0.020887175439281317,0
1784255792.387,2,brown bottle,1.7714,-0.9661,1.2361,obj_3,0.007128207168079505,0
1784255792.387,3,gray mug,-0.0141,-0.0040,1.0442,obj_6,0.017172814981305184,0
1784255792.387,4,brown banana,2.0212,0.5921,1.0273,obj_5,0.013302025419628659,0
1784255792.387,5,gray canned food,3.2616,-0.6381,1.1340,obj_2,0.021933278405564017,0
1784255792.387,6,red box,2.7921,-0.9331,1.1936,obj_0,0.06969864915515236,0
1784255792.387,7,brown scissors,2.8892,-0.6037,1.0861,obj_1,0.015269003935363845,0
1784255792.888,0,black bowl,0.0087,0.3753,1.0279,obj_7,0.014437807110824322,0
1784255792.888,1,brown teddy bear,1.4678,0.5976,1.0847,obj_4,0.02086544833987184,0
1784255792.888,2,brown bottle,1.7714,-0.9661,1.2359,obj_3,0.0072766977264852074,0
1784255792.888,3,gray mug,-0.0141,-0.0040,1.0442,obj_6,0.0171738790949632,0
1784255792.888,4,brown banana,2.0212,0.5922,1.0273,obj_5,0.013222867175795449,0
1784255792.888,5,gray canned food,3.2616,-0.6381,1.1340,obj_2,0.021971852171031533,0
1784255792.888,6,red box,2.7920,-0.9331,1.1937,obj_0,0.06966258635007834,0
1784255792.888,7,brown scissors,2.8892,-0.6035,1.0860,obj_1,0.015119187097695745,0
1784255793.386,0,black bowl,0.0090,0.3753,1.0279,obj_7,0.014216547747538385,0
1784255793.386,1,brown teddy bear,1.4678,0.5976,1.0847,obj_4,0.020854606642065236,0
1784255793.386,2,brown bottle,1.7714,-0.9661,1.2359,obj_3,0.007351078701303723,0
1784255793.386,3,gray mug,-0.0141,-0.0040,1.0442,obj_6,0.01717441486424678,0
1784255793.386,4,brown banana,2.0212,0.5923,1.0273,obj_5,0.013183894597492623,0
1784255793.386,5,gray canned food,3.2616,-0.6380,1.1340,obj_2,0.02199121633421423,0
1784255793.386,6,red box,2.7920,-0.9331,1.1937,obj_0,0.06964457229042242,0
1784255793.386,7,brown scissors,2.8891,-0.6034,1.0860,obj_1,0.015044821233348363,0
1784255793.882,0,black bowl,0.0091,0.3753,1.0279,obj_7,0.014105983564565648,0
1784255793.882,1,brown teddy bear,1.4678,0.5976,1.0847,obj_4,0.02084919126608442,0
1784255793.882,2,brown bottle,1.7714,-0.9662,1.2358,obj_3,0.0073883019178229165,0
1784255793.882,3,gray mug,-0.0141,-0.0040,1.0442,obj_6,0.017174683676901,0
1784255793.882,4,brown banana,2.0212,0.5923,1.0273,obj_5,0.013164561521526634,0
1784255793.882,5,gray canned food,3.2616,-0.6380,1.1341,obj_2,0.022000917676460775,0
1784255793.882,6,red box,2.7920,-0.9331,1.1937,obj_0,0.06963556960024186,0
1784255793.882,7,brown scissors,2.8891,-0.6034,1.0860,obj_1,0.015007776296473716,0
1784255794.385,0,black bowl,0.0091,0.3753,1.0278,obj_7,0.014050718298792819,0
1784255794.385,1,brown teddy bear,1.4678,0.5976,1.0847,obj_4,0.0208464849475689,0
1784255794.385,2,brown bottle,1.7714,-0.9662,1.2358,obj_3,0.0074069215644726,0
1784255794.385,3,gray mug,-0.0141,-0.0040,1.0442,obj_6,0.017174818315218526,0
1784255794.385,4,brown banana,2.0212,0.5924,1.0273,obj_5,0.013154933484252986,0
1784255794.385,5,gray canned food,3.2616,-0.6380,1.1341,obj_2,0.022005773155321987,0
1784255794.385,6,red box,2.7920,-0.9331,1.1937,obj_0,0.0696310693405539,0
1784255794.385,7,brown scissors,2.8891,-0.6033,1.0860,obj_1,0.014989288625553784,0
1784255794.887,0,black bowl,0.0092,0.3753,1.0278,obj_7,0.014023089930360848,0
1784255794.887,1,brown teddy bear,1.4678,0.5976,1.0847,obj_4,0.020845132130835456,0
1784255794.887,2,brown bottle,1.7714,-0.9662,1.2358,obj_3,0.007416233379738128,0
1784255794.887,3,gray mug,-0.0141,-0.0040,1.0442,obj_6,0.01717488569237331,0
1784255794.887,4,brown banana,2.0212,0.5924,1.0273,obj_5,0.01315012911548357,0
1784255794.887,5,gray canned food,3.2616,-0.6380,1.1341,obj_2,0.022008202095759193,0
1784255794.887,6,red box,2.7920,-0.9331,1.1937,obj_0,0.06962881948212239,0
1784255794.887,7,brown scissors,2.8891,-0.6033,1.0860,obj_1,0.014980053527067891,0
1784255795.388,0,black bowl,0.0086,0.3751,1.0279,obj_7,0.014585469851970748,0
1784255795.388,1,brown teddy bear,1.4678,0.5975,1.0847,obj_4,0.020871353992476117,0
1784255795.388,2,brown bottle,1.7714,-0.9661,1.2356,obj_3,0.00764292500587223,0
1784255795.388,3,gray mug,-0.0141,-0.0040,1.0442,obj_6,0.0171749193954495,0
1784255795.388,4,brown banana,2.0212,0.5924,1.0273,obj_5,0.01314659533112632,0
1784255795.388,5,gray canned food,3.2615,-0.6381,1.1339,obj_2,0.02191883738481983,0
1784255795.388,6,red box,2.7920,-0.9331,1.1935,obj_0,0.06967734348215275,0
1784255795.388,7,brown scissors,2.8893,-0.6038,1.0860,obj_1,0.015424992059465051,0
1784255795.885,0,black bowl,0.0083,0.3750,1.0279,obj_7,0.014868282945933712,0
1784255795.885,1,brown teddy bear,1.4678,0.5975,1.0847,obj_4,0.020884587800366602,0
1784255795.885,2,brown bottle,1.7714,-0.9661,1.2355,obj_3,0.007756535925380325,0
1784255795.885,3,gray mug,-0.0141,-0.0040,1.0442,obj_6,0.017174936250612272,0
1784255795.885,4,brown banana,2.0212,0.5924,1.0273,obj_5,0.013144835463801373,0
1784255795.885,5,gray canned food,3.2615,-0.6382,1.1338,obj_2,0.021874645062221806,0
1784255795.885,6,red box,2.7920,-0.9331,1.1933,obj_0,0.06970194999024558,0
1784255795.885,7,brown scissors,2.8894,-0.6041,1.0860,obj_1,0.01565014892711758,0
1784255796.384,0,black bowl,0.0081,0.3751,1.0279,obj_7,0.015000971800588287,0
1784255796.384,1,brown teddy bear,1.4678,0.5974,1.0847,obj_4,0.02089724314273865,0
1784255796.384,2,brown bottle,1.7714,-0.9661,1.2354,obj_3,0.007844081979575679,0
1784255796.384,3,gray mug,-0.0141,-0.0040,1.0442,obj_6,0.017174944679099826,0
1784255796.384,4,brown banana,2.0212,0.5920,1.0273,obj_5,0.013296258531482107,0
1784255796.384,5,gray canned food,3.2616,-0.6382,1.1337,obj_2,0.02193079429172965,0
1784255796.384,6,red box,2.7921,-0.9331,1.1934,obj_0,0.06973994059305251,0
1784255796.384,7,brown scissors,2.8892,-0.6037,1.0860,obj_1,0.01527722168046282,0
1784255796.889,0,black bowl,0.0081,0.3752,1.0279,obj_7,0.015067783412255993,0
1784255796.889,1,brown teddy bear,1.4678,0.5974,1.0847,obj_4,0.02090363814739691,0
1784255796.889,2,brown bottle,1.7714,-0.9660,1.2353,obj_3,0.007887901583656275,0
1784255796.889,3,gray mug,-0.0141,-0.0040,1.0442,obj_6,0.017174948893570192,0
1784255796.889,4,brown banana,2.0212,0.5919,1.0272,obj_5,0.01337484331023367,0
1784255796.889,5,gray canned food,3.2617,-0.6382,1.1336,obj_2,0.02195923935055596,0
1784255796.889,6,red box,2.7921,-0.9331,1.1934,obj_0,0.06975894697269744,0
1784255796.889,7,brown scissors,2.8891,-0.6035,1.0860,obj_1,0.015092296426102844,0
1784255797.385,0,black bowl,0.0080,0.3752,1.0280,obj_7,0.01510130420877295,0
1784255797.385,1,brown teddy bear,1.4678,0.5974,1.0847,obj_4,0.020906852465120074,0
1784255797.385,2,brown bottle,1.7714,-0.9660,1.2353,obj_3,0.007909822804224585,0
1784255797.385,3,gray mug,-0.0141,-0.0040,1.0442,obj_6,0.017174951000862006,0
1784255797.385,4,brown banana,2.0212,0.5918,1.0272,obj_5,0.013414839417807498,0
1784255797.385,5,gray canned food,3.2617,-0.6383,1.1336,obj_2,0.021973554072752116,0
1784255797.385,6,red box,2.7921,-0.9331,1.1934,obj_0,0.06976845292944014,0
1784255797.385,7,brown scissors,2.8891,-0.6034,1.0860,obj_1,0.01500023502028396,0
1784255797.884,0,black bowl,0.0080,0.3752,1.0280,obj_7,0.015118093131799482,0
1784255797.884,1,brown teddy bear,1.4678,0.5974,1.0847,obj_4,0.020908463825571183,0
1784255797.884,2,brown bottle,1.7714,-0.9660,1.2353,obj_3,0.007920786241493094,0
1784255797.884,3,gray mug,-0.0141,-0.0040,1.0442,obj_6,0.01717495205452203,0
1784255797.884,4,brown banana,2.0212,0.5917,1.0272,obj_5,0.01343501157610611,0
1784255797.884,5,gray canned food,3.2617,-0.6383,1.1336,obj_2,0.021980734429595448,0
1784255797.884,6,red box,2.7921,-0.9331,1.1934,obj_0,0.0697732065992115,0
1784255797.884,7,brown scissors,2.8891,-0.6033,1.0860,obj_1,0.014954306786311669,0
1784255798.394,0,black bowl,0.0080,0.3752,1.0280,obj_7,0.015126494696814275,0
1784255798.394,1,brown teddy bear,1.4678,0.5974,1.0847,obj_4,0.02090927055591098,0
1784255798.394,2,brown bottle,1.7713,-0.9660,1.2353,obj_3,0.007926268663452227,0
1784255798.394,3,gray mug,-0.0141,-0.0040,1.0442,obj_6,0.01717495258135558,0
1784255798.394,4,brown banana,2.0212,0.5917,1.0272,obj_5,0.013445140953313554,0
1784255798.394,5,gray canned food,3.2617,-0.6383,1.1336,obj_2,0.021984330350386945,0
1784255798.394,6,red box,2.7921,-0.9331,1.1934,obj_0,0.06977558360690597,0
1784255798.394,7,brown scissors,2.8891,-0.6033,1.0860,obj_1,0.014931368562504512,0
1784255798.938,0,black bowl,0.0086,0.3753,1.0279,obj_7,0.014574112724661603,0
1784255798.938,1,brown teddy bear,1.4678,0.5972,1.0845,obj_4,0.02114820324145323,0
1784255798.938,2,brown bottle,1.7713,-0.9660,1.2353,obj_3,0.007911832899593484,0
1784255798.938,3,gray mug,-0.0141,-0.0040,1.0442,obj_6,0.017174952844773283,0
1784255798.938,4,brown banana,2.0212,0.5922,1.0273,obj_5,0.013216191498708629,0
1784255798.938,5,gray canned food,3.2617,-0.6383,1.1336,obj_2,0.02201178800553952,0
1784255798.938,6,red box,2.7921,-0.9331,1.1934,obj_0,0.06978301030355641,0
1784255798.938,7,brown scissors,2.8890,-0.6033,1.0860,obj_1,0.014863978336908784,0
1784255799.385,0,black bowl,0.0089,0.3754,1.0279,obj_7,0.014298844853896105,0
1784255799.385,1,brown teddy bear,1.4678,0.5972,1.0844,obj_4,0.02126780593736241,0
1784255799.385,2,brown bottle,1.7713,-0.9660,1.2353,obj_3,0.0079046174233689,0
1784255799.385,3,gray mug,-0.0141,-0.0040,1.0442,obj_6,0.017174952976482312,0
1784255799.385,4,brown banana,2.0212,0.5924,1.0273,obj_5,0.01310701885595287,0
1784255799.385,5,gray canned food,3.2617,-0.6383,1.1336,obj_2,0.022025530606704834,0
1784255799.385,6,red box,2.7921,-0.9331,1.1934,obj_0,0.06978672375796004,0
1784255799.385,7,brown scissors,2.8890,-0.6032,1.0860,obj_1,0.014830318584887436,0
1784255799.883,0,black bowl,0.0090,0.3754,1.0278,obj_7,0.014161457410943901,0
1784255799.883,1,brown teddy bear,1.4678,0.5972,1.0843,obj_4,0.02132764070472261,0
1784255799.883,2,brown bottle,1.7713,-0.9660,1.2353,obj_3,0.007901010288605332,0
1784255799.883,3,gray mug,-0.0141,-0.0040,1.0442,obj_6,0.01717495304233688,0
1784255799.883,4,brown banana,2.0212,0.5926,1.0274,obj_5,0.013053797326855535,0
1784255799.883,5,gray canned food,3.2617,-0.6383,1.1336,obj_2,0.022032405343169366,0
1784255799.883,6,red box,2.7921,-0.9331,1.1934,obj_0,0.06978858051167679,0
1784255799.883,7,brown scissors,2.8890,-0.6032,1.0860,obj_1,0.0148134976193943,0
1784255800.385,0,black bowl,0.0091,0.3753,1.0278,obj_7,0.014082384634652563,0
1784255800.385,1,brown teddy bear,1.4677,0.5971,1.0843,obj_4,0.021373106527858978,0
1784255800.385,2,brown bottle,1.7714,-0.9660,1.2353,obj_3,0.007902997820150763,0
1784255800.385,3,gray mug,-0.0141,-0.0040,1.0442,obj_6,0.017174953075264184,0
1784255800.385,4,brown banana,2.0212,0.5922,1.0273,obj_5,0.013195733582726795,0
1784255800.385,5,gray canned food,3.2617,-0.6383,1.1336,obj_2,0.022010591440694394,0
1784255800.385,6,red box,2.7921,-0.9331,1.1935,obj_0,0.06973557135234276,0
1784255800.385,7,brown scissors,2.8890,-0.6031,1.0860,obj_1,0.014746617341177277,0
1784255800.883,0,black bowl,0.0091,0.3753,1.0278,obj_7,0.014042964058573222,0
1784255800.883,1,brown teddy bear,1.4677,0.5971,1.0842,obj_4,0.021395842570593085,0
1784255800.883,2,brown bottle,1.7714,-0.9660,1.2353,obj_3,0.007904225707688776,0
1784255800.883,3,gray mug,-0.0141,-0.0040,1.0442,obj_6,0.017174953091727833,0
1784255800.883,4,brown banana,2.0211,0.5920,1.0272,obj_5,0.01327010223622889,0
1784255800.883,5,gray canned food,3.2617,-0.6383,1.1336,obj_2,0.021999695408264887,0
1784255800.883,6,red box,2.7921,-0.9331,1.1935,obj_0,0.06970907883802996,0
1784255800.883,7,brown scissors,2.8890,-0.6031,1.0860,obj_1,0.014713344504403557,0
1784255801.388,0,black bowl,0.0092,0.3753,1.0278,obj_7,0.01402328300862178,0
1784255801.388,1,brown teddy bear,1.4677,0.5971,1.0842,obj_4,0.021407211371842032,0
1784255801.388,2,brown bottle,1.7715,-0.9660,1.2353,obj_3,0.007904898151595037,0
1784255801.388,3,gray mug,-0.0141,-0.0040,1.0442,obj_6,0.017174953099959662,0
1784255801.388,4,brown banana,2.0211,0.5919,1.0272,obj_5,0.013308120256942895,0
1784255801.388,5,gray canned food,3.2617,-0.6383,1.1336,obj_2,0.021994250126486616,0
1784255801.388,6,red box,2.7920,-0.9331,1.1935,obj_0,0.06969583560122578,0
1784255801.388,7,brown scissors,2.8890,-0.6031,1.0860,obj_1,0.014696750243436897,0
1784255801.890,0,black bowl,0.0092,0.3753,1.0278,obj_7,0.014013449829111702,0
1784255801.890,1,brown teddy bear,1.4677,0.5971,1.0842,obj_4,0.021412895967074637,0
1784255801.890,2,brown bottle,1.7715,-0.9660,1.2353,obj_3,0.007905248994322888,0
1784255801.890,3,gray mug,-0.0141,-0.0040,1.0442,obj_6,0.017174953104075574,0
1784255801.890,4,brown banana,2.0211,0.5919,1.0272,obj_5,0.013327335621252755,0
1784255801.890,5,gray canned food,3.2617,-0.6383,1.1336,obj_2,0.02199152816979904,0
1784255801.890,6,red box,2.7920,-0.9331,1.1935,obj_0,0.06968921473841415,0
1784255801.890,7,brown scissors,2.8890,-0.6030,1.0860,obj_1,0.014688463694008905,0
1784255802.384,0,black bowl,0.0092,0.3753,1.0278,obj_7,0.014008535080235498,0
1784255802.384,1,brown teddy bear,1.4677,0.5971,1.0842,obj_4,0.021415738313297666,0
1784255802.384,2,brown bottle,1.7715,-0.9660,1.2353,obj_3,0.007905428070318797,0
1784255802.384,3,gray mug,-0.0141,-0.0040,1.0442,obj_6,0.017174953106133577,0
1784255802.384,4,brown banana,2.0211,0.5918,1.0272,obj_5,0.013336994632451664,0
1784255802.384,5,gray canned food,3.2617,-0.6383,1.1336,obj_2,0.021990167362579978,0
1784255802.384,6,red box,2.7920,-0.9331,1.1935,obj_0,0.0696859044959685,0
1784255802.384,7,brown scissors,2.8890,-0.6030,1.0860,obj_1,0.014684323069785484,0
1784255802.901,0,black bowl,0.0087,0.3750,1.0279,obj_7,0.014518367603338534,0
1784255802.901,1,brown teddy bear,1.4677,0.5970,1.0840,obj_4,0.021623681866965484,0
1784255802.901,2,brown bottle,1.7715,-0.9660,1.2353,obj_3,0.007886849343396674,0
1784255802.901,3,gray mug,-0.0141,-0.0040,1.0442,obj_6,0.01717495310716258,0
1784255802.901,4,brown banana,2.0212,0.5924,1.0273,obj_5,0.013116361840175346,0
1784255802.901,5,gray canned food,3.2616,-0.6381,1.1339,obj_2,0.022019655640107,0
1784255802.901,6,red box,2.7921,-0.9331,1.1935,obj_0,0.0697408284743015,0
1784255802.901,7,brown scissors,2.8892,-0.6036,1.0860,obj_1,0.015175282273737071,0
1784255803.388,0,black bowl,0.0084,0.3748,1.0279,obj_7,0.014776100123703093,0
1784255803.388,1,brown teddy bear,1.4677,0.5970,1.0839,obj_4,0.02172771421510186,0
1784255803.388,2,brown bottle,1.7715,-0.9660,1.2353,obj_3,0.007877567415379268,0
1784255803.388,3,gray mug,-0.0141,-0.0040,1.0442,obj_6,0.017174953107677034,0
1784255803.388,4,brown banana,2.0212,0.5926,1.0274,obj_5,0.013013064452701112,0
1784255803.388,5,gray canned food,3.2616,-0.6380,1.1340,obj_2,0.022036257668897358,0
1784255803.388,6,red box,2.7921,-0.9331,1.1935,obj_0,0.06976829291275896,0
1784255803.388,7,brown scissors,2.8893,-0.6038,1.0860,obj_1,0.015423139706999154,0
1784255803.892,0,black bowl,0.0083,0.3747,1.0279,obj_7,0.014904521974410388,0
1784255803.892,1,brown teddy bear,1.4677,0.5969,1.0840,obj_4,0.021710678631678543,0
1784255803.892,2,brown bottle,1.7715,-0.9659,1.2354,obj_3,0.007792666805734052,0
1784255803.892,3,gray mug,-0.0141,-0.0040,1.0443,obj_6,0.017165990304466115,0
1784255803.892,4,brown banana,2.0212,0.5928,1.0274,obj_5,0.012963220282164423,0
1784255803.892,5,gray canned food,3.2616,-0.6380,1.1341,obj_2,0.022045021965776578,0
1784255803.892,6,red box,2.7921,-0.9331,1.1935,obj_0,0.06978202574346701,0
1784255803.892,7,brown scissors,2.8893,-0.6040,1.0860,obj_1,0.015547629792460514,0
1784255804.391,0,black bowl,0.0083,0.3746,1.0280,obj_7,0.014911420277299005,0
1784255804.391,1,brown teddy bear,1.4677,0.5970,1.0840,obj_4,0.021615042824270927,0
1784255804.391,2,brown bottle,1.7714,-0.9660,1.2355,obj_3,0.007755294914008042,0
1784255804.391,3,gray mug,-0.0140,-0.0040,1.0443,obj_6,0.017161548390506688,0
1784255804.391,4,brown banana,2.0212,0.5929,1.0275,obj_5,0.012895987413691197,0
1784255804.391,5,gray canned food,3.2616,-0.6381,1.1339,obj_2,0.021937196225492044,0
1784255804.391,6,red box,2.7921,-0.9331,1.1935,obj_0,0.06975797197553155,0
1784255804.391,7,brown scissors,2.8896,-0.6049,1.0861,obj_1,0.016317548701550225,0
1784255804.885,0,black bowl,0.0083,0.3745,1.0280,obj_7,0.014915311568928537,0
1784255804.885,1,brown teddy bear,1.4677,0.5970,1.0841,obj_4,0.02156722546789356,0
1784255804.885,2,brown bottle,1.7714,-0.9660,1.2355,obj_3,0.007736767063102534,0
1784255804.885,3,gray mug,-0.0140,-0.0040,1.0443,obj_6,0.01715933731440249,0
1784255804.885,4,brown banana,2.0212,0.5930,1.0275,obj_5,0.012862855941943209,0
1784255804.885,5,gray canned food,3.2615,-0.6382,1.1338,obj_2,0.021883811409358838,0
1784255804.885,6,red box,2.7921,-0.9331,1.1934,obj_0,0.06974596243743014,0
1784255804.885,7,brown scissors,2.8898,-0.6053,1.0861,obj_1,0.016708594629566694,0
1784255805.391,0,black bowl,0.0083,0.3745,1.0280,obj_7,0.014917367651738019,0
1784255805.391,1,brown teddy bear,1.4677,0.5970,1.0841,obj_4,0.02154331692759933,0
1784255805.391,2,brown bottle,1.7714,-0.9660,1.2355,obj_3,0.007727542993769378,0
1784255805.391,3,gray mug,-0.0140,-0.0040,1.0443,obj_6,0.01715823424768467,0
1784255805.391,4,brown banana,2.0212,0.5930,1.0276,obj_5,0.01284641254509374,0
1784255805.391,5,gray canned food,3.2615,-0.6382,1.1338,obj_2,0.021857252146103644,0
1784255805.391,6,red box,2.7921,-0.9331,1.1934,obj_0,0.06973996200746119,0
1784255805.391,7,brown scissors,2.8898,-0.6055,1.0861,obj_1,0.016905516502401498,0
1784255805.888,0,black bowl,0.0083,0.3745,1.0280,obj_7,0.014918423289252256,0
1784255805.888,1,brown teddy bear,1.4677,0.5970,1.0841,obj_4,0.021531362692059824,0
1784255805.888,2,brown bottle,1.7714,-0.9660,1.2355,obj_3,0.007722940964830267,0
1784255805.888,3,gray mug,-0.0140,-0.0040,1.0443,obj_6,0.017157683332298397,0
1784255805.888,4,brown banana,2.0212,0.5930,1.0276,obj_5,0.012838221568787153,0
1784255805.888,5,gray canned food,3.2615,-0.6382,1.1338,obj_2,0.021844005942506014,0
1784255805.888,6,red box,2.7921,-0.9331,1.1934,obj_0,0.06973696287757376,0
1784255805.888,7,brown scissors,2.8899,-0.6056,1.0861,obj_1,0.017004313015903844,0
1784255806.384,0,black bowl,0.0083,0.3745,1.0280,obj_7,0.014918958005339345,0
1784255806.384,1,brown teddy bear,1.4677,0.5970,1.0841,obj_4,0.021525385582958807,0
1784255806.384,2,brown bottle,1.7714,-0.9660,1.2355,obj_3,0.0077206424570141225,0
1784255806.384,3,gray mug,-0.0140,-0.0040,1.0443,obj_6,0.01715740802911582,0
1784255806.384,4,brown banana,2.0212,0.5930,1.0276,obj_5,0.012834133778335807,0
1784255806.384,5,gray canned food,3.2615,-0.6382,1.1338,obj_2,0.02183739121546821,0
1784255806.384,6,red box,2.7921,-0.9331,1.1934,obj_0,0.06973546358394472,0
1784255806.384,7,brown scissors,2.8899,-0.6057,1.0861,obj_1,0.017053793467305657,0
1784255807.885,0,black bowl,0.0083,0.3745,1.0280,obj_7,0.014906146122326927,0
1784255807.885,1,brown teddy bear,1.4677,0.5969,1.0842,obj_4,0.021492162958270247,0
1784255807.885,2,brown bottle,1.7714,-0.9660,1.2356,obj_3,0.007618326296670508,0
1784255807.885,3,gray mug,-0.0140,-0.0040,1.0442,obj_6,0.01714329513683106,0
1784255807.885,4,brown banana,2.0212,0.5930,1.0276,obj_5,0.012830561176570865,0
1784255807.885,5,gray canned food,3.2615,-0.6382,1.1338,obj_2,0.02183160791463609,0
1784255807.885,6,red box,2.7921,-0.9331,1.1934,obj_0,0.06973415185040714,0
1784255807.885,7,brown scissors,2.8899,-0.6057,1.0861,obj_1,0.017097133308542425,0
1784255808.383,0,black bowl,0.0083,0.3745,1.0280,obj_7,0.014899546053699734,0
1784255808.383,1,brown teddy bear,1.4677,0.5969,1.0842,obj_4,0.02147784199102288,0
1784255808.383,2,brown bottle,1.7713,-0.9659,1.2357,obj_3,0.007568092257717347,0
1784255808.383,3,gray mug,-0.0140,-0.0040,1.0442,obj_6,0.01713650221356912,0
1784255808.383,4,brown banana,2.0212,0.5930,1.0276,obj_5,0.012830306141355038,0
1784255808.383,5,gray canned food,3.2615,-0.6382,1.1338,obj_2,0.02183119498557722,0
1784255808.383,6,red box,2.7921,-0.9331,1.1934,obj_0,0.06973405816045423,0
1784255808.383,7,brown scissors,2.8899,-0.6057,1.0861,obj_1,0.01710023058994821,0
1784255808.897,0,black bowl,0.0083,0.3745,1.0280,obj_7,0.014907992676204263,0
1784255808.897,1,brown teddy bear,1.4677,0.5969,1.0842,obj_4,0.021511366500389126,0
1784255808.897,2,brown bottle,1.7713,-0.9660,1.2357,obj_3,0.0075198221917142215,0
1784255808.897,3,gray mug,-0.0140,-0.0039,1.0441,obj_6,0.017158015755627903,0
1784255808.897,4,brown banana,2.0212,0.5930,1.0276,obj_5,0.012830178631280487,0
1784255808.897,5,gray canned food,3.2615,-0.6382,1.1338,obj_2,0.021830988529243017,0
1784255808.897,6,red box,2.7921,-0.9331,1.1934,obj_0,0.06973401131574278,0
1784255808.897,7,brown scissors,2.8899,-0.6057,1.0861,obj_1,0.017101779309352926,0
1784255809.390,0,black bowl,0.0083,0.3745,1.0280,obj_7,0.014912222511210948,0
1784255809.390,1,brown teddy bear,1.4677,0.5969,1.0841,obj_4,0.021528202204765416,0
1784255809.390,2,brown bottle,1.7713,-0.9660,1.2357,obj_3,0.007495717994727723,0
1784255809.390,3,gray mug,-0.0140,-0.0039,1.0441,obj_6,0.01716886552054956,0
1784255809.390,4,brown banana,2.0212,0.5930,1.0276,obj_5,0.012830114878126865,0
1784255809.390,5,gray canned food,3.2615,-0.6382,1.1338,obj_2,0.021830885303124856,0
1784255809.390,6,red box,2.7921,-0.9331,1.1934,obj_0,0.06973398789345331,0
1784255809.390,7,brown scissors,2.8899,-0.6057,1.0861,obj_1,0.017102553688724428,0
1784255809.886,0,black bowl,0.0083,0.3745,1.0280,obj_7,0.014914339058034557,0
1784255809.886,1,brown teddy bear,1.4676,0.5969,1.0841,obj_4,0.021536638369191563,0
1784255809.886,2,brown bottle,1.7713,-0.9660,1.2358,obj_3,0.007483673692170781,0
1784255809.886,3,gray mug,-0.0140,-0.0039,1.0441,obj_6,0.01717431360018884,0
1784255809.886,4,brown banana,2.0212,0.5930,1.0276,obj_5,0.01283008300202072,0
1784255809.886,5,gray canned food,3.2615,-0.6382,1.1338,obj_2,0.021830833690577763,0
1784255809.886,6,red box,2.7921,-0.9331,1.1934,obj_0,0.06973397618232557,0
1784255809.886,7,brown scissors,2.8899,-0.6057,1.0861,obj_1,0.017102940883326707,0
1784255811.391,0,black bowl,0.0087,0.3750,1.0279,obj_7,0.014477387168956126,0
1784255811.391,1,brown teddy bear,1.4676,0.5970,1.0844,obj_4,0.02130638108607296,0
1784255811.391,2,brown bottle,1.7713,-0.9660,1.2358,obj_3,0.00747269327152714,0
1784255811.391,3,gray mug,-0.0140,-0.0039,1.0441,obj_6,0.017179093340252884,0
1784255811.391,4,brown banana,2.0212,0.5927,1.0274,obj_5,0.012972666074493908,0
1784255811.391,5,gray canned food,3.2616,-0.6382,1.1340,obj_2,0.021917478509149015,0
1784255811.391,6,red box,2.7921,-0.9331,1.1934,obj_0,0.0697706130395985,0
1784255811.391,7,brown scissors,2.8897,-0.6049,1.0860,obj_1,0.016384990372729457,0
1784255811.886,0,black bowl,0.0089,0.3752,1.0279,obj_7,0.014263419137751284,0
1784255811.886,1,brown teddy bear,1.4676,0.5971,1.0845,obj_4,0.021188239029045902,0
1784255811.886,2,brown bottle,1.7713,-0.9660,1.2358,obj_3,0.0074717222096418005,0
1784255811.886,3,gray mug,-0.0140,-0.0039,1.0441,obj_6,0.017179435202492436,0
1784255811.886,4,brown banana,2.0212,0.5926,1.0274,obj_5,0.013046430669831084,0
1784255811.886,5,gray canned food,3.2616,-0.6382,1.1341,obj_2,0.021961764114230394,0
1784255811.886,6,red box,2.7921,-0.9331,1.1934,obj_0,0.0697889362030127,0
1784255811.886,7,brown scissors,2.8896,-0.6045,1.0860,obj_1,0.01603161803934579,0
1784255812.385,0,black bowl,0.0072,0.3752,1.0279,obj_7,0.015980715105853787,0
1784255812.385,1,brown teddy bear,1.4676,0.5972,1.0845,obj_4,0.02117255418476668,0
1784255812.385,2,brown bottle,1.7713,-0.9660,1.2358,obj_3,0.007479430767345218,0
1784255812.385,3,gray mug,-0.0140,-0.0039,1.0441,obj_6,0.017179606156216987,0
1784255812.385,4,brown banana,2.0212,0.5925,1.0274,obj_5,0.013089945524202501,0
1784255812.385,5,gray canned food,3.2616,-0.6382,1.1341,obj_2,0.021939948702497703,0
1784255812.385,6,red box,2.7921,-0.9331,1.1934,obj_0,0.06979794151567842,0
1784255812.385,7,brown scissors,2.8895,-0.6042,1.0860,obj_1,0.015811851112661205,0
1784255812.884,0,black bowl,0.0063,0.3752,1.0279,obj_7,0.016842121847021906,0
1784255812.884,1,brown teddy bear,1.4676,0.5972,1.0845,obj_4,0.021164758760287127,0
1784255812.884,2,brown bottle,1.7713,-0.9660,1.2358,obj_3,0.0074832852403268835,0
1784255812.884,3,gray mug,-0.0140,-0.0039,1.0441,obj_6,0.01717969163873028,0
1784255812.884,4,brown banana,2.0212,0.5925,1.0274,obj_5,0.013111795386435634,0
1784255812.884,5,gray canned food,3.2616,-0.6382,1.1341,obj_2,0.021929050477525854,0
1784255812.884,6,red box,2.7921,-0.9331,1.1934,obj_0,0.06980244420580892,0
1784255812.884,7,brown scissors,2.8894,-0.6041,1.0860,obj_1,0.01570243730973927,0
1784255813.384,0,black bowl,0.0058,0.3753,1.0279,obj_7,0.017273394624309473,0
1784255813.384,1,brown teddy bear,1.4676,0.5972,1.0845,obj_4,0.02116087281263457,0
1784255813.384,2,brown bottle,1.7713,-0.9660,1.2357,obj_3,0.007485212525262991,0
1784255813.384,3,gray mug,-0.0140,-0.0039,1.0441,obj_6,0.017179734381399633,0
1784255813.384,4,brown banana,2.0212,0.5924,1.0273,obj_5,0.01312274329178691,0
1784255813.384,5,gray canned food,3.2616,-0.6382,1.1341,obj_2,0.021923603739387818,0
1784255813.384,6,red box,2.7921,-0.9331,1.1934,obj_0,0.06980469555932162,0
1784255813.384,7,brown scissors,2.8894,-0.6041,1.0860,obj_1,0.015647850699955567,0
1784255813.889,0,black bowl,0.0077,0.3753,1.0279,obj_7,0.015433072081500155,0
1784255813.889,1,brown teddy bear,1.4676,0.5972,1.0844,obj_4,0.021219124417169513,0
1784255813.889,2,brown bottle,1.7713,-0.9660,1.2358,obj_3,0.007476378381068277,0
1784255813.889,3,gray mug,-0.0140,-0.0039,1.0441,obj_6,0.017179755753087462,0
1784255813.889,4,brown banana,2.0212,0.5912,1.0275,obj_5,0.013696680403428552,0
1784255813.889,5,gray canned food,3.2616,-0.6382,1.1341,obj_2,0.021930241995857535,0
1784255813.889,6,red box,2.7921,-0.9331,1.1934,obj_0,0.06977096378428037,0
1784255813.889,7,brown scissors,2.8881,-0.6053,1.0857,obj_1,0.015558320650705415,0
1784255814.387,0,black bowl,0.0086,0.3753,1.0279,obj_7,0.014548058257560304,0
1784255814.387,1,brown teddy bear,1.4677,0.5972,1.0843,obj_4,0.021298937613491345,0
1784255814.387,2,brown bottle,1.7714,-0.9660,1.2356,obj_3,0.007674381616227898,0
1784255814.387,3,gray mug,-0.0141,-0.0039,1.0441,obj_6,0.01718840899214101,0
1784255814.387,4,brown banana,2.0161,0.5992,1.0264,obj_5,0.007857065140938336,0
1784255814.387,5,gray canned food,3.2616,-0.6382,1.1342,obj_2,0.02193363786439057,0
1784255814.387,6,red box,2.7921,-0.9331,1.1934,obj_0,0.0697540999037554,0
1784255814.387,7,brown scissors,2.8874,-0.6059,1.0856,obj_1,0.015593830767610416,0
1784255814.881,0,black bowl,0.0091,0.3754,1.0278,obj_7,0.014106434678971987,0
1784255814.881,1,brown teddy bear,1.4677,0.5972,1.0843,obj_4,0.021338870046591817,0
1784255814.881,2,brown bottle,1.7714,-0.9660,1.2355,obj_3,0.007773601542704372,0
1784255814.881,3,gray mug,-0.0141,-0.0039,1.0441,obj_6,0.01719273670347787,0
1784255814.881,4,brown banana,2.0135,0.6032,1.0258,obj_5,0.008249066098704865,0
1784255814.881,5,gray canned food,3.2616,-0.6382,1.1342,obj_2,0.02193535497339525,0
1784255814.881,6,red box,2.7921,-0.9331,1.1934,obj_0,0.06974566846566639,0
1784255814.881,7,brown scissors,2.8871,-0.6063,1.0855,obj_1,0.01563158522575832,0
1784255815.383,0,black bowl,0.0093,0.3754,1.0278,obj_7,0.013885868317036604,0
1784255815.383,1,brown teddy bear,1.4677,0.5972,1.0843,obj_4,0.021358842679620592,0
1784255815.383,2,brown bottle,1.7714,-0.9660,1.2354,obj_3,0.007823263661851189,0
1784255815.383,3,gray mug,-0.0141,-0.0039,1.0441,obj_6,0.01719490083185836,0
1784255815.383,4,brown banana,2.0122,0.6052,1.0255,obj_5,0.009408267818003394,0
1784255815.383,5,gray canned food,3.2616,-0.6382,1.1342,obj_2,0.02193621832027259,0
1784255815.383,6,red box,2.7921,-0.9331,1.1934,obj_0,0.06974145287221795,0
1784255815.383,7,brown scissors,2.8869,-0.6064,1.0855,obj_1,0.015655425692032682,0
1784255815.888,0,black bowl,0.0094,0.3754,1.0278,obj_7,0.013775649932279864,0
1784255815.888,1,brown teddy bear,1.4677,0.5972,1.0843,obj_4,0.0213688305950073,0
1784255815.888,2,brown bottle,1.7714,-0.9660,1.2354,obj_3,0.007848107471694395,0
1784255815.888,3,gray mug,-0.0141,-0.0039,1.0441,obj_6,0.017195982964196596,0
1784255815.888,4,brown banana,2.0115,0.6062,1.0254,obj_5,0.01015271440808596,0
1784255815.888,5,gray canned food,3.2616,-0.6382,1.1342,obj_2,0.02193665119164,0
1784255815.888,6,red box,2.7921,-0.9331,1.1934,obj_0,0.06973934510689947,0
1784255815.888,7,brown scissors,2.8869,-0.6065,1.0855,obj_1,0.015668580470564776,0
1784255816.381,0,black bowl,0.0087,0.3753,1.0280,obj_7,0.014476313093828682,0
1784255816.381,1,brown teddy bear,1.4677,0.5972,1.0844,obj_4,0.021271501241552197,0
1784255816.381,2,brown bottle,1.7714,-0.9660,1.2356,obj_3,0.007568631473432129,0
1784255816.381,3,gray mug,-0.0141,-0.0039,1.0441,obj_6,0.01719652404739896,0
1784255816.381,4,brown banana,2.0112,0.6071,1.0254,obj_5,0.01088095788605242,0
1784255816.381,5,gray canned food,3.2616,-0.6382,1.1342,obj_2,0.021928075617199554,0
1784255816.381,6,red box,2.7921,-0.9331,1.1933,obj_0,0.06978141100597342,0
1784255816.381,7,brown scissors,2.8881,-0.6052,1.0857,obj_1,0.015549516195861614,0
1784255816.883,0,black bowl,0.0083,0.3753,1.0280,obj_7,0.014828361596414803,0
1784255816.883,1,brown teddy bear,1.4677,0.5972,1.0844,obj_4,0.021222839942827764,0
1784255816.883,2,brown bottle,1.7715,-0.9661,1.2358,obj_3,0.007429153996668844,0
1784255816.883,3,gray mug,-0.0141,-0.0039,1.0441,obj_6,0.017196794593257982,0
1784255816.883,4,brown banana,2.0111,0.6076,1.0254,obj_5,0.011259527480052099,0
1784255816.883,5,gray canned food,3.2616,-0.6382,1.1342,obj_2,0.02192380560155089,0
1784255816.883,6,red box,2.7921,-0.9331,1.1932,obj_0,0.06980249463079279,0
1784255816.883,7,brown scissors,2.8888,-0.6046,1.0859,obj_1,0.01556853767960763,0
1784255817.385,0,black bowl,0.0081,0.3753,1.0280,obj_7,0.015004779873423807,0
1784255817.385,1,brown teddy bear,1.4677,0.5972,1.0844,obj_4,0.021198510144751118,0
1784255817.385,2,brown bottle,1.7715,-0.9661,1.2359,obj_3,0.007359484711156449,0
1784255817.385,3,gray mug,-0.0141,-0.0039,1.0441,obj_6,0.017196929867251923,0
1784255817.385,4,brown banana,2.0110,0.6078,1.0254,obj_5,0.011452010332592962,0
1784255817.385,5,gray canned food,3.2616,-0.6382,1.1342,obj_2,0.021921675039651554,0
1784255817.385,6,red box,2.7921,-0.9331,1.1932,obj_0,0.06981304909864011,0
1784255817.385,7,brown scissors,2.8891,-0.6043,1.0859,obj_1,0.01559768954534671,0
1784255817.886,0,black bowl,0.0080,0.3753,1.0281,obj_7,0.015093083490671353,0
1784255817.886,1,brown teddy bear,1.4677,0.5972,1.0844,obj_4,0.02118634545938965,0
1784255817.886,2,brown bottle,1.7715,-0.9661,1.2359,obj_3,0.00732466800979322,0
1784255817.886,3,gray mug,-0.0141,-0.0039,1.0441,obj_6,0.01719699750451496,0
1784255817.886,4,brown banana,2.0110,0.6080,1.0254,obj_5,0.011549004828388531,0
1784255817.886,5,gray canned food,3.2616,-0.6382,1.1342,obj_2,0.02192061087056183,0
1784255817.886,6,red box,2.7921,-0.9331,1.1932,obj_0,0.0698183294947497,0
1784255817.886,7,brown scissors,2.8893,-0.6042,1.0860,obj_1,0.015617149082411371,0
1784255818.383,0,black bowl,0.0080,0.3752,1.0281,obj_7,0.015112595167618748,0
1784255818.383,1,brown teddy bear,1.4677,0.5972,1.0845,obj_4,0.021107725340448327,0
1784255818.383,2,brown bottle,1.7715,-0.9661,1.2360,obj_3,0.007229316604944692,0
1784255818.383,3,gray mug,-0.0140,-0.0040,1.0441,obj_6,0.01713955544160182,0
1784255818.383,4,brown banana,2.0162,0.5998,1.0266,obj_5,0.007904201510560564,0
1784255818.383,5,gray canned food,3.2616,-0.6382,1.1342,obj_2,0.02192007906402877,0
1784255818.383,6,red box,2.7921,-0.9331,1.1932,obj_0,0.06982097048314173,0
1784255818.383,7,brown scissors,2.8894,-0.6041,1.0860,obj_1,0.01562809476504521,0
1784255818.884,0,black bowl,0.0080,0.3752,1.0281,obj_7,0.015122373934584833,0
1784255818.884,1,brown teddy bear,1.4677,0.5972,1.0846,obj_4,0.02106842437535596,0
1784255818.884,2,brown bottle,1.7715,-0.9661,1.2360,obj_3,0.0071817105774440735,0
1784255818.884,3,gray mug,-0.0139,-0.0041,1.0441,obj_6,0.01711102849083376,0
1784255818.884,4,brown banana,2.0188,0.5957,1.0273,obj_5,0.009920769086084599,0
1784255818.884,5,gray canned food,3.2616,-0.6382,1.1342,obj_2,0.021919813230271507,0
1784255818.884,6,red box,2.7921,-0.9331,1.1932,obj_0,0.06982229117489615,0
1784255818.884,7,brown scissors,2.8894,-0.6040,1.0860,obj_1,0.01563387086069238,0
1784255819.386,0,black bowl,0.0081,0.3752,1.0280,obj_7,0.015007170097542967,0
1784255819.386,1,brown teddy bear,1.4677,0.5973,1.0847,obj_4,0.020915215878723147,0
1784255819.386,2,brown bottle,1.7716,-0.9660,1.2362,obj_3,0.007046711048773848,0
1784255819.386,3,gray mug,-0.0139,-0.0041,1.0441,obj_6,0.017096813819458555,0
1784255819.386,4,brown banana,2.0200,0.5942,1.0274,obj_5,0.011393568934452184,0
1784255819.386,5,gray canned food,3.2616,-0.6382,1.1340,obj_2,0.021905847581600257,0
1784255819.386,6,red box,2.7921,-0.9331,1.1932,obj_0,0.06981657119252765,0
1784255819.386,7,brown scissors,2.8894,-0.6040,1.0860,obj_1,0.015607775061498033,0
1784255819.890,0,black bowl,0.0082,0.3753,1.0280,obj_7,0.014949685330356278,0
1784255819.890,1,brown teddy bear,1.4677,0.5973,1.0848,obj_4,0.020838648178332673,0
1784255819.890,2,brown bottle,1.7716,-0.9659,1.2362,obj_3,0.0069805163313996915,0
1784255819.890,3,gray mug,-0.0139,-0.0041,1.0441,obj_6,0.017089718720323034,0
1784255819.890,4,brown banana,2.0206,0.5934,1.0274,obj_5,0.012180812737631028,0
1784255819.890,5,gray canned food,3.2616,-0.6382,1.1340,obj_2,0.021899058954599537,0
1784255819.890,6,red box,2.7921,-0.9331,1.1933,obj_0,0.06981372958705673,0
1784255819.890,7,brown scissors,2.8894,-0.6040,1.0860,obj_1,0.015594741938257474,0
1784255820.391,0,black bowl,0.0082,0.3753,1.0280,obj_7,0.014920972629719373,0
1784255820.391,1,brown teddy bear,1.4677,0.5974,1.0848,obj_4,0.020800373582851472,0
1784255820.391,2,brown bottle,1.7716,-0.9659,1.2363,obj_3,0.006947756167685844,0
1784255820.391,3,gray mug,-0.0139,-0.0041,1.0441,obj_6,0.017086174234341334,0
1784255820.391,4,brown banana,2.0209,0.5931,1.0274,obj_5,0.01258440777857614,0
1784255820.391,5,gray canned food,3.2616,-0.6382,1.1340,obj_2,0.02189571324349291,0
1784255820.391,6,red box,2.7921,-0.9331,1.1933,obj_0,0.06981231338140526,0
1784255820.391,7,brown scissors,2.8894,-0.6040,1.0860,obj_1,0.015588229081539407,0
1784255820.882,0,black bowl,0.0082,0.3753,1.0280,obj_7,0.014906623750180608,0
1784255820.882,1,brown teddy bear,1.4677,0.5974,1.0848,obj_4,0.020781238613704976,0
1784255820.882,2,brown bottle,1.7716,-0.9659,1.2363,obj_3,0.006931461782634357,0
1784255820.882,3,gray mug,-0.0139,-0.0041,1.0441,obj_6,0.017084402757803267,0
1784255820.882,4,brown banana,2.0211,0.5929,1.0275,obj_5,0.012788424885147082,0
1784255820.882,5,gray canned food,3.2616,-0.6382,1.1340,obj_2,0.021894052545060206,0
1784255820.882,6,red box,2.7921,-0.9331,1.1933,obj_0,0.0698116064279325,0
1784255820.882,7,brown scissors,2.8894,-0.6040,1.0860,obj_1,0.015584973580760662,0
1784255821.383,0,black bowl,0.0082,0.3753,1.0280,obj_7,0.01489945118440232,0
1784255821.383,1,brown teddy bear,1.4677,0.5974,1.0848,obj_4,0.020771671713157136,0
1784255821.383,2,brown bottle,1.7716,-0.9659,1.2363,obj_3,0.006923336191022047,0
1784255821.383,3,gray mug,-0.0139,-0.0041,1.0441,obj_6,0.017083517211217,0
1784255821.383,4,brown banana,2.0212,0.5928,1.0275,obj_5,0.012890957681595044,0
1784255821.383,5,gray canned food,3.2616,-0.6382,1.1339,obj_2,0.02189322523593262,0
1784255821.383,6,red box,2.7921,-0.9331,1.1933,obj_0,0.06981125323854444,0
1784255821.383,7,brown scissors,2.8894,-0.6040,1.0860,obj_1,0.015583346062436169,0
1784255821.885,0,black bowl,0.0087,0.3753,1.0279,obj_7,0.01445502599008648,0
1784255821.885,1,brown teddy bear,1.4678,0.5973,1.0848,obj_4,0.020839221954612703,0
1784255821.885,2,brown bottle,1.7716,-0.9658,1.2362,obj_3,0.006962038309652234,0
1784255821.885,3,gray mug,-0.0139,-0.0041,1.0441,obj_6,0.017083074485853226,0
1784255821.885,4,brown banana,2.0213,0.5923,1.0277,obj_5,0.013130649752025188,0
1784255821.885,5,gray canned food,3.2615,-0.6382,1.1338,obj_2,0.02180126027623077,0
1784255821.885,6,red box,2.7921,-0.9331,1.1935,obj_0,0.06974104854361032,0
1784255821.885,7,brown scissors,2.8893,-0.6037,1.0860,obj_1,0.015373765739655126,0
1784255822.390,0,black bowl,0.0089,0.3754,1.0279,obj_7,0.014233499555245485,0
1784255822.390,1,brown teddy bear,1.4678,0.5973,1.0847,obj_4,0.020873013578124173,0
1784255822.390,2,brown bottle,1.7716,-0.9658,1.2362,obj_3,0.0069814029924765,0
1784255822.390,3,gray mug,-0.0139,-0.0041,1.0441,obj_6,0.01708285313515475,0
1784255822.390,4,brown banana,2.0214,0.5921,1.0279,obj_5,0.013257695492275196,0
1784255822.390,5,gray canned food,3.2614,-0.6383,1.1338,obj_2,0.02175550834884533,0
1784255822.390,6,red box,2.7921,-0.9331,1.1936,obj_0,0.0697061760458737,0
1784255822.390,7,brown scissors,2.8893,-0.6035,1.0859,obj_1,0.015270725023248062,0
1784255822.888,0,black bowl,0.0090,0.3754,1.0279,obj_7,0.014122917303209177,0
1784255822.888,1,brown teddy bear,1.4678,0.5973,1.0847,obj_4,0.0208899134922206,0
1784255822.888,2,brown bottle,1.7716,-0.9658,1.2362,obj_3,0.0069910887067526845,0
1784255822.888,3,gray mug,-0.0139,-0.0041,1.0441,obj_6,0.017082742462801524,0
1784255822.888,4,brown banana,2.0214,0.5919,1.0279,obj_5,0.013322959066488494,0
1784255822.888,5,gray canned food,3.2614,-0.6383,1.1338,obj_2,0.021732690448495663,0
1784255822.888,6,red box,2.7921,-0.9331,1.1937,obj_0,0.06968879736024397,0
1784255822.888,7,brown scissors,2.8893,-0.6034,1.0859,obj_1,0.015219652433927004,0
1784255823.385,0,black bowl,0.0091,0.3754,1.0279,obj_7,0.014067672663752275,0
1784255823.385,1,brown teddy bear,1.4678,0.5973,1.0847,obj_4,0.020898364471951286,0
1784255823.385,2,brown bottle,1.7716,-0.9658,1.2362,obj_3,0.006995932403021226,0
1784255823.385,3,gray mug,-0.0139,-0.0041,1.0441,obj_6,0.01708268712737393,0
1784255823.385,4,brown banana,2.0214,0.5919,1.0280,obj_5,0.013356018636609492,0
1784255823.385,5,gray canned food,3.2614,-0.6383,1.1337,obj_2,0.021721296067560916,0
1784255823.385,6,red box,2.7920,-0.9331,1.1937,obj_0,0.0696801224208117,0
1784255823.385,7,brown scissors,2.8893,-0.6034,1.0859,obj_1,0.01519422940132931,0
1784255824.385,0,black bowl,0.0091,0.3754,1.0278,obj_7,0.014026893597084828,0
1784255824.385,1,brown teddy bear,1.4678,0.5973,1.0847,obj_4,0.02093249356538615,0
1784255824.385,2,brown bottle,1.7715,-0.9659,1.2359,obj_3,0.007341157217823105,0
1784255824.385,3,gray mug,-0.0139,-0.0041,1.0441,obj_6,0.017082645626130936,0
1784255824.385,4,brown banana,2.0213,0.5921,1.0277,obj_5,0.01324735109150017,0
1784255824.385,5,gray canned food,3.2615,-0.6382,1.1338,obj_2,0.02179009395749468,0
1784255824.385,6,red box,2.7921,-0.9331,1.1936,obj_0,0.0697365732423844,0
1784255824.385,7,brown scissors,2.8895,-0.6043,1.0860,obj_1,0.01589432093346513,0
1784255824.893,0,black bowl,0.0092,0.3754,1.0278,obj_7,0.01402033898365587,0
1784255824.893,1,brown teddy bear,1.4678,0.5973,1.0847,obj_4,0.02094745322511477,0
1784255824.893,2,brown bottle,1.7714,-0.9660,1.2357,obj_3,0.007513637727373079,0
1784255824.893,3,gray mug,-0.0139,-0.0041,1.0441,obj_6,0.017082638709284406,0
1784255824.893,4,brown banana,2.0213,0.5923,1.0275,obj_5,0.01318936626350122,0
1784255824.893,5,gray canned food,3.2615,-0.6382,1.1338,obj_2,0.02182742067258002,0
1784255824.893,6,red box,2.7921,-0.9331,1.1936,obj_0,0.06976700644205232,0
1784255824.893,7,brown scissors,2.8896,-0.6048,1.0860,obj_1,0.016260427907600558,0
1784255825.430,0,black bowl,0.0091,0.3754,1.0279,obj_7,0.014028897122476177,0
1784255825.430,1,brown teddy bear,1.4678,0.5974,1.0848,obj_4,0.020841367547719085,0
1784255825.430,2,brown bottle,1.7714,-0.9660,1.2356,obj_3,0.007615314710607036,0
1784255825.430,3,gray mug,-0.0139,-0.0041,1.0441,obj_6,0.01708263525086407,0
1784255825.430,4,brown banana,2.0214,0.5918,1.0277,obj_5,0.013443015808911971,0
1784255825.430,5,gray canned food,3.2616,-0.6382,1.1337,obj_2,0.021914934505013386,0
1784255825.430,6,red box,2.7921,-0.9331,1.1936,obj_0,0.06969872861379667,0
1784255825.430,7,brown scissors,2.8893,-0.6037,1.0861,obj_1,0.015303714038234247,0
1784255825.884,0,black bowl,0.0091,0.3753,1.0279,obj_7,0.014033322711920093,0
1784255825.884,1,brown teddy bear,1.4678,0.5975,1.0848,obj_4,0.020788452088217002,0
1784255825.884,2,brown bottle,1.7714,-0.9660,1.2356,obj_3,0.007666201312397591,0
1784255825.884,3,gray mug,-0.0139,-0.0041,1.0441,obj_6,0.017082633521654636,0
1784255825.884,4,brown banana,2.0215,0.5916,1.0278,obj_5,0.013574964157494767,0
1784255825.884,5,gray canned food,3.2616,-0.6382,1.1336,obj_2,0.021958976979424068,0
1784255825.884,6,red box,2.7920,-0.9331,1.1936,obj_0,0.06966460351031746,0
1784255825.884,7,brown scissors,2.8891,-0.6031,1.0861,obj_1,0.01483510704873853,0
1784255826.384,0,black bowl,0.0091,0.3753,1.0279,obj_7,0.014035572096560475,0
1784255826.384,1,brown teddy bear,1.4678,0.5975,1.0848,obj_4,0.020762026487502087,0
1784255826.384,2,brown bottle,1.7714,-0.9660,1.2355,obj_3,0.007691656362399663,0
1784255826.384,3,gray mug,-0.0139,-0.0041,1.0441,obj_6,0.017082632657050074,0
1784255826.384,4,brown banana,2.0215,0.5915,1.0278,obj_5,0.01364217628553042,0
1784255826.384,5,gray canned food,3.2617,-0.6382,1.1336,obj_2,0.021981069106349203,0
1784255826.384,6,red box,2.7920,-0.9331,1.1937,obj_0,0.06964754441716155,0
1784255826.384,7,brown scissors,2.8890,-0.6029,1.0861,obj_1,0.014603516221510755,0
1784255826.884,0,black bowl,0.0096,0.3753,1.0279,obj_7,0.013597472150950389,0
1784255826.884,1,brown teddy bear,1.4678,0.5976,1.0849,obj_4,0.020693070552673498,0
1784255826.884,2,brown bottle,1.7714,-0.9661,1.2357,obj_3,0.007479143283768176,0
1784255826.884,3,gray mug,-0.0139,-0.0041,1.0441,obj_6,0.017082632224747867,0
1784255826.884,4,brown banana,2.0215,0.5915,1.0279,obj_5,0.013633508210525724,0
1784255826.884,5,gray canned food,3.2616,-0.6382,1.1337,obj_2,0.021921887611827392,0
1784255826.884,6,red box,2.7920,-0.9331,1.1935,obj_0,0.06966343052282582,0
1784255826.884,7,brown scissors,2.8889,-0.6029,1.0861,obj_1,0.014592686980852186,0
1784255827.386,0,black bowl,0.0098,0.3753,1.0279,obj_7,0.013378607679801232,0
1784255827.386,1,brown teddy bear,1.4678,0.5976,1.0849,obj_4,0.020658626300501644,0
1784255827.386,2,brown bottle,1.7714,-0.9661,1.2359,obj_3,0.007373135168824733,0
1784255827.386,3,gray mug,-0.0139,-0.0041,1.0441,obj_6,0.017082632008596773,0
1784255827.386,4,brown banana,2.0214,0.5914,1.0279,obj_5,0.013629278095068972,0
1784255827.386,5,gray canned food,3.2616,-0.6382,1.1337,obj_2,0.021892367149838183,0
1784255827.386,6,red box,2.7920,-0.9331,1.1935,obj_0,0.06967146234831058,0
1784255827.386,7,brown scissors,2.8889,-0.6030,1.0861,obj_1,0.014587397168353321,0
1784255827.887,0,black bowl,0.0099,0.3753,1.0279,obj_7,0.013269224497437457,0
1784255827.887,1,brown teddy bear,1.4678,0.5976,1.0849,obj_4,0.020641412652466353,0
1784255827.887,2,brown bottle,1.7714,-0.9661,1.2359,obj_3,0.007320196367174387,0
1784255827.887,3,gray mug,-0.0139,-0.0041,1.0441,obj_6,0.01708263190052123,0
1784255827.887,4,brown banana,2.0214,0.5914,1.0279,obj_5,0.013627189046252118,0
1784255827.887,5,gray canned food,3.2616,-0.6382,1.1337,obj_2,0.02187762457319485,0
1784255827.887,6,red box,2.7920,-0.9331,1.1934,obj_0,0.06967550044528703,0
1784255827.887,7,brown scissors,2.8889,-0.6030,1.0861,obj_1,0.014584783503904037,0
1784255828.385,0,black bowl,0.0100,0.3753,1.0279,obj_7,0.013214545524880635,0
1784255828.385,1,brown teddy bear,1.4678,0.5976,1.0849,obj_4,0.02063280795415132,0
1784255828.385,2,brown bottle,1.7714,-0.9661,1.2359,obj_3,0.007293743694862028,0
1784255828.385,3,gray mug,-0.0139,-0.0041,1.0441,obj_6,0.017082631846483457,0
1784255828.385,4,brown banana,2.0214,0.5914,1.0279,obj_5,0.013626151027571904,0
1784255828.385,5,gray canned food,3.2616,-0.6382,1.1337,obj_2,0.021870257708877495,0
1784255828.385,6,red box,2.7920,-0.9331,1.1934,obj_0,0.06967752503871029,0
1784255828.385,7,brown scissors,2.8889,-0.6030,1.0861,obj_1,0.014583484487043236,0
1784255828.887,0,black bowl,0.0100,0.3753,1.0279,obj_7,0.013187209239042364,0
1784255828.887,1,brown teddy bear,1.4678,0.5976,1.0849,obj_4,0.02062850613719531,0
1784255828.887,2,brown bottle,1.7714,-0.9661,1.2359,obj_3,0.007280521594025427,0
1784255828.887,3,gray mug,-0.0139,-0.0041,1.0441,obj_6,0.01708263181946455,0
1784255828.887,4,brown banana,2.0214,0.5914,1.0279,obj_5,0.01362563364509778,0
1784255828.887,5,gray canned food,3.2615,-0.6382,1.1337,obj_2,0.02186657538402398,0
1784255828.887,6,red box,2.7920,-0.9331,1.1934,obj_0,0.0696785387215148,0
1784255828.887,7,brown scissors,2.8889,-0.6030,1.0861,obj_1,0.014582836933063854,0
1784255829.387,0,black bowl,0.0100,0.3753,1.0279,obj_7,0.013173541902044507,0
1784255829.387,1,brown teddy bear,1.4678,0.5976,1.0849,obj_4,0.020626355361864575,0
1784255829.387,2,brown bottle,1.7714,-0.9661,1.2360,obj_3,0.007273911609173924,0
1784255829.387,3,gray mug,-0.0139,-0.0041,1.0441,obj_6,0.017082631805955116,0
1784255829.387,4,brown banana,2.0214,0.5914,1.0279,obj_5,0.01362537536063133,0
1784255829.387,5,gray canned food,3.2615,-0.6382,1.1337,obj_2,0.021864734498586693,0
1784255829.387,6,red box,2.7920,-0.9331,1.1934,obj_0,0.06967904590942263,0
1784255829.387,7,brown scissors,2.8889,-0.6030,1.0861,obj_1,0.014582513644762957,0
1784255830.888,0,black bowl,0.0091,0.3752,1.0280,obj_7,0.014081774988240462,0
1784255830.888,1,brown teddy bear,1.4678,0.5976,1.0849,obj_4,0.020695513530554273,0
1784255830.888,2,brown bottle,1.7714,-0.9661,1.2357,obj_3,0.007510316430248353,0
1784255830.888,3,gray mug,-0.0139,-0.0041,1.0441,obj_6,0.017082631794134367,0
1784255830.888,4,brown banana,2.0214,0.5908,1.0278,obj_5,0.01393214233880834,0
1784255830.888,5,gray canned food,3.2616,-0.6382,1.1338,obj_2,0.021901202269285616,0
1784255830.888,6,red box,2.7920,-0.9331,1.1933,obj_0,0.06968606077087398,0
1784255830.888,7,brown scissors,2.8889,-0.6030,1.0861,obj_1,0.014570640649244685,0
1784255831.389,0,black bowl,0.0086,0.3751,1.0280,obj_7,0.014567787224707848,0
1784255831.389,1,brown teddy bear,1.4678,0.5975,1.0848,obj_4,0.020735596132302216,0
1784255831.389,2,brown bottle,1.7713,-0.9661,1.2359,obj_3,0.007299525087719739,0
1784255831.389,3,gray mug,-0.0138,-0.0041,1.0441,obj_6,0.017014532597471255,0
1784255831.389,4,brown banana,2.0214,0.5905,1.0277,obj_5,0.014093577512318912,0
1784255831.389,5,gray canned food,3.2616,-0.6382,1.1338,obj_2,0.021920215040906375,0
1784255831.389,6,red box,2.7920,-0.9331,1.1932,obj_0,0.06968943836981789,0
1784255831.389,7,brown scissors,2.8889,-0.6029,1.0861,obj_1,0.014564846084350954,0
1784255831.883,0,black bowl,0.0083,0.3751,1.0280,obj_7,0.014811151333814561,0
1784255831.883,1,brown teddy bear,1.4678,0.5975,1.0848,obj_4,0.02075567636620584,0
1784255831.883,2,brown bottle,1.7712,-0.9662,1.2361,obj_3,0.007195060999385807,0
1784255831.883,3,gray mug,-0.0138,-0.0041,1.0441,obj_6,0.01698048699069453,0
1784255831.883,4,brown banana,2.0213,0.5903,1.0277,obj_5,0.014176205539873463,0
1784255831.883,5,gray canned food,3.2616,-0.6382,1.1338,obj_2,0.021929743513281436,0
1784255831.883,6,red box,2.7920,-0.9331,1.1932,obj_0,0.069691142276608,0
1784255831.883,7,brown scissors,2.8889,-0.6029,1.0861,obj_1,0.014561954010820763,0
1784255832.384,0,black bowl,0.0082,0.3751,1.0280,obj_7,0.014932917783010062,0
1784255832.384,1,brown teddy bear,1.4678,0.5975,1.0848,obj_4,0.02076572618348942,0
1784255832.384,2,brown bottle,1.7712,-0.9662,1.2361,obj_3,0.007143073798504492,0
1784255832.384,3,gray mug,-0.0138,-0.0041,1.0441,obj_6,0.01696346519220474,0
1784255832.384,4,brown banana,2.0213,0.5902,1.0277,obj_5,0.014217987505273876,0
1784255832.384,5,gray canned food,3.2616,-0.6382,1.1338,obj_2,0.021934513262719807,0
1784255832.384,6,red box,2.7920,-0.9331,1.1932,obj_0,0.06969199800651041,0
1784255832.384,7,brown scissors,2.8889,-0.6029,1.0861,obj_1,0.014560509277190358,0
1784255832.883,0,black bowl,0.0081,0.3750,1.0280,obj_7,0.014993821506666491,0
1784255832.883,1,brown teddy bear,1.4678,0.5975,1.0848,obj_4,0.020770753513108305,0
1784255832.883,2,brown bottle,1.7712,-0.9662,1.2361,obj_3,0.007117142975629549,0
1784255832.883,3,gray mug,-0.0138,-0.0041,1.0441,obj_6,0.016954954545067256,0
1784255832.883,4,brown banana,2.0213,0.5902,1.0277,obj_5,0.014238994277758387,0
1784255832.883,5,gray canned food,3.2616,-0.6382,1.1339,obj_2,0.021936899514703158,0
1784255832.883,6,red box,2.7920,-0.9331,1.1932,obj_0,0.06969242681554785,0
1784255832.883,7,brown scissors,2.8889,-0.6029,1.0861,obj_1,0.014559787236272211,0
1784255833.885,0,black bowl,0.0081,0.3750,1.0280,obj_7,0.01503950813156397,0
1784255833.885,1,brown teddy bear,1.4678,0.5975,1.0848,obj_4,0.020774525068538538,0
1784255833.885,2,brown bottle,1.7712,-0.9662,1.2362,obj_3,0.007097722700128116,0
1784255833.885,3,gray mug,-0.0138,-0.0041,1.0441,obj_6,0.016948571670218817,0
1784255833.885,4,brown banana,2.0213,0.5902,1.0277,obj_5,0.014254799735525866,0
1784255833.885,5,gray canned food,3.2616,-0.6382,1.1339,obj_2,0.02193868980599763,0
1784255833.885,6,red box,2.7920,-0.9331,1.1932,obj_0,0.06969274883535391,0
1784255833.885,7,brown scissors,2.8889,-0.6029,1.0861,obj_1,0.014559245848189737,0
1784255835.889,0,black bowl,0.0080,0.3749,1.0280,obj_7,0.015131161905437339,0
1784255835.889,1,brown teddy bear,1.4678,0.5974,1.0848,obj_4,0.020765063567513647,0
1784255835.889,2,brown bottle,1.7712,-0.9663,1.2364,obj_3,0.006839528161814452,0
1784255835.889,3,gray mug,-0.0138,-0.0041,1.0441,obj_6,0.01694657704127271,0
1784255835.889,4,brown banana,2.0213,0.5905,1.0277,obj_5,0.014037468601157755,0
1784255835.889,5,gray canned food,3.2617,-0.6382,1.1338,obj_2,0.02202499910090328,0
1784255835.889,6,red box,2.7920,-0.9331,1.1933,obj_0,0.06967872460145634,0
1784255835.889,7,brown scissors,2.8890,-0.6031,1.0861,obj_1,0.014707347651696897,0
1784255836.389,0,black bowl,0.0080,0.3749,1.0279,obj_7,0.015170551423190388,0
1784255836.389,1,brown teddy bear,1.4678,0.5974,1.0848,obj_4,0.02075980667327518,0
1784255836.389,2,brown bottle,1.7713,-0.9663,1.2365,obj_3,0.006713556047387931,0
1784255836.389,3,gray mug,-0.0138,-0.0041,1.0441,obj_6,0.016946510553800687,0
1784255836.389,4,brown banana,2.0213,0.5907,1.0277,obj_5,0.013929000662505577,0
1784255836.389,5,gray canned food,3.2618,-0.6382,1.1337,obj_2,0.02206817590100794,0
1784255836.389,6,red box,2.7920,-0.9331,1.1934,obj_0,0.0696717666530115,0
1784255836.389,7,brown scissors,2.8890,-0.6032,1.0860,obj_1,0.014781634526185533,0
1784255836.886,0,black bowl,0.0080,0.3749,1.0279,obj_7,0.015190302162825114,0
1784255836.886,1,brown teddy bear,1.4678,0.5974,1.0848,obj_4,0.020757184221512057,0
1784255836.886,2,brown bottle,1.7713,-0.9663,1.2366,obj_3,0.006650648710917711,0
1784255836.886,3,gray mug,-0.0138,-0.0041,1.0441,obj_6,0.01694647731006856,0
1784255836.886,4,brown banana,2.0213,0.5908,1.0277,obj_5,0.013875410599580569,0
1784255836.886,5,gray canned food,3.2618,-0.6382,1.1337,obj_2,0.02208983463871198,0
1784255836.886,6,red box,2.7920,-0.9331,1.1934,obj_0,0.0696683129784286,0
1784255836.886,7,brown scissors,2.8890,-0.6032,1.0860,obj_1,0.014818816532946798,0
1784255837.389,0,black bowl,0.0090,0.3751,1.0278,obj_7,0.014224155721431968,0
1784255837.389,1,brown teddy bear,1.4678,0.5975,1.0849,obj_4,0.020687270101368307,0
1784255837.389,2,brown bottle,1.7714,-0.9662,1.2368,obj_3,0.006403882361547168,0
1784255837.389,3,gray mug,-0.0138,-0.0041,1.0441,obj_6,0.01694646068820344,0
1784255837.389,4,brown banana,2.0214,0.5911,1.0278,obj_5,0.013752002528191656,0
1784255837.389,5,gray canned food,3.2617,-0.6382,1.1338,obj_2,0.021990736434733524,0
1784255837.389,6,red box,2.7920,-0.9331,1.1934,obj_0,0.06968707010049865,0
1784255837.389,7,brown scissors,2.8889,-0.6028,1.0860,obj_1,0.014534599478194545,0
1784255837.889,0,black bowl,0.0094,0.3753,1.0278,obj_7,0.013743900162865507,0
1784255837.889,1,brown teddy bear,1.4678,0.5975,1.0849,obj_4,0.020652361034853087,0
1784255837.889,2,brown bottle,1.7714,-0.9661,1.2369,obj_3,0.006281674114452993,0
1784255837.889,3,gray mug,-0.0138,-0.0041,1.0441,obj_6,0.016946452377271142,0
1784255837.889,4,brown banana,2.0214,0.5913,1.0278,obj_5,0.013692199762456683,0
1784255837.889,5,gray canned food,3.2616,-0.6382,1.1339,obj_2,0.02194147233694164,0
1784255837.889,6,red box,2.7920,-0.9331,1.1934,obj_0,0.06969644980963678,0
1784255837.889,7,brown scissors,2.8889,-0.6027,1.0860,obj_1,0.01439384525305062,0
1784255838.383,0,black bowl,0.0093,0.3753,1.0278,obj_7,0.013931268010965187,0
1784255838.383,1,brown teddy bear,1.4678,0.5974,1.0849,obj_4,0.020706184550025906,0
1784255838.383,2,brown bottle,1.7713,-0.9661,1.2366,obj_3,0.006669455685308561,0
1784255838.383,3,gray mug,-0.0138,-0.0041,1.0441,obj_6,0.016946448221805053,0
1784255838.383,4,brown banana,2.0214,0.5913,1.0278,obj_5,0.013662897889258514,0
1784255838.383,5,gray canned food,3.2616,-0.6381,1.1338,obj_2,0.021969793153725808,0
1784255838.383,6,red box,2.7921,-0.9331,1.1934,obj_0,0.06973775004333761,0
1784255838.383,7,brown scissors,2.8889,-0.6028,1.0861,obj_1,0.014528913099801751,0
1784255838.884,0,black bowl,0.0092,0.3753,1.0278,obj_7,0.014025069496661071,0
1784255838.884,1,brown teddy bear,1.4678,0.5974,1.0849,obj_4,0.020733172692764267,0
1784255838.884,2,brown bottle,1.7713,-0.9662,1.2364,obj_3,0.006863571438034317,0
1784255838.884,3,gray mug,-0.0138,-0.0041,1.0441,obj_6,0.016946446144072026,0
1784255838.884,4,brown banana,2.0214,0.5914,1.0278,obj_5,0.013648379786903591,0
1784255838.884,5,gray canned food,3.2616,-0.6381,1.1338,obj_2,0.021984179184089202,0
1784255838.884,6,red box,2.7921,-0.9331,1.1934,obj_0,0.06975840081964223,0
1784255838.884,7,brown scissors,2.8889,-0.6029,1.0861,obj_1,0.01459687376228046,0
1784255839.389,0,black bowl,0.0091,0.3754,1.0278,obj_7,0.0140719989444457,0
1784255839.389,1,brown teddy bear,1.4678,0.5974,1.0849,obj_4,0.020746685773538644,0
1784255839.389,2,brown bottle,1.7712,-0.9662,1.2363,obj_3,0.006960680068266903,0
1784255839.389,3,gray mug,-0.0138,-0.0041,1.0441,obj_6,0.016946445105205515,0
1784255839.389,4,brown banana,2.0214,0.5914,1.0278,obj_5,0.013641154068272451,0
1784255839.389,5,gray canned food,3.2616,-0.6380,1.1338,obj_2,0.02199142847612523,0
1784255839.389,6,red box,2.7921,-0.9331,1.1934,obj_0,0.06976872637248731,0
1784255839.389,7,brown scissors,2.8889,-0.6030,1.0861,obj_1,0.014630959046594635,0
1784255839.890,0,black bowl,0.0095,0.3754,1.0277,obj_7,0.013679549154423392,0
1784255839.890,1,brown teddy bear,1.4678,0.5974,1.0848,obj_4,0.020802111724402206,0
1784255839.890,2,brown bottle,1.7713,-0.9661,1.2362,obj_3,0.007024162420004127,0
1784255839.890,3,gray mug,-0.0138,-0.0041,1.0441,obj_6,0.016946444585772262,0
1784255839.890,4,brown banana,2.0214,0.5910,1.0277,obj_5,0.013824856004004763,0
1784255839.890,5,gray canned food,3.2617,-0.6380,1.1337,obj_2,0.02210269680284386,0
1784255839.890,6,red box,2.7921,-0.9331,1.1933,obj_0,0.06976213544281618,0
1784255839.890,7,brown scissors,2.8893,-0.6037,1.0861,obj_1,0.015309405365255284,0
1784255840.385,0,black bowl,0.0097,0.3754,1.0277,obj_7,0.01348380079158965,0
1784255840.385,1,brown teddy bear,1.4678,0.5973,1.0848,obj_4,0.020829862212389215,0
1784255840.385,2,brown bottle,1.7713,-0.9661,1.2362,obj_3,0.007056041046220652,0
1784255840.385,3,gray mug,-0.0138,-0.0041,1.0441,obj_6,0.016946444326055635,0
1784255840.385,4,brown banana,2.0213,0.5908,1.0277,obj_5,0.013920167185452855,0
1784255840.385,5,gray canned food,3.2618,-0.6380,1.1337,obj_2,0.02215842116637333,0
1784255840.385,6,red box,2.7921,-0.9331,1.1933,obj_0,0.0697588876436119,0
1784255840.385,7,brown scissors,2.8894,-0.6041,1.0861,obj_1,0.015652253135158747,0
1784255840.883,0,black bowl,0.0098,0.3754,1.0277,obj_7,0.013386051844346748,0
1784255840.883,1,brown teddy bear,1.4678,0.5973,1.0848,obj_4,0.020843746790836407,0
1784255840.883,2,brown bottle,1.7713,-0.9661,1.2362,obj_3,0.007072014180361643,0
1784255840.883,3,gray mug,-0.0138,-0.0041,1.0441,obj_6,0.016946444196197345,0
1784255840.883,4,brown banana,2.0213,0.5907,1.0277,obj_5,0.013968667358536288,0
1784255840.883,5,gray canned food,3.2618,-0.6380,1.1337,obj_2,0.02218630570002774,0
1784255840.883,6,red box,2.7921,-0.9331,1.1932,obj_0,0.0697572756623666,0
1784255840.883,7,brown scissors,2.8895,-0.6042,1.0861,obj_1,0.015824514641286702,0
1784255841.384,0,black bowl,0.0099,0.3754,1.0277,obj_7,0.013337209482641582,0
1784255841.384,1,brown teddy bear,1.4678,0.5973,1.0848,obj_4,0.020850691408235613,0
1784255841.384,2,brown bottle,1.7713,-0.9661,1.2362,obj_3,0.007080009135960202,0
1784255841.384,3,gray mug,-0.0138,-0.0041,1.0441,obj_6,0.01694644413126818,0
1784255841.384,4,brown banana,2.0213,0.5906,1.0277,obj_5,0.013993126040412076,0
1784255841.384,5,gray canned food,3.2618,-0.6380,1.1337,obj_2,0.022200253530266716,0
1784255841.384,6,red box,2.7921,-0.9331,1.1932,obj_0,0.06975647265157454,0
1784255841.384,7,brown scissors,2.8895,-0.6043,1.0861,obj_1,0.015910846874224886,0
1784255841.883,0,black bowl,0.0099,0.3754,1.0277,obj_7,0.013312796432871499,0
1784255841.883,1,brown teddy bear,1.4678,0.5973,1.0848,obj_4,0.020854164298300868,0
1784255841.883,2,brown bottle,1.7713,-0.9661,1.2362,obj_3,0.007084008702609965,0
1784255841.883,3,gray mug,-0.0138,-0.0041,1.0441,obj_6,0.016946444098803592,0
1784255841.883,4,brown banana,2.0213,0.5906,1.0277,obj_5,0.014005407212113501,0
1784255841.883,5,gray canned food,3.2618,-0.6380,1.1337,obj_2,0.02220722883318199,0
1784255841.883,6,red box,2.7921,-0.9331,1.1932,obj_0,0.06975607189116644,0
1784255841.883,7,brown scissors,2.8896,-0.6044,1.0861,obj_1,0.015954062407234116,0
1784255842.383,0,black bowl,0.0100,0.3754,1.0277,obj_7,0.013263605236669706,0
1784255842.383,1,brown teddy bear,1.4678,0.5973,1.0847,obj_4,0.020922878541419113,0
1784255842.383,2,brown bottle,1.7713,-0.9661,1.2362,obj_3,0.007047475538430406,0
1784255842.383,3,gray mug,-0.0138,-0.0041,1.0441,obj_6,0.016946444082571302,0
1784255842.383,4,brown banana,2.0213,0.5915,1.0275,obj_5,0.013541375328423514,0
1784255842.383,5,gray canned food,3.2617,-0.6381,1.1338,obj_2,0.022046724023794977,0
1784255842.383,6,red box,2.7920,-0.9331,1.1934,obj_0,0.06968920901345596,0
1784255842.383,7,brown scissors,2.8898,-0.6055,1.0861,obj_1,0.016884069743251507,0
1784255842.894,0,black bowl,0.0100,0.3754,1.0277,obj_7,0.013239066327849318,0
1784255842.894,1,brown teddy bear,1.4678,0.5973,1.0847,obj_4,0.020957250414995823,0
1784255842.894,2,brown bottle,1.7713,-0.9661,1.2362,obj_3,0.007029210099125253,0
1784255842.894,3,gray mug,-0.0138,-0.0041,1.0441,obj_6,0.01694644407445518,0
1784255842.894,4,brown banana,2.0213,0.5920,1.0274,obj_5,0.013327668522303231,0
1784255842.894,5,gray canned food,3.2616,-0.6382,1.1339,obj_2,0.02196677090347064,0
1784255842.894,6,red box,2.7920,-0.9331,1.1934,obj_0,0.06965588198451603,0
1784255842.894,7,brown scissors,2.8900,-0.6061,1.0862,obj_1,0.017360174344196847,0
1784255843.383,0,black bowl,0.0100,0.3754,1.0278,obj_7,0.013191785077046086,0
1784255843.383,1,brown teddy bear,1.4678,0.5974,1.0845,obj_4,0.021081009096722593,0
1784255843.383,2,brown bottle,1.7715,-0.9660,1.2356,obj_3,0.007620499563700005,0
1784255843.383,3,gray mug,-0.0139,-0.0040,1.0442,obj_6,0.017063555589917966,0
1784255843.383,4,brown banana,2.0212,0.5922,1.0274,obj_5,0.013225656817555402,0
1784255843.383,5,gray canned food,3.2616,-0.6382,1.1339,obj_2,0.02192687012017903,0
1784255843.383,6,red box,2.7920,-0.9331,1.1935,obj_0,0.06963924461628056,0
1784255843.383,7,brown scissors,2.8901,-0.6064,1.0862,obj_1,0.017600740663682824,0
1784255843.888,0,black bowl,0.0096,0.3754,1.0278,obj_7,0.01360077718903513,0
1784255843.888,1,brown teddy bear,1.4678,0.5974,1.0840,obj_4,0.02158644114507659,0
1784255843.888,2,brown bottle,1.7716,-0.9659,1.2352,obj_3,0.007958328105709043,0
1784255843.888,3,gray mug,-0.0140,-0.0040,1.0442,obj_6,0.01712236699072414,0
1784255843.888,4,brown banana,2.0212,0.5923,1.0273,obj_5,0.013193458697084647,0
1784255843.888,5,gray canned food,3.2615,-0.6382,1.1338,obj_2,0.0218209572863712,0
1784255843.888,6,red box,2.7920,-0.9331,1.1935,obj_0,0.06962939785008042,0
1784255843.888,7,brown scissors,2.8902,-0.6070,1.0863,obj_1,0.018089247574618716,0
1784255844.383,0,black bowl,0.0094,0.3753,1.0279,obj_7,0.01380585243990484,0
1784255844.383,1,brown teddy bear,1.4678,0.5975,1.0837,obj_4,0.021839570056095707,0
1784255844.383,2,brown bottle,1.7716,-0.9659,1.2351,obj_3,0.008128115841004965,0
1784255844.383,3,gray mug,-0.0140,-0.0040,1.0442,obj_6,0.017151835835733622,0
1784255844.383,4,brown banana,2.0212,0.5923,1.0273,obj_5,0.013177589473043892,0
1784255844.383,5,gray canned food,3.2614,-0.6382,1.1338,obj_2,0.02176816719204593,0
1784255844.383,6,red box,2.7920,-0.9331,1.1935,obj_0,0.06962448116182587,0
1784255844.383,7,brown scissors,2.8902,-0.6073,1.0863,obj_1,0.018336575979397796,0
1784255844.892,0,black bowl,0.0093,0.3753,1.0279,obj_7,0.013908527396854857,0
1784255844.892,1,brown teddy bear,1.4678,0.5975,1.0836,obj_4,0.021966233571833416,0
1784255844.892,2,brown bottle,1.7716,-0.9659,1.2350,obj_3,0.008213212295447374,0
1784255844.892,3,gray mug,-0.0140,-0.0040,1.0442,obj_6,0.01716658594959379,0
1784255844.892,4,brown banana,2.0212,0.5924,1.0273,obj_5,0.013169712563278656,0
1784255844.892,5,gray canned food,3.2614,-0.6382,1.1338,obj_2,0.021741814079165096,0
1784255844.892,6,red box,2.7920,-0.9331,1.1935,obj_0,0.06962202449182375,0
1784255844.892,7,brown scissors,2.8902,-0.6074,1.0863,obj_1,0.018460972984496376,0
1784255845.387,0,black bowl,0.0098,0.3754,1.0278,obj_7,0.013430114343929362,0
1784255845.387,1,brown teddy bear,1.4678,0.5975,1.0835,obj_4,0.02202957557311656,0
1784255845.387,2,brown bottle,1.7716,-0.9659,1.2350,obj_3,0.00823197525896429,0
1784255845.387,3,gray mug,-0.0141,-0.0040,1.0442,obj_6,0.01717396491757371,0
1784255845.387,4,brown banana,2.0212,0.5924,1.0273,obj_5,0.013148261873451875,0
1784255845.387,5,gray canned food,3.2614,-0.6382,1.1337,obj_2,0.02172898105991606,0
1784255845.387,6,red box,2.7919,-0.9331,1.1936,obj_0,0.06958726564505267,0
1784255845.387,7,brown scissors,2.8903,-0.6076,1.0863,obj_1,0.018597258784293934,0
1784255845.886,0,black bowl,0.0100,0.3754,1.0278,obj_7,0.013191691052060283,0
1784255845.886,1,brown teddy bear,1.4678,0.5975,1.0835,obj_4,0.022061252565014716,0
1784255845.886,2,brown bottle,1.7716,-0.9659,1.2350,obj_3,0.008241360586717796,0
1784255845.886,3,gray mug,-0.0141,-0.0040,1.0442,obj_6,0.017177655377856225,0
1784255845.886,4,brown banana,2.0212,0.5924,1.0273,obj_5,0.013137597550288234,0
1784255845.886,5,gray canned food,3.2614,-0.6382,1.1337,obj_2,0.021722567811362507,0
1784255845.886,6,red box,2.7919,-0.9331,1.1936,obj_0,0.06956989154627248,0
1784255845.886,7,brown scissors,2.8903,-0.6077,1.0863,obj_1,0.018665651513787795,0
1784255846.385,0,black bowl,0.0096,0.3754,1.0279,obj_7,0.01361331863377054,0
1784255846.385,1,brown teddy bear,1.4678,0.5976,1.0841,obj_4,0.021500273076511804,0
1784255846.385,2,brown bottle,1.7716,-0.9659,1.2350,obj_3,0.008249553355241279,0
1784255846.385,3,gray mug,-0.0141,-0.0040,1.0442,obj_6,0.017179500851887134,0
1784255846.385,4,brown banana,2.0212,0.5924,1.0273,obj_5,0.013151724501321783,0
1784255846.385,5,gray canned food,3.2614,-0.6382,1.1337,obj_2,0.02172405183791875,0
1784255846.385,6,red box,2.7920,-0.9331,1.1934,obj_0,0.06969366692394258,0
1784255846.385,7,brown scissors,2.8900,-0.6065,1.0862,obj_1,0.01766316641446525,0
1784255846.885,0,black bowl,0.0093,0.3753,1.0279,obj_7,0.013900831221975395,0
1784255846.885,1,brown teddy bear,1.4677,0.5975,1.0845,obj_4,0.021086345502245963,0
1784255846.885,2,brown bottle,1.7716,-0.9659,1.2349,obj_3,0.008281058548286799,0
1784255846.885,3,gray mug,-0.0141,-0.0040,1.0442,obj_6,0.017209909312988506,0
1784255846.885,4,brown banana,2.0212,0.5924,1.0273,obj_5,0.013158826101313408,0
1784255846.885,5,gray canned food,3.2614,-0.6382,1.1337,obj_2,0.021724795840812116,0
1784255846.885,6,red box,2.7921,-0.9331,1.1933,obj_0,0.06975571396675438,0
1784255846.885,7,brown scissors,2.8899,-0.6059,1.0862,obj_1,0.017173373281705543,0
1784255847.383,0,black bowl,0.0091,0.3753,1.0279,obj_7,0.01404472085831111,0
1784255847.383,1,brown teddy bear,1.4676,0.5975,1.0847,obj_4,0.0208797627709869,0
1784255847.383,2,brown bottle,1.7716,-0.9659,1.2349,obj_3,0.008296827806257755,0
1784255847.383,3,gray mug,-0.0141,-0.0040,1.0442,obj_6,0.01722512859931463,0
1784255847.383,4,brown banana,2.0212,0.5924,1.0273,obj_5,0.013162386414453504,0
1784255847.383,5,gray canned food,3.2614,-0.6382,1.1337,obj_2,0.02172516833960319,0
1784255847.383,6,red box,2.7921,-0.9331,1.1933,obj_0,0.06978677720276341,0
1784255847.383,7,brown scissors,2.8899,-0.6056,1.0862,obj_1,0.01693163057031771,0
1784255847.887,0,black bowl,0.0091,0.3753,1.0279,obj_7,0.014116697823065582,0
1784255847.887,1,brown teddy bear,1.4676,0.5975,1.0848,obj_4,0.020776569986109435,0
1784255847.887,2,brown bottle,1.7716,-0.9659,1.2349,obj_3,0.008304716572929974,0
1784255847.887,3,gray mug,-0.0141,-0.0040,1.0442,obj_6,0.017232741994789896,0
1784255847.887,4,brown banana,2.0212,0.5924,1.0273,obj_5,0.013164168947059712,0
1784255847.887,5,gray canned food,3.2614,-0.6382,1.1337,obj_2,0.021725354713327105,0
1784255847.887,6,red box,2.7921,-0.9331,1.1932,obj_0,0.06980231873395917,0
1784255847.887,7,brown scissors,2.8898,-0.6054,1.0862,obj_1,0.01681158748992638,0
1784255848.390,0,black bowl,0.0090,0.3753,1.0279,obj_7,0.014152694199052301,0
1784255848.390,1,brown teddy bear,1.4676,0.5975,1.0849,obj_4,0.020724998668453336,0
1784255848.390,2,brown bottle,1.7716,-0.9659,1.2349,obj_3,0.008308661987250733,0
1784255848.390,3,gray mug,-0.0141,-0.0040,1.0442,obj_6,0.01723654962915552,0
1784255848.390,4,brown banana,2.0212,0.5924,1.0273,obj_5,0.013165060807090689,0
1784255848.390,5,gray canned food,3.2614,-0.6382,1.1337,obj_2,0.0217254479312705,0
1784255848.390,6,red box,2.7921,-0.9331,1.1932,obj_0,0.0698100919759239,0
1784255848.390,7,brown scissors,2.8898,-0.6053,1.0862,obj_1,0.01675177822100171,0
1784255848.883,0,black bowl,0.0071,0.3753,1.0279,obj_7,0.015998207604475692,0
1784255848.883,1,brown teddy bear,1.4676,0.5974,1.0848,obj_4,0.02076326750429407,0
1784255848.883,2,brown bottle,1.7717,-0.9659,1.2353,obj_3,0.007893359945509552,0
1784255848.883,3,gray mug,-0.0141,-0.0040,1.0442,obj_6,0.017238453680314323,0
1784255848.883,4,brown banana,2.0212,0.5924,1.0273,obj_5,0.013135562618791978,0
1784255848.883,5,gray canned food,3.2615,-0.6382,1.1338,obj_2,0.02180988537975963,0
1784255848.883,6,red box,2.7921,-0.9331,1.1932,obj_0,0.06980381455599972,0
1784255848.883,7,brown scissors,2.8902,-0.6071,1.0862,obj_1,0.018236883687580467,0
1784255849.388,0,black bowl,0.0062,0.3753,1.0279,obj_7,0.016923699058245,0
1784255849.388,1,brown teddy bear,1.4676,0.5974,1.0848,obj_4,0.02078268189813342,0
1784255849.388,2,brown bottle,1.7718,-0.9658,1.2355,obj_3,0.007686441462922362,0
1784255849.388,3,gray mug,-0.0141,-0.0040,1.0442,obj_6,0.01723940576436506,0
1784255849.388,4,brown banana,2.0212,0.5924,1.0274,obj_5,0.01312095721753132,0
1784255849.388,5,gray canned food,3.2615,-0.6382,1.1338,obj_2,0.021852186367414463,0
1784255849.388,6,red box,2.7921,-0.9331,1.1932,obj_0,0.06980067609927187,0
1784255849.388,7,brown scissors,2.8904,-0.6080,1.0862,obj_1,0.019002889982932557,0
1784255849.892,0,black bowl,0.0057,0.3753,1.0279,obj_7,0.017387001195566867,0
1784255849.892,1,brown teddy bear,1.4676,0.5973,1.0848,obj_4,0.020792458861114974,0
1784255849.892,2,brown bottle,1.7718,-0.9658,1.2356,obj_3,0.007583182861551251,0
1784255849.892,3,gray mug,-0.0141,-0.0040,1.0442,obj_6,0.017239881821005498,0
1784255849.892,4,brown banana,2.0212,0.5925,1.0274,obj_5,0.013113690580501028,0
1784255849.892,5,gray canned food,3.2615,-0.6382,1.1338,obj_2,0.021873357287958698,0
1784255849.892,6,red box,2.7921,-0.9331,1.1932,obj_0,0.06979910693422674,0
1784255849.892,7,brown scissors,2.8905,-0.6085,1.0862,obj_1,0.01939095206202265,0
1784255850.386,0,black bowl,0.0069,0.3753,1.0279,obj_7,0.01621038777083647,0
1784255850.386,1,brown teddy bear,1.4676,0.5974,1.0849,obj_4,0.020722107087120998,0
1784255850.386,2,brown bottle,1.7717,-0.9660,1.2355,obj_3,0.0077230742126036325,0
1784255850.386,3,gray mug,-0.0141,-0.0040,1.0442,obj_6,0.01724011985297912,0
1784255850.386,4,brown banana,2.0212,0.5925,1.0274,obj_5,0.013107132668540494,0
1784255850.386,5,gray canned food,3.2615,-0.6382,1.1338,obj_2,0.021870810997167336,0
1784255850.386,6,red box,2.7921,-0.9331,1.1932,obj_0,0.06977684309588707,0
1784255850.386,7,brown scissors,2.8904,-0.6080,1.0862,obj_1,0.01900026871427756,0
1784255850.882,0,black bowl,0.0075,0.3753,1.0279,obj_7,0.015623118681860554,0
1784255850.882,1,brown teddy bear,1.4676,0.5974,1.0849,obj_4,0.020687044760157598,0
1784255850.882,2,brown bottle,1.7716,-0.9660,1.2354,obj_3,0.00779459350422782,0
1784255850.882,3,gray mug,-0.0141,-0.0040,1.0442,obj_6,0.017240238869879236,0
1784255850.882,4,brown banana,2.0212,0.5925,1.0274,obj_5,0.013103854603781447,0
1784255850.882,5,gray canned food,3.2615,-0.6382,1.1338,obj_2,0.021869557210135584,0
1784255850.882,6,red box,2.7921,-0.9331,1.1932,obj_0,0.0697657114387341,0
1784255850.882,7,brown scissors,2.8903,-0.6078,1.0861,obj_1,0.01880641164427681,0
1784255851.383,0,black bowl,0.0078,0.3754,1.0279,obj_7,0.01532977834018426,0
1784255851.383,1,brown teddy bear,1.4676,0.5975,1.0849,obj_4,0.020669542155376603,0
1784255851.383,2,brown bottle,1.7716,-0.9661,1.2354,obj_3,0.007830734047681365,0
1784255851.383,3,gray mug,-0.0141,-0.0040,1.0442,obj_6,0.01724029837855757,0
1784255851.383,4,brown banana,2.0212,0.5925,1.0274,obj_5,0.013102215794402136,0
1784255851.383,5,gray canned food,3.2615,-0.6382,1.1338,obj_2,0.021868935157185573,0
1784255851.383,6,red box,2.7921,-0.9331,1.1932,obj_0,0.06976014567569849,0
1784255851.383,7,brown scissors,2.8903,-0.6077,1.0861,obj_1,0.018709867745537963,0
1784255851.886,0,black bowl,0.0080,0.3754,1.0278,obj_7,0.015188686684211009,0
1784255851.886,1,brown teddy bear,1.4676,0.5974,1.0849,obj_4,0.02073723059837242,0
1784255851.886,2,brown bottle,1.7717,-0.9660,1.2356,obj_3,0.007589640034021356,0
1784255851.886,3,gray mug,-0.0141,-0.0040,1.0442,obj_6,0.017240328132953814,0
1784255851.886,4,brown banana,2.0212,0.5925,1.0274,obj_5,0.01310001436030438,0
1784255851.886,5,gray canned food,3.2616,-0.6382,1.1340,obj_2,0.02190643212943629,0
1784255851.886,6,red box,2.7921,-0.9331,1.1933,obj_0,0.06973269416648174,0
1784255851.886,7,brown scissors,2.8897,-0.6055,1.0861,obj_1,0.01675900019125771,0
1784255852.392,0,black bowl,0.0080,0.3754,1.0278,obj_7,0.015118278285287183,0
1784255852.392,1,brown teddy bear,1.4675,0.5973,1.0848,obj_4,0.020771191822947472,0
1784255852.392,2,brown bottle,1.7718,-0.9659,1.2357,obj_3,0.0074704363056446585,0
1784255852.392,3,gray mug,-0.0141,-0.0040,1.0442,obj_6,0.017240343010166255,0
1784255852.392,4,brown banana,2.0212,0.5925,1.0274,obj_5,0.013098915822425897,0
1784255852.392,5,gray canned food,3.2616,-0.6382,1.1341,obj_2,0.021925767806667936,0
1784255852.392,6,red box,2.7921,-0.9331,1.1934,obj_0,0.06971901416501114,0
1784255852.392,7,brown scissors,2.8894,-0.6043,1.0861,obj_1,0.015819662795057036,0
1784255852.882,0,black bowl,0.0081,0.3753,1.0279,obj_7,0.015073169558021406,0
1784255852.882,1,brown teddy bear,1.4676,0.5974,1.0849,obj_4,0.020726280401056854,0
1784255852.882,2,brown bottle,1.7717,-0.9659,1.2353,obj_3,0.007921288321556497,0
1784255852.882,3,gray mug,-0.0141,-0.0040,1.0442,obj_6,0.017240350448776042,0
1784255852.882,4,brown banana,2.0212,0.5925,1.0274,obj_5,0.01310086032892654,0
1784255852.882,5,gray canned food,3.2616,-0.6382,1.1340,obj_2,0.021921671950591567,0
1784255852.882,6,red box,2.7921,-0.9331,1.1934,obj_0,0.06976166111649022,0
1784255852.882,7,brown scissors,2.8893,-0.6037,1.0861,obj_1,0.015374848808055251,0
1784255853.394,0,black bowl,0.0081,0.3753,1.0279,obj_7,0.015050993440130887,0
1784255853.394,1,brown teddy bear,1.4676,0.5974,1.0849,obj_4,0.020703837129388458,0
1784255853.394,2,brown bottle,1.7716,-0.9660,1.2351,obj_3,0.008147108328888897,0
1784255853.394,3,gray mug,-0.0141,-0.0040,1.0442,obj_6,0.01724035416808178,0
1784255853.394,4,brown banana,2.0212,0.5925,1.0274,obj_5,0.013101850516018426,0
1784255853.394,5,gray canned food,3.2616,-0.6382,1.1340,obj_2,0.021919686234060987,0
1784255853.394,6,red box,2.7921,-0.9331,1.1934,obj_0,0.06978299481690181,0
1784255853.394,7,brown scissors,2.8893,-0.6034,1.0861,obj_1,0.015156928574182764,0
1784255853.887,0,black bowl,0.0081,0.3752,1.0279,obj_7,0.015040000432702065,0
1784255853.887,1,brown teddy bear,1.4676,0.5974,1.0849,obj_4,0.02069261861518019,0
1784255853.887,2,brown bottle,1.7716,-0.9660,1.2349,obj_3,0.008260107411538523,0
1784255853.887,3,gray mug,-0.0141,-0.0040,1.0442,obj_6,0.017240356027734872,0
1784255853.887,4,brown banana,2.0212,0.5925,1.0274,obj_5,0.013102350091844447,0
1784255853.887,5,gray canned food,3.2616,-0.6382,1.1340,obj_2,0.021918708933643023,0
1784255853.887,6,red box,2.7921,-0.9331,1.1934,obj_0,0.06979366422054083,0
1784255853.887,7,brown scissors,2.8892,-0.6033,1.0860,obj_1,0.015049147289363927,0
1784255854.389,0,black bowl,0.0080,0.3751,1.0279,obj_7,0.01510323307860687,0
1784255854.389,1,brown teddy bear,1.4676,0.5973,1.0849,obj_4,0.02075140185902269,0
1784255854.389,2,brown bottle,1.7717,-0.9659,1.2353,obj_3,0.007857387282356165,0
1784255854.389,3,gray mug,-0.0141,-0.0040,1.0442,obj_6,0.017240356957561473,0
1784255854.389,4,brown banana,2.0212,0.5925,1.0274,obj_5,0.013104383637469274,0
1784255854.389,5,gray canned food,3.2615,-0.6382,1.1338,obj_2,0.02181934971878767,0
1784255854.389,6,red box,2.7920,-0.9331,1.1935,obj_0,0.06966661416286178,0
1784255854.389,7,brown scissors,2.8892,-0.6033,1.0860,obj_1,0.015057180045960893,0
1784255854.887,0,black bowl,0.0080,0.3751,1.0279,obj_7,0.015135064823630574,0
1784255854.887,1,brown teddy bear,1.4675,0.5973,1.0848,obj_4,0.020780836960656645,0
1784255854.887,2,brown bottle,1.7718,-0.9659,1.2355,obj_3,0.007656694044721348,0
1784255854.887,3,gray mug,-0.0141,-0.0040,1.0442,obj_6,0.01724035742247479,0
1784255854.887,4,brown banana,2.0212,0.5925,1.0274,obj_5,0.013105401538270493,0
1784255854.887,5,gray canned food,3.2614,-0.6382,1.1338,obj_2,0.021769899108400804,0
1784255854.887,6,red box,2.7920,-0.9331,1.1936,obj_0,0.06960311896374376,0
1784255854.887,7,brown scissors,2.8892,-0.6033,1.0860,obj_1,0.015061219286044107,0
1784255855.384,0,black bowl,0.0080,0.3751,1.0279,obj_7,0.015151034156310899,0
1784255855.384,1,brown teddy bear,1.4675,0.5973,1.0848,obj_4,0.020795565327571087,0
1784255855.384,2,brown bottle,1.7718,-0.9658,1.2356,obj_3,0.007556529641957086,0
1784255855.384,3,gray mug,-0.0141,-0.0040,1.0442,obj_6,0.01724035765493145,0
1784255855.384,4,brown banana,2.0212,0.5925,1.0274,obj_5,0.013105910770591703,0
1784255855.384,5,gray canned food,3.2614,-0.6382,1.1338,obj_2,0.021745231508660014,0
1784255855.384,6,red box,2.7919,-0.9331,1.1936,obj_0,0.06957137884543953,0
1784255855.384,7,brown scissors,2.8892,-0.6033,1.0860,obj_1,0.015063244616175584,0
1784255855.894,0,black bowl,0.0080,0.3750,1.0279,obj_7,0.015159032138456357,0
1784255855.894,1,brown teddy bear,1.4675,0.5973,1.0848,obj_4,0.02080293220835353,0
1784255855.894,2,brown bottle,1.7718,-0.9658,1.2357,obj_3,0.007506495123062607,0
1784255855.894,3,gray mug,-0.0141,-0.0040,1.0442,obj_6,0.017240357771159828,0
1784255855.894,4,brown banana,2.0212,0.5925,1.0274,obj_5,0.0131061654572229,0
1784255855.894,5,gray canned food,3.2614,-0.6382,1.1337,obj_2,0.02173291219249678,0
1784255855.894,6,red box,2.7919,-0.9331,1.1936,obj_0,0.06955551065958818,0
1784255855.894,7,brown scissors,2.8892,-0.6033,1.0860,obj_1,0.015064258708092342,0
1784255856.881,0,black bowl,0.0080,0.3749,1.0279,obj_7,0.01516593908482325,0
1784255856.881,1,brown teddy bear,1.4675,0.5974,1.0849,obj_4,0.020746045672641586,0
1784255856.881,2,brown bottle,1.7717,-0.9659,1.2353,obj_3,0.00789449516300754,0
1784255856.881,3,gray mug,-0.0141,-0.0040,1.0442,obj_6,0.017240357858331088,0
1784255856.881,4,brown banana,2.0212,0.5924,1.0273,obj_5,0.013123365359875638,0
1784255856.881,5,gray canned food,3.2614,-0.6382,1.1337,obj_2,0.021723679055475027,0
1784255856.881,6,red box,2.7920,-0.9331,1.1937,obj_0,0.06958639063772844,0
1784255856.881,7,brown scissors,2.8881,-0.6052,1.0858,obj_1,0.015454085165423726,0
1784255857.387,0,black bowl,0.0080,0.3749,1.0279,obj_7,0.01516761151253688,0
1784255857.387,1,brown teddy bear,1.4676,0.5974,1.0849,obj_4,0.020715885396843742,0
1784255857.387,2,brown bottle,1.7717,-0.9659,1.2351,obj_3,0.008101171421997844,0
1784255857.387,3,gray mug,-0.0141,-0.0040,1.0442,obj_6,0.017240357872859647,0
1784255857.387,4,brown banana,2.0212,0.5924,1.0273,obj_5,0.01313196219538229,0
1784255857.387,5,gray canned food,3.2614,-0.6382,1.1337,obj_2,0.021722140729042123,0
1784255857.387,6,red box,2.7920,-0.9331,1.1937,obj_0,0.06960582476816576,0
1784255857.387,7,brown scissors,2.8875,-0.6061,1.0857,obj_1,0.01576138012713747,0
1784255857.884,0,black bowl,0.0080,0.3749,1.0279,obj_7,0.015168502733724921,0
1784255857.884,1,brown teddy bear,1.4676,0.5974,1.0849,obj_4,0.020700836680777712,0
1784255857.884,2,brown bottle,1.7717,-0.9659,1.2350,obj_3,0.00820454915075174,0
1784255857.884,3,gray mug,-0.0141,-0.0040,1.0442,obj_6,0.01724035788012388,0
1784255857.884,4,brown banana,2.0212,0.5924,1.0273,obj_5,0.013136275719677484,0
1784255857.884,5,gray canned food,3.2614,-0.6382,1.1337,obj_2,0.0217213716226136,0
1784255857.884,6,red box,2.7920,-0.9331,1.1937,obj_0,0.06961554865902435,0
1784255857.884,7,brown scissors,2.8872,-0.6066,1.0856,obj_1,0.015941460837381197,0
1784255858.384,0,black bowl,0.0083,0.3749,1.0279,obj_7,0.014892474799385364,0
1784255858.384,1,brown teddy bear,1.4676,0.5974,1.0849,obj_4,0.02067823776051785,0
1784255858.384,2,brown bottle,1.7717,-0.9659,1.2348,obj_3,0.008365558609049072,0
1784255858.384,3,gray mug,-0.0141,-0.0040,1.0442,obj_6,0.017240357883755993,0
1784255858.384,4,brown banana,2.0213,0.5917,1.0276,obj_5,0.013456697344348843,0
1784255858.384,5,gray canned food,3.2614,-0.6382,1.1337,obj_2,0.021756720806342975,0
1784255858.384,6,red box,2.7920,-0.9331,1.1937,obj_0,0.06962409686019867,0
1784255858.384,7,brown scissors,2.8870,-0.6066,1.0856,obj_1,0.015802842934335242,0
1784255858.885,0,black bowl,0.0084,0.3749,1.0279,obj_7,0.014754517349521358,0
1784255858.885,1,brown teddy bear,1.4676,0.5975,1.0849,obj_4,0.020666943180834705,0
1784255858.885,2,brown bottle,1.7717,-0.9659,1.2347,obj_3,0.008446151051496343,0
1784255858.885,3,gray mug,-0.0141,-0.0040,1.0442,obj_6,0.017240357885572103,0
1784255858.885,4,brown banana,2.0213,0.5913,1.0277,obj_5,0.013631567690714098,0
1784255858.885,5,gray canned food,3.2614,-0.6382,1.1337,obj_2,0.021774395949260887,0
1784255858.885,6,red box,2.7920,-0.9331,1.1937,obj_0,0.06962837468165534,0
1784255858.885,7,brown scissors,2.8869,-0.6066,1.0856,obj_1,0.015734174952008302,0
1784255859.389,0,black bowl,0.0085,0.3749,1.0279,obj_7,0.014685553218526146,0
1784255859.389,1,brown teddy bear,1.4676,0.5975,1.0849,obj_4,0.020661297113439527,0
1784255859.389,2,brown bottle,1.7717,-0.9659,1.2347,obj_3,0.008486468472388637,0
1784255859.389,3,gray mug,-0.0141,-0.0040,1.0442,obj_6,0.01724035788648015,0
1784255859.389,4,brown banana,2.0213,0.5911,1.0278,obj_5,0.01372250771430302,0
1784255859.389,5,gray canned food,3.2614,-0.6382,1.1337,obj_2,0.021783233658092156,0
1784255859.389,6,red box,2.7920,-0.9331,1.1937,obj_0,0.06963051452240104,0
1784255859.389,7,brown scissors,2.8868,-0.6066,1.0856,obj_1,0.015700003661880412,0
1784255859.886,0,black bowl,0.0085,0.3751,1.0279,obj_7,0.014644362695219078,0
1784255859.886,1,brown teddy bear,1.4676,0.5974,1.0849,obj_4,0.020690158985671534,0
1784255859.886,2,brown bottle,1.7717,-0.9659,1.2348,obj_3,0.008442197395190002,0
1784255859.886,3,gray mug,-0.0141,-0.0040,1.0442,obj_6,0.017240357886934135,0
1784255859.886,4,brown banana,2.0213,0.5917,1.0275,obj_5,0.013444391672644369,0
1784255859.886,5,gray canned food,3.2614,-0.6382,1.1337,obj_2,0.02177993353059717,0
1784255859.886,6,red box,2.7920,-0.9331,1.1936,obj_0,0.06963406573682977,0
1784255859.886,7,brown scissors,2.8869,-0.6066,1.0856,obj_1,0.015750685734712153,0
1784255860.388,0,black bowl,0.0086,0.3752,1.0279,obj_7,0.014554501037527628,0
1784255860.388,1,brown teddy bear,1.4678,0.5974,1.0847,obj_4,0.020879097107051794,0
1784255860.388,2,brown bottle,1.7715,-0.9660,1.2355,obj_3,0.007725254613222879,0
1784255860.388,3,gray mug,-0.0141,-0.0040,1.0441,obj_6,0.01720825534311395,0
1784255860.388,4,brown banana,2.0212,0.5920,1.0274,obj_5,0.013315448040655686,0
1784255860.388,5,gray canned food,3.2614,-0.6382,1.1337,obj_2,0.021778286541840396,0
1784255860.388,6,red box,2.7920,-0.9331,1.1936,obj_0,0.069635870418499,0
1784255860.388,7,brown scissors,2.8869,-0.6066,1.0856,obj_1,0.015776030341276937,0
1784255860.883,0,black bowl,0.0086,0.3753,1.0279,obj_7,0.014507627206309427,0
1784255860.883,1,brown teddy bear,1.4679,0.5973,1.0844,obj_4,0.021220964595851162,0
1784255860.883,2,brown bottle,1.7713,-0.9661,1.2359,obj_3,0.007331475745013514,0
1784255860.883,3,gray mug,-0.0140,-0.0040,1.0441,obj_6,0.017192351588020183,0
1784255860.883,4,brown banana,2.0212,0.5922,1.0274,obj_5,0.013229842344327178,0
1784255860.883,5,gray canned food,3.2615,-0.6382,1.1338,obj_2,0.021823294383250737,0
1784255860.883,6,red box,2.7921,-0.9331,1.1935,obj_0,0.0697169410534175,0
1784255860.883,7,brown scissors,2.8867,-0.6060,1.0856,obj_1,0.01519693404401326,0
1784255861.389,0,black bowl,0.0087,0.3753,1.0280,obj_7,0.014484229226237249,0
1784255861.389,1,brown teddy bear,1.4679,0.5972,1.0842,obj_4,0.021392094323883698,0
1784255861.389,2,brown bottle,1.7713,-0.9661,1.2361,obj_3,0.007136897325907288,0
1784255861.389,3,gray mug,-0.0140,-0.0040,1.0441,obj_6,0.01718443670941201,0
1784255861.389,4,brown banana,2.0212,0.5923,1.0273,obj_5,0.013188032040354491,0
1784255861.389,5,gray canned food,3.2615,-0.6382,1.1338,obj_2,0.02184580359952597,0
1784255861.389,6,red box,2.7921,-0.9331,1.1935,obj_0,0.06975749370901428,0
1784255861.389,7,brown scissors,2.8867,-0.6057,1.0856,obj_1,0.01490949864691792,0
1784255861.885,0,black bowl,0.0087,0.3753,1.0279,obj_7,0.014480744080863325,0
1784255861.885,1,brown teddy bear,1.4680,0.5972,1.0842,obj_4,0.02140517210872092,0
1784255861.885,2,brown bottle,1.7713,-0.9661,1.2361,obj_3,0.007158872799396813,0
1784255861.885,3,gray mug,-0.0140,-0.0040,1.0442,obj_6,0.017185855420070693,0
1784255861.885,4,brown banana,2.0212,0.5924,1.0273,obj_5,0.013167377798450517,0
1784255861.885,5,gray canned food,3.2615,-0.6382,1.1338,obj_2,0.02185705952678457,0
1784255861.885,6,red box,2.7921,-0.9331,1.1934,obj_0,0.06977777436253087,0
1784255861.885,7,brown scissors,2.8866,-0.6055,1.0855,obj_1,0.014766345187606871,0
1784255862.383,0,black bowl,0.0087,0.3751,1.0280,obj_7,0.014474061837321901,0
1784255862.383,1,brown teddy bear,1.4681,0.5972,1.0844,obj_4,0.021173112266194637,0
1784255862.383,2,brown bottle,1.7713,-0.9661,1.2361,obj_3,0.007172361446254841,0
1784255862.383,3,gray mug,-0.0141,-0.0040,1.0442,obj_6,0.017186640221477072,0
1784255862.383,4,brown banana,2.0212,0.5924,1.0273,obj_5,0.01317400980263541,0
1784255862.383,5,gray canned food,3.2615,-0.6382,1.1338,obj_2,0.021850197250949856,0
1784255862.383,6,red box,2.7921,-0.9331,1.1934,obj_0,0.06974244134560857,0
1784255862.383,7,brown scissors,2.8867,-0.6060,1.0855,obj_1,0.015202670571202193,0
1784255862.888,0,black bowl,0.0087,0.3750,1.0280,obj_7,0.014471977487870137,0
1784255862.888,1,brown teddy bear,1.4681,0.5973,1.0846,obj_4,0.021057263003479945,0
1784255862.888,2,brown bottle,1.7713,-0.9662,1.2361,obj_3,0.007179110937982311,0
1784255862.888,3,gray mug,-0.0141,-0.0040,1.0442,obj_6,0.017187051480757554,0
1784255862.888,4,brown banana,2.0212,0.5924,1.0273,obj_5,0.013177341049304722,0
1784255862.888,5,gray canned food,3.2615,-0.6382,1.1338,obj_2,0.021846775660393076,0
1784255862.888,6,red box,2.7921,-0.9331,1.1934,obj_0,0.06972477845064921,0
1784255862.888,7,brown scissors,2.8868,-0.6062,1.0855,obj_1,0.015421965846414294,0
1784255863.383,0,black bowl,0.0087,0.3749,1.0281,obj_7,0.014463438843311614,0
1784255863.383,1,brown teddy bear,1.4681,0.5973,1.0847,obj_4,0.020920118931948072,0
1784255863.383,2,brown bottle,1.7713,-0.9661,1.2356,obj_3,0.007619076485036785,0
1784255863.383,3,gray mug,-0.0141,-0.0040,1.0442,obj_6,0.01721924151630069,0
1784255863.383,4,brown banana,2.0212,0.5924,1.0273,obj_5,0.01317901048041585,0
1784255863.383,5,gray canned food,3.2615,-0.6382,1.1338,obj_2,0.0218450672532638,0
1784255863.383,6,red box,2.7921,-0.9331,1.1934,obj_0,0.06971594790734552,0
1784255863.383,7,brown scissors,2.8868,-0.6064,1.0855,obj_1,0.015531882655829271,0
1784255863.887,0,black bowl,0.0085,0.3750,1.0280,obj_7,0.014675082026430175,0
1784255863.887,1,brown teddy bear,1.4681,0.5973,1.0848,obj_4,0.020840671368529306,0
1784255863.887,2,brown bottle,1.7714,-0.9661,1.2356,obj_3,0.007623145492987156,0
1784255863.887,3,gray mug,-0.0141,-0.0040,1.0442,obj_6,0.017235339832612266,0
1784255863.887,4,brown banana,2.0213,0.5913,1.0275,obj_5,0.01367208553788599,0
1784255863.887,5,gray canned food,3.2615,-0.6382,1.1338,obj_2,0.02186852788818381,0
1784255863.887,6,red box,2.7920,-0.9331,1.1934,obj_0,0.06968949446679853,0
1784255863.887,7,brown scissors,2.8867,-0.6062,1.0855,obj_1,0.015363813033163134,0
1784255864.383,0,black bowl,0.0084,0.3751,1.0280,obj_7,0.01478150702762294,0
1784255864.383,1,brown teddy bear,1.4681,0.5973,1.0848,obj_4,0.020800952483811256,0
1784255864.383,2,brown bottle,1.7714,-0.9661,1.2356,obj_3,0.007625401126033763,0
1784255864.383,3,gray mug,-0.0141,-0.0040,1.0442,obj_6,0.017243389812708607,0
1784255864.383,4,brown banana,2.0213,0.5907,1.0276,obj_5,0.013944975085144543,0
1784255864.383,5,gray canned food,3.2616,-0.6382,1.1339,obj_2,0.0218804125757901,0
1784255864.383,6,red box,2.7920,-0.9331,1.1934,obj_0,0.06967626797407003,0
1784255864.383,7,brown scissors,2.8866,-0.6062,1.0855,obj_1,0.015279809234585153,0
1784255864.886,0,black bowl,0.0083,0.3752,1.0280,obj_7,0.014834866598255803,0
1784255864.886,1,brown teddy bear,1.4681,0.5973,1.0848,obj_4,0.02078109427389,0
1784255864.886,2,brown bottle,1.7714,-0.9661,1.2356,obj_3,0.007626584169001596,0
1784255864.886,3,gray mug,-0.0141,-0.0040,1.0442,obj_6,0.017247415007906282,0
1784255864.886,4,brown banana,2.0213,0.5905,1.0277,obj_5,0.014087571997642953,0
1784255864.886,5,gray canned food,3.2616,-0.6382,1.1339,obj_2,0.021886393439020744,0
1784255864.886,6,red box,2.7920,-0.9331,1.1934,obj_0,0.06966965478462984,0
1784255864.886,7,brown scissors,2.8866,-0.6062,1.0855,obj_1,0.01523781523809633,0
1784255865.387,0,black bowl,0.0083,0.3752,1.0280,obj_7,0.014861582689359793,0
1784255865.387,1,brown teddy bear,1.4681,0.5973,1.0848,obj_4,0.020771165478069824,0
1784255865.387,2,brown bottle,1.7715,-0.9661,1.2356,obj_3,0.007627189489688886,0
1784255865.387,3,gray mug,-0.0141,-0.0040,1.0442,obj_6,0.017249427656750575,0
1784255865.387,4,brown banana,2.0213,0.5903,1.0277,obj_5,0.01416035486455519,0
1784255865.387,5,gray canned food,3.2616,-0.6382,1.1339,obj_2,0.021889393491298408,0
1784255865.387,6,red box,2.7920,-0.9331,1.1934,obj_0,0.06966634820414547,0
1784255865.387,7,brown scissors,2.8866,-0.6062,1.0855,obj_1,0.015216820234636204,0
1784255865.885,0,black bowl,0.0083,0.3752,1.0280,obj_7,0.014874949754322044,0
1784255865.885,1,brown teddy bear,1.4681,0.5973,1.0848,obj_4,0.02076620115757417,0
1784255865.885,2,brown bottle,1.7715,-0.9661,1.2356,obj_3,0.007627495598880452,0
1784255865.885,3,gray mug,-0.0141,-0.0040,1.0442,obj_6,0.017250433993978888,0
1784255865.885,4,brown banana,2.0213,0.5903,1.0277,obj_5,0.014197110775901129,0
1784255865.885,5,gray canned food,3.2616,-0.6382,1.1339,obj_2,0.02189089592145014,0
1784255865.885,6,red box,2.7920,-0.9331,1.1934,obj_0,0.06966469491746283,0
1784255865.885,7,brown scissors,2.8866,-0.6061,1.0856,obj_1,0.015206323234011991,0
1784255866.397,0,black bowl,0.0093,0.3753,1.0279,obj_7,0.013837840419953137,0
1784255866.397,1,brown teddy bear,1.4682,0.5973,1.0848,obj_4,0.0208157979650755,0
1784255866.397,2,brown bottle,1.7714,-0.9661,1.2354,obj_3,0.007845297411119974,0
1784255866.397,3,gray mug,-0.0141,-0.0040,1.0442,obj_6,0.0172509371657939,0
1784255866.397,4,brown banana,2.0213,0.5914,1.0275,obj_5,0.013605865106722093,0
1784255866.397,5,gray canned food,3.2615,-0.6382,1.1338,obj_2,0.021861608691102055,0
1784255866.397,6,red box,2.7920,-0.9331,1.1935,obj_0,0.06968104191819875,0
1784255866.397,7,brown scissors,2.8867,-0.6064,1.0855,obj_1,0.015432584807401225,0
1784255866.882,0,black bowl,0.0099,0.3753,1.0278,obj_7,0.013321789264410565,0
1784255866.882,1,brown teddy bear,1.4682,0.5973,1.0848,obj_4,0.020840627132574098,0
1784255866.882,2,brown bottle,1.7714,-0.9660,1.2353,obj_3,0.007954352345922544,0
1784255866.882,3,gray mug,-0.0141,-0.0040,1.0442,obj_6,0.017251188752501565,0
1784255866.882,4,brown banana,2.0212,0.5919,1.0275,obj_5,0.013335558454015588,0
1784255866.882,5,gray canned food,3.2615,-0.6382,1.1338,obj_2,0.02184711381064511,0
1784255866.882,6,red box,2.7920,-0.9331,1.1935,obj_0,0.0696892266937084,0
1784255866.882,7,brown scissors,2.8867,-0.6065,1.0855,obj_1,0.015545828495793978,0
1784255867.388,0,black bowl,0.0101,0.3754,1.0278,obj_7,0.013064476198130243,0
1784255867.388,1,brown teddy bear,1.4682,0.5972,1.0848,obj_4,0.020853049375219566,0
1784255867.388,2,brown bottle,1.7714,-0.9660,1.2352,obj_3,0.008008916485952103,0
1784255867.388,3,gray mug,-0.0141,-0.0040,1.0442,obj_6,0.017251314546055406,0
1784255867.388,4,brown banana,2.0212,0.5922,1.0274,obj_5,0.013207198166121212,0
1784255867.388,5,gray canned food,3.2615,-0.6382,1.1338,obj_2,0.02183990364069202,0
1784255867.388,6,red box,2.7920,-0.9331,1.1935,obj_0,0.0696933218990899,0
1784255867.388,7,brown scissors,2.8867,-0.6065,1.0855,obj_1,0.015602477848577653,0
1784255867.888,0,black bowl,0.0103,0.3754,1.0278,obj_7,0.012936010202588085,0
1784255867.888,1,brown teddy bear,1.4682,0.5972,1.0848,obj_4,0.020859262407275973,0
1784255867.888,2,brown bottle,1.7714,-0.9660,1.2352,obj_3,0.008036207506286029,0
1784255867.888,3,gray mug,-0.0141,-0.0040,1.0442,obj_6,0.01725137744288235,0
1784255867.888,4,brown banana,2.0212,0.5923,1.0274,obj_5,0.01314477509282556,0
1784255867.888,5,gray canned food,3.2615,-0.6382,1.1338,obj_2,0.0218363078840662,0
1784255867.888,6,red box,2.7920,-0.9331,1.1935,obj_0,0.06969537020604255,0
1784255867.888,7,brown scissors,2.8868,-0.6065,1.0855,obj_1,0.01563080931489207,0
1784255868.383,0,black bowl,0.0103,0.3754,1.0278,obj_7,0.01287182650377006,0
1784255868.383,1,brown teddy bear,1.4682,0.5972,1.0848,obj_4,0.020862369400489748,0
1784255868.383,2,brown bottle,1.7714,-0.9660,1.2352,obj_3,0.008049855227484111,0
1784255868.383,3,gray mug,-0.0141,-0.0040,1.0442,obj_6,0.017251408891308325,0
1784255868.383,4,brown banana,2.0212,0.5924,1.0274,obj_5,0.013114010193585374,0
1784255868.383,5,gray canned food,3.2615,-0.6382,1.1338,obj_2,0.02183451233918604,0
1784255868.383,6,red box,2.7920,-0.9331,1.1935,obj_0,0.0696963945355667,0
1784255868.383,7,brown scissors,2.8868,-0.6066,1.0855,obj_1,0.015644976734771665,0
1784255868.890,0,black bowl,0.0104,0.3754,1.0278,obj_7,0.012839747194773104,0
1784255868.890,1,brown teddy bear,1.4682,0.5972,1.0848,obj_4,0.02086392301633072,0
1784255868.890,2,brown bottle,1.7714,-0.9660,1.2352,obj_3,0.008056679637563837,0
1784255868.890,3,gray mug,-0.0141,-0.0040,1.0442,obj_6,0.017251424615524435,0
1784255868.890,4,brown banana,2.0212,0.5924,1.0274,obj_5,0.01309874032453514,0
1784255868.890,5,gray canned food,3.2615,-0.6382,1.1338,obj_2,0.021833615150271917,0
1784255868.890,6,red box,2.7920,-0.9331,1.1935,obj_0,0.06969690674433793,0
1784255868.890,7,brown scissors,2.8868,-0.6066,1.0855,obj_1,0.015652060865056213,0
1784255869.383,0,black bowl,0.0104,0.3754,1.0278,obj_7,0.012823710702829644,0
1784255869.383,1,brown teddy bear,1.4682,0.5972,1.0848,obj_4,0.02086469985405212,0
1784255869.383,2,brown bottle,1.7714,-0.9660,1.2352,obj_3,0.008060091979566796,0
1784255869.383,3,gray mug,-0.0141,-0.0040,1.0442,obj_6,0.01725143247763325,0
1784255869.383,4,brown banana,2.0212,0.5925,1.0274,obj_5,0.013091133650266672,0
1784255869.383,5,gray canned food,3.2615,-0.6382,1.1338,obj_2,0.021833166701717567,0
1784255869.383,6,red box,2.7920,-0.9331,1.1935,obj_0,0.06969716285972564,0
1784255869.383,7,brown scissors,2.8868,-0.6066,1.0855,obj_1,0.015655603035118267,0
1784255870.389,0,black bowl,0.0093,0.3753,1.0279,obj_7,0.013847593275841057,0
1784255870.389,1,brown teddy bear,1.4681,0.5973,1.0848,obj_4,0.020816830707738085,0
1784255870.389,2,brown bottle,1.7714,-0.9660,1.2351,obj_3,0.00808296721856647,0
1784255870.389,3,gray mug,-0.0141,-0.0040,1.0442,obj_6,0.01725143837421526,0
1784255870.389,4,brown banana,2.0213,0.5918,1.0276,obj_5,0.013377221291110753,0
1784255870.389,5,gray canned food,3.2615,-0.6382,1.1338,obj_2,0.02183186037849435,0
1784255870.389,6,red box,2.7920,-0.9331,1.1935,obj_0,0.0697011577885455,0
1784255870.389,7,brown scissors,2.8880,-0.6052,1.0858,obj_1,0.015380681073654616,0
1784255870.886,0,black bowl,0.0088,0.3753,1.0279,obj_7,0.014366092847784815,0
1784255870.886,1,brown teddy bear,1.4681,0.5973,1.0848,obj_4,0.020792835099186148,0
1784255870.886,2,brown bottle,1.7714,-0.9660,1.2351,obj_3,0.008093572209035966,0
1784255870.886,3,gray mug,-0.0141,-0.0040,1.0442,obj_6,0.017251439356978943,0
1784255870.886,4,brown banana,2.0213,0.5915,1.0277,obj_5,0.013532973238936322,0
1784255870.886,5,gray canned food,3.2615,-0.6382,1.1338,obj_2,0.021831320748984872,0
1784255870.886,6,red box,2.7920,-0.9331,1.1934,obj_0,0.06970310131019077,0
1784255870.886,7,brown scissors,2.8886,-0.6045,1.0859,obj_1,0.015322048816426346,0
1784255871.391,0,black bowl,0.0090,0.3753,1.0279,obj_7,0.014201054297508231,0
1784255871.391,1,brown teddy bear,1.4681,0.5974,1.0848,obj_4,0.020767493305190232,0
1784255871.391,2,brown bottle,1.7714,-0.9660,1.2351,obj_3,0.008094005164959398,0
1784255871.391,3,gray mug,-0.0141,-0.0040,1.0442,obj_6,0.017251439848360788,0
1784255871.391,4,brown banana,2.0213,0.5920,1.0275,obj_5,0.013315274916907874,0
1784255871.391,5,gray canned food,3.2615,-0.6382,1.1338,obj_2,0.02184800579328398,0
1784255871.391,6,red box,2.7921,-0.9331,1.1934,obj_0,0.06975527669277515,0
1784255871.391,7,brown scissors,2.8889,-0.6042,1.0860,obj_1,0.015413054613423235,0
1784255871.888,0,black bowl,0.0090,0.3753,1.0280,obj_7,0.014118548278452167,0
1784255871.888,1,brown teddy bear,1.4681,0.5974,1.0848,obj_4,0.02075487211701949,0
1784255871.888,2,brown bottle,1.7714,-0.9660,1.2351,obj_3,0.008094223407689987,0
1784255871.888,3,gray mug,-0.0141,-0.0040,1.0442,obj_6,0.01725144009405171,0
1784255871.888,4,brown banana,2.0212,0.5922,1.0274,obj_5,0.013212947733181615,0
1784255871.888,5,gray canned food,3.2615,-0.6382,1.1338,obj_2,0.021856389649167633,0
1784255871.888,6,red box,2.7921,-0.9331,1.1934,obj_0,0.06978136553796296,0
1784255871.888,7,brown scissors,2.8891,-0.6041,1.0860,obj_1,0.015464051891930196,0
1784255872.389,0,black bowl,0.0091,0.3753,1.0280,obj_7,0.014077298650928714,0
1784255872.389,1,brown teddy bear,1.4681,0.5974,1.0848,obj_4,0.02074857397662471,0
1784255872.389,2,brown bottle,1.7714,-0.9660,1.2351,obj_3,0.008094332970205793,0
1784255872.389,3,gray mug,-0.0141,-0.0040,1.0442,obj_6,0.017251440216897174,0
1784255872.389,4,brown banana,2.0212,0.5923,1.0273,obj_5,0.01316345970429563,0
1784255872.389,5,gray canned food,3.2615,-0.6382,1.1338,obj_2,0.021860591896689804,0
1784255872.389,6,red box,2.7921,-0.9331,1.1934,obj_0,0.06979441024865335,0
1784255872.389,7,brown scissors,2.8892,-0.6040,1.0860,obj_1,0.015490908725550853,0
1784255872.885,0,black bowl,0.0091,0.3753,1.0280,obj_7,0.014056674691352331,0
1784255872.885,1,brown teddy bear,1.4681,0.5975,1.0848,obj_4,0.02074542802315982,0
1784255872.885,2,brown bottle,1.7714,-0.9660,1.2351,obj_3,0.008094387861746037,0
1784255872.885,3,gray mug,-0.0141,-0.0040,1.0442,obj_6,0.017251440278319877,0
1784255872.885,4,brown banana,2.0212,0.5924,1.0273,obj_5,0.013139140149411055,0
1784255872.885,5,gray canned food,3.2615,-0.6382,1.1338,obj_2,0.02186269559861139,0
1784255872.885,6,red box,2.7921,-0.9331,1.1934,obj_0,0.06980093267597554,0
1784255872.885,7,brown scissors,2.8893,-0.6040,1.0860,obj_1,0.015504674658425414,0
1784255873.384,0,black bowl,0.0091,0.3753,1.0280,obj_7,0.014046362926207869,0
1784255873.384,1,brown teddy bear,1.4681,0.5975,1.0848,obj_4,0.020743855826024216,0
1784255873.384,2,brown bottle,1.7714,-0.9660,1.2351,obj_3,0.008094415335086213,0
1784255873.384,3,gray mug,-0.0141,-0.0040,1.0442,obj_6,0.017251440309031255,0
1784255873.384,4,brown banana,2.0212,0.5924,1.0273,obj_5,0.01312708717792896,0
1784255873.384,5,gray canned food,3.2615,-0.6382,1.1339,obj_2,0.021863748093895317,0
1784255873.384,6,red box,2.7921,-0.9331,1.1934,obj_0,0.0698041939076246,0
1784255873.384,7,brown scissors,2.8893,-0.6040,1.0861,obj_1,0.015511641743395798,0
1784255874.381,0,black bowl,0.0091,0.3753,1.0280,obj_7,0.01403862919651484,0
1784255874.381,1,brown teddy bear,1.4681,0.5975,1.0849,obj_4,0.020742677019342858,0
1784255874.381,2,brown bottle,1.7714,-0.9660,1.2351,obj_3,0.008094435952152984,0
1784255874.381,3,gray mug,-0.0141,-0.0040,1.0442,obj_6,0.017251440332064768,0
1784255874.381,4,brown banana,2.0212,0.5924,1.0273,obj_5,0.01311809433822342,0
1784255874.381,5,gray canned food,3.2615,-0.6382,1.1339,obj_2,0.02186453774719857,0
1784255874.381,6,red box,2.7921,-0.9331,1.1934,obj_0,0.06980663983923055,0
1784255874.381,7,brown scissors,2.8893,-0.6040,1.0861,obj_1,0.015516903797172448,0
1784255875.888,0,black bowl,0.0097,0.3754,1.0279,obj_7,0.013519879739111099,0
1784255875.888,1,brown teddy bear,1.4680,0.5974,1.0846,obj_4,0.020983861020991226,0
1784255875.888,2,brown bottle,1.7714,-0.9660,1.2351,obj_3,0.008094250223580613,0
1784255875.888,3,gray mug,-0.0141,-0.0040,1.0442,obj_6,0.017251440338782897,0
1784255875.888,4,brown banana,2.0212,0.5913,1.0275,obj_5,0.013654971701249343,0
1784255875.888,5,gray canned food,3.2616,-0.6382,1.1340,obj_2,0.021934897735648384,0
1784255875.888,6,red box,2.7920,-0.9331,1.1935,obj_0,0.06967547668158877,0
1784255875.888,7,brown scissors,2.8891,-0.6032,1.0860,obj_1,0.014895068532247382,0
1784255876.386,0,black bowl,0.0099,0.3754,1.0278,obj_7,0.013262789526702665,0
1784255876.386,1,brown teddy bear,1.4680,0.5973,1.0845,obj_4,0.021104701358837793,0
1784255876.386,2,brown bottle,1.7714,-0.9660,1.2351,obj_3,0.008094159439649484,0
1784255876.386,3,gray mug,-0.0141,-0.0040,1.0442,obj_6,0.017251440339262743,0
1784255876.386,4,brown banana,2.0213,0.5907,1.0276,obj_5,0.01395581731416576,0
1784255876.386,5,gray canned food,3.2616,-0.6382,1.1341,obj_2,0.02197058509447361,0
1784255876.386,6,red box,2.7920,-0.9331,1.1935,obj_0,0.06960960082162644,0
1784255876.386,7,brown scissors,2.8890,-0.6029,1.0860,obj_1,0.014588445817281593,0
1784255876.889,0,black bowl,0.0083,0.3754,1.0279,obj_7,0.014841495238639422,0
1784255876.889,1,brown teddy bear,1.4680,0.5973,1.0846,obj_4,0.021061682124838693,0
1784255876.889,2,brown bottle,1.7714,-0.9660,1.2351,obj_3,0.00810677981145869,0
1784255876.889,3,gray mug,-0.0141,-0.0040,1.0442,obj_6,0.01725144033950269,0
1784255876.889,4,brown banana,2.0212,0.5912,1.0274,obj_5,0.013662911791352369,0
1784255876.889,5,gray canned food,3.2616,-0.6382,1.1341,obj_2,0.02194454516188283,0
1784255876.889,6,red box,2.7920,-0.9331,1.1935,obj_0,0.0696530220758847,0
1784255876.889,7,brown scissors,2.8877,-0.6041,1.0858,obj_1,0.014472438610701592,0
1784255877.388,0,black bowl,0.0075,0.3754,1.0279,obj_7,0.01563373167452614,0
1784255877.388,1,brown teddy bear,1.4680,0.5973,1.0846,obj_4,0.021040188547533964,0
1784255877.388,2,brown bottle,1.7714,-0.9660,1.2351,obj_3,0.008113090429435872,0
1784255877.388,3,gray mug,-0.0141,-0.0040,1.0442,obj_6,0.017251440339622656,0
1784255877.388,4,brown banana,2.0212,0.5915,1.0273,obj_5,0.013524482772936887,0
1784255877.388,5,gray canned food,3.2616,-0.6382,1.1340,obj_2,0.021931604250314738,0
1784255877.388,6,red box,2.7920,-0.9331,1.1935,obj_0,0.0696747330643834,0
1784255877.388,7,brown scissors,2.8871,-0.6047,1.0857,obj_1,0.014492950790716585,0
1784255877.885,0,black bowl,0.0071,0.3753,1.0279,obj_7,0.01603044620633995,0
1784255877.885,1,brown teddy bear,1.4680,0.5973,1.0846,obj_4,0.021029445783152575,0
1784255877.885,2,brown bottle,1.7714,-0.9660,1.2351,obj_3,0.008116245846148796,0
1784255877.885,3,gray mug,-0.0141,-0.0040,1.0442,obj_6,0.017251440339682643,0
1784255877.885,4,brown banana,2.0212,0.5917,1.0273,obj_5,0.013457347465395182,0
1784255877.885,5,gray canned food,3.2616,-0.6382,1.1340,obj_2,0.021925153599102885,0
1784255877.885,6,red box,2.7920,-0.9331,1.1935,obj_0,0.06968558864887676,0
1784255877.885,7,brown scissors,2.8868,-0.6050,1.0856,obj_1,0.0145228316483474,0
1784255878.388,0,black bowl,0.0069,0.3753,1.0279,obj_7,0.016228939800792617,0
1784255878.388,1,brown teddy bear,1.4680,0.5973,1.0846,obj_4,0.02102407540882892,0
1784255878.388,2,brown bottle,1.7714,-0.9660,1.2351,obj_3,0.008117823581399687,0
1784255878.388,3,gray mug,-0.0141,-0.0040,1.0442,obj_6,0.017251440339712664,0
1784255878.388,4,brown banana,2.0212,0.5918,1.0272,obj_5,0.013424308780861267,0
1784255878.388,5,gray canned food,3.2616,-0.6382,1.1340,obj_2,0.021921933229743076,0
1784255878.388,6,red box,2.7920,-0.9331,1.1935,obj_0,0.06969101646367254,0
1784255878.388,7,brown scissors,2.8867,-0.6052,1.0856,obj_1,0.01454264877950784,0
1784255878.890,0,black bowl,0.0068,0.3753,1.0279,obj_7,0.016328219230289185,0
1784255878.890,1,brown teddy bear,1.4680,0.5973,1.0846,obj_4,0.021021390473859175,0
1784255878.890,2,brown bottle,1.7714,-0.9660,1.2351,obj_3,0.008118612455744263,0
1784255878.890,3,gray mug,-0.0141,-0.0040,1.0442,obj_6,0.01725144033972765,0
1784255878.890,4,brown banana,2.0212,0.5918,1.0272,obj_5,0.013407922825980027,0
1784255878.890,5,gray canned food,3.2616,-0.6382,1.1340,obj_2,0.02192032428476168,0
1784255878.890,6,red box,2.7920,-0.9331,1.1935,obj_0,0.06969373037670565,0
1784255878.890,7,brown scissors,2.8866,-0.6053,1.0856,obj_1,0.014553771067820409,0
1784255879.382,0,black bowl,0.0080,0.3754,1.0279,obj_7,0.01519180792983308,0
1784255879.382,1,brown teddy bear,1.4681,0.5973,1.0847,obj_4,0.020871936625498855,0
1784255879.382,2,brown bottle,1.7714,-0.9660,1.2351,obj_3,0.008112248547053214,0
1784255879.382,3,gray mug,-0.0141,-0.0040,1.0442,obj_6,0.01725144033973512,0
1784255879.382,4,brown banana,2.0212,0.5920,1.0273,obj_5,0.013304091506327624,0
1784255879.382,5,gray canned food,3.2616,-0.6382,1.1338,obj_2,0.021947352920928705,0
1784255879.382,6,red box,2.7921,-0.9331,1.1935,obj_0,0.069747977999109,0
1784255879.382,7,brown scissors,2.8878,-0.6041,1.0858,obj_1,0.01447405903048163,0
1784255879.888,0,black bowl,0.0085,0.3754,1.0278,obj_7,0.01462518106053288,0
1784255879.888,1,brown teddy bear,1.4682,0.5974,1.0848,obj_4,0.020797473763877708,0
1784255879.888,2,brown bottle,1.7714,-0.9660,1.2351,obj_3,0.008109066614810699,0
1784255879.888,3,gray mug,-0.0141,-0.0040,1.0442,obj_6,0.017251440339738872,0
1784255879.888,4,brown banana,2.0212,0.5922,1.0273,obj_5,0.013253578371591643,0
1784255879.888,5,gray canned food,3.2617,-0.6383,1.1337,obj_2,0.021961782750124854,0
1784255879.888,6,red box,2.7921,-0.9331,1.1935,obj_0,0.06977510418758541,0
1784255879.888,7,brown scissors,2.8883,-0.6035,1.0859,obj_1,0.014503884786932555,0
1784255880.388,0,black bowl,0.0088,0.3755,1.0278,obj_7,0.01434231693599831,0
1784255880.388,1,brown teddy bear,1.4682,0.5974,1.0848,obj_4,0.02076030917818649,0
1784255880.388,2,brown bottle,1.7714,-0.9660,1.2351,obj_3,0.00810747565422288,0
1784255880.388,3,gray mug,-0.0141,-0.0040,1.0442,obj_6,0.017251440339740753,0
1784255880.388,4,brown banana,2.0212,0.5922,1.0273,obj_5,0.013228677154071755,0
1784255880.388,5,gray canned food,3.2617,-0.6383,1.1336,obj_2,0.021969226024686647,0
1784255880.388,6,red box,2.7921,-0.9331,1.1935,obj_0,0.06978866787533405,0
1784255880.388,7,brown scissors,2.8886,-0.6032,1.0860,obj_1,0.014536166075284851,0
1784255880.884,0,black bowl,0.0094,0.3755,1.0278,obj_7,0.013756054842731482,0
1784255880.884,1,brown teddy bear,1.4681,0.5973,1.0847,obj_4,0.020940153823670482,0
1784255880.884,2,brown bottle,1.7714,-0.9660,1.2351,obj_3,0.008107369942752475,0
1784255880.884,3,gray mug,-0.0141,-0.0040,1.0442,obj_6,0.01725144033974167,0
1784255880.884,4,brown banana,2.0212,0.5920,1.0272,obj_5,0.013337105436819168,0
1784255880.884,5,gray canned food,3.2617,-0.6383,1.1336,obj_2,0.02197493909839249,0
1784255880.884,6,red box,2.7921,-0.9331,1.1935,obj_0,0.06979695739281522,0
1784255880.884,7,brown scissors,2.8876,-0.6046,1.0858,obj_1,0.014674639844081766,0
1784255881.387,0,black bowl,0.0097,0.3755,1.0278,obj_7,0.013463613154683522,0
1784255881.387,1,brown teddy bear,1.4681,0.5973,1.0846,obj_4,0.021030257171357307,0
1784255881.387,2,brown bottle,1.7714,-0.9660,1.2351,obj_3,0.008107319168046101,0
1784255881.387,3,gray mug,-0.0141,-0.0040,1.0442,obj_6,0.01725144033974215,0
1784255881.387,4,brown banana,2.0212,0.5918,1.0272,obj_5,0.013392941073327693,0
1784255881.387,5,gray canned food,3.2617,-0.6383,1.1336,obj_2,0.021977812233699764,0
1784255881.387,6,red box,2.7922,-0.9331,1.1935,obj_0,0.0698011029767449,0
1784255881.387,7,brown scissors,2.8871,-0.6053,1.0857,obj_1,0.014817765898265044,0
1784255881.884,0,black bowl,0.0099,0.3755,1.0278,obj_7,0.013317577903585308,0
1784255881.884,1,brown teddy bear,1.4681,0.5972,1.0845,obj_4,0.021075353424583942,0
1784255881.884,2,brown bottle,1.7714,-0.9660,1.2351,obj_3,0.008107294300961779,0
1784255881.884,3,gray mug,-0.0141,-0.0040,1.0442,obj_6,0.017251440339742415,0
1784255881.884,4,brown banana,2.0212,0.5918,1.0272,obj_5,0.013421258405639428,0
1784255881.884,5,gray canned food,3.2617,-0.6383,1.1336,obj_2,0.021979252949070743,0
1784255881.884,6,red box,2.7922,-0.9331,1.1935,obj_0,0.06980317597496434,0
1784255881.884,7,brown scissors,2.8868,-0.6056,1.0857,obj_1,0.014907260602281461,0
1784255882.383,0,black bowl,0.0100,0.3755,1.0277,obj_7,0.013244608467393238,0
1784255882.383,1,brown teddy bear,1.4681,0.5972,1.0845,obj_4,0.021097912612687293,0
1784255882.383,2,brown bottle,1.7714,-0.9660,1.2351,obj_3,0.008107281997488093,0
1784255882.383,3,gray mug,-0.0141,-0.0040,1.0442,obj_6,0.017251440339742522,0
1784255882.383,4,brown banana,2.0212,0.5917,1.0272,obj_5,0.01343551621612798,0
1784255882.383,5,gray canned food,3.2617,-0.6383,1.1336,obj_2,0.021979974343448352,0
1784255882.383,6,red box,2.7922,-0.9331,1.1935,obj_0,0.06980421252563214,0
1784255882.383,7,brown scissors,2.8867,-0.6058,1.0857,obj_1,0.014956401691013995,0
1784255882.886,0,black bowl,0.0100,0.3755,1.0277,obj_7,0.013208136029622739,0
1784255882.886,1,brown teddy bear,1.4681,0.5972,1.0845,obj_4,0.021109194961769093,0
1784255882.886,2,brown bottle,1.7714,-0.9660,1.2351,obj_3,0.00810727587826868,0
1784255882.886,3,gray mug,-0.0141,-0.0040,1.0442,obj_6,0.017251440339742578,0
1784255882.886,4,brown banana,2.0212,0.5917,1.0272,obj_5,0.013442669815603492,0
1784255882.886,5,gray canned food,3.2617,-0.6383,1.1336,obj_2,0.02198033529977994,0
1784255882.886,6,red box,2.7922,-0.9331,1.1935,obj_0,0.06980473081385492,0
1784255882.886,7,brown scissors,2.8866,-0.6059,1.0857,obj_1,0.01498205834142533,0
1784255883.384,0,black bowl,0.0096,0.3753,1.0279,obj_7,0.013594062180626443,0
1784255883.384,1,brown teddy bear,1.4681,0.5972,1.0847,obj_4,0.020938047113739908,0
1784255883.384,2,brown bottle,1.7715,-0.9660,1.2351,obj_3,0.008078621519400312,0
1784255883.384,3,gray mug,-0.0141,-0.0040,1.0442,obj_6,0.017251440339742605,0
1784255883.384,4,brown banana,2.0213,0.5914,1.0275,obj_5,0.013571454907070719,0
1784255883.384,5,gray canned food,3.2616,-0.6382,1.1338,obj_2,0.021955610339154136,0
1784255883.384,6,red box,2.7920,-0.9331,1.1936,obj_0,0.06967278521847386,0
1784255883.384,7,brown scissors,2.8880,-0.6049,1.0858,obj_1,0.015176689117954126,0
1784255883.884,0,black bowl,0.0094,0.3753,1.0279,obj_7,0.013788439622067276,0
1784255883.884,1,brown teddy bear,1.4681,0.5973,1.0848,obj_4,0.020852490494159905,0
1784255883.884,2,brown bottle,1.7715,-0.9660,1.2351,obj_3,0.008064506321620856,0
1784255883.884,3,gray mug,-0.0141,-0.0040,1.0442,obj_6,0.01725144033974262,0
1784255883.884,4,brown banana,2.0213,0.5913,1.0277,obj_5,0.013640868594969616,0
1784255883.884,5,gray canned food,3.2616,-0.6382,1.1339,obj_2,0.021944489626497147,0
1784255883.884,6,red box,2.7920,-0.9331,1.1937,obj_0,0.06960685144561216,0
1784255883.884,7,brown scissors,2.8887,-0.6044,1.0859,obj_1,0.015342047302974946,0
1784255884.386,0,black bowl,0.0093,0.3752,1.0279,obj_7,0.013885964642136733,0
1784255884.386,1,brown teddy bear,1.4681,0.5973,1.0848,obj_4,0.02080971657273342,0
1784255884.386,2,brown bottle,1.7715,-0.9660,1.2351,obj_3,0.008057502044297038,0
1784255884.386,3,gray mug,-0.0141,-0.0040,1.0442,obj_6,0.017251440339742626,0
1784255884.386,4,brown banana,2.0213,0.5912,1.0278,obj_5,0.013676808829465252,0
1784255884.386,5,gray canned food,3.2616,-0.6382,1.1340,obj_2,0.021939240278213184,0
1784255884.386,6,red box,2.7919,-0.9331,1.1937,obj_0,0.06957389434775349,0
1784255884.386,7,brown scissors,2.8890,-0.6042,1.0859,obj_1,0.015441165112770909,0
1784255884.890,0,black bowl,0.0092,0.3752,1.0280,obj_7,0.013934809169344508,0
1784255884.890,1,brown teddy bear,1.4681,0.5973,1.0848,obj_4,0.020788330717012325,0
1784255884.890,2,brown bottle,1.7715,-0.9660,1.2352,obj_3,0.008054013276679171,0
1784255884.890,3,gray mug,-0.0141,-0.0040,1.0442,obj_6,0.01725144033974263,0
1784255884.890,4,brown banana,2.0214,0.5912,1.0278,obj_5,0.01369508448644275,0
1784255884.890,5,gray canned food,3.2616,-0.6382,1.1340,obj_2,0.021936693422166937,0
1784255884.890,6,red box,2.7919,-0.9331,1.1937,obj_0,0.06955741825002548,0
1784255884.890,7,brown scissors,2.8892,-0.6041,1.0860,obj_1,0.015494745500547438,0
1784255885.383,0,black bowl,0.0092,0.3752,1.0280,obj_7,0.013959251686235553,0
1784255885.383,1,brown teddy bear,1.4681,0.5973,1.0848,obj_4,0.02077763806639494,0
1784255885.383,2,brown bottle,1.7716,-0.9660,1.2352,obj_3,0.008052272240705136,0
1784255885.383,3,gray mug,-0.0141,-0.0040,1.0442,obj_6,0.017251440339742633,0
1784255885.383,4,brown banana,2.0214,0.5912,1.0278,obj_5,0.013704298344827186,0
1784255885.383,5,gray canned food,3.2616,-0.6382,1.1341,obj_2,0.02193543945663433,0
1784255885.383,6,red box,2.7919,-0.9331,1.1937,obj_0,0.0695491808144702,0
1784255885.383,7,brown scissors,2.8893,-0.6040,1.0860,obj_1,0.015522529146945064,0
1784255885.887,0,black bowl,0.0092,0.3752,1.0280,obj_7,0.013971477977006028,0
1784255885.887,1,brown teddy bear,1.4681,0.5973,1.0848,obj_4,0.020772291810521693,0
1784255885.887,2,brown bottle,1.7716,-0.9660,1.2352,obj_3,0.008051402560310726,0
1784255885.887,3,gray mug,-0.0141,-0.0040,1.0442,obj_6,0.017251440339742633,0
1784255885.887,4,brown banana,2.0214,0.5912,1.0279,obj_5,0.013708924236873012,0
1784255885.887,5,gray canned food,3.2616,-0.6382,1.1341,obj_2,0.021934817340467882,0
1784255885.887,6,red box,2.7919,-0.9331,1.1937,obj_0,0.06954506225008304,0
1784255885.887,7,brown scissors,2.8893,-0.6040,1.0860,obj_1,0.015536667792681936,0
1784255888.382,0,black bowl,0.0086,0.3752,1.0280,obj_7,0.014560542635950887,0
1784255888.382,1,brown teddy bear,1.4681,0.5973,1.0846,obj_4,0.020988409729894218,0
1784255888.382,2,brown bottle,1.7716,-0.9661,1.2354,obj_3,0.007814613543576118,0
1784255888.382,3,gray mug,-0.0141,-0.0040,1.0442,obj_6,0.017251440339742633,0
1784255888.382,4,brown banana,2.0213,0.5914,1.0275,obj_5,0.013568302702325773,0
1784255888.382,5,gray canned food,3.2616,-0.6382,1.1340,obj_2,0.021930683447779688,0
1784255888.382,6,red box,2.7920,-0.9331,1.1936,obj_0,0.06962207953196672,0
1784255888.382,7,brown scissors,2.8881,-0.6053,1.0857,obj_1,0.015531512788579335,0
1784255888.886,0,black bowl,0.0083,0.3752,1.0280,obj_7,0.014849647516951604,0
1784255888.886,1,brown teddy bear,1.4680,0.5972,1.0845,obj_4,0.021099046977315253,0
1784255888.886,2,brown bottle,1.7716,-0.9661,1.2355,obj_3,0.007696916178440958,0
1784255888.886,3,gray mug,-0.0141,-0.0040,1.0442,obj_6,0.017251440339742633,0
1784255888.886,4,brown banana,2.0212,0.5916,1.0274,obj_5,0.013500866802351403,0
1784255888.886,5,gray canned food,3.2616,-0.6382,1.1339,obj_2,0.02192911464060051,0
1784255888.886,6,red box,2.7920,-0.9331,1.1935,obj_0,0.0696626151447393,0
1784255888.886,7,brown scissors,2.8875,-0.6059,1.0856,obj_1,0.015602571829177918,0
1784255889.384,0,black bowl,0.0081,0.3752,1.0280,obj_7,0.014994271096651702,0
1784255889.384,1,brown teddy bear,1.4680,0.5972,1.0845,obj_4,0.021154383333274025,0
1784255889.384,2,brown bottle,1.7716,-0.9661,1.2356,obj_3,0.007638143838324618,0
1784255889.384,3,gray mug,-0.0141,-0.0040,1.0442,obj_6,0.017251440339742633,0
1784255889.384,4,brown banana,2.0212,0.5917,1.0273,obj_5,0.013468433633306746,0
1784255889.384,5,gray canned food,3.2616,-0.6382,1.1339,obj_2,0.02192838224937867,0
1784255889.384,6,red box,2.7920,-0.9331,1.1935,obj_0,0.0696829070123711,0
1784255889.384,7,brown scissors,2.8872,-0.6062,1.0855,obj_1,0.01565795712417428,0
1784255889.885,0,black bowl,0.0081,0.3752,1.0280,obj_7,0.015066600073871093,0
1784255889.885,1,brown teddy bear,1.4680,0.5972,1.0844,obj_4,0.021182055903785222,0
1784255889.885,2,brown bottle,1.7716,-0.9661,1.2356,obj_3,0.007608777270026035,0
1784255889.885,3,gray mug,-0.0141,-0.0040,1.0442,obj_6,0.017251440339742633,0
1784255889.885,4,brown banana,2.0212,0.5917,1.0273,obj_5,0.013452540981191656,0
1784255889.885,5,gray canned food,3.2616,-0.6382,1.1339,obj_2,0.02192802905840634,0
1784255889.885,6,red box,2.7920,-0.9331,1.1935,obj_0,0.06969305895537034,0
1784255889.885,7,brown scissors,2.8870,-0.6064,1.0855,obj_1,0.015690557885014386,0
1784255890.384,0,black bowl,0.0080,0.3752,1.0280,obj_7,0.015102768787304054,0
1784255890.384,1,brown teddy bear,1.4680,0.5972,1.0844,obj_4,0.021195893282156205,0
1784255890.384,2,brown bottle,1.7716,-0.9661,1.2356,obj_3,0.007594098952653246,0
1784255890.384,3,gray mug,-0.0141,-0.0040,1.0442,obj_6,0.017251440339742633,0
1784255890.384,4,brown banana,2.0212,0.5917,1.0272,obj_5,0.01344467597499193,0
1784255890.384,5,gray canned food,3.2616,-0.6382,1.1339,obj_2,0.021927855714265303,0
1784255890.384,6,red box,2.7920,-0.9331,1.1934,obj_0,0.06969813642840002,0
1784255890.384,7,brown scissors,2.8869,-0.6065,1.0855,obj_1,0.015708076716171943,0
1784255891.381,0,black bowl,0.0080,0.3752,1.0280,obj_7,0.015129897154169679,0
1784255891.381,1,brown teddy bear,1.4680,0.5972,1.0844,obj_4,0.021206271793002014,0
1784255891.381,2,brown bottle,1.7716,-0.9661,1.2356,obj_3,0.007583092403362454,0
1784255891.381,3,gray mug,-0.0141,-0.0040,1.0442,obj_6,0.017251440339742633,0
1784255891.381,4,brown banana,2.0212,0.5917,1.0272,obj_5,0.013438812876029353,0
1784255891.381,5,gray canned food,3.2616,-0.6382,1.1339,obj_2,0.021927727128665128,0
1784255891.381,6,red box,2.7920,-0.9331,1.1934,obj_0,0.0697019451899129,0
1784255891.381,7,brown scissors,2.8869,-0.6066,1.0855,obj_1,0.015721746716494192,0
1784255893.887,0,black bowl,0.0081,0.3754,1.0279,obj_7,0.015026365673295372,0
1784255893.887,1,brown teddy bear,1.4681,0.5975,1.0850,obj_4,0.02062329949260078,0
1784255893.887,2,brown bottle,1.7716,-0.9660,1.2354,obj_3,0.007778956500316949,0
1784255893.887,3,gray mug,-0.0141,-0.0040,1.0442,obj_6,0.017251440339742633,0
1784255893.887,4,brown banana,2.0213,0.5913,1.0275,obj_5,0.0136556822628388,0
1784255893.887,5,gray canned food,3.2616,-0.6381,1.1337,obj_2,0.022015836493559097,0
1784255893.887,6,red box,2.7921,-0.9331,1.1935,obj_0,0.06974533062775691,0
1784255893.887,7,brown scissors,2.8878,-0.6045,1.0858,obj_1,0.014801633553219378,0
1784255894.385,0,black bowl,0.0082,0.3755,1.0278,obj_7,0.014971605968387985,0
1784255894.385,1,brown teddy bear,1.4681,0.5976,1.0852,obj_4,0.020330779713036085,0
1784255894.385,2,brown bottle,1.7716,-0.9660,1.2353,obj_3,0.00787890940252123,0
1784255894.385,3,gray mug,-0.0141,-0.0040,1.0442,obj_6,0.017251440339742633,0
1784255894.385,4,brown banana,2.0214,0.5911,1.0277,obj_5,0.013771362339116786,0
1784255894.385,5,gray canned food,3.2617,-0.6381,1.1337,obj_2,0.022060239381895025,0
1784255894.385,6,red box,2.7921,-0.9331,1.1935,obj_0,0.06976644452544817,0
1784255894.385,7,brown scissors,2.8883,-0.6035,1.0860,obj_1,0.014452238318668969,0
1784255894.888,0,black bowl,0.0082,0.3755,1.0278,obj_7,0.014944541381086645,0
1784255894.888,1,brown teddy bear,1.4681,0.5977,1.0854,obj_4,0.02018467429762846,0
1784255894.888,2,brown bottle,1.7716,-0.9660,1.2353,obj_3,0.007928957851368195,0
1784255894.888,3,gray mug,-0.0141,-0.0040,1.0442,obj_6,0.017251440339742633,0
1784255894.888,4,brown banana,2.0214,0.5910,1.0277,obj_5,0.013830739770665927,0
1784255894.888,5,gray canned food,3.2617,-0.6381,1.1336,obj_2,0.022082522309471567,0
1784255894.888,6,red box,2.7921,-0.9331,1.1935,obj_0,0.06977700555883161,0
1784255894.888,7,brown scissors,2.8885,-0.6030,1.0860,obj_1,0.01430835766289564,0
1784255895.386,0,black bowl,0.0082,0.3755,1.0278,obj_7,0.014931088405207835,0
1784255895.386,1,brown teddy bear,1.4682,0.5977,1.0855,obj_4,0.020111661190713333,0
1784255895.386,2,brown bottle,1.7716,-0.9660,1.2353,obj_3,0.007953999678971953,0
1784255895.386,3,gray mug,-0.0141,-0.0040,1.0442,obj_6,0.017251440339742633,0
1784255895.386,4,brown banana,2.0214,0.5909,1.0278,obj_5,0.013860807109396876,0
1784255895.386,5,gray canned food,3.2617,-0.6380,1.1336,obj_2,0.022093684072269054,0
1784255895.386,6,red box,2.7921,-0.9331,1.1935,obj_0,0.06978228709611689,0
1784255895.386,7,brown scissors,2.8886,-0.6027,1.0861,obj_1,0.014244408530355867,0
1784255895.887,0,black bowl,0.0082,0.3755,1.0278,obj_7,0.014924381809364135,0
1784255895.887,1,brown teddy bear,1.4682,0.5977,1.0855,obj_4,0.0200751646634942,0
1784255895.887,2,brown bottle,1.7716,-0.9660,1.2352,obj_3,0.007966524945160694,0
1784255895.887,3,gray mug,-0.0141,-0.0040,1.0442,obj_6,0.017251440339742633,0
1784255895.887,4,brown banana,2.0214,0.5909,1.0278,obj_5,0.013875934718888113,0
1784255895.887,5,gray canned food,3.2617,-0.6380,1.1336,obj_2,0.02209927001945309,0
1784255895.887,6,red box,2.7921,-0.9331,1.1935,obj_0,0.06978492811984033,0
1784255895.887,7,brown scissors,2.8887,-0.6026,1.0861,obj_1,0.014214464203188054,0
1784255896.381,0,black bowl,0.0082,0.3755,1.0278,obj_7,0.014976767343713445,0
1784255896.381,1,brown teddy bear,1.4681,0.5976,1.0853,obj_4,0.020231351852021545,0
1784255896.381,2,brown bottle,1.7716,-0.9660,1.2352,obj_3,0.00800785552064567,0
1784255896.381,3,gray mug,-0.0141,-0.0040,1.0442,obj_6,0.017251440339742633,0
1784255896.381,4,brown banana,2.0214,0.5912,1.0278,obj_5,0.013755360973457597,0
1784255896.381,5,gray canned food,3.2617,-0.6382,1.1335,obj_2,0.02202138028330863,0
1784255896.381,6,red box,2.7921,-0.9331,1.1935,obj_0,0.06971881737155494,0
1784255896.381,7,brown scissors,2.8876,-0.6041,1.0859,obj_1,0.014340170772053724,0
1784255896.889,0,black bowl,0.0082,0.3755,1.0278,obj_7,0.015003078177915794,0
1784255896.889,1,brown teddy bear,1.4681,0.5976,1.0853,obj_4,0.0203095412551724,0
1784255896.889,2,brown bottle,1.7716,-0.9660,1.2352,obj_3,0.00802852997904913,0
1784255896.889,3,gray mug,-0.0141,-0.0040,1.0442,obj_6,0.017251440339742633,0
1784255896.889,4,brown banana,2.0214,0.5913,1.0279,obj_5,0.013696182932853778,0
1784255896.889,5,gray canned food,3.2617,-0.6382,1.1335,obj_2,0.021982658796305298,0
1784255896.889,6,red box,2.7920,-0.9331,1.1935,obj_0,0.06968576485594215,0
1784255896.889,7,brown scissors,2.8871,-0.6048,1.0857,obj_1,0.014491003387028502,0
1784255897.387,0,black bowl,0.0081,0.3755,1.0278,obj_7,0.015016262930964096,0
1784255897.387,1,brown teddy bear,1.4681,0.5976,1.0852,obj_4,0.02034865958694224,0
1784255897.387,2,brown bottle,1.7716,-0.9660,1.2352,obj_3,0.008038869480281308,0
1784255897.387,3,gray mug,-0.0141,-0.0040,1.0442,obj_6,0.017251440339742633,0
1784255897.387,4,brown banana,2.0214,0.5913,1.0279,obj_5,0.013666875341380344,0
1784255897.387,5,gray canned food,3.2617,-0.6382,1.1335,obj_2,0.02196335424316202,0
1784255897.387,6,red box,2.7920,-0.9331,1.1935,obj_0,0.06966923931395541,0
1784255897.387,7,brown scissors,2.8868,-0.6052,1.0857,obj_1,0.01458773464448072,0
1784255897.886,0,black bowl,0.0081,0.3755,1.0278,obj_7,0.015022862618959328,0
1784255897.886,1,brown teddy bear,1.4681,0.5975,1.0852,obj_4,0.020368224620671734,0
1784255897.886,2,brown bottle,1.7716,-0.9659,1.2352,obj_3,0.008044039796349954,0
1784255897.886,3,gray mug,-0.0141,-0.0040,1.0442,obj_6,0.017251440339742633,0
1784255897.886,4,brown banana,2.0214,0.5914,1.0279,obj_5,0.013652292432749544,0
1784255897.886,5,gray canned food,3.2617,-0.6383,1.1335,obj_2,0.021953716057444995,0
1784255897.886,6,red box,2.7920,-0.9331,1.1935,obj_0,0.06966097672206503,0
1784255897.886,7,brown scissors,2.8866,-0.6054,1.0856,obj_1,0.014641312579651657,0
1784255898.388,0,black bowl,0.0081,0.3755,1.0278,obj_7,0.015026164288015587,0
1784255898.388,1,brown teddy bear,1.4681,0.5975,1.0852,obj_4,0.020378008599568415,0
1784255898.388,2,brown bottle,1.7716,-0.9659,1.2352,obj_3,0.008046625095429367,0
1784255898.388,3,gray mug,-0.0141,-0.0040,1.0442,obj_6,0.017251440339742633,0
1784255898.388,4,brown banana,2.0214,0.5914,1.0279,obj_5,0.01364501876658033,0
1784255898.388,5,gray canned food,3.2616,-0.6383,1.1335,obj_2,0.021948900492716302,0
1784255898.388,6,red box,2.7920,-0.9331,1.1935,obj_0,0.06965684547091429,0
1784255898.388,7,brown scissors,2.8866,-0.6055,1.0856,obj_1,0.014669388371406886,0
1784255898.884,0,black bowl,0.0084,0.3752,1.0279,obj_7,0.014752962601252417,0
1784255898.884,1,brown teddy bear,1.4680,0.5974,1.0849,obj_4,0.020666325957576507,0
1784255898.884,2,brown bottle,1.7717,-0.9659,1.2356,obj_3,0.007620167710758035,0
1784255898.884,3,gray mug,-0.0141,-0.0040,1.0442,obj_6,0.017251440339742633,0
1784255898.884,4,brown banana,2.0214,0.5914,1.0279,obj_5,0.013601002980984551,0
1784255898.884,5,gray canned food,3.2617,-0.6383,1.1335,obj_2,0.02196939008358858,0
1784255898.884,6,red box,2.7920,-0.9331,1.1936,obj_0,0.0696223686885225,0
1784255898.884,7,brown scissors,2.8866,-0.6057,1.0856,obj_1,0.014858812316855154,0
1784255899.386,0,black bowl,0.0085,0.3751,1.0279,obj_7,0.014617609837807126,0
1784255899.386,1,brown teddy bear,1.4680,0.5974,1.0848,obj_4,0.020810640743976948,0
1784255899.386,2,brown bottle,1.7717,-0.9659,1.2358,obj_3,0.007407434167874698,0
1784255899.386,3,gray mug,-0.0141,-0.0040,1.0442,obj_6,0.017251440339742633,0
1784255899.386,4,brown banana,2.0214,0.5914,1.0279,obj_5,0.01357900072900489,0
1784255899.386,5,gray canned food,3.2617,-0.6383,1.1335,obj_2,0.021979692698630243,0
1784255899.386,6,red box,2.7920,-0.9331,1.1937,obj_0,0.06960518007819019,0
1784255899.386,7,brown scissors,2.8866,-0.6058,1.0856,obj_1,0.014954130052748793,0
1784255899.888,0,black bowl,0.0086,0.3751,1.0279,obj_7,0.014550255658397175,0
1784255899.888,1,brown teddy bear,1.4680,0.5973,1.0847,obj_4,0.020882836220323216,0
1784255899.888,2,brown bottle,1.7717,-0.9658,1.2359,obj_3,0.007301203814829149,0
1784255899.888,3,gray mug,-0.0141,-0.0040,1.0442,obj_6,0.017251440339742633,0
1784255899.888,4,brown banana,2.0214,0.5914,1.0279,obj_5,0.013568001021224163,0
1784255899.888,5,gray canned food,3.2617,-0.6383,1.1336,obj_2,0.02198485843737731,0
1784255899.888,6,red box,2.7920,-0.9331,1.1937,obj_0,0.06959659822900527,0
1784255899.888,7,brown scissors,2.8866,-0.6059,1.0856,obj_1,0.015001936999108493,0
1784255900.383,0,black bowl,0.0093,0.3753,1.0279,obj_7,0.013876036733727571,0
1784255900.383,1,brown teddy bear,1.4680,0.5973,1.0847,obj_4,0.0209426410877971,0
1784255900.383,2,brown bottle,1.7717,-0.9658,1.2358,obj_3,0.007347074427015649,0
1784255900.383,3,gray mug,-0.0141,-0.0040,1.0442,obj_6,0.017251440339742633,0
1784255900.383,4,brown banana,2.0213,0.5915,1.0279,obj_5,0.013496641673251228,0
1784255900.383,5,gray canned food,3.2616,-0.6382,1.1337,obj_2,0.021917369055956936,0
1784255900.383,6,red box,2.7920,-0.9331,1.1935,obj_0,0.0696275009374242,0
1784255900.383,7,brown scissors,2.8877,-0.6042,1.0858,obj_1,0.014510835381626919,0
1784255900.887,0,black bowl,0.0096,0.3754,1.0278,obj_7,0.01354038999089015,0
1784255900.887,1,brown teddy bear,1.4680,0.5973,1.0846,obj_4,0.02097256206956668,0
1784255900.887,2,brown bottle,1.7717,-0.9658,1.2358,obj_3,0.007370016894965176,0
1784255900.887,3,gray mug,-0.0141,-0.0040,1.0442,obj_6,0.017251440339742633,0
1784255900.887,4,brown banana,2.0213,0.5916,1.0279,obj_5,0.013461295767873497,0
1784255900.887,5,gray canned food,3.2616,-0.6382,1.1337,obj_2,0.021883858912191804,0
1784255900.887,6,red box,2.7920,-0.9331,1.1934,obj_0,0.06964315998428651,0
1784255900.887,7,brown scissors,2.8883,-0.6034,1.0859,obj_1,0.014366229644066664,0
1784255901.385,0,black bowl,0.0098,0.3754,1.0278,obj_7,0.013372964457955838,0
1784255901.385,1,brown teddy bear,1.4680,0.5972,1.0846,obj_4,0.02098752717432536,0
1784255901.385,2,brown bottle,1.7717,-0.9658,1.2358,obj_3,0.007381489899928078,0
1784255901.385,3,gray mug,-0.0141,-0.0040,1.0442,obj_6,0.017251440339742633,0
1784255901.385,4,brown banana,2.0213,0.5916,1.0279,obj_5,0.013443707026994083,0
1784255901.385,5,gray canned food,3.2615,-0.6382,1.1337,obj_2,0.021867162792096585,0
1784255901.385,6,red box,2.7920,-0.9331,1.1933,obj_0,0.06965104139015933,0
1784255901.385,7,brown scissors,2.8885,-0.6030,1.0859,obj_1,0.01432021066544303,0
1784255901.884,0,black bowl,0.0099,0.3755,1.0278,obj_7,0.013289355539352114,0
1784255901.884,1,brown teddy bear,1.4680,0.5972,1.0846,obj_4,0.02099501087729577,0
1784255901.884,2,brown bottle,1.7717,-0.9658,1.2358,obj_3,0.00738722684275011,0
1784255901.884,3,gray mug,-0.0141,-0.0040,1.0442,obj_6,0.017251440339742633,0
1784255901.884,4,brown banana,2.0213,0.5916,1.0279,obj_5,0.013434933806090017,0
1784255901.884,5,gray canned food,3.2615,-0.6382,1.1337,obj_2,0.021858829509430546,0
1784255901.884,6,red box,2.7920,-0.9331,1.1933,obj_0,0.06965499505857795,0
1784255901.884,7,brown scissors,2.8887,-0.6027,1.0860,obj_1,0.014303856705481574,0
1784255902.381,0,black bowl,0.0099,0.3755,1.0278,obj_7,0.013247577615678787,0
1784255902.381,1,brown teddy bear,1.4680,0.5972,1.0846,obj_4,0.020998753016070074,0
1784255902.381,2,brown bottle,1.7717,-0.9658,1.2358,obj_3,0.0073900954239472525,0
1784255902.381,3,gray mug,-0.0141,-0.0040,1.0442,obj_6,0.017251440339742633,0
1784255902.381,4,brown banana,2.0213,0.5917,1.0279,obj_5,0.013430552495117374,0
1784255902.381,5,gray canned food,3.2615,-0.6382,1.1338,obj_2,0.021854666567375218,0
1784255902.381,6,red box,2.7920,-0.9331,1.1933,obj_0,0.06965697513351464,0
1784255902.381,7,brown scissors,2.8887,-0.6026,1.0860,obj_1,0.01429735094685658,0
1784255902.886,0,black bowl,0.0093,0.3754,1.0279,obj_7,0.013852589047750106,0
1784255902.886,1,brown teddy bear,1.4680,0.5973,1.0847,obj_4,0.02088785749551023,0
1784255902.886,2,brown bottle,1.7717,-0.9660,1.2358,obj_3,0.0074304523735670555,0
1784255902.886,3,gray mug,-0.0141,-0.0040,1.0442,obj_6,0.017251440339742633,0
1784255902.886,4,brown banana,2.0213,0.5920,1.0276,obj_5,0.013309052094547502,0
1784255902.886,5,gray canned food,3.2615,-0.6382,1.1338,obj_2,0.021842718826762954,0
1784255902.886,6,red box,2.7920,-0.9331,1.1934,obj_0,0.06964844921495555,0
1784255902.886,7,brown scissors,2.8888,-0.6026,1.0860,obj_1,0.014308048806045639,0
1784255903.383,0,black bowl,0.0090,0.3754,1.0279,obj_7,0.01415610694372768,0
1784255903.383,1,brown teddy bear,1.4680,0.5973,1.0848,obj_4,0.02083242922486332,0
1784255903.383,2,brown bottle,1.7716,-0.9661,1.2357,obj_3,0.0074523498323795425,0
1784255903.383,3,gray mug,-0.0141,-0.0040,1.0442,obj_6,0.017251440339742633,0
1784255903.383,4,brown banana,2.0213,0.5922,1.0274,obj_5,0.013253696539698611,0
1784255903.383,5,gray canned food,3.2615,-0.6382,1.1338,obj_2,0.021836749077412974,0
1784255903.383,6,red box,2.7920,-0.9331,1.1935,obj_0,0.0696442372220223,0
1784255903.383,7,brown scissors,2.8888,-0.6026,1.0860,obj_1,0.01431351757820664,0
1784255903.895,0,black bowl,0.0095,0.3754,1.0279,obj_7,0.013680967701839191,0
1784255903.895,1,brown teddy bear,1.4680,0.5973,1.0848,obj_4,0.02081533133651141,0
1784255903.895,2,brown bottle,1.7715,-0.9660,1.2355,obj_3,0.0077561636494877795,0
1784255903.895,3,gray mug,-0.0141,-0.0040,1.0442,obj_6,0.017251440339742633,0
1784255903.895,4,brown banana,2.0212,0.5922,1.0274,obj_5,0.013229725277157971,0
1784255903.895,5,gray canned food,3.2616,-0.6382,1.1337,obj_2,0.021955003892610885,0
1784255903.895,6,red box,2.7920,-0.9331,1.1934,obj_0,0.06962938502318922,0
1784255903.895,7,brown scissors,2.8878,-0.6046,1.0858,obj_1,0.01482537752215533,0
1784255904.382,0,black bowl,0.0097,0.3754,1.0279,obj_7,0.01344394631532448,0
1784255904.382,1,brown teddy bear,1.4680,0.5973,1.0848,obj_4,0.020806785118796686,0
1784255904.382,2,brown bottle,1.7715,-0.9660,1.2353,obj_3,0.007908233317353332,0
1784255904.382,3,gray mug,-0.0141,-0.0040,1.0442,obj_6,0.017251440339742633,0
1784255904.382,4,brown banana,2.0212,0.5922,1.0273,obj_5,0.01321801303261524,0
1784255904.382,5,gray canned food,3.2617,-0.6382,1.1337,obj_2,0.022014256454244756,0
1784255904.382,6,red box,2.7920,-0.9331,1.1934,obj_0,0.06962195939325411,0
1784255904.382,7,brown scissors,2.8873,-0.6056,1.0857,obj_1,0.015200661546179954,0
1784255904.886,0,black bowl,0.0099,0.3754,1.0278,obj_7,0.013325581218100133,0
1784255904.886,1,brown teddy bear,1.4680,0.5973,1.0848,obj_4,0.020802512692534934,0
1784255904.886,2,brown bottle,1.7715,-0.9660,1.2352,obj_3,0.007984306129405283,0
1784255904.886,3,gray mug,-0.0141,-0.0040,1.0442,obj_6,0.017251440339742633,0
1784255904.886,4,brown banana,2.0212,0.5923,1.0273,obj_5,0.01321222547031859,0
1784255904.886,5,gray canned food,3.2617,-0.6382,1.1337,obj_2,0.022043913729370906,0
1784255904.886,6,red box,2.7920,-0.9331,1.1934,obj_0,0.06961824669570048,0
1784255904.886,7,brown scissors,2.8870,-0.6061,1.0856,obj_1,0.015415802018228982,0
1784255905.392,0,black bowl,0.0089,0.3753,1.0279,obj_7,0.014230548822102678,0
1784255905.392,1,brown teddy bear,1.4681,0.5973,1.0847,obj_4,0.02088198934192732,0
1784255905.392,2,brown bottle,1.7715,-0.9660,1.2352,obj_3,0.008021505480654228,0
1784255905.392,3,gray mug,-0.0141,-0.0040,1.0442,obj_6,0.017251440339742633,0
1784255905.392,4,brown banana,2.0213,0.5917,1.0276,obj_5,0.013467798522338974,0
1784255905.392,5,gray canned food,3.2616,-0.6382,1.1338,obj_2,0.021961753311397002,0
1784255905.392,6,red box,2.7920,-0.9331,1.1934,obj_0,0.06966103240662068,0
1784255905.392,7,brown scissors,2.8868,-0.6061,1.0855,obj_1,0.015316946162892016,0
1784255905.892,0,black bowl,0.0085,0.3753,1.0279,obj_7,0.014684482931572814,0
1784255905.892,1,brown teddy bear,1.4681,0.5973,1.0847,obj_4,0.020921742050715307,0
1784255905.892,2,brown bottle,1.7715,-0.9660,1.2352,obj_3,0.008040107671395976,0
1784255905.892,3,gray mug,-0.0141,-0.0040,1.0442,obj_6,0.017251440339742633,0
1784255905.892,4,brown banana,2.0214,0.5914,1.0277,obj_5,0.013604721410056088,0
1784255905.892,5,gray canned food,3.2616,-0.6382,1.1338,obj_2,0.021920888628319264,0
1784255905.892,6,red box,2.7920,-0.9331,1.1933,obj_0,0.0696824503574768,0
1784255905.892,7,brown scissors,2.8867,-0.6061,1.0855,obj_1,0.01526854389912379,0
1784255906.384,0,black bowl,0.0082,0.3753,1.0280,obj_7,0.01491177396346421,0
1784255906.384,1,brown teddy bear,1.4681,0.5973,1.0847,obj_4,0.020941621977242714,0
1784255906.384,2,brown bottle,1.7715,-0.9660,1.2352,obj_3,0.008049409390460349,0
1784255906.384,3,gray mug,-0.0141,-0.0040,1.0442,obj_6,0.017251440339742633,0
1784255906.384,4,brown banana,2.0214,0.5913,1.0278,obj_5,0.013675388237832407,0
1784255906.384,5,gray canned food,3.2616,-0.6382,1.1338,obj_2,0.021900510520607527,0
1784255906.384,6,red box,2.7920,-0.9331,1.1933,obj_0,0.06969316560000771,0
1784255906.384,7,brown scissors,2.8866,-0.6061,1.0855,obj_1,0.015244602047771153,0
1784255906.896,0,black bowl,0.0089,0.3754,1.0279,obj_7,0.014256875574689288,0
1784255906.896,1,brown teddy bear,1.4681,0.5974,1.0848,obj_4,0.020846418134628432,0
1784255906.896,2,brown bottle,1.7715,-0.9660,1.2352,obj_3,0.008019306852229867,0
1784255906.896,3,gray mug,-0.0141,-0.0040,1.0442,obj_6,0.017251440339742633,0
1784255906.896,4,brown banana,2.0213,0.5919,1.0276,obj_5,0.013387104904541706,0
1784255906.896,5,gray canned food,3.2616,-0.6382,1.1337,obj_2,0.021959380824318513,0
1784255906.896,6,red box,2.7921,-0.9331,1.1934,obj_0,0.06974132595660755,0
1784255906.896,7,brown scissors,2.8867,-0.6064,1.0855,obj_1,0.015463850028099942,0
1784255907.388,0,black bowl,0.0092,0.3755,1.0279,obj_7,0.013923526878667982,0
1784255907.388,1,brown teddy bear,1.4680,0.5975,1.0847,obj_4,0.020881451246812004,0
1784255907.388,2,brown bottle,1.7714,-0.9660,1.2352,obj_3,0.00799296011699489,0
1784255907.388,3,gray mug,-0.0140,-0.0040,1.0441,obj_6,0.017163718095241035,0
1784255907.388,4,brown banana,2.0213,0.5922,1.0275,obj_5,0.01325142729039098,0
1784255907.388,5,gray canned food,3.2617,-0.6382,1.1336,obj_2,0.02198915247072363,0
1784255907.388,6,red box,2.7921,-0.9331,1.1935,obj_0,0.0697654646311347,0
1784255907.388,7,brown scissors,2.8867,-0.6065,1.0855,obj_1,0.01557365692100455,0
1784255907.886,0,black bowl,0.0073,0.3754,1.0279,obj_7,0.015805459775397223,0
1784255907.886,1,brown teddy bear,1.4679,0.5974,1.0846,obj_4,0.021033012702569492,0
1784255907.886,2,brown bottle,1.7715,-0.9659,1.2352,obj_3,0.007974061361883106,0
1784255907.886,3,gray mug,-0.0140,-0.0040,1.0441,obj_6,0.017120006402615275,0
1784255907.886,4,brown banana,2.0214,0.5917,1.0277,obj_5,0.013493416529378055,0
1784255907.886,5,gray canned food,3.2617,-0.6383,1.1336,obj_2,0.021985693998088227,0
1784255907.886,6,red box,2.7921,-0.9331,1.1935,obj_0,0.06976101597580224,0
1784255907.886,7,brown scissors,2.8878,-0.6047,1.0857,obj_1,0.014955480419735032,0
1784255908.386,0,black bowl,0.0064,0.3754,1.0280,obj_7,0.016749937842634424,0
1784255908.386,1,brown teddy bear,1.4678,0.5973,1.0845,obj_4,0.021108990791016056,0
1784255908.386,2,brown bottle,1.7715,-0.9659,1.2352,obj_3,0.007964704045952646,0
1784255908.386,3,gray mug,-0.0139,-0.0041,1.0441,obj_6,0.0170981882482604,0
1784255908.386,4,brown banana,2.0214,0.5914,1.0278,obj_5,0.01362089001214177,0
1784255908.386,5,gray canned food,3.2617,-0.6383,1.1336,obj_2,0.02198399217846129,0
1784255908.386,6,red box,2.7921,-0.9331,1.1935,obj_0,0.06975879393472458,0
1784255908.386,7,brown scissors,2.8884,-0.6038,1.0858,obj_1,0.014745162919417616,0
1784255908.886,0,black bowl,0.0059,0.3754,1.0280,obj_7,0.017222886437850405,0
1784255908.886,1,brown teddy bear,1.4678,0.5973,1.0845,obj_4,0.02114702855533341,0
1784255908.886,2,brown bottle,1.7715,-0.9659,1.2353,obj_3,0.007960048498320795,0
1784255908.886,3,gray mug,-0.0139,-0.0041,1.0441,obj_6,0.01708728863620226,0
1784255908.886,4,brown banana,2.0214,0.5913,1.0278,obj_5,0.013686194339121023,0
1784255908.886,5,gray canned food,3.2617,-0.6383,1.1336,obj_2,0.02198314812468556,0
1784255908.886,6,red box,2.7921,-0.9331,1.1935,obj_0,0.06975768348589712,0
1784255908.886,7,brown scissors,2.8886,-0.6034,1.0859,obj_1,0.014666081792182772,0
1784255909.384,0,black bowl,0.0056,0.3754,1.0280,obj_7,0.01745952131396419,0
1784255909.384,1,brown teddy bear,1.4678,0.5973,1.0844,obj_4,0.021166059540929212,0
1784255909.384,2,brown bottle,1.7715,-0.9659,1.2353,obj_3,0.007957726513933174,0
1784255909.384,3,gray mug,-0.0139,-0.0041,1.0441,obj_6,0.017081841201738713,0
1784255909.384,4,brown banana,2.0214,0.5912,1.0278,obj_5,0.01371923190912072,0
1784255909.384,5,gray canned food,3.2617,-0.6383,1.1336,obj_2,0.021982727812037462,0
1784255909.384,6,red box,2.7921,-0.9331,1.1935,obj_0,0.06975712840441863,0
1784255909.384,7,brown scissors,2.8888,-0.6032,1.0859,obj_1,0.014633194114042002,0
1784255909.887,0,black bowl,0.0055,0.3754,1.0280,obj_7,0.01757787700546222,0
1784255909.887,1,brown teddy bear,1.4678,0.5973,1.0844,obj_4,0.02117557805006984,0
1784255909.887,2,brown bottle,1.7715,-0.9659,1.2353,obj_3,0.007956566970575698,0
1784255909.887,3,gray mug,-0.0139,-0.0041,1.0441,obj_6,0.01707911807806026,0
1784255909.887,4,brown banana,2.0214,0.5912,1.0279,obj_5,0.013735846237003652,0
1784255909.887,5,gray canned food,3.2617,-0.6383,1.1336,obj_2,0.021982518084302544,0
1784255909.887,6,red box,2.7921,-0.9331,1.1935,obj_0,0.06975685089941476,0
1784255909.887,7,brown scissors,2.8888,-0.6031,1.0859,obj_1,0.014618427255028236,0
1784255910.399,0,black bowl,0.0053,0.3754,1.0280,obj_7,0.017785733656420267,0
1784255910.399,1,brown teddy bear,1.4678,0.5973,1.0846,obj_4,0.021053982337572767,0
1784255910.399,2,brown bottle,1.7715,-0.9659,1.2352,obj_3,0.007975403456258552,0
1784255910.399,3,gray mug,-0.0139,-0.0041,1.0441,obj_6,0.017077756664692165,0
1784255910.399,4,brown banana,2.0213,0.5918,1.0276,obj_5,0.013392963935990402,0
1784255910.399,5,gray canned food,3.2617,-0.6383,1.1336,obj_2,0.021988304174578966,0
1784255910.399,6,red box,2.7921,-0.9331,1.1935,obj_0,0.06974185162788249,0
1784255910.399,7,brown scissors,2.8889,-0.6030,1.0859,obj_1,0.014600580587095483,0
1784255910.882,0,black bowl,0.0052,0.3754,1.0280,obj_7,0.017889679767882437,0
1784255910.882,1,brown teddy bear,1.4678,0.5973,1.0846,obj_4,0.020993193464853618,0
1784255910.882,2,brown bottle,1.7715,-0.9659,1.2352,obj_3,0.007984838904643564,0
1784255910.882,3,gray mug,-0.0139,-0.0041,1.0441,obj_6,0.017077075995136283,0
1784255910.882,4,brown banana,2.0213,0.5922,1.0275,obj_5,0.013231733742556283,0
1784255910.882,5,gray canned food,3.2617,-0.6383,1.1336,obj_2,0.021991199547711834,0
1784255910.882,6,red box,2.7921,-0.9331,1.1935,obj_0,0.06973435212321587,0
1784255910.882,7,brown scissors,2.8889,-0.6030,1.0859,obj_1,0.014591838038154724,0
1784255911.385,0,black bowl,0.0052,0.3754,1.0280,obj_7,0.01794165717994949,0
1784255911.385,1,brown teddy bear,1.4679,0.5974,1.0846,obj_4,0.020962801297171693,0
1784255911.385,2,brown bottle,1.7715,-0.9659,1.2352,obj_3,0.00798956091245073,0
1784255911.385,3,gray mug,-0.0139,-0.0041,1.0441,obj_6,0.01707673566964167,0
1784255911.385,4,brown banana,2.0212,0.5923,1.0275,obj_5,0.013153782633648019,0
1784255911.385,5,gray canned food,3.2617,-0.6383,1.1336,obj_2,0.02199264781600875,0
1784255911.385,6,red box,2.7921,-0.9331,1.1935,obj_0,0.0697306024036698,0
1784255911.385,7,brown scissors,2.8889,-0.6029,1.0859,obj_1,0.014587512055235051,0
1784255911.883,0,black bowl,0.0051,0.3754,1.0280,obj_7,0.01796764696404035,0
1784255911.883,1,brown teddy bear,1.4679,0.5974,1.0847,obj_4,0.020947605783380303,0
1784255911.883,2,brown bottle,1.7715,-0.9659,1.2352,obj_3,0.00799192298504378,0
1784255911.883,3,gray mug,-0.0139,-0.0041,1.0441,obj_6,0.01707656550921534,0
1784255911.883,4,brown banana,2.0212,0.5924,1.0274,obj_5,0.013115487048614382,0
1784255911.883,5,gray canned food,3.2617,-0.6383,1.1336,obj_2,0.021993372095555942,0
1784255911.883,6,red box,2.7921,-0.9331,1.1935,obj_0,0.06972872755209554,0
1784255911.883,7,brown scissors,2.8889,-0.6029,1.0859,obj_1,0.01458536039844802,0
1784255912.888,0,black bowl,0.0051,0.3754,1.0280,obj_7,0.017987139771203007,0
1784255912.888,1,brown teddy bear,1.4679,0.5974,1.0847,obj_4,0.02093620939811194,0
1784255912.888,2,brown bottle,1.7715,-0.9659,1.2352,obj_3,0.007993695006522384,0
1784255912.888,3,gray mug,-0.0139,-0.0041,1.0441,obj_6,0.0170764378899111,0
1784255912.888,4,brown banana,2.0212,0.5925,1.0274,obj_5,0.013087066122949818,0
1784255912.888,5,gray canned food,3.2617,-0.6383,1.1336,obj_2,0.021993915368820612,0
1784255912.888,6,red box,2.7921,-0.9331,1.1935,obj_0,0.06972732141700175,0
1784255912.888,7,brown scissors,2.8889,-0.6029,1.0859,obj_1,0.014583751617523464,0
1784255913.384,0,black bowl,0.0059,0.3751,1.0280,obj_7,0.017202700732451462,0
1784255913.384,1,brown teddy bear,1.4678,0.5972,1.0844,obj_4,0.021186720516996528,0
1784255913.384,2,brown bottle,1.7714,-0.9659,1.2352,obj_3,0.007976705488289881,0
1784255913.384,3,gray mug,-0.0139,-0.0041,1.0441,obj_6,0.017076416620111657,0
1784255913.384,4,brown banana,2.0212,0.5925,1.0274,obj_5,0.013101614258760892,0
1784255913.384,5,gray canned food,3.2616,-0.6382,1.1338,obj_2,0.021939712246605056,0
1784255913.384,6,red box,2.7921,-0.9331,1.1934,obj_0,0.06975462399478066,0
1784255913.384,7,brown scissors,2.8878,-0.6046,1.0857,obj_1,0.014883247046101038,0
1784255913.886,0,black bowl,0.0063,0.3750,1.0280,obj_7,0.016811940149600246,0
1784255913.886,1,brown teddy bear,1.4678,0.5972,1.0843,obj_4,0.021312166661606118,0
1784255913.886,2,brown bottle,1.7714,-0.9660,1.2353,obj_3,0.007968546829134086,0
1784255913.886,3,gray mug,-0.0139,-0.0041,1.0441,obj_6,0.01707640598522103,0
1784255913.886,4,brown banana,2.0212,0.5925,1.0274,obj_5,0.013108890569611934,0
1784255913.886,5,gray canned food,3.2616,-0.6382,1.1338,obj_2,0.02191317665896941,0
1784255913.886,6,red box,2.7921,-0.9331,1.1934,obj_0,0.06976829479763609,0
1784255913.886,7,brown scissors,2.8872,-0.6055,1.0856,obj_1,0.015135060098293535,0
1784255914.388,0,black bowl,0.0065,0.3750,1.0280,obj_7,0.01661695463987442,0
1784255914.388,1,brown teddy bear,1.4678,0.5971,1.0843,obj_4,0.021374936401874354,0
1784255914.388,2,brown bottle,1.7714,-0.9660,1.2353,obj_3,0.007964551828903562,0
1784255914.388,3,gray mug,-0.0139,-0.0041,1.0441,obj_6,0.017076400667777956,0
1784255914.388,4,brown banana,2.0212,0.5925,1.0274,obj_5,0.013112529284685174,0
1784255914.388,5,gray canned food,3.2616,-0.6382,1.1339,obj_2,0.021900050961769876,0
1784255914.388,6,red box,2.7921,-0.9331,1.1934,obj_0,0.06977513507421092,0
1784255914.388,7,brown scissors,2.8870,-0.6059,1.0856,obj_1,0.015285160823900638,0
1784255914.884,0,black bowl,0.0073,0.3750,1.0280,obj_7,0.015809859388261713,0
1784255914.884,1,brown teddy bear,1.4678,0.5972,1.0843,obj_4,0.021288221054568065,0
1784255914.884,2,brown bottle,1.7714,-0.9660,1.2352,obj_3,0.00798124922801499,0
1784255914.884,3,gray mug,-0.0139,-0.0041,1.0441,obj_6,0.01707639800905701,0
1784255914.884,4,brown banana,2.0213,0.5920,1.0277,obj_5,0.013331814477604398,0
1784255914.884,5,gray canned food,3.2616,-0.6382,1.1338,obj_2,0.02186724652643719,0
1784255914.884,6,red box,2.7921,-0.9331,1.1934,obj_0,0.06978186470815896,0
1784255914.884,7,brown scissors,2.8879,-0.6041,1.0858,obj_1,0.014561517485445801,0
1784255915.382,0,black bowl,0.0077,0.3750,1.0280,obj_7,0.015430113704407325,0
1784255915.382,1,brown teddy bear,1.4677,0.5972,1.0845,obj_4,0.021187445233998393,0
1784255915.382,2,brown bottle,1.7714,-0.9660,1.2352,obj_3,0.008062985322830766,0
1784255915.382,3,gray mug,-0.0141,-0.0040,1.0442,obj_6,0.017184764487046877,0
1784255915.382,4,brown banana,2.0214,0.5918,1.0278,obj_5,0.013448282528057772,0
1784255915.382,5,gray canned food,3.2615,-0.6382,1.1338,obj_2,0.02185093761532579,0
1784255915.382,6,red box,2.7921,-0.9331,1.1934,obj_0,0.06978523272560899,0
1784255915.382,7,brown scissors,2.8883,-0.6032,1.0859,obj_1,0.014295296297540465,0
1784255915.890,0,black bowl,0.0079,0.3750,1.0280,obj_7,0.015240452766700685,0
1784255915.890,1,brown teddy bear,1.4676,0.5972,1.0845,obj_4,0.021137250276669524,0
1784255915.890,2,brown bottle,1.7715,-0.9660,1.2351,obj_3,0.008103900743792672,0
1784255915.890,3,gray mug,-0.0141,-0.0040,1.0443,obj_6,0.017239439625732263,0
1784255915.890,4,brown banana,2.0214,0.5916,1.0279,obj_5,0.013508172178108721,0
1784255915.890,5,gray canned food,3.2615,-0.6382,1.1338,obj_2,0.02184280654745484,0
1784255915.890,6,red box,2.7921,-0.9331,1.1934,obj_0,0.06978691753431791,0
1784255915.890,7,brown scissors,2.8885,-0.6027,1.0859,obj_1,0.014187796465372268,0
1784255916.389,0,black bowl,0.0080,0.3750,1.0280,obj_7,0.01514567759641563,0
1784255916.389,1,brown teddy bear,1.4676,0.5972,1.0845,obj_4,0.021112201438037763,0
1784255916.389,2,brown bottle,1.7715,-0.9660,1.2351,obj_3,0.008124370088965292,0
1784255916.389,3,gray mug,-0.0142,-0.0040,1.0443,obj_6,0.01726689881017507,0
1784255916.389,4,brown banana,2.0214,0.5916,1.0279,obj_5,0.01353852454521921,0
1784255916.389,5,gray canned food,3.2615,-0.6382,1.1338,obj_2,0.021838746868064914,0
1784255916.389,6,red box,2.7921,-0.9331,1.1934,obj_0,0.06978776013865122,0
1784255916.389,7,brown scissors,2.8886,-0.6025,1.0860,obj_1,0.014140629748340504,0
1784255916.883,0,black bowl,0.0080,0.3750,1.0280,obj_7,0.015098304139689888,0
1784255916.883,1,brown teddy bear,1.4676,0.5972,1.0845,obj_4,0.021099689229280554,0
1784255916.883,2,brown bottle,1.7715,-0.9660,1.2351,obj_3,0.008134607644611052,0
1784255916.883,3,gray mug,-0.0142,-0.0040,1.0443,obj_6,0.017280658637266768,0
1784255916.883,4,brown banana,2.0214,0.5916,1.0279,obj_5,0.013553801818408276,0
1784255916.883,5,gray canned food,3.2615,-0.6382,1.1338,obj_2,0.021836718492959543,0
1784255916.883,6,red box,2.7921,-0.9331,1.1934,obj_0,0.06978818149081074,0
1784255916.883,7,brown scissors,2.8887,-0.6024,1.0860,obj_1,0.014118712104640569,0
1784255917.384,0,black bowl,0.0081,0.3750,1.0280,obj_7,0.015074620982284084,0
1784255917.384,1,brown teddy bear,1.4676,0.5972,1.0845,obj_4,0.021093436183880696,0
1784255917.384,2,brown bottle,1.7715,-0.9660,1.2351,obj_3,0.008139727140026072,0
1784255917.384,3,gray mug,-0.0142,-0.0040,1.0443,obj_6,0.01728754608848482,0
1784255917.384,4,brown banana,2.0214,0.5915,1.0279,obj_5,0.013561465627931441,0
1784255917.384,5,gray canned food,3.2615,-0.6382,1.1338,obj_2,0.021835704671672836,0
1784255917.384,6,red box,2.7921,-0.9331,1.1934,obj_0,0.06978839217938858,0
1784255917.384,7,brown scissors,2.8887,-0.6023,1.0860,obj_1,0.014108172018804427,0
1784255917.887,0,black bowl,0.0081,0.3750,1.0280,obj_7,0.015062780301233364,0
1784255917.887,1,brown teddy bear,1.4676,0.5972,1.0846,obj_4,0.02109031042671928,0
1784255917.887,2,brown bottle,1.7715,-0.9660,1.2351,obj_3,0.008142287066736979,0
1784255917.887,3,gray mug,-0.0142,-0.0040,1.0443,obj_6,0.01729099169588549,0
1784255917.887,4,brown banana,2.0214,0.5915,1.0279,obj_5,0.013565303813491362,0
1784255917.887,5,gray canned food,3.2615,-0.6382,1.1338,obj_2,0.021835197852610958,0
1784255917.887,6,red box,2.7921,-0.9331,1.1934,obj_0,0.06978849752680176,0
1784255917.887,7,brown scissors,2.8887,-0.6023,1.0860,obj_1,0.014103006936438978,0
1784255919.387,0,black bowl,0.0081,0.3750,1.0280,obj_7,0.015052420197713998,0
1784255919.387,1,brown teddy bear,1.4676,0.5972,1.0846,obj_4,0.02108757580809727,0
1784255919.387,2,brown bottle,1.7715,-0.9660,1.2351,obj_3,0.008144527100382092,0
1784255919.387,3,gray mug,-0.0142,-0.0040,1.0443,obj_6,0.017294007630671408,0
1784255919.387,4,brown banana,2.0214,0.5915,1.0279,obj_5,0.01356866565690434,0
1784255919.387,5,gray canned food,3.2615,-0.6382,1.1338,obj_2,0.021834754436020044,0
1784255919.387,6,red box,2.7921,-0.9331,1.1934,obj_0,0.06978858970749703,0
1784255919.387,7,brown scissors,2.8888,-0.6023,1.0860,obj_1,0.014098544971469257,0
1784255923.408,0,black bowl,0.0074,0.3749,1.0280,obj_7,0.01575970867234616,0
1784255923.408,1,brown teddy bear,1.4676,0.5974,1.0847,obj_4,0.020883153540975388,0
1784255923.408,2,brown bottle,1.7714,-0.9660,1.2351,obj_3,0.008164589757591057,0
1784255923.408,3,gray mug,-0.0142,-0.0040,1.0443,obj_6,0.01729443687347085,0
1784255923.408,4,brown banana,2.0213,0.5920,1.0276,obj_5,0.013340701846499901,0
1784255923.408,5,gray canned food,3.2616,-0.6383,1.1337,obj_2,0.021907897343635768,0
1784255923.408,6,red box,2.7920,-0.9331,1.1934,obj_0,0.0696573101582866,0
1784255923.408,7,brown scissors,2.8877,-0.6038,1.0858,obj_1,0.014206546732914042,0
1784255923.885,0,black bowl,0.0070,0.3749,1.0279,obj_7,0.016114455431635113,0
1784255923.885,1,brown teddy bear,1.4676,0.5974,1.0848,obj_4,0.020781615891417905,0
1784255923.885,2,brown bottle,1.7714,-0.9659,1.2350,obj_3,0.008174494056032194,0
1784255923.885,3,gray mug,-0.0142,-0.0040,1.0443,obj_6,0.017294437715142455,0
1784255923.885,4,brown banana,2.0213,0.5922,1.0275,obj_5,0.01323317012498687,0
1784255923.885,5,gray canned food,3.2616,-0.6383,1.1336,obj_2,0.02194466286437937,0
1784255923.885,6,red box,2.7919,-0.9331,1.1934,obj_0,0.06959166998145229,0
1784255923.885,7,brown scissors,2.8871,-0.6045,1.0857,obj_1,0.014352297085305518,0
1784255924.384,0,black bowl,0.0068,0.3749,1.0279,obj_7,0.01629191387437862,0
1784255924.384,1,brown teddy bear,1.4676,0.5975,1.0849,obj_4,0.02073096904885564,0
1784255924.384,2,brown bottle,1.7714,-0.9659,1.2350,obj_3,0.008179454103143191,0
1784255924.384,3,gray mug,-0.0142,-0.0040,1.0443,obj_6,0.01729443813597831,0
1784255924.384,4,brown banana,2.0212,0.5923,1.0274,obj_5,0.013181124893687536,0
1784255924.384,5,gray canned food,3.2617,-0.6383,1.1336,obj_2,0.021963086047700264,0
1784255924.384,6,red box,2.7919,-0.9331,1.1934,obj_0,0.06955885143078032,0
1784255924.384,7,brown scissors,2.8868,-0.6049,1.0856,obj_1,0.014447350589113608,0
1784255924.882,0,black bowl,0.0061,0.3751,1.0279,obj_7,0.017014336763364342,0
1784255924.882,1,brown teddy bear,1.4676,0.5975,1.0849,obj_4,0.020727567775991246,0
1784255924.882,2,brown bottle,1.7716,-0.9659,1.2354,obj_3,0.007760261868379043,0
1784255924.882,3,gray mug,-0.0142,-0.0040,1.0443,obj_6,0.017294438346396244,0
1784255924.882,4,brown banana,2.0212,0.5924,1.0273,obj_5,0.013142918495903476,0
1784255924.882,5,gray canned food,3.2617,-0.6383,1.1336,obj_2,0.022013222093444623,0
1784255924.882,6,red box,2.7917,-0.9331,1.1936,obj_0,0.06935639168099604,0
1784255924.882,7,brown scissors,2.8878,-0.6037,1.0858,obj_1,0.014284363391264862,0
1784255925.397,0,black bowl,0.0057,0.3752,1.0279,obj_7,0.01737692028084381,0
1784255925.397,1,brown teddy bear,1.4676,0.5975,1.0849,obj_4,0.020725880913082348,0
1784255925.397,2,brown bottle,1.7716,-0.9658,1.2357,obj_3,0.007551457004298286,0
1784255925.397,3,gray mug,-0.0142,-0.0040,1.0443,obj_6,0.01729443845160519,0
1784255925.397,4,brown banana,2.0212,0.5924,1.0272,obj_5,0.013124509814383949,0
1784255925.397,5,gray canned food,3.2617,-0.6382,1.1336,obj_2,0.02203829655001216,0
1784255925.397,6,red box,2.7916,-0.9332,1.1937,obj_0,0.0692553164738361,0
1784255925.397,7,brown scissors,2.8883,-0.6031,1.0859,obj_1,0.014267642530755392,0
1784255925.881,0,black bowl,0.0056,0.3752,1.0279,obj_7,0.017558530289666877,0
1784255925.881,1,brown teddy bear,1.4676,0.5975,1.0849,obj_4,0.020725040925991613,0
1784255925.881,2,brown bottle,1.7717,-0.9658,1.2358,obj_3,0.007447271815851581,0
1784255925.881,3,gray mug,-0.0142,-0.0040,1.0443,obj_6,0.017294438504209687,0
1784255925.881,4,brown banana,2.0212,0.5925,1.0272,obj_5,0.0131154799639744,0
1784255925.881,5,gray canned food,3.2618,-0.6382,1.1336,obj_2,0.02205083538031902,0
1784255925.881,6,red box,2.7916,-0.9332,1.1937,obj_0,0.06920481773492332,0
1784255925.881,7,brown scissors,2.8886,-0.6028,1.0859,obj_1,0.014275605959050999,0
1784255926.382,0,black bowl,0.0053,0.3750,1.0279,obj_7,0.01780363607263725,0
1784255926.382,1,brown teddy bear,1.4676,0.5975,1.0848,obj_4,0.020758145964931588,0
1784255926.382,2,brown bottle,1.7715,-0.9659,1.2354,obj_3,0.00782265516184201,0
1784255926.382,3,gray mug,-0.0142,-0.0040,1.0443,obj_6,0.017294438530511935,0
1784255926.382,4,brown banana,2.0212,0.5919,1.0274,obj_5,0.01333136717375207,0
1784255926.382,5,gray canned food,3.2617,-0.6383,1.1336,obj_2,0.022014035528781534,0
1784255926.382,6,red box,2.7918,-0.9332,1.1936,obj_0,0.06941363944807086,0
1784255926.382,7,brown scissors,2.8876,-0.6042,1.0857,obj_1,0.014465403753474252,0
1784255926.883,0,black bowl,0.0052,0.3749,1.0279,obj_7,0.017926800654045387,0
1784255926.883,1,brown teddy bear,1.4676,0.5975,1.0848,obj_4,0.020774713532731828,0
1784255926.883,2,brown bottle,1.7715,-0.9659,1.2352,obj_3,0.008011084791422788,0
1784255926.883,3,gray mug,-0.0142,-0.0040,1.0443,obj_6,0.017294438543663037,0
1784255926.883,4,brown banana,2.0212,0.5917,1.0275,obj_5,0.013447077575844724,0
1784255926.883,5,gray canned food,3.2617,-0.6383,1.1336,obj_2,0.021995644274902217,0
1784255926.883,6,red box,2.7919,-0.9331,1.1936,obj_0,0.06951811172216381,0
1784255926.883,7,brown scissors,2.8872,-0.6049,1.0856,obj_1,0.01463191359940541,0
1784255927.425,0,black bowl,0.0067,0.3749,1.0279,obj_7,0.016428037257921895,0
1784255927.425,1,brown teddy bear,1.4676,0.5974,1.0847,obj_4,0.02092386422247434,0
1784255927.425,2,brown bottle,1.7714,-0.9659,1.2351,obj_3,0.008097692609029417,0
1784255927.425,3,gray mug,-0.0142,-0.0040,1.0443,obj_6,0.01729443855023861,0
1784255927.425,4,brown banana,2.0213,0.5909,1.0276,obj_5,0.01383308943966185,0
1784255927.425,5,gray canned food,3.2617,-0.6383,1.1336,obj_2,0.0219824089739426,0
1784255927.425,6,red box,2.7918,-0.9331,1.1937,obj_0,0.06939085627359051,0
1784255927.425,7,brown scissors,2.8869,-0.6052,1.0856,obj_1,0.014682213175874304,0
1784255927.885,0,black bowl,0.0075,0.3749,1.0279,obj_7,0.015680062762502434,0
1784255927.885,1,brown teddy bear,1.4676,0.5973,1.0846,obj_4,0.02099865537934387,0
1784255927.885,2,brown bottle,1.7714,-0.9660,1.2351,obj_3,0.008141032552601343,0
1784255927.885,3,gray mug,-0.0142,-0.0040,1.0443,obj_6,0.017294438553526397,0
1784255927.885,4,brown banana,2.0213,0.5905,1.0277,obj_5,0.0140372760924246,0
1784255927.885,5,gray canned food,3.2617,-0.6383,1.1336,obj_2,0.021975794313596458,0
1784255927.885,6,red box,2.7917,-0.9332,1.1938,obj_0,0.06932730856830863,0
1784255927.885,7,brown scissors,2.8867,-0.6054,1.0856,obj_1,0.014712592491021314,0
1784255928.384,0,black bowl,0.0078,0.3749,1.0280,obj_7,0.01531877380693319,0
1784255928.384,1,brown teddy bear,1.4677,0.5973,1.0846,obj_4,0.021025529528854125,0
1784255928.384,2,brown bottle,1.7714,-0.9660,1.2353,obj_3,0.00792873617485179,0
1784255928.384,3,gray mug,-0.0141,-0.0040,1.0442,obj_6,0.017190392220793032,0
1784255928.384,4,brown banana,2.0213,0.5904,1.0277,obj_5,0.01414202528167547,0
1784255928.384,5,gray canned food,3.2617,-0.6383,1.1336,obj_2,0.021972487731744497,0
1784255928.384,6,red box,2.7917,-0.9332,1.1938,obj_0,0.0692955547846478,0
1784255928.384,7,brown scissors,2.8866,-0.6055,1.0855,obj_1,0.014729080498641776,0
1784255928.883,0,black bowl,0.0079,0.3749,1.0280,obj_7,0.015192527333161655,0
1784255928.883,1,brown teddy bear,1.4677,0.5972,1.0844,obj_4,0.021262936257024235,0
1784255928.883,2,brown bottle,1.7714,-0.9660,1.2354,obj_3,0.007826435650667126,0
1784255928.883,3,gray mug,-0.0140,-0.0040,1.0441,obj_6,0.017139091400521056,0
1784255928.883,4,brown banana,2.0213,0.5904,1.0277,obj_5,0.014134871787813785,0
1784255928.883,5,gray canned food,3.2617,-0.6381,1.1336,obj_2,0.02207668237515064,0
1784255928.883,6,red box,2.7919,-0.9331,1.1936,obj_0,0.06955457640018986,0
1784255928.883,7,brown scissors,2.8878,-0.6042,1.0857,obj_1,0.014565127346572216,0
1784255929.383,0,black bowl,0.0080,0.3750,1.0280,obj_7,0.01512952383689044,0
1784255929.383,1,brown teddy bear,1.4677,0.5972,1.0843,obj_4,0.021381753843870813,0
1784255929.383,2,brown bottle,1.7713,-0.9660,1.2355,obj_3,0.00777550347262582,0
1784255929.383,3,gray mug,-0.0139,-0.0040,1.0441,obj_6,0.017113623478257744,0
1784255929.383,4,brown banana,2.0213,0.5904,1.0277,obj_5,0.01413132186420928,0
1784255929.383,5,gray canned food,3.2618,-0.6381,1.1336,obj_2,0.022128963134974904,0
1784255929.383,6,red box,2.7920,-0.9331,1.1935,obj_0,0.0696842669903632,0
1784255929.383,7,brown scissors,2.8883,-0.6036,1.0858,obj_1,0.014557060747067174,0
1784255929.886,0,black bowl,0.0080,0.3750,1.0280,obj_7,0.015098052461329382,0
1784255929.886,1,brown teddy bear,1.4678,0.5972,1.0842,obj_4,0.021441190639266982,0
1784255929.886,2,brown bottle,1.7713,-0.9661,1.2355,obj_3,0.007750093160017389,0
1784255929.886,3,gray mug,-0.0139,-0.0040,1.0440,obj_6,0.01710093537732236,0
1784255929.886,4,brown banana,2.0213,0.5904,1.0277,obj_5,0.01412955361414634,0
1784255929.886,5,gray canned food,3.2618,-0.6381,1.1337,obj_2,0.022155148995988718,0
1784255929.886,6,red box,2.7921,-0.9331,1.1935,obj_0,0.06974915693865258,0
1784255929.886,7,brown scissors,2.8886,-0.6033,1.0859,obj_1,0.014571622748923988,0
1784255930.386,0,black bowl,0.0080,0.3751,1.0280,obj_7,0.015146228902123866,0
1784255930.386,1,brown teddy bear,1.4678,0.5971,1.0842,obj_4,0.02145243105987839,0
1784255930.386,2,brown bottle,1.7713,-0.9661,1.2355,obj_3,0.007757311978550668,0
1784255930.386,3,gray mug,-0.0139,-0.0040,1.0440,obj_6,0.01709460282171452,0
1784255930.386,4,brown banana,2.0213,0.5912,1.0275,obj_5,0.013719684060280443,0
1784255930.386,5,gray canned food,3.2618,-0.6380,1.1337,obj_2,0.022215545347705107,0
1784255930.386,6,red box,2.7921,-0.9331,1.1933,obj_0,0.06978902637149077,0
1784255930.386,7,brown scissors,2.8892,-0.6043,1.0860,obj_1,0.015617099466132833,0
1784255930.900,0,black bowl,0.0080,0.3751,1.0280,obj_7,0.015170530939910552,0
1784255930.900,1,brown teddy bear,1.4678,0.5971,1.0842,obj_4,0.021458128502521774,0
1784255930.900,2,brown bottle,1.7713,-0.9661,1.2355,obj_3,0.007760927419966436,0
1784255930.900,3,gray mug,-0.0139,-0.0040,1.0440,obj_6,0.01709143942135391,0
1784255930.900,4,brown banana,2.0212,0.5916,1.0273,obj_5,0.013530390940510166,0
1784255930.900,5,gray canned food,3.2619,-0.6380,1.1337,obj_2,0.022245768191229278,0
1784255930.900,6,red box,2.7921,-0.9331,1.1933,obj_0,0.0698090424531505,0
1784255930.900,7,brown scissors,2.8895,-0.6047,1.0861,obj_1,0.016145718700889905,0
1784255931.383,0,black bowl,0.0081,0.3752,1.0280,obj_7,0.015056258200705028,0
1784255931.383,1,brown teddy bear,1.4678,0.5971,1.0843,obj_4,0.021312786408120798,0
1784255931.383,2,brown bottle,1.7714,-0.9660,1.2354,obj_3,0.007784161718485834,0
1784255931.383,3,gray mug,-0.0139,-0.0040,1.0440,obj_6,0.01708985844100052,0
1784255931.383,4,brown banana,2.0212,0.5917,1.0273,obj_5,0.013475323121805745,0
1784255931.383,5,gray canned food,3.2619,-0.6380,1.1337,obj_2,0.02229101145588766,0
1784255931.383,6,red box,2.7921,-0.9331,1.1932,obj_0,0.06980074695428905,0
1784255931.383,7,brown scissors,2.8891,-0.6035,1.0861,obj_1,0.015115813901050117,0
1784255931.890,0,black bowl,0.0081,0.3752,1.0280,obj_7,0.01499922398671747,0
1784255931.890,1,brown teddy bear,1.4678,0.5972,1.0844,obj_4,0.021240167745767743,0
1784255931.890,2,brown bottle,1.7714,-0.9660,1.2354,obj_3,0.007795819437985815,0
1784255931.890,3,gray mug,-0.0139,-0.0040,1.0440,obj_6,0.017089068130838842,0
1784255931.890,4,brown banana,2.0212,0.5918,1.0272,obj_5,0.013448268106814477,0
1784255931.890,5,gray canned food,3.2619,-0.6380,1.1337,obj_2,0.022313642223583337,0
1784255931.890,6,red box,2.7921,-0.9331,1.1932,obj_0,0.06979661877070309,0
1784255931.890,7,brown scissors,2.8889,-0.6029,1.0861,obj_1,0.014614321335625397,0
1784255932.383,0,black bowl,0.0082,0.3752,1.0280,obj_7,0.01497073275931571,0
1784255932.383,1,brown teddy bear,1.4678,0.5972,1.0844,obj_4,0.021203871667812173,0
1784255932.383,2,brown bottle,1.7714,-0.9660,1.2354,obj_3,0.0078016583872974245,0
1784255932.383,3,gray mug,-0.0139,-0.0040,1.0440,obj_6,0.017088673020769093,0
1784255932.383,4,brown banana,2.0212,0.5918,1.0272,obj_5,0.013434861170487455,0
1784255932.383,5,gray canned food,3.2619,-0.6380,1.1337,obj_2,0.022324959883170473,0
1784255932.383,6,red box,2.7921,-0.9331,1.1932,obj_0,0.06979455957138508,0
1784255932.383,7,brown scissors,2.8889,-0.6026,1.0860,obj_1,0.014367353864502873,0
1784255932.888,0,black bowl,0.0082,0.3752,1.0280,obj_7,0.014956493658659345,0
1784255932.888,1,brown teddy bear,1.4678,0.5972,1.0844,obj_4,0.021185726962009186,0
1784255932.888,2,brown bottle,1.7714,-0.9660,1.2354,obj_3,0.0078045803777415735,0
1784255932.888,3,gray mug,-0.0139,-0.0040,1.0440,obj_6,0.017088475476987844,0
1784255932.888,4,brown banana,2.0212,0.5918,1.0272,obj_5,0.013428187950685838,0
1784255932.888,5,gray canned food,3.2619,-0.6380,1.1337,obj_2,0.022330619280889707,0
1784255932.888,6,red box,2.7921,-0.9331,1.1932,obj_0,0.06979353119497118,0
1784255932.888,7,brown scissors,2.8888,-0.6025,1.0860,obj_1,0.014244872376291545,0
1784255933.385,0,black bowl,0.0082,0.3753,1.0279,obj_7,0.014954085610744839,0
1784255933.385,1,brown teddy bear,1.4678,0.5971,1.0846,obj_4,0.021078874540449006,0
1784255933.385,2,brown bottle,1.7715,-0.9660,1.2351,obj_3,0.008077695444484187,0
1784255933.385,3,gray mug,-0.0139,-0.0041,1.0441,obj_6,0.01708740052808551,0
1784255933.385,4,brown banana,2.0212,0.5918,1.0272,obj_5,0.013424858916046754,0
1784255933.385,5,gray canned food,3.2619,-0.6380,1.1337,obj_2,0.022333449121605047,0
1784255933.385,6,red box,2.7921,-0.9331,1.1931,obj_0,0.06979301731259133,0
1784255933.385,7,brown scissors,2.8888,-0.6024,1.0860,obj_1,0.014183889782344906,0
1784255933.889,0,black bowl,0.0082,0.3753,1.0279,obj_7,0.014952912688761642,0
1784255933.889,1,brown teddy bear,1.4678,0.5971,1.0846,obj_4,0.02102555744902166,0
1784255933.889,2,brown bottle,1.7715,-0.9660,1.2350,obj_3,0.008214930366337555,0
1784255933.889,3,gray mug,-0.0139,-0.0041,1.0441,obj_6,0.017086995150342107,0
1784255933.889,4,brown banana,2.0212,0.5918,1.0272,obj_5,0.01342319629418738,0
1784255933.889,5,gray canned food,3.2619,-0.6380,1.1337,obj_2,0.022334864077410643,0
1784255933.889,6,red box,2.7921,-0.9331,1.1931,obj_0,0.06979276044786012,0
1784255933.889,7,brown scissors,2.8888,-0.6024,1.0860,obj_1,0.014153463997189497,0
1784255934.388,0,black bowl,0.0082,0.3752,1.0279,obj_7,0.01495374843031401,0
1784255934.388,1,brown teddy bear,1.4678,0.5971,1.0845,obj_4,0.0211387756034553,0
1784255934.388,2,brown bottle,1.7715,-0.9659,1.2350,obj_3,0.008257365268109407,0
1784255934.388,3,gray mug,-0.0139,-0.0041,1.0441,obj_6,0.017086825488612983,0
1784255934.388,4,brown banana,2.0213,0.5910,1.0275,obj_5,0.013815336038635363,0
1784255934.388,5,gray canned food,3.2619,-0.6381,1.1337,obj_2,0.02222296555770823,0
1784255934.388,6,red box,2.7921,-0.9331,1.1932,obj_0,0.06975501307012348,0
1784255934.388,7,brown scissors,2.8888,-0.6025,1.0860,obj_1,0.014258672662841462,0
1784255934.885,0,black bowl,0.0082,0.3752,1.0279,obj_7,0.014938129358345929,0
1784255934.885,1,brown teddy bear,1.4677,0.5971,1.0844,obj_4,0.021260744158814016,0
1784255934.885,2,brown bottle,1.7714,-0.9660,1.2353,obj_3,0.007896715823397907,0
1784255934.885,3,gray mug,-0.0139,-0.0040,1.0442,obj_6,0.017071041405419315,0
1784255934.885,4,brown banana,2.0213,0.5906,1.0276,obj_5,0.01402745993546953,0
1784255934.885,5,gray canned food,3.2618,-0.6382,1.1337,obj_2,0.02216719324376409,0
1784255934.885,6,red box,2.7920,-0.9331,1.1932,obj_0,0.06973613994387251,0
1784255934.885,7,brown scissors,2.8888,-0.6026,1.0860,obj_1,0.014311399866893091,0
1784255935.383,0,black bowl,0.0084,0.3752,1.0279,obj_7,0.014719285340291542,0
1784255935.383,1,brown teddy bear,1.4677,0.5972,1.0846,obj_4,0.021040843762394595,0
1784255935.383,2,brown bottle,1.7714,-0.9660,1.2355,obj_3,0.0077201048803154215,0
1784255935.383,3,gray mug,-0.0139,-0.0040,1.0442,obj_6,0.017063257941491997,0
1784255935.383,4,brown banana,2.0213,0.5905,1.0277,obj_5,0.014038633012062044,0
1784255935.383,5,gray canned food,3.2618,-0.6382,1.1337,obj_2,0.022114761812114612,0
1784255935.383,6,red box,2.7920,-0.9331,1.1932,obj_0,0.06972670352153482,0
1784255935.383,7,brown scissors,2.8889,-0.6026,1.0860,obj_1,0.014331074520744261,0
1784255935.886,0,black bowl,0.0085,0.3753,1.0279,obj_7,0.014609942879077647,0
1784255935.886,1,brown teddy bear,1.4677,0.5973,1.0847,obj_4,0.020931091650605232,0
1784255935.886,2,brown bottle,1.7714,-0.9660,1.2356,obj_3,0.007632023640847928,0
1784255935.886,3,gray mug,-0.0139,-0.0040,1.0442,obj_6,0.017059393397443733,0
1784255935.886,4,brown banana,2.0213,0.5905,1.0277,obj_5,0.014044576695181329,0
1784255935.886,5,gray canned food,3.2618,-0.6382,1.1337,obj_2,0.022088562335783577,0
1784255935.886,6,red box,2.7920,-0.9331,1.1932,obj_0,0.06972198534557933,0
1784255935.886,7,brown scissors,2.8889,-0.6026,1.0861,obj_1,0.014340958578407729,0
1784255936.385,0,black bowl,0.0086,0.3753,1.0279,obj_7,0.014555292058401758,0
1784255936.385,1,brown teddy bear,1.4677,0.5973,1.0847,obj_4,0.02087626602794605,0
1784255936.385,2,brown bottle,1.7713,-0.9660,1.2356,obj_3,0.007588041358088498,0
1784255936.385,3,gray mug,-0.0139,-0.0040,1.0442,obj_6,0.017057467927797717,0
1784255936.385,4,brown banana,2.0213,0.5905,1.0278,obj_5,0.014047637692710916,0
1784255936.385,5,gray canned food,3.2618,-0.6382,1.1336,obj_2,0.02207546667435823,0
1784255936.385,6,red box,2.7920,-0.9331,1.1932,obj_0,0.06971962626640707,0
1784255936.385,7,brown scissors,2.8889,-0.6026,1.0861,obj_1,0.014345912261785193,0
1784255936.883,0,black bowl,0.0086,0.3753,1.0279,obj_7,0.014527971817733014,0
1784255936.883,1,brown teddy bear,1.4677,0.5973,1.0848,obj_4,0.020848865940996882,0
1784255936.883,2,brown bottle,1.7713,-0.9660,1.2357,obj_3,0.0075660650977793864,0
1784255936.883,3,gray mug,-0.0139,-0.0040,1.0442,obj_6,0.017056506894241694,0
1784255936.883,4,brown banana,2.0213,0.5905,1.0278,obj_5,0.014049190463594685,0
1784255936.883,5,gray canned food,3.2618,-0.6382,1.1336,obj_2,0.02206891986494729,0
1784255936.883,6,red box,2.7920,-0.9331,1.1932,obj_0,0.06971844672902233,0
1784255936.883,7,brown scissors,2.8889,-0.6026,1.0861,obj_1,0.01434839201359135,0
1784255937.383,0,black bowl,0.0086,0.3753,1.0279,obj_7,0.014514312998330886,0
1784255937.383,1,brown teddy bear,1.4677,0.5973,1.0848,obj_4,0.02083516909326109,0
1784255937.383,2,brown bottle,1.7713,-0.9660,1.2357,obj_3,0.007555080725774296,0
1784255937.383,3,gray mug,-0.0139,-0.0040,1.0443,obj_6,0.017056026802864402,0
1784255937.383,4,brown banana,2.0213,0.5905,1.0278,obj_5,0.014049972414920356,0
1784255937.383,5,gray canned food,3.2618,-0.6382,1.1336,obj_2,0.022065646715832596,0
1784255937.383,6,red box,2.7920,-0.9331,1.1932,obj_0,0.06971785696088062,0
1784255937.383,7,brown scissors,2.8889,-0.6026,1.0861,obj_1,0.014349632616584366,0
