t,det_idx,label,x,y,z,matched_gt,gt_dist,is_fp
1784267563.289,0,obj_0,2.7910,-0.9334,1.1937,obj_0,0.0686389021772871,0
1784267563.289,1,obj_1,2.8890,-0.6032,1.0860,obj_1,0.014832041524333883,0
1784267563.289,2,obj_2,3.2614,-0.6382,1.1336,obj_2,0.02174592881643769,0
1784267563.289,3,obj_3,1.7715,-0.9659,1.2366,obj_3,0.006584841762261501,0
1784267563.289,4,obj_4,1.4676,0.5971,1.0846,obj_4,0.021083118757938474,0
1784267563.289,5,obj_5,2.0108,0.6071,1.0256,obj_5,0.010691005035638777,0
1784267563.289,6,obj_6,0.0028,0.0006,1.0438,obj_6,0.004215801582675223,0
1784267563.289,7,obj_7,0.0082,0.3748,1.0279,obj_7,0.014950502875270997,0
1784267563.289,8,gray scissors,0.3353,0.4276,1.7842,,,1
1784267563.289,9,blue box,1.9123,-0.8019,0.7352,,,1
1784267563.395,0,obj_0,2.7916,-0.9333,1.1936,obj_0,0.06919351515735613,0
1784267563.395,1,obj_1,2.8891,-0.6032,1.0860,obj_1,0.014899871432446761,0
1784267563.395,2,obj_2,3.2615,-0.6381,1.1336,obj_2,0.021925390472498744,0
1784267563.395,3,obj_3,1.7715,-0.9659,1.2366,obj_3,0.006615426607507044,0
1784267563.395,4,obj_4,1.4676,0.5971,1.0845,obj_4,0.021161070328555447,0
1784267563.395,5,obj_5,2.0108,0.6072,1.0256,obj_5,0.0107912072847368,0
1784267563.395,6,obj_6,0.0028,0.0006,1.0438,obj_6,0.004222434403790074,0
1784267563.395,7,obj_7,0.0082,0.3748,1.0279,obj_7,0.014960383511532421,0
1784267563.395,8,gray scissors,0.3353,0.4276,1.7842,,,1
1784267563.395,9,blue box,1.9123,-0.8019,0.7352,,,1
1784267563.885,0,obj_0,2.7918,-0.9332,1.1935,obj_0,0.06943506450780024,0
1784267563.885,1,obj_1,2.8892,-0.6033,1.0859,obj_1,0.01502294254691773,0
1784267563.885,2,obj_2,3.2615,-0.6382,1.1337,obj_2,0.021887736826566105,0
1784267563.885,3,obj_3,1.7715,-0.9659,1.2366,obj_3,0.006631423949373782,0
1784267563.885,4,obj_4,1.4676,0.5972,1.0845,obj_4,0.02109202353376732,0
1784267563.885,5,obj_5,2.0108,0.6073,1.0256,obj_5,0.010842569110572794,0
1784267563.885,6,obj_6,0.0026,0.0002,1.0432,obj_6,0.004662551891096929,0
1784267563.885,7,obj_7,0.0084,0.3748,1.0280,obj_7,0.014743379088598551,0
1784267563.885,8,gray scissors,0.3353,0.4276,1.7842,,,1
1784267563.885,9,blue box,1.9124,-0.8019,0.7348,,,1
1784267564.386,0,obj_0,2.7919,-0.9332,1.1935,obj_0,0.06955587118489406,0
1784267564.386,1,obj_1,2.8892,-0.6033,1.0859,obj_1,0.015084515157629852,0
1784267564.386,2,obj_2,3.2615,-0.6382,1.1337,obj_2,0.021869068460944014,0
1784267564.386,3,obj_3,1.7715,-0.9659,1.2366,obj_3,0.006639425271321906,0
1784267564.386,4,obj_4,1.4677,0.5972,1.0846,obj_4,0.021057537070399496,0
1784267564.386,5,obj_5,2.0109,0.6073,1.0256,obj_5,0.010868270035965388,0
1784267564.386,6,obj_6,0.0025,0.0000,1.0430,obj_6,0.004904898474641059,0
1784267564.386,7,obj_7,0.0085,0.3748,1.0280,obj_7,0.014634897993780281,0
1784267564.386,8,gray scissors,0.3353,0.4276,1.7842,,,1
1784267564.386,9,blue box,1.9124,-0.8019,0.7347,,,1
1784267564.889,0,obj_0,2.7920,-0.9331,1.1934,obj_0,0.06961628247532005,0
1784267564.889,1,obj_1,2.8893,-0.6033,1.0859,obj_1,0.015115310594303825,0
1784267564.889,2,obj_2,3.2615,-0.6382,1.1337,obj_2,0.02185977401112848,0
1784267564.889,3,obj_3,1.7715,-0.9659,1.2366,obj_3,0.006643426592256,0
1784267564.889,4,obj_4,1.4677,0.5972,1.0846,obj_4,0.021040303125206425,0
1784267564.889,5,obj_5,2.0109,0.6073,1.0256,obj_5,0.010881125460428022,0
1784267564.889,6,obj_6,0.0024,-0.0000,1.0428,obj_6,0.005030725941472263,0
1784267564.889,7,obj_7,0.0086,0.3748,1.0280,obj_7,0.014580662863010605,0
1784267564.889,8,gray scissors,0.3353,0.4276,1.7842,,,1
1784267564.889,9,blue box,1.9125,-0.8019,0.7346,,,1
1784267565.385,0,obj_0,2.7920,-0.9331,1.1934,obj_0,0.06964649010246776,0
1784267565.385,1,obj_1,2.8893,-0.6033,1.0859,obj_1,0.015130710579209856,0
1784267565.385,2,obj_2,3.2615,-0.6382,1.1337,obj_2,0.02185513673427083,0
1784267565.385,3,obj_3,1.7715,-0.9659,1.2366,obj_3,0.00664542741736552,0
1784267565.385,4,obj_4,1.4677,0.5972,1.0846,obj_4,0.021031688480892024,0
1784267565.385,5,obj_5,2.0109,0.6073,1.0256,obj_5,0.010887554407975255,0
1784267565.385,6,obj_6,0.0024,-0.0001,1.0428,obj_6,0.005094703570697562,0
1784267565.385,7,obj_7,0.0086,0.3748,1.0280,obj_7,0.014553546669448476,0
1784267565.385,8,gray scissors,0.3353,0.4276,1.7842,,,1
1784267565.385,9,blue box,1.9125,-0.8019,0.7345,,,1
1784267565.881,0,obj_0,2.7920,-0.9331,1.1934,obj_0,0.06966159441077331,0
1784267565.881,1,obj_1,2.8893,-0.6033,1.0859,obj_1,0.015138411136287888,0
1784267565.881,2,obj_2,3.2615,-0.6382,1.1338,obj_2,0.021852820584702427,0
1784267565.881,3,obj_3,1.7715,-0.9659,1.2366,obj_3,0.006646427871037597,0
1784267565.881,4,obj_4,1.4677,0.5972,1.0846,obj_4,0.021027381741640025,0
1784267565.881,5,obj_5,2.0109,0.6073,1.0256,obj_5,0.010890769189939885,0
1784267565.881,6,obj_6,0.0024,-0.0001,1.0427,obj_6,0.0051269467910373505,0
1784267565.881,7,obj_7,0.0086,0.3748,1.0280,obj_7,0.01453998891786169,0
1784267565.881,8,gray scissors,0.3353,0.4276,1.7842,,,1
1784267565.881,9,blue box,1.9125,-0.8019,0.7345,,,1
1784267567.888,0,obj_0,2.7920,-0.9331,1.1933,obj_0,0.06966397114951456,0
1784267567.888,1,obj_1,2.8879,-0.6044,1.0858,obj_1,0.014739101212691884,0
1784267567.888,2,obj_2,3.2617,-0.6381,1.1337,obj_2,0.02204620041236698,0
1784267567.888,3,obj_3,1.7715,-0.9659,1.2366,obj_3,0.006646393728236494,0
1784267567.888,4,obj_4,1.4677,0.5973,1.0846,obj_4,0.020998539440094034,0
1784267567.888,5,obj_5,2.0109,0.6073,1.0256,obj_5,0.010893866552296546,0
1784267567.888,6,obj_6,0.0023,-0.0002,1.0426,obj_6,0.0052362123981747125,0
1784267567.888,7,obj_7,0.0091,0.3751,1.0278,obj_7,0.01410765079135489,0
1784267567.888,8,gray scissors,0.3353,0.4276,1.7842,,,1
1784267567.888,9,blue box,1.9120,-0.8019,0.7353,,,1
1784267568.380,0,obj_0,2.7920,-0.9331,1.1932,obj_0,0.06965861388833368,0
1784267568.380,1,obj_1,2.8872,-0.6049,1.0858,obj_1,0.014609488105065821,0
1784267568.380,2,obj_2,3.2617,-0.6380,1.1337,obj_2,0.022143940271957596,0
1784267568.380,3,obj_3,1.7715,-0.9659,1.2366,obj_3,0.006645942585601704,0
1784267568.380,4,obj_4,1.4677,0.5973,1.0846,obj_4,0.02098600814479916,0
1784267568.380,5,obj_5,2.0109,0.6073,1.0256,obj_5,0.010894008798190167,0
1784267568.380,6,obj_6,0.0023,-0.0003,1.0426,obj_6,0.005277670066114494,0
1784267568.380,7,obj_7,0.0093,0.3753,1.0277,obj_7,0.013902012727724476,0
1784267568.380,8,gray scissors,0.3353,0.4276,1.7842,,,1
1784267568.380,9,blue box,1.9118,-0.8019,0.7357,,,1
1784267568.879,0,obj_0,2.7920,-0.9331,1.1932,obj_0,0.0696559509218449,0
1784267568.879,1,obj_1,2.8868,-0.6051,1.0858,obj_1,0.014563686934880252,0
1784267568.879,2,obj_2,3.2618,-0.6380,1.1337,obj_2,0.0221928193857714,0
1784267568.879,3,obj_3,1.7715,-0.9659,1.2366,obj_3,0.006645717924121622,0
1784267568.879,4,obj_4,1.4677,0.5973,1.0846,obj_4,0.020979743954334593,0
1784267568.879,5,obj_5,2.0109,0.6073,1.0256,obj_5,0.010894079950135539,0
1784267568.879,6,obj_6,0.0022,-0.0003,1.0426,obj_6,0.005298641889388241,0
1784267568.879,7,obj_7,0.0094,0.3754,1.0277,obj_7,0.013800403896406377,0
1784267568.879,8,gray scissors,0.3353,0.4276,1.7842,,,1
1784267568.879,9,blue box,1.9117,-0.8019,0.7359,,,1
1784267569.381,0,obj_0,2.7920,-0.9331,1.1933,obj_0,0.06971304700919884,0
1784267569.381,1,obj_1,2.8867,-0.6053,1.0857,obj_1,0.014625566938731417,0
1784267569.381,2,obj_2,3.2618,-0.6380,1.1337,obj_2,0.02218078542487031,0
1784267569.381,3,obj_3,1.7716,-0.9659,1.2358,obj_3,0.007446560272318081,0
1784267569.381,4,obj_4,1.4677,0.5973,1.0847,obj_4,0.020876842007816185,0
1784267569.381,5,obj_5,2.0109,0.6074,1.0256,obj_5,0.010970632925283655,0
1784267569.381,6,obj_6,0.0022,-0.0003,1.0425,obj_6,0.005305359512314949,0
1784267569.381,7,obj_7,0.0095,0.3754,1.0276,obj_7,0.013757530107533592,0
1784267569.381,8,gray scissors,0.3353,0.4276,1.7842,,,1
1784267569.381,9,blue box,1.9117,-0.8019,0.7359,,,1
1784267569.884,0,obj_0,2.7921,-0.9331,1.1933,obj_0,0.06974162377942437,0
1784267569.884,1,obj_1,2.8866,-0.6054,1.0857,obj_1,0.014658417401106552,0
1784267569.884,2,obj_2,3.2618,-0.6380,1.1337,obj_2,0.022174779046088635,0
1784267569.884,3,obj_3,1.7716,-0.9660,1.2354,obj_3,0.007848141650030066,0
1784267569.884,4,obj_4,1.4677,0.5973,1.0848,obj_4,0.02082539816801576,0
1784267569.884,5,obj_5,2.0109,0.6075,1.0256,obj_5,0.011009151482194697,0
1784267569.884,6,obj_6,0.0022,-0.0003,1.0425,obj_6,0.005308731985525879,0
1784267569.884,7,obj_7,0.0095,0.3755,1.0276,obj_7,0.013736346509112584,0
1784267569.884,8,gray scissors,0.3353,0.4276,1.7842,,,1
1784267569.884,9,blue box,1.9117,-0.8019,0.7359,,,1
1784267570.385,0,obj_0,2.7921,-0.9331,1.1933,obj_0,0.06975591933587962,0
1784267570.385,1,obj_1,2.8865,-0.6055,1.0857,obj_1,0.01467531655984312,0
1784267570.385,2,obj_2,3.2618,-0.6380,1.1336,obj_2,0.022171778509629137,0
1784267570.385,3,obj_3,1.7716,-0.9660,1.2351,obj_3,0.008049171778258256,0
1784267570.385,4,obj_4,1.4677,0.5973,1.0848,obj_4,0.020799678046918284,0
1784267570.385,5,obj_5,2.0109,0.6075,1.0256,obj_5,0.011028470539366772,0
1784267570.385,6,obj_6,0.0022,-0.0003,1.0425,obj_6,0.005310421629984179,0
1784267570.385,7,obj_7,0.0095,0.3755,1.0276,obj_7,0.013725818376984972,0
1784267570.385,8,gray scissors,0.3353,0.4276,1.7842,,,1
1784267570.886,0,obj_0,2.7921,-0.9331,1.1933,obj_0,0.06976306890565716,0
1784267570.886,1,obj_1,2.8865,-0.6055,1.0856,obj_1,0.014683884147196763,0
1784267570.886,2,obj_2,3.2618,-0.6380,1.1336,obj_2,0.022170278904946262,0
1784267570.886,3,obj_3,1.7716,-0.9660,1.2350,obj_3,0.008149741535774338,0
1784267570.886,4,obj_4,1.4677,0.5973,1.0848,obj_4,0.02078681843801803,0
1784267570.886,5,obj_5,2.0109,0.6075,1.0256,obj_5,0.011038144921155629,0
1784267570.886,6,obj_6,0.0022,-0.0003,1.0425,obj_6,0.005311267303228548,0
1784267570.886,7,obj_7,0.0095,0.3755,1.0276,obj_7,0.013720570270503196,0
1784267570.886,8,gray scissors,0.3353,0.4276,1.7842,,,1
1784267571.880,0,obj_0,2.7921,-0.9331,1.1934,obj_0,0.06973611102930855,0
1784267571.880,1,obj_1,2.8878,-0.6043,1.0859,obj_1,0.014611896919422905,0
1784267571.880,2,obj_2,3.2617,-0.6380,1.1339,obj_2,0.02208901737773122,0
1784267571.880,3,obj_3,1.7715,-0.9660,1.2358,obj_3,0.0073956035655600725,0
1784267571.880,4,obj_4,1.4677,0.5972,1.0847,obj_4,0.020908253656078585,0
1784267571.880,5,obj_5,2.0108,0.6077,1.0254,obj_5,0.011258196865466526,0
1784267571.880,6,obj_6,0.0023,-0.0003,1.0426,obj_6,0.00527644612257147,0
1784267571.880,7,obj_7,0.0088,0.3754,1.0277,obj_7,0.014400182617031694,0
1784267571.880,8,gray scissors,0.3353,0.4276,1.7842,,,1
1784267571.880,9,blue box,1.9083,-0.8018,0.7456,,,1
1784267572.382,0,obj_0,2.7921,-0.9331,1.1934,obj_0,0.06972084893311793,0
1784267572.382,1,obj_1,2.8884,-0.6037,1.0860,obj_1,0.014651833996211071,0
1784267572.382,2,obj_2,3.2616,-0.6380,1.1340,obj_2,0.022049557382307038,0
1784267572.382,3,obj_3,1.7714,-0.9660,1.2362,obj_3,0.006995675037400185,0
1784267572.382,4,obj_4,1.4677,0.5972,1.0847,obj_4,0.020972215813062512,0
1784267572.382,5,obj_5,2.0108,0.6077,1.0254,obj_5,0.011366100852971031,0
1784267572.382,6,obj_6,0.0023,-0.0003,1.0426,obj_6,0.005258849600279224,0
1784267572.382,7,obj_7,0.0084,0.3753,1.0278,obj_7,0.014743869370865382,0
1784267572.382,8,gray scissors,0.3353,0.4276,1.7842,,,1
1784267572.382,9,blue box,1.9083,-0.8018,0.7456,,,1
1784267572.890,0,obj_0,2.7921,-0.9331,1.1934,obj_0,0.06971321900044941,0
1784267572.890,1,obj_1,2.8887,-0.6034,1.0861,obj_1,0.014691229414203208,0
1784267572.890,2,obj_2,3.2616,-0.6380,1.1340,obj_2,0.022030027625866356,0
1784267572.890,3,obj_3,1.7714,-0.9660,1.2364,obj_3,0.006796401183075967,0
1784267572.890,4,obj_4,1.4677,0.5972,1.0846,obj_4,0.02100420423799678,0
1784267572.890,5,obj_5,2.0108,0.6078,1.0253,obj_5,0.011420124996333516,0
1784267572.890,6,obj_6,0.0023,-0.0003,1.0426,obj_6,0.005250057812382649,0
1784267572.890,7,obj_7,0.0082,0.3753,1.0278,obj_7,0.014916303658068715,0
1784267572.890,8,gray scissors,0.3353,0.4276,1.7842,,,1
1784267572.890,9,blue box,1.9083,-0.8018,0.7456,,,1
1784267573.388,0,obj_0,2.7920,-0.9331,1.1934,obj_0,0.06970940431307873,0
1784267573.388,1,obj_1,2.8888,-0.6033,1.0861,obj_1,0.014715743946648615,0
1784267573.388,2,obj_2,3.2616,-0.6380,1.1340,obj_2,0.022020312963756557,0
1784267573.388,3,obj_3,1.7714,-0.9659,1.2365,obj_3,0.0066969548497341274,0
1784267573.388,4,obj_4,1.4677,0.5972,1.0846,obj_4,0.02102020027729277,0
1784267573.388,5,obj_5,2.0108,0.6078,1.0253,obj_5,0.011447154807574283,0
1784267573.388,6,obj_6,0.0023,-0.0003,1.0426,obj_6,0.005245663546241604,0
1784267573.388,7,obj_7,0.0082,0.3753,1.0279,obj_7,0.015002662591619618,0
1784267573.388,8,gray scissors,0.3353,0.4276,1.7842,,,1
1784267573.388,9,blue box,1.9083,-0.8018,0.7456,,,1
1784267573.883,0,obj_0,2.7920,-0.9331,1.1934,obj_0,0.06970749703914762,0
1784267573.883,1,obj_1,2.8889,-0.6032,1.0862,obj_1,0.014729198748547914,0
1784267573.883,2,obj_2,3.2616,-0.6380,1.1341,obj_2,0.022015468206142946,0
1784267573.883,3,obj_3,1.7714,-0.9659,1.2366,obj_3,0.006647281827662251,0
1784267573.883,4,obj_4,1.4677,0.5972,1.0846,obj_4,0.021028198752432076,0
1784267573.883,5,obj_5,2.0108,0.6078,1.0253,obj_5,0.01146067411148199,0
1784267573.883,6,obj_6,0.0023,-0.0003,1.0426,obj_6,0.00524346682131677,0
1784267573.883,7,obj_7,0.0081,0.3752,1.0279,obj_7,0.01504587679407091,0
1784267573.883,8,gray scissors,0.3353,0.4276,1.7842,,,1
1784267573.883,9,blue box,1.9083,-0.8018,0.7456,,,1
1784267574.386,0,obj_0,2.7920,-0.9331,1.1934,obj_0,0.06970654341962272,0
1784267574.386,1,obj_1,2.8890,-0.6032,1.0862,obj_1,0.014736224597979155,0
1784267574.386,2,obj_2,3.2616,-0.6380,1.1341,obj_2,0.022013048973119377,0
1784267574.386,3,obj_3,1.7714,-0.9659,1.2366,obj_3,0.006622458181963509,0
1784267574.386,4,obj_4,1.4677,0.5972,1.0846,obj_4,0.021032198103723088,0
1784267574.386,5,obj_5,2.0108,0.6078,1.0253,obj_5,0.01146743485847082,0
1784267574.386,6,obj_6,0.0023,-0.0003,1.0426,obj_6,0.0052423685610402905,0
1784267574.386,7,obj_7,0.0081,0.3752,1.0279,obj_7,0.015067492492062623,0
1784267574.386,8,gray scissors,0.3353,0.4276,1.7842,,,1
1784267574.386,9,blue box,1.9083,-0.8018,0.7456,,,1
1784267574.885,0,obj_0,2.7920,-0.9331,1.1934,obj_0,0.06969217113637434,0
1784267574.885,1,obj_1,2.8890,-0.6032,1.0861,obj_1,0.014792477414734544,0
1784267574.885,2,obj_2,3.2616,-0.6381,1.1339,obj_2,0.021924678642499966,0
1784267574.885,3,obj_3,1.7714,-0.9660,1.2366,obj_3,0.006672073659987774,0
1784267574.885,4,obj_4,1.4677,0.5972,1.0846,obj_4,0.021020556373290394,0
1784267574.885,5,obj_5,2.0108,0.6076,1.0254,obj_5,0.011171807857138075,0
1784267574.885,6,obj_6,0.0023,-0.0002,1.0427,obj_6,0.005175129446149049,0
1784267574.885,7,obj_7,0.0081,0.3751,1.0279,obj_7,0.015078206774873227,0
1784267574.885,8,gray scissors,0.3353,0.4276,1.7842,,,1
1784267574.885,9,blue box,1.9085,-0.8018,0.7451,,,1
1784267575.387,0,obj_0,2.7920,-0.9331,1.1934,obj_0,0.06968498518375325,0
1784267575.387,1,obj_1,2.8890,-0.6032,1.0861,obj_1,0.014820625620512697,0
1784267575.387,2,obj_2,3.2615,-0.6382,1.1338,obj_2,0.02188094882781984,0
1784267575.387,3,obj_3,1.7714,-0.9660,1.2365,obj_3,0.006696882314221429,0
1784267575.387,4,obj_4,1.4677,0.5972,1.0846,obj_4,0.021014749265330663,0
1784267575.387,5,obj_5,2.0108,0.6074,1.0255,obj_5,0.01102415188978661,0
1784267575.387,6,obj_6,0.0024,-0.0002,1.0427,obj_6,0.005141989455257465,0
1784267575.387,7,obj_7,0.0081,0.3751,1.0279,obj_7,0.015083960123199604,0
1784267575.387,8,gray scissors,0.3353,0.4276,1.7842,,,1
1784267575.387,9,blue box,1.9087,-0.8018,0.7448,,,1
1784267575.883,0,obj_0,2.7920,-0.9331,1.1934,obj_0,0.06968139225471083,0
1784267575.883,1,obj_1,2.8890,-0.6032,1.0861,obj_1,0.014834705136569048,0
1784267575.883,2,obj_2,3.2615,-0.6382,1.1338,obj_2,0.021859198557283865,0
1784267575.883,3,obj_3,1.7714,-0.9660,1.2365,obj_3,0.006709286867182504,0
1784267575.883,4,obj_4,1.4677,0.5972,1.0846,obj_4,0.021011849153993685,0
1784267575.883,5,obj_5,2.0109,0.6074,1.0256,obj_5,0.010950365148607847,0
1784267575.883,6,obj_6,0.0024,-0.0002,1.0427,obj_6,0.005125542074389642,0
1784267575.883,7,obj_7,0.0081,0.3750,1.0279,obj_7,0.015086935719163643,0
1784267575.883,8,gray scissors,0.3353,0.4276,1.7842,,,1
1784267575.883,9,blue box,1.9088,-0.8018,0.7446,,,1
1784267576.386,0,obj_0,2.7920,-0.9331,1.1934,obj_0,0.06967959580200869,0
1784267576.386,1,obj_1,2.8890,-0.6032,1.0861,obj_1,0.014841746243396408,0
1784267576.386,2,obj_2,3.2615,-0.6382,1.1338,obj_2,0.021848352181205344,0
1784267576.386,3,obj_3,1.7714,-0.9660,1.2365,obj_3,0.006715489199759053,0
1784267576.386,4,obj_4,1.4677,0.5972,1.0846,obj_4,0.021010399959401967,0
1784267576.386,5,obj_5,2.0109,0.6073,1.0256,obj_5,0.010913482332664625,0
1784267576.386,6,obj_6,0.0024,-0.0002,1.0427,obj_6,0.0051173493830702224,0
1784267576.386,7,obj_7,0.0081,0.3750,1.0279,obj_7,0.015088448230667897,0
1784267576.386,8,gray scissors,0.3353,0.4276,1.7842,,,1
1784267576.386,9,blue box,1.9088,-0.8018,0.7446,,,1
1784267576.879,0,obj_0,2.7920,-0.9331,1.1934,obj_0,0.0696786975786129,0
1784267576.879,1,obj_1,2.8890,-0.6032,1.0861,obj_1,0.014845267133450296,0
1784267576.879,2,obj_2,3.2615,-0.6382,1.1338,obj_2,0.021842936195467354,0
1784267576.879,3,obj_3,1.7714,-0.9660,1.2365,obj_3,0.006718590380026169,0
1784267576.879,4,obj_4,1.4677,0.5972,1.0846,obj_4,0.021009675577427365,0
1784267576.879,5,obj_5,2.0109,0.6073,1.0256,obj_5,0.010895043594620972,0
1784267576.879,6,obj_6,0.0024,-0.0002,1.0427,obj_6,0.005113260830690011,0
1784267576.879,7,obj_7,0.0081,0.3750,1.0279,obj_7,0.015089210662641855,0
1784267576.879,8,gray scissors,0.3353,0.4276,1.7842,,,1
1784267576.879,9,blue box,1.9088,-0.8018,0.7445,,,1
1784267578.382,0,obj_0,2.7920,-0.9331,1.1934,obj_0,0.06967791163475733,0
1784267578.382,1,obj_1,2.8890,-0.6032,1.0861,obj_1,0.014848348096177952,0
1784267578.382,2,obj_2,3.2615,-0.6382,1.1338,obj_2,0.021838201150491742,0
1784267578.382,3,obj_3,1.7712,-0.9660,1.2372,obj_3,0.006109301218102163,0
1784267578.382,4,obj_4,1.4676,0.5973,1.0846,obj_4,0.020976362363675918,0
1784267578.382,5,obj_5,2.0109,0.6073,1.0256,obj_5,0.01089721640599012,0
1784267578.382,6,obj_6,0.0024,-0.0002,1.0428,obj_6,0.005069707240720924,0
1784267578.382,7,obj_7,0.0081,0.3750,1.0279,obj_7,0.015047674213283634,0
1784267578.382,8,gray scissors,0.3353,0.4276,1.7842,,,1
1784267578.382,9,blue box,1.9088,-0.8018,0.7445,,,1
1784267578.884,0,obj_0,2.7920,-0.9331,1.1934,obj_0,0.06967785549596803,0
1784267578.884,1,obj_1,2.8890,-0.6032,1.0861,obj_1,0.014848568171510177,0
1784267578.884,2,obj_2,3.2615,-0.6382,1.1338,obj_2,0.021837863073866072,0
1784267578.884,3,obj_3,1.7711,-0.9661,1.2375,obj_3,0.005808526282778117,0
1784267578.884,4,obj_4,1.4676,0.5973,1.0847,obj_4,0.020960037016505832,0
1784267578.884,5,obj_5,2.0109,0.6073,1.0256,obj_5,0.010905226594535841,0
1784267578.884,6,obj_6,0.0024,-0.0002,1.0428,obj_6,0.005049478758108556,0
1784267578.884,7,obj_7,0.0081,0.3750,1.0280,obj_7,0.01502665541151638,0
1784267578.884,8,gray scissors,0.3353,0.4276,1.7842,,,1
1784267578.884,9,blue box,1.9088,-0.8018,0.7445,,,1
1784267579.385,0,obj_0,2.7920,-0.9331,1.1934,obj_0,0.06967782742657647,0
1784267579.385,1,obj_1,2.8890,-0.6032,1.0861,obj_1,0.014848678209504319,0
1784267579.385,2,obj_2,3.2615,-0.6382,1.1338,obj_2,0.021837694042598922,0
1784267579.385,3,obj_3,1.7711,-0.9661,1.2376,obj_3,0.005659631966831465,0
1784267579.385,4,obj_4,1.4676,0.5973,1.0847,obj_4,0.020951889299528736,0
1784267579.385,5,obj_5,2.0109,0.6074,1.0256,obj_5,0.01090923414344947,0
1784267579.385,6,obj_6,0.0024,-0.0002,1.0428,obj_6,0.005039368779656312,0
1784267579.385,7,obj_7,0.0081,0.3750,1.0280,obj_7,0.01501615522700792,0
1784267579.385,8,gray scissors,0.3353,0.4276,1.7842,,,1
1784267579.385,9,blue box,1.9088,-0.8018,0.7445,,,1
1784267579.879,0,obj_0,2.7920,-0.9331,1.1934,obj_0,0.06967781339188117,0
1784267579.879,1,obj_1,2.8890,-0.6032,1.0861,obj_1,0.014848733228583669,0
1784267579.879,2,obj_2,3.2615,-0.6382,1.1338,obj_2,0.02183760952872634,0
1784267579.879,3,obj_3,1.7711,-0.9661,1.2377,obj_3,0.005585593011592195,0
1784267579.879,4,obj_4,1.4676,0.5973,1.0847,obj_4,0.02094781918528489,0
1784267579.879,5,obj_5,2.0109,0.6074,1.0256,obj_5,0.010911238530777733,0
1784267579.879,6,obj_6,0.0024,-0.0002,1.0428,obj_6,0.005034314863635124,0
1784267579.879,7,obj_7,0.0081,0.3750,1.0280,obj_7,0.015010907444489734,0
1784267579.879,8,gray scissors,1.9088,-0.8018,0.7445,,,1
1784267580.385,0,obj_0,2.7920,-0.9331,1.1934,obj_0,0.06967780637453394,0
1784267580.385,1,obj_1,2.8890,-0.6032,1.0861,obj_1,0.01484876073814363,0
1784267580.385,2,obj_2,3.2615,-0.6382,1.1338,obj_2,0.021837567272230372,0
1784267580.385,3,obj_3,1.7710,-0.9661,1.2378,obj_3,0.005548680357232674,0
1784267580.385,4,obj_4,1.4676,0.5973,1.0847,obj_4,0.02094578506486088,0
1784267580.385,5,obj_5,2.0109,0.6074,1.0256,obj_5,0.01091224087756128,0
1784267580.385,6,obj_6,0.0024,-0.0002,1.0428,obj_6,0.005031788174869108,0
1784267580.385,7,obj_7,0.0081,0.3751,1.0280,obj_7,0.015008284131371417,0
1784267580.385,8,blue box,1.9088,-0.8018,0.7445,,,1
1784267585.880,0,obj_0,2.7921,-0.9331,1.1933,obj_0,0.0697506149814958,0
1784267585.880,1,obj_1,2.8880,-0.6052,1.0858,obj_1,0.01537488887162118,0
1784267585.880,2,obj_2,3.2616,-0.6383,1.1336,obj_2,0.021875673886703747,0
1784267585.880,3,obj_3,1.7711,-0.9661,1.2378,obj_3,0.0054663767157224295,0
1784267585.880,4,obj_4,1.4676,0.5973,1.0847,obj_4,0.020927240060728356,0
1784267585.880,5,obj_5,2.0109,0.6071,1.0256,obj_5,0.01068208619367703,0
1784267585.880,6,obj_6,0.0024,-0.0002,1.0428,obj_6,0.005037127174651627,0
1784267585.880,7,obj_7,0.0084,0.3750,1.0280,obj_7,0.014729034343552124,0
1784267585.880,8,blue box,1.9115,-0.8019,0.7382,,,1
1784267586.382,0,obj_0,2.7921,-0.9331,1.1932,obj_0,0.06978709085054054,0
1784267586.382,1,obj_1,2.8875,-0.6061,1.0856,obj_1,0.015747338324283666,0
1784267586.382,2,obj_2,3.2616,-0.6383,1.1335,obj_2,0.021895401855948137,0
1784267586.382,3,obj_3,1.7711,-0.9661,1.2378,obj_3,0.005443932536684852,0
1784267586.382,4,obj_4,1.4676,0.5973,1.0847,obj_4,0.020918986923746302,0
1784267586.382,5,obj_5,2.0108,0.6069,1.0255,obj_5,0.010567956402296207,0
1784267586.382,6,obj_6,0.0024,-0.0002,1.0428,obj_6,0.005041080652741884,0
1784267586.382,7,obj_7,0.0086,0.3749,1.0280,obj_7,0.014590993726788513,0
1784267586.382,8,blue box,1.9128,-0.8019,0.7350,,,1
1784267586.880,0,obj_0,2.7921,-0.9331,1.1932,obj_0,0.0698053457690378,0
1784267586.880,1,obj_1,2.8872,-0.6066,1.0855,obj_1,0.015958842991885384,0
1784267586.880,2,obj_2,3.2616,-0.6383,1.1335,obj_2,0.021905428718455223,0
1784267586.880,3,obj_3,1.7712,-0.9661,1.2379,obj_3,0.005432788018165625,0
1784267586.880,4,obj_4,1.4676,0.5973,1.0847,obj_4,0.020914861258999634,0
1784267586.880,5,obj_5,2.0108,0.6068,1.0255,obj_5,0.010511267381246048,0
1784267586.880,6,obj_6,0.0024,-0.0002,1.0428,obj_6,0.005043062866083204,0
1784267586.880,7,obj_7,0.0086,0.3749,1.0280,obj_7,0.014522044222803322,0
1784267586.880,8,blue box,1.9134,-0.8019,0.7334,,,1
1784267587.382,0,obj_0,2.7921,-0.9331,1.1932,obj_0,0.06981447747039528,0
1784267587.382,1,obj_1,2.8871,-0.6068,1.0855,obj_1,0.016070632893081686,0
1784267587.382,2,obj_2,3.2616,-0.6383,1.1334,obj_2,0.021910482804224383,0
1784267587.382,3,obj_3,1.7712,-0.9661,1.2379,obj_3,0.005427235291274996,0
1784267587.382,4,obj_4,1.4676,0.5973,1.0847,obj_4,0.020912798652718542,0
1784267587.382,5,obj_5,2.0108,0.6068,1.0255,obj_5,0.01048301862086945,0
1784267587.382,6,obj_6,0.0024,-0.0002,1.0428,obj_6,0.005044055339446696,0
1784267587.382,7,obj_7,0.0087,0.3749,1.0280,obj_7,0.014487587466837069,0
1784267587.382,8,blue box,1.9138,-0.8019,0.7326,,,1
1784267587.880,0,obj_0,2.7921,-0.9331,1.1932,obj_0,0.06981904438111607,0
1784267587.880,1,obj_1,2.8870,-0.6070,1.0855,obj_1,0.01612800111219895,0
1784267587.880,2,obj_2,3.2616,-0.6383,1.1334,obj_2,0.021913020002549383,0
1784267587.880,3,obj_3,1.7712,-0.9661,1.2379,obj_3,0.005424463828432413,0
1784267587.880,4,obj_4,1.4676,0.5973,1.0847,obj_4,0.020911767406120538,0
1784267587.880,5,obj_5,2.0108,0.6068,1.0255,obj_5,0.010468918404481031,0
1784267587.880,6,obj_6,0.0024,-0.0002,1.0428,obj_6,0.005044551917566483,0
1784267587.880,7,obj_7,0.0087,0.3749,1.0280,obj_7,0.014470363625360949,0
1784267587.880,8,blue box,1.9139,-0.8019,0.7322,,,1
1784267588.381,0,obj_0,2.7921,-0.9331,1.1932,obj_0,0.06982132810142604,0
1784267588.381,1,obj_1,2.8870,-0.6070,1.0855,obj_1,0.016157048991080947,0
1784267588.381,2,obj_2,3.2616,-0.6383,1.1334,obj_2,0.021914291139544306,0
1784267588.381,3,obj_3,1.7712,-0.9661,1.2379,obj_3,0.00542307932435422,0
1784267588.381,4,obj_4,1.4676,0.5973,1.0847,obj_4,0.020911251796959632,0
1784267588.381,5,obj_5,2.0108,0.6068,1.0255,obj_5,0.010461874365745404,0
1784267588.381,6,obj_6,0.0024,-0.0002,1.0428,obj_6,0.0050448002919565955,0
1784267588.381,7,obj_7,0.0087,0.3749,1.0280,obj_7,0.014461752843477551,0
1784267588.381,8,blue box,1.9140,-0.8019,0.7320,,,1
1784267588.880,0,obj_0,2.7921,-0.9331,1.1932,obj_0,0.0698224700278111,0
1784267588.880,1,obj_1,2.8870,-0.6070,1.0855,obj_1,0.016171663302909017,0
1784267588.880,2,obj_2,3.2616,-0.6383,1.1334,obj_2,0.021914927342371136,0
1784267588.880,3,obj_3,1.7712,-0.9661,1.2379,obj_3,0.005422387379425058,0
1784267588.880,4,obj_4,1.4676,0.5973,1.0847,obj_4,0.020910993995914097,0
1784267588.880,5,obj_5,2.0108,0.6068,1.0255,obj_5,0.010458353867319851,0
1784267588.880,6,obj_6,0.0024,-0.0002,1.0428,obj_6,0.005044924500480392,0
1784267588.880,7,obj_7,0.0087,0.3749,1.0280,obj_7,0.014457447737843044,0
1784267588.880,8,blue box,1.9140,-0.8019,0.7319,,,1
1784267589.385,0,obj_0,2.7921,-0.9331,1.1932,obj_0,0.06982304100755993,0
1784267589.385,1,obj_1,2.8870,-0.6071,1.0855,obj_1,0.01617899298060196,0
1784267589.385,2,obj_2,3.2616,-0.6383,1.1334,obj_2,0.021915245602351193,0
1784267589.385,3,obj_3,1.7712,-0.9661,1.2379,obj_3,0.005422041483772256,0
1784267589.385,4,obj_4,1.4676,0.5973,1.0847,obj_4,0.020910865096274982,0
1784267589.385,5,obj_5,2.0108,0.6068,1.0255,obj_5,0.0104565939987909,0
1784267589.385,6,obj_6,0.0024,-0.0002,1.0428,obj_6,0.005044986610074044,0
1784267589.385,7,obj_7,0.0087,0.3749,1.0280,obj_7,0.014455295256426937,0
1784267589.385,8,blue box,1.9141,-0.8019,0.7319,,,1
1784267589.885,0,obj_0,2.7921,-0.9331,1.1932,obj_0,0.06978880723869552,0
1784267589.885,1,obj_1,2.8870,-0.6070,1.0855,obj_1,0.016115324665983404,0
1784267589.885,2,obj_2,3.2615,-0.6383,1.1336,obj_2,0.02181455974450846,0
1784267589.885,3,obj_3,1.7712,-0.9661,1.2378,obj_3,0.005463885670616594,0
1784267589.885,4,obj_4,1.4676,0.5975,1.0849,obj_4,0.020648463480727117,0
1784267589.885,5,obj_5,2.0108,0.6073,1.0254,obj_5,0.010977303758126878,0
1784267589.885,6,obj_6,0.0024,-0.0002,1.0428,obj_6,0.005052719168786865,0
1784267589.885,7,obj_7,0.0087,0.3749,1.0280,obj_7,0.014458773361063363,0
1784267589.885,8,blue box,1.9124,-0.8019,0.7358,,,1
1784267590.381,0,obj_0,2.7921,-0.9331,1.1932,obj_0,0.06977169278611932,0
1784267590.381,1,obj_1,2.8869,-0.6070,1.0855,obj_1,0.016083497111487904,0
1784267590.381,2,obj_2,3.2614,-0.6383,1.1337,obj_2,0.021764821118613206,0
1784267590.381,3,obj_3,1.7712,-0.9661,1.2378,obj_3,0.005484809500717311,0
1784267590.381,4,obj_4,1.4676,0.5975,1.0851,obj_4,0.020517461099995023,0
1784267590.381,5,obj_5,2.0108,0.6076,1.0254,obj_5,0.011239643718240665,0
1784267590.381,6,obj_6,0.0024,-0.0002,1.0428,obj_6,0.005056607354175867,0
1784267590.381,7,obj_7,0.0087,0.3749,1.0280,obj_7,0.014460531178443772,0
1784267590.381,8,blue box,1.9116,-0.8019,0.7378,,,1
1784267590.887,0,obj_0,2.7921,-0.9331,1.1932,obj_0,0.06976313616831703,0
1784267590.887,1,obj_1,2.8869,-0.6070,1.0855,obj_1,0.016067584996388645,0
1784267590.887,2,obj_2,3.2614,-0.6383,1.1337,obj_2,0.02174010409484507,0
1784267590.887,3,obj_3,1.7712,-0.9661,1.2378,obj_3,0.005495271844151275,0
1784267590.887,4,obj_4,1.4676,0.5976,1.0851,obj_4,0.02045201062893182,0
1784267590.887,5,obj_5,2.0108,0.6078,1.0254,obj_5,0.011371269972226343,0
1784267590.887,6,obj_6,0.0024,-0.0002,1.0428,obj_6,0.005058556908666097,0
1784267590.887,7,obj_7,0.0087,0.3749,1.0280,obj_7,0.014461414776409016,0
1784267590.887,8,blue box,1.9112,-0.8019,0.7388,,,1
1784267591.389,0,obj_0,2.7921,-0.9331,1.1932,obj_0,0.06975885801160316,0
1784267591.389,1,obj_1,2.8869,-0.6069,1.0855,obj_1,0.016059629355817145,0
1784267591.389,2,obj_2,3.2614,-0.6383,1.1337,obj_2,0.02172778380707488,0
1784267591.389,3,obj_3,1.7712,-0.9661,1.2378,obj_3,0.005500503122251339,0
1784267591.389,4,obj_4,1.4676,0.5976,1.0852,obj_4,0.02041929821550368,0
1784267591.389,5,obj_5,2.0108,0.6078,1.0253,obj_5,0.011437192576987922,0
1784267591.389,6,obj_6,0.0024,-0.0002,1.0428,obj_6,0.0050595330495200866,0
1784267591.389,7,obj_7,0.0087,0.3749,1.0280,obj_7,0.014461857747460059,0
1784267591.389,8,blue box,1.9110,-0.8019,0.7393,,,1
1784267591.893,0,obj_0,2.7921,-0.9331,1.1932,obj_0,0.06975671897130066,0
1784267591.893,1,obj_1,2.8869,-0.6069,1.0855,obj_1,0.016055651639956613,0
1784267591.893,2,obj_2,3.2614,-0.6383,1.1337,obj_2,0.021721633238203062,0
1784267591.893,3,obj_3,1.7712,-0.9661,1.2378,obj_3,0.005503118787808496,0
1784267591.893,4,obj_4,1.4676,0.5976,1.0852,obj_4,0.020402945232305444,0
1784267591.893,5,obj_5,2.0108,0.6079,1.0253,obj_5,0.011470180698487884,0
1784267591.893,6,obj_6,0.0024,-0.0002,1.0428,obj_6,0.005060021460619067,0
1784267591.893,7,obj_7,0.0087,0.3749,1.0280,obj_7,0.014462079525971306,0
1784267591.893,8,blue box,1.9109,-0.8019,0.7395,,,1
1784267592.386,0,obj_0,2.7921,-0.9331,1.1932,obj_0,0.06975564946066458,0
1784267592.386,1,obj_1,2.8869,-0.6069,1.0855,obj_1,0.016053662808155452,0
1784267592.386,2,obj_2,3.2614,-0.6383,1.1337,obj_2,0.0217185603498943,0
1784267592.386,3,obj_3,1.7712,-0.9661,1.2378,obj_3,0.0055044266272029985,0
1784267592.386,4,obj_4,1.4676,0.5976,1.0852,obj_4,0.020394769548847103,0
1784267592.386,5,obj_5,2.0108,0.6079,1.0253,obj_5,0.011486681396638158,0
1784267592.386,6,obj_6,0.0024,-0.0002,1.0428,obj_6,0.005060265751307704,0
1784267592.386,7,obj_7,0.0087,0.3749,1.0280,obj_7,0.014462190488469409,0
1784267592.386,8,blue box,1.9109,-0.8019,0.7397,,,1
1784267592.879,0,obj_0,2.7921,-0.9331,1.1932,obj_0,0.06975511470772493,0
1784267592.879,1,obj_1,2.8869,-0.6069,1.0855,obj_1,0.016052668398789903,0
1784267592.879,2,obj_2,3.2614,-0.6383,1.1337,obj_2,0.02171702450506854,0
1784267592.879,3,obj_3,1.7712,-0.9661,1.2378,obj_3,0.005505080548552846,0
1784267592.879,4,obj_4,1.4676,0.5976,1.0852,obj_4,0.02039068190943652,0
1784267592.879,5,obj_5,2.0108,0.6079,1.0253,obj_5,0.011494933396727372,0
1784267592.879,6,obj_6,0.0024,-0.0002,1.0428,obj_6,0.005060387917933352,0
1784267592.879,7,obj_7,0.0087,0.3749,1.0280,obj_7,0.014462245988028593,0
1784267592.879,8,blue box,1.9108,-0.8019,0.7397,,,1
1784267593.383,0,obj_0,2.7921,-0.9331,1.1932,obj_0,0.06975484733184982,0
1784267593.383,1,obj_1,2.8869,-0.6069,1.0855,obj_1,0.01605217119574145,0
1784267593.383,2,obj_2,3.2614,-0.6383,1.1337,obj_2,0.021716256732524645,0
1784267593.383,3,obj_3,1.7712,-0.9661,1.2378,obj_3,0.00550540750964061,0
1784267593.383,4,obj_4,1.4676,0.5976,1.0852,obj_4,0.020388638140346412,0
1784267593.383,5,obj_5,2.0108,0.6079,1.0253,obj_5,0.011499059808488978,0
1784267593.383,6,obj_6,0.0024,-0.0002,1.0428,obj_6,0.005060449006566031,0
1784267593.383,7,obj_7,0.0087,0.3749,1.0280,obj_7,0.014462273742385654,0
1784267593.383,8,blue box,1.9108,-0.8019,0.7398,,,1
1784267596.886,0,obj_0,2.7920,-0.9331,1.1934,obj_0,0.06965451860740322,0
1784267596.886,1,obj_1,2.8880,-0.6051,1.0857,obj_1,0.015314785807280165,0
1784267596.886,2,obj_2,3.2615,-0.6383,1.1336,obj_2,0.021831659570784312,0
1784267596.886,3,obj_3,1.7713,-0.9660,1.2380,obj_3,0.005306491665780702,0
1784267596.886,4,obj_4,1.4676,0.5975,1.0850,obj_4,0.02055550930412283,0
1784267596.886,5,obj_5,2.0108,0.6075,1.0254,obj_5,0.011125933180867471,0
1784267596.886,6,obj_6,0.0025,0.0000,1.0430,obj_6,0.004904514029333551,0
1784267596.886,7,obj_7,0.0089,0.3749,1.0280,obj_7,0.014248927724587232,0
1784267596.886,8,blue box,1.9102,-0.8019,0.7408,,,1
1784267597.392,0,obj_0,2.7919,-0.9331,1.1934,obj_0,0.06960457564637106,0
1784267597.392,1,obj_1,2.8885,-0.6042,1.0859,obj_1,0.015048687008666196,0
1784267597.392,2,obj_2,3.2616,-0.6383,1.1336,obj_2,0.02189016003463464,0
1784267597.392,3,obj_3,1.7714,-0.9660,1.2381,obj_3,0.0052075965333257005,0
1784267597.392,4,obj_4,1.4676,0.5975,1.0850,obj_4,0.020640014455098048,0
1784267597.392,5,obj_5,2.0109,0.6073,1.0255,obj_5,0.010938037237967256,0
1784267597.392,6,obj_6,0.0025,0.0002,1.0431,obj_6,0.004831182426313493,0
1784267597.392,7,obj_7,0.0090,0.3749,1.0280,obj_7,0.014142271153060321,0
1784267597.392,8,blue box,1.9098,-0.8019,0.7413,,,1
1784267597.879,0,obj_0,2.7919,-0.9331,1.1935,obj_0,0.06957962667286156,0
1784267597.879,1,obj_1,2.8888,-0.6037,1.0860,obj_1,0.014942973125910386,0
1784267597.879,2,obj_2,3.2616,-0.6383,1.1335,obj_2,0.02191951458607071,0
1784267597.879,3,obj_3,1.7714,-0.9660,1.2381,obj_3,0.00515834205888629,0
1784267597.879,4,obj_4,1.4676,0.5975,1.0849,obj_4,0.02068228271999996,0
1784267597.879,5,obj_5,2.0109,0.6072,1.0255,obj_5,0.010844274484104677,0
1784267597.879,6,obj_6,0.0025,0.0002,1.0431,obj_6,0.004795746535460296,0
1784267597.879,7,obj_7,0.0091,0.3749,1.0280,obj_7,0.014088950591489137,0
1784267597.879,8,blue box,1.9097,-0.8019,0.7416,,,1
1784267598.386,0,obj_0,2.7919,-0.9331,1.1935,obj_0,0.0695671578199231,0
1784267598.386,1,obj_1,2.8889,-0.6035,1.0860,obj_1,0.01489713076951726,0
1784267598.386,2,obj_2,3.2617,-0.6383,1.1335,obj_2,0.021934217819615853,0
1784267598.386,3,obj_3,1.7714,-0.9660,1.2381,obj_3,0.005133764717197307,0
1784267598.386,4,obj_4,1.4676,0.5975,1.0849,obj_4,0.02070342074677941,0
1784267598.386,5,obj_5,2.0109,0.6072,1.0255,obj_5,0.010797440819607639,0
1784267598.386,6,obj_6,0.0025,0.0002,1.0431,obj_6,0.004778344117774859,0
1784267598.386,7,obj_7,0.0091,0.3749,1.0280,obj_7,0.014062292267379671,0
1784267598.386,8,blue box,1.9096,-0.8019,0.7417,,,1
1784267598.882,0,obj_0,2.7919,-0.9331,1.1935,obj_0,0.0695609248027916,0
1784267598.882,1,obj_1,2.8890,-0.6033,1.0860,obj_1,0.014875982875470614,0
1784267598.882,2,obj_2,3.2617,-0.6383,1.1335,obj_2,0.02194157591063163,0
1784267598.882,3,obj_3,1.7715,-0.9659,1.2377,obj_3,0.00550782844118465,0
1784267598.882,4,obj_4,1.4677,0.5974,1.0850,obj_4,0.020643932099940324,0
1784267598.882,5,obj_5,2.0109,0.6072,1.0255,obj_5,0.010878044831319463,0
1784267598.882,6,obj_6,0.0026,0.0002,1.0431,obj_6,0.004791834011913853,0
1784267598.882,7,obj_7,0.0091,0.3749,1.0280,obj_7,0.014093415553914634,0
1784267598.882,8,blue box,1.9096,-0.8019,0.7418,,,1
1784267598.882,9,blue box,0.3357,0.4278,1.7834,,,1
1784267599.383,0,obj_0,2.7920,-0.9331,1.1934,obj_0,0.06961676380349614,0
1784267599.383,1,obj_1,2.8891,-0.6035,1.0860,obj_1,0.015083312415579087,0
1784267599.383,2,obj_2,3.2618,-0.6382,1.1336,obj_2,0.022091420954851254,0
1784267599.383,3,obj_3,1.7715,-0.9659,1.2365,obj_3,0.006765691021930454,0
1784267599.383,4,obj_4,1.4677,0.5973,1.0849,obj_4,0.020706683614664313,0
1784267599.383,5,obj_5,2.0109,0.6079,1.0254,obj_5,0.011447556517046814,0
1784267599.383,6,obj_6,0.0027,0.0002,1.0432,obj_6,0.004716418653156702,0
1784267599.383,7,obj_7,0.0091,0.3751,1.0280,obj_7,0.014088342629706499,0
1784267599.383,8,blue box,1.9096,-0.8019,0.7418,,,1
1784267599.383,9,gray scissors,0.3357,0.4278,1.7834,,,1
1784267599.881,0,obj_0,2.7920,-0.9331,1.1934,obj_0,0.06964469202182985,0
1784267599.881,1,obj_1,2.8892,-0.6035,1.0861,obj_1,0.01518707401955299,0
1784267599.881,2,obj_2,3.2618,-0.6381,1.1336,obj_2,0.022166605207665138,0
1784267599.881,3,obj_3,1.7715,-0.9659,1.2358,obj_3,0.007396462636663526,0
1784267599.881,4,obj_4,1.4677,0.5973,1.0849,obj_4,0.02073817966539408,0
1784267599.881,5,obj_5,2.0108,0.6082,1.0253,obj_5,0.01173441303857661,0
1784267599.881,6,obj_6,0.0027,0.0002,1.0432,obj_6,0.0046794857792184785,0
1784267599.881,7,obj_7,0.0091,0.3751,1.0280,obj_7,0.014086622495030598,0
1784267599.881,8,blue box,1.9096,-0.8019,0.7418,,,1
1784267599.881,9,gray scissors,0.3357,0.4278,1.7834,,,1
1784267600.385,0,obj_0,2.7920,-0.9331,1.1934,obj_0,0.06965865830743422,0
1784267600.385,1,obj_1,2.8893,-0.6036,1.0861,obj_1,0.015238978453233635,0
1784267600.385,2,obj_2,3.2618,-0.6381,1.1337,obj_2,0.02220426199197391,0
1784267600.385,3,obj_3,1.7715,-0.9659,1.2355,obj_3,0.007712176918725117,0
1784267600.385,4,obj_4,1.4677,0.5973,1.0849,obj_4,0.020753957604516773,0
1784267600.385,5,obj_5,2.0108,0.6083,1.0253,obj_5,0.011878322161158457,0
1784267600.385,6,obj_6,0.0027,0.0002,1.0432,obj_6,0.004661218443517804,0
1784267600.385,7,obj_7,0.0091,0.3752,1.0280,obj_7,0.014085966607124929,0
1784267600.385,8,blue box,1.9096,-0.8019,0.7418,,,1
1784267600.385,9,gray scissors,0.3357,0.4278,1.7834,,,1
1784267600.887,0,obj_0,2.7920,-0.9331,1.1934,obj_0,0.06966564199396397,0
1784267600.887,1,obj_1,2.8893,-0.6036,1.0861,obj_1,0.01526493650769596,0
1784267600.887,2,obj_2,3.2618,-0.6380,1.1337,obj_2,0.022223106452778314,0
1784267600.887,3,obj_3,1.7715,-0.9659,1.2353,obj_3,0.007870104651586272,0
1784267600.887,4,obj_4,1.4677,0.5973,1.0849,obj_4,0.020761854032635453,0
1784267600.887,5,obj_5,2.0108,0.6084,1.0253,obj_5,0.011950391875328394,0
1784267600.887,6,obj_6,0.0027,0.0002,1.0433,obj_6,0.004652135236925598,0
1784267600.887,7,obj_7,0.0091,0.3752,1.0280,obj_7,0.014085689716996625,0
1784267600.887,8,blue box,0.3357,0.4278,1.7834,,,1
1784267601.883,0,obj_0,2.7920,-0.9331,1.1934,obj_0,0.06967087999665252,0
1784267601.883,1,obj_1,2.8893,-0.6036,1.0861,obj_1,0.015284407586237631,0
1784267601.883,2,obj_2,3.2618,-0.6380,1.1337,obj_2,0.02223724680607918,0
1784267601.883,3,obj_3,1.7715,-0.9659,1.2352,obj_3,0.007988579045808358,0
1784267601.883,4,obj_4,1.4677,0.5973,1.0849,obj_4,0.020767779612191613,0
1784267601.883,5,obj_5,2.0108,0.6085,1.0253,obj_5,0.012004493406509116,0
1784267601.883,6,obj_6,0.0027,0.0002,1.0433,obj_6,0.004645345070847581,0
1784267601.883,7,obj_7,0.0091,0.3752,1.0280,obj_7,0.014085504387158405,0
1784267601.883,8,gray scissors,0.3357,0.4278,1.7834,,,1
1784267602.381,0,obj_0,2.7920,-0.9331,1.1934,obj_0,0.06967175301691272,0
1784267602.381,1,obj_1,2.8893,-0.6036,1.0861,obj_1,0.015287652976795617,0
1784267602.381,2,obj_2,3.2619,-0.6380,1.1337,obj_2,0.022239604114676032,0
1784267602.381,3,obj_3,1.7715,-0.9659,1.2352,obj_3,0.008008327072935003,0
1784267602.381,4,obj_4,1.4677,0.5973,1.0849,obj_4,0.02076876748012979,0
1784267602.381,5,obj_5,2.0108,0.6085,1.0253,obj_5,0.012013514385976656,0
1784267602.381,6,obj_6,0.0027,0.0002,1.0433,obj_6,0.004644215236519615,0
1784267602.381,7,obj_7,0.0091,0.3752,1.0280,obj_7,0.014085475360394933,0
1784267602.381,8,gray scissors,0.3357,0.4278,1.7834,,,1
1784267602.890,0,obj_0,2.7920,-0.9331,1.1934,obj_0,0.06967218952916555,0
1784267602.890,1,obj_1,2.8893,-0.6036,1.0861,obj_1,0.01528927569462471,0
1784267602.890,2,obj_2,3.2619,-0.6380,1.1337,obj_2,0.022240782831394055,0
1784267602.890,3,obj_3,1.7715,-0.9659,1.2352,obj_3,0.00801820132782382,0
1784267602.890,4,obj_4,1.4677,0.5973,1.0849,obj_4,0.020769261443160998,0
1784267602.890,5,obj_5,2.0108,0.6085,1.0253,obj_5,0.012018025308006806,0
1784267602.890,6,obj_6,0.0028,0.0002,1.0433,obj_6,0.0046436505190070925,0
1784267602.890,7,obj_7,0.0091,0.3752,1.0280,obj_7,0.014085461046467402,0
1784267602.890,8,gray scissors,0.3357,0.4278,1.7834,,,1
1784267603.380,0,obj_0,2.7921,-0.9331,1.1933,obj_0,0.06974666815722627,0
1784267603.380,1,obj_1,2.8891,-0.6033,1.0861,obj_1,0.014943550242695343,0
1784267603.380,2,obj_2,3.2618,-0.6380,1.1337,obj_2,0.02219939214684303,0
1784267603.380,3,obj_3,1.7715,-0.9659,1.2360,obj_3,0.007226863258788945,0
1784267603.380,4,obj_4,1.4678,0.5974,1.0850,obj_4,0.0206283876597598,0
1784267603.380,5,obj_5,2.0109,0.6080,1.0254,obj_5,0.011601023212359368,0
1784267603.380,6,obj_6,0.0028,0.0004,1.0435,obj_6,0.004411644735216779,0
1784267603.380,7,obj_7,0.0095,0.3753,1.0278,obj_7,0.01369238482041751,0
1784267603.380,8,gray scissors,0.3357,0.4278,1.7834,,,1
1784267603.380,9,gray scissors,1.9147,-0.8019,0.7284,,,1
1784267603.881,0,obj_0,2.7921,-0.9331,1.1932,obj_0,0.06978396004964259,0
1784267603.881,1,obj_1,2.8890,-0.6031,1.0861,obj_1,0.014771213171176505,0
1784267603.881,2,obj_2,3.2618,-0.6380,1.1336,obj_2,0.022178702938936173,0
1784267603.881,3,obj_3,1.7715,-0.9659,1.2364,obj_3,0.006831879248102659,0
1784267603.881,4,obj_4,1.4678,0.5974,1.0850,obj_4,0.020558090990383287,0
1784267603.881,5,obj_5,2.0109,0.6078,1.0255,obj_5,0.011393193083110289,0
1784267603.881,6,obj_6,0.0029,0.0005,1.0437,obj_6,0.004300161834004067,0
1784267603.881,7,obj_7,0.0097,0.3754,1.0278,obj_7,0.013497169269982285,0
1784267603.881,8,gray scissors,0.3357,0.4278,1.7834,,,1
1784267603.881,9,blue box,1.9147,-0.8019,0.7284,,,1
1784267604.380,0,obj_0,2.7921,-0.9331,1.1932,obj_0,0.0698026191158772,0
1784267604.380,1,obj_1,2.8890,-0.6031,1.0861,obj_1,0.01468518145083399,0
1784267604.380,2,obj_2,3.2618,-0.6380,1.1336,obj_2,0.022168359873585022,0
1784267604.380,3,obj_3,1.7715,-0.9659,1.2366,obj_3,0.006634594198725183,0
1784267604.380,4,obj_4,1.4678,0.5974,1.0851,obj_4,0.02052297813174724,0
1784267604.380,5,obj_5,2.0109,0.6077,1.0255,obj_5,0.01128945656406036,0
1784267604.380,6,obj_6,0.0029,0.0005,1.0437,obj_6,0.0042456552856284125,0
1784267604.380,7,obj_7,0.0098,0.3754,1.0278,obj_7,0.013399909023173045,0
1784267604.380,8,gray scissors,0.3357,0.4278,1.7834,,,1
1784267604.380,9,blue box,1.9147,-0.8019,0.7284,,,1
1784267604.883,0,obj_0,2.7921,-0.9331,1.1932,obj_0,0.0698119519259333,0
1784267604.883,1,obj_1,2.8889,-0.6030,1.0861,obj_1,0.01464220049818483,0
1784267604.883,2,obj_2,3.2618,-0.6381,1.1336,obj_2,0.022163188726188058,0
1784267604.883,3,obj_3,1.7715,-0.9659,1.2367,obj_3,0.006536008880437608,0
1784267604.883,4,obj_4,1.4678,0.5975,1.0851,obj_4,0.020505430624610237,0
1784267604.883,5,obj_5,2.0109,0.6077,1.0255,obj_5,0.01123763438371119,0
1784267604.883,6,obj_6,0.0029,0.0005,1.0438,obj_6,0.004218724776825004,0
1784267604.883,7,obj_7,0.0099,0.3754,1.0277,obj_7,0.013351367999024137,0
1784267604.883,8,gray scissors,0.3357,0.4278,1.7834,,,1
1784267604.883,9,blue box,1.9147,-0.8019,0.7284,,,1
1784267605.381,0,obj_0,2.7921,-0.9331,1.1932,obj_0,0.0698166191498128,0
1784267605.381,1,obj_1,2.8889,-0.6030,1.0861,obj_1,0.01462071883855072,0
1784267605.381,2,obj_2,3.2618,-0.6381,1.1336,obj_2,0.022160603248887894,0
1784267605.381,3,obj_3,1.7715,-0.9659,1.2367,obj_3,0.006486731283749082,0
1784267605.381,4,obj_4,1.4678,0.5975,1.0851,obj_4,0.020496659108271444,0
1784267605.381,5,obj_5,2.0109,0.6076,1.0255,obj_5,0.011211734999733285,0
1784267605.381,6,obj_6,0.0029,0.0005,1.0438,obj_6,0.004205342027770828,0
1784267605.381,7,obj_7,0.0099,0.3754,1.0277,obj_7,0.013327120045852313,0
1784267605.381,8,gray scissors,0.3357,0.4278,1.7834,,,1
1784267605.381,9,blue box,1.9147,-0.8019,0.7284,,,1
1784267605.881,0,obj_0,2.7921,-0.9331,1.1932,obj_0,0.06981895296641755,0
1784267605.881,1,obj_1,2.8889,-0.6030,1.0861,obj_1,0.014609980224250167,0
1784267605.881,2,obj_2,3.2618,-0.6381,1.1336,obj_2,0.022159310534347443,0
1784267605.881,3,obj_3,1.7715,-0.9659,1.2368,obj_3,0.006462096351529561,0
1784267605.881,4,obj_4,1.4678,0.5975,1.0851,obj_4,0.020492273910247345,0
1784267605.881,5,obj_5,2.0109,0.6076,1.0255,obj_5,0.011198788257984848,0
1784267605.881,6,obj_6,0.0029,0.0006,1.0438,obj_6,0.004198671510038891,0
1784267605.881,7,obj_7,0.0099,0.3754,1.0277,obj_7,0.013315001744947194,0
1784267605.881,8,gray scissors,0.3357,0.4278,1.7834,,,1
1784267605.881,9,blue box,1.9147,-0.8019,0.7284,,,1
1784267609.383,0,obj_0,2.7919,-0.9331,1.1935,obj_0,0.06954913791582651,0
1784267609.383,1,obj_1,2.8889,-0.6032,1.0861,obj_1,0.014734040813200611,0
1784267609.383,2,obj_2,3.2617,-0.6381,1.1338,obj_2,0.02202471094098101,0
1784267609.383,3,obj_3,1.7715,-0.9659,1.2373,obj_3,0.00596748693804226,0
1784267609.383,4,obj_4,1.4678,0.5973,1.0850,obj_4,0.02064677223172555,0
1784267609.383,5,obj_5,2.0109,0.6078,1.0254,obj_5,0.011443857764705948,0
1784267609.383,6,obj_6,-0.0055,-0.0018,1.0440,obj_6,0.00881598942678197,0
1784267609.383,7,obj_7,0.0090,0.3751,1.0279,obj_7,0.014133417660559167,0
1784267609.383,8,gray scissors,0.3357,0.4278,1.7834,,,1
1784267609.383,9,blue box,1.9131,-0.8019,0.7337,,,1
1784267609.881,0,obj_0,2.7410,-0.9481,1.1960,obj_0,0.01674806043615172,0
1784267609.881,1,obj_1,2.8889,-0.6033,1.0861,obj_1,0.014801885498800592,0
1784267609.881,2,obj_2,3.2616,-0.6382,1.1339,obj_2,0.021958427283498567,0
1784267609.881,3,obj_3,1.7714,-0.9659,1.2375,obj_3,0.005749100254285515,0
1784267609.881,4,obj_4,1.4678,0.5973,1.0845,obj_4,0.021134174374262116,0
1784267609.881,5,obj_5,2.0109,0.6084,1.0252,obj_5,0.012014758918585125,0
1784267609.881,6,obj_6,-0.0097,-0.0029,1.0440,obj_6,0.012851606762430173,0
1784267609.881,7,obj_7,0.0086,0.3750,1.0279,obj_7,0.014527799231951279,0
1784267609.881,8,gray scissors,0.3355,0.4277,1.7838,,,1
1784267609.881,9,blue box,1.9123,-0.8019,0.7364,,,1
1784267610.387,0,obj_0,2.7282,-0.9519,1.1966,obj_0,0.004868373691262356,0
1784267610.387,1,obj_1,2.8889,-0.6033,1.0861,obj_1,0.01483593815190053,0
1784267610.387,2,obj_2,3.2616,-0.6382,1.1339,obj_2,0.02192538143337849,0
1784267610.387,3,obj_3,1.7713,-0.9659,1.2376,obj_3,0.005641313671027386,0
1784267610.387,4,obj_4,1.4678,0.5973,1.0842,obj_4,0.021377962491300858,0
1784267610.387,5,obj_5,2.0109,0.6087,1.0251,obj_5,0.012300597385468836,0
1784267610.387,6,obj_6,-0.0118,-0.0035,1.0441,obj_6,0.014936955982292895,0
1784267610.387,7,obj_7,0.0084,0.3750,1.0280,obj_7,0.014725727524074896,0
1784267610.387,8,gray scissors,0.3354,0.4276,1.7840,,,1
1784267610.387,9,blue box,1.9119,-0.8019,0.7377,,,1
1784267610.883,0,obj_0,2.7251,-0.9528,1.1968,obj_0,0.0038273761622987642,0
1784267610.883,1,obj_1,2.8889,-0.6033,1.0861,obj_1,0.0148529967948643,0
1784267610.883,2,obj_2,3.2616,-0.6382,1.1339,obj_2,0.021908882629737367,0
1784267610.883,3,obj_3,1.7713,-0.9659,1.2377,obj_3,0.0055877958904632045,0
1784267610.883,4,obj_4,1.4678,0.5973,1.0841,obj_4,0.021499877447701026,0
1784267610.883,5,obj_5,2.0109,0.6088,1.0250,obj_5,0.012443605797699878,0
1784267610.883,6,obj_6,-0.0128,-0.0038,1.0441,obj_6,0.015988872111477728,0
1784267610.883,7,obj_7,0.0083,0.3749,1.0280,obj_7,0.014824867439064903,0
1784267610.883,8,gray scissors,0.3353,0.4276,1.7841,,,1
1784267610.883,9,blue box,1.9117,-0.8019,0.7384,,,1
1784267611.383,0,obj_0,2.7243,-0.9530,1.1968,obj_0,0.003978997820960459,0
1784267611.383,1,obj_1,2.8889,-0.6034,1.0861,obj_1,0.01486153416300786,0
1784267611.383,2,obj_2,3.2616,-0.6382,1.1339,obj_2,0.021900639274177888,0
1784267611.383,3,obj_3,1.7713,-0.9659,1.2377,obj_3,0.005561134045521346,0
1784267611.383,4,obj_4,1.4678,0.5973,1.0840,obj_4,0.021560840046980327,0
1784267611.383,5,obj_5,2.0110,0.6089,1.0250,obj_5,0.01251513140699898,0
1784267611.383,6,obj_6,-0.0133,-0.0039,1.0441,obj_6,0.01651662669031617,0
1784267611.383,7,obj_7,0.0083,0.3749,1.0280,obj_7,0.014874480314168357,0
1784267611.383,8,gray scissors,0.3353,0.4276,1.7841,,,1
1784267611.383,9,blue box,1.9116,-0.8019,0.7387,,,1
1784267611.881,0,obj_0,2.7241,-0.9531,1.1969,obj_0,0.004042739780552479,0
1784267611.881,1,obj_1,2.8890,-0.6034,1.0861,obj_1,0.014865804854702432,0
1784267611.881,2,obj_2,3.2616,-0.6382,1.1339,obj_2,0.02189651910995527,0
1784267611.881,3,obj_3,1.7713,-0.9659,1.2377,obj_3,0.005547827792841236,0
1784267611.881,4,obj_4,1.4678,0.5973,1.0840,obj_4,0.021591322614238056,0
1784267611.881,5,obj_5,2.0110,0.6089,1.0250,obj_5,0.012550899455725607,0
1784267611.881,6,obj_6,-0.0136,-0.0040,1.0441,obj_6,0.01678090371306896,0
1784267611.881,7,obj_7,0.0082,0.3749,1.0280,obj_7,0.01489929735610258,0
1784267611.881,8,gray scissors,0.3353,0.4276,1.7841,,,1
1784267611.881,9,blue box,1.9115,-0.8019,0.7389,,,1
1784267612.383,0,obj_0,2.7240,-0.9531,1.1969,obj_0,0.004060177193328528,0
1784267612.383,1,obj_1,2.8890,-0.6034,1.0861,obj_1,0.014867940701951247,0
1784267612.383,2,obj_2,3.2616,-0.6382,1.1339,obj_2,0.021894459406482304,0
1784267612.383,3,obj_3,1.7713,-0.9659,1.2377,obj_3,0.005541180885808503,0
1784267612.383,4,obj_4,1.4678,0.5973,1.0840,obj_4,0.021606564213206565,0
1784267612.383,5,obj_5,2.0110,0.6089,1.0250,obj_5,0.012568784778050509,0
1784267612.383,6,obj_6,-0.0137,-0.0040,1.0441,obj_6,0.016913136694550537,0
1784267612.383,7,obj_7,0.0082,0.3749,1.0280,obj_7,0.014911708512724496,0
1784267612.383,8,gray scissors,0.3353,0.4276,1.7841,,,1
1784267612.383,9,blue box,1.9115,-0.8019,0.7389,,,1
1784267612.887,0,obj_0,2.7240,-0.9531,1.1969,obj_0,0.004064628370780951,0
1784267612.887,1,obj_1,2.8890,-0.6034,1.0861,obj_1,0.014869008750862932,0
1784267612.887,2,obj_2,3.2616,-0.6382,1.1339,obj_2,0.021893429649436826,0
1784267612.887,3,obj_3,1.7713,-0.9659,1.2377,obj_3,0.005537858993652056,0
1784267612.887,4,obj_4,1.4678,0.5973,1.0840,obj_4,0.02161418509133131,0
1784267612.887,5,obj_5,2.0110,0.6089,1.0250,obj_5,0.012577727762088545,0
1784267612.887,6,obj_6,-0.0138,-0.0041,1.0441,obj_6,0.016979276159173995,0
1784267612.887,7,obj_7,0.0082,0.3749,1.0280,obj_7,0.01491791474803061,0
1784267612.887,8,gray scissors,0.3353,0.4276,1.7841,,,1
1784267612.887,9,blue box,1.9115,-0.8019,0.7390,,,1
1784267613.881,0,obj_0,2.7240,-0.9531,1.1969,obj_0,0.004066026852719978,0
1784267613.881,1,obj_1,2.8890,-0.6034,1.0861,obj_1,0.014869809842344553,0
1784267613.881,2,obj_2,3.2616,-0.6382,1.1339,obj_2,0.02189265737308744,0
1784267613.881,3,obj_3,1.7713,-0.9659,1.2377,obj_3,0.005535368259167231,0
1784267613.881,4,obj_4,1.4678,0.5973,1.0840,obj_4,0.02161990078428459,0
1784267613.881,5,obj_5,2.0110,0.6089,1.0250,obj_5,0.012584435140998603,0
1784267613.881,6,obj_6,-0.0139,-0.0041,1.0441,obj_6,0.017028890662333575,0
1784267613.881,7,obj_7,0.0082,0.3749,1.0280,obj_7,0.0149225697114973,0
1784267613.881,8,gray scissors,0.3353,0.4276,1.7841,,,1
1784267613.881,9,blue box,1.9115,-0.8019,0.7390,,,1
1784267614.415,0,obj_0,2.7241,-0.9531,1.1967,obj_0,0.004116075619167862,0
1784267614.415,1,obj_1,2.8890,-0.6036,1.0861,obj_1,0.015080163640904809,0
1784267614.415,2,obj_2,3.2616,-0.6382,1.1340,obj_2,0.021905662087174232,0
1784267614.415,3,obj_3,1.7712,-0.9660,1.2366,obj_3,0.006624629481183175,0
1784267614.415,4,obj_4,1.4678,0.5973,1.0841,obj_4,0.021503107546771937,0
1784267614.415,5,obj_5,2.0110,0.6088,1.0251,obj_5,0.01239326794588275,0
1784267614.415,6,obj_6,-0.0055,-0.0017,1.0439,obj_6,0.008856301066571492,0
1784267614.415,7,obj_7,0.0087,0.3748,1.0280,obj_7,0.014480291481965044,0
1784267614.415,8,gray scissors,0.3353,0.4276,1.7841,,,1
1784267614.415,9,blue box,1.9115,-0.8019,0.7390,,,1
1784267614.879,0,obj_0,2.7242,-0.9531,1.1967,obj_0,0.004129544874545605,0
1784267614.879,1,obj_1,2.8891,-0.6037,1.0861,obj_1,0.015185879870970307,0
1784267614.879,2,obj_2,3.2616,-0.6382,1.1340,obj_2,0.021912182962319986,0
1784267614.879,3,obj_3,1.7712,-0.9660,1.2361,obj_3,0.007170971446122863,0
1784267614.879,4,obj_4,1.4679,0.5974,1.0842,obj_4,0.021444723819382814,0
1784267614.879,5,obj_5,2.0110,0.6087,1.0252,obj_5,0.012297930984614163,0
1784267614.879,6,obj_6,-0.0013,-0.0006,1.0438,obj_6,0.005426798559346708,0
1784267614.879,7,obj_7,0.0089,0.3748,1.0281,obj_7,0.014259604212529267,0
1784267614.879,8,gray scissors,0.3353,0.4276,1.7841,,,1
1784267614.879,9,blue box,1.9115,-0.8019,0.7390,,,1
1784267615.380,0,obj_0,2.7242,-0.9531,1.1967,obj_0,0.00413297100870798,0
1784267615.380,1,obj_1,2.8891,-0.6038,1.0861,obj_1,0.015238869549074744,0
1784267615.380,2,obj_2,3.2616,-0.6382,1.1340,obj_2,0.02191544802460052,0
1784267615.380,3,brown bottle,1.7712,-0.9660,1.2358,obj_3,0.007444460458617731,0
1784267615.380,4,brown teddy bear,1.4679,0.5974,1.0842,obj_4,0.021415535209283527,0
1784267615.380,5,brown banana,2.0110,0.6087,1.0252,obj_5,0.012250325843633413,0
1784267615.380,6,obj_6,0.0008,0.0000,1.0438,obj_6,0.004376737277493365,0
1784267615.380,7,obj_7,0.0090,0.3747,1.0281,obj_7,0.014149379708787458,0
1784267615.380,8,gray scissors,0.3353,0.4276,1.7841,,,1
1784267615.380,9,blue box,1.9115,-0.8019,0.7390,,,1
1784267615.880,0,obj_0,2.7241,-0.9531,1.1967,obj_0,0.0041772742101180305,0
1784267615.880,1,obj_1,2.8890,-0.6034,1.0861,obj_1,0.014919305866061064,0
1784267615.880,2,obj_2,3.2616,-0.6381,1.1340,obj_2,0.021966089554079485,0
1784267615.880,3,brown bottle,1.7711,-0.9660,1.2365,obj_3,0.006809140768519574,0
1784267615.880,4,brown teddy bear,1.4678,0.5973,1.0841,obj_4,0.02152905371221926,0
1784267615.880,5,brown banana,2.0110,0.6085,1.0252,obj_5,0.012089122206283944,0
1784267615.880,6,obj_6,-0.0065,-0.0020,1.0439,obj_6,0.00983605238111056,0
1784267615.880,7,obj_7,0.0091,0.3747,1.0281,obj_7,0.014094298055087023,0
1784267615.880,8,gray scissors,0.3353,0.4276,1.7841,,,1
1784267615.880,9,blue box,1.9118,-0.8019,0.7361,,,1
1784267616.383,0,obj_0,2.7241,-0.9531,1.1967,obj_0,0.0041883503300492834,0
1784267616.383,1,obj_1,2.8890,-0.6032,1.0860,obj_1,0.014761429201383656,0
1784267616.383,2,obj_2,3.2616,-0.6380,1.1340,obj_2,0.02199156295563315,0
1784267616.383,3,brown bottle,1.7710,-0.9660,1.2368,obj_3,0.00649345582504949,0
1784267616.383,4,brown teddy bear,1.4678,0.5973,1.0840,obj_4,0.021585820321846153,0
1784267616.383,5,brown banana,2.0110,0.6084,1.0252,obj_5,0.012008903722002211,0
1784267616.383,6,obj_6,-0.0102,-0.0031,1.0440,obj_6,0.013383627371341826,0
1784267616.383,7,obj_7,0.0091,0.3747,1.0281,obj_7,0.014066764982631387,0
1784267616.383,8,gray scissors,0.3353,0.4276,1.7841,,,1
1784267616.383,9,blue box,1.9120,-0.8019,0.7347,,,1
1784267616.881,0,obj_0,2.7241,-0.9531,1.1967,obj_0,0.00419111937972882,0
1784267616.881,1,obj_1,2.8889,-0.6031,1.0860,obj_1,0.014682985141834564,0
1784267616.881,2,gray canned food,3.2616,-0.6380,1.1340,obj_2,0.022004337661231672,0
1784267616.881,3,brown bottle,1.7710,-0.9660,1.2370,obj_3,0.006336193309151715,0
1784267616.881,4,brown teddy bear,1.4678,0.5973,1.0840,obj_4,0.02161420544929041,0
1784267616.881,5,brown banana,2.0110,0.6084,1.0252,obj_5,0.011968892564197251,0
1784267616.881,6,obj_6,-0.0120,-0.0036,1.0440,obj_6,0.015205348921915432,0
1784267616.881,7,obj_7,0.0091,0.3747,1.0281,obj_7,0.014053000398296735,0
1784267616.881,8,gray scissors,0.3353,0.4276,1.7841,,,1
1784267616.881,9,blue box,1.9121,-0.8019,0.7340,,,1
1784267617.384,0,obj_0,2.7241,-0.9531,1.1967,obj_0,0.004191811643375417,0
1784267617.384,1,obj_1,2.8889,-0.6030,1.0860,obj_1,0.014643889000652435,0
1784267617.384,2,gray canned food,3.2616,-0.6380,1.1340,obj_2,0.02201073449595054,0
1784267617.384,3,brown bottle,1.7710,-0.9660,1.2370,obj_3,0.006257719804924445,0
1784267617.384,4,brown teddy bear,1.4678,0.5973,1.0840,obj_4,0.02162839846657737,0
1784267617.384,5,brown banana,2.0110,0.6083,1.0252,obj_5,0.011948911793937615,0
1784267617.384,6,obj_6,-0.0130,-0.0038,1.0441,obj_6,0.016123486195842418,0
1784267617.384,7,obj_7,0.0091,0.3747,1.0281,obj_7,0.014046118595776409,0
1784267617.384,8,gray scissors,0.3353,0.4276,1.7841,,,1
1784267617.384,9,blue box,1.9122,-0.8019,0.7336,,,1
1784267617.884,0,obj_0,2.7241,-0.9531,1.1967,obj_0,0.004191984709363818,0
1784267617.884,1,obj_1,2.8889,-0.6030,1.0860,obj_1,0.014624372696923746,0
1784267617.884,2,gray canned food,3.2616,-0.6380,1.1340,obj_2,0.022013935281380303,0
1784267617.884,3,brown bottle,1.7710,-0.9660,1.2371,obj_3,0.006218524234017789,0
1784267617.884,4,brown teddy bear,1.4678,0.5973,1.0840,obj_4,0.02163549508835157,0
1784267617.884,5,brown banana,2.0110,0.6083,1.0252,obj_5,0.011938927647309043,0
1784267617.884,6,obj_6,-0.0134,-0.0039,1.0441,obj_6,0.0165840221684151,0
1784267617.884,7,obj_7,0.0091,0.3747,1.0281,obj_7,0.01404267781713797,0
1784267617.884,8,gray scissors,0.3353,0.4276,1.7841,,,1
1784267617.884,9,blue box,1.9122,-0.8019,0.7334,,,1
1784267618.384,0,obj_0,2.7241,-0.9531,1.1967,obj_0,0.004192027975865509,0
1784267618.384,1,obj_1,2.8889,-0.6030,1.0860,obj_1,0.014614622523908377,0
1784267618.384,2,gray canned food,3.2616,-0.6380,1.1340,obj_2,0.022015536265811087,0
1784267618.384,3,brown bottle,1.7710,-0.9660,1.2371,obj_3,0.006198936971764201,0
1784267618.384,4,brown teddy bear,1.4678,0.5973,1.0840,obj_4,0.021639043427488895,0
1784267618.384,5,brown banana,2.0110,0.6083,1.0252,obj_5,0.011933937138187614,0
1784267618.384,6,obj_6,-0.0136,-0.0040,1.0441,obj_6,0.016814621851380232,0
1784267618.384,7,obj_7,0.0091,0.3747,1.0281,obj_7,0.014040957458500454,0
1784267618.384,8,gray scissors,0.3353,0.4276,1.7841,,,1
1784267618.384,9,blue box,1.9122,-0.8019,0.7334,,,1
1784267618.887,0,obj_0,2.7241,-0.9531,1.1967,obj_0,0.004200627538431963,0
1784267618.887,1,obj_1,2.8878,-0.6045,1.0858,obj_1,0.014734682896893002,0
1784267618.887,2,gray canned food,3.2616,-0.6381,1.1340,obj_2,0.02197298932957633,0
1784267618.887,3,brown bottle,1.7711,-0.9659,1.2370,obj_3,0.006265558050607173,0
1784267618.887,4,brown teddy bear,1.4679,0.5975,1.0842,obj_4,0.021435160745443212,0
1784267618.887,5,brown banana,2.0110,0.6082,1.0252,obj_5,0.011883921740199647,0
1784267618.887,6,obj_6,-0.0138,-0.0040,1.0441,obj_6,0.016930000665235274,0
1784267618.887,7,obj_7,0.0086,0.3748,1.0280,obj_7,0.014546125902956456,0
1784267618.887,8,gray scissors,0.3353,0.4276,1.7841,,,1
1784267618.887,9,blue box,1.9116,-0.8019,0.7350,,,1
1784267619.387,0,obj_0,2.7241,-0.9531,1.1967,obj_0,0.0042027778140975355,0
1784267619.387,1,obj_1,2.8872,-0.6052,1.0857,obj_1,0.014883211523783385,0
1784267619.387,2,gray canned food,3.2616,-0.6381,1.1340,obj_2,0.021951844637665453,0
1784267619.387,3,brown bottle,1.7711,-0.9659,1.2370,obj_3,0.006299248977551924,0
1784267619.387,4,brown teddy bear,1.4679,0.5975,1.0842,obj_4,0.021333564432755213,0
1784267619.387,5,brown banana,2.0110,0.6082,1.0252,obj_5,0.011858980685219641,0
1784267619.387,6,obj_6,-0.0138,-0.0041,1.0441,obj_6,0.01698770934601034,0
1784267619.387,7,obj_7,0.0083,0.3749,1.0280,obj_7,0.014799145437559695,0
1784267619.387,8,gray scissors,0.3353,0.4276,1.7841,,,1
1784267619.387,9,blue box,1.9114,-0.8019,0.7359,,,1
1784267619.888,0,obj_0,2.7241,-0.9531,1.1967,obj_0,0.004203315407013343,0
1784267619.888,1,obj_1,2.8869,-0.6056,1.0856,obj_1,0.014978946995182273,0
1784267619.888,2,gray canned food,3.2616,-0.6382,1.1341,obj_2,0.021941304594514953,0
1784267619.888,3,brown bottle,1.7711,-0.9659,1.2370,obj_3,0.006316187767532926,0
1784267619.888,4,brown teddy bear,1.4679,0.5976,1.0843,obj_4,0.021282853975874216,0
1784267619.888,5,brown banana,2.0110,0.6082,1.0252,obj_5,0.01184652694158528,0
1784267619.888,6,obj_6,-0.0138,-0.0041,1.0441,obj_6,0.017016568447671198,0
1784267619.888,7,obj_7,0.0082,0.3749,1.0280,obj_7,0.014925757578794012,0
1784267619.888,8,gray scissors,0.3353,0.4276,1.7841,,,1
1784267619.888,9,blue box,1.9112,-0.8019,0.7363,,,1
1784267620.382,0,obj_0,2.7241,-0.9531,1.1967,obj_0,0.004203449806741185,0
1784267620.382,1,obj_1,2.8868,-0.6058,1.0856,obj_1,0.015032069578167674,0
1784267620.382,2,gray canned food,3.2616,-0.6382,1.1341,obj_2,0.021936042662232636,0
1784267620.382,3,brown bottle,1.7711,-0.9659,1.2370,obj_3,0.006324680275747644,0
1784267620.382,4,brown teddy bear,1.4679,0.5976,1.0843,obj_4,0.021257520855437237,0
1784267620.382,5,brown banana,2.0110,0.6082,1.0252,obj_5,0.011840304281184011,0
1784267620.382,6,obj_6,-0.0139,-0.0041,1.0441,obj_6,0.017030999181760723,0
1784267620.382,7,obj_7,0.0082,0.3749,1.0280,obj_7,0.014989088486392913,0
1784267620.382,8,gray scissors,0.3353,0.4276,1.7841,,,1
1784267620.382,9,blue box,1.9112,-0.8019,0.7365,,,1
1784267620.887,0,obj_0,2.7241,-0.9531,1.1967,obj_0,0.004203483406766929,0
1784267620.887,1,obj_1,2.8867,-0.6058,1.0856,obj_1,0.015059928763570743,0
1784267620.887,2,gray canned food,3.2616,-0.6382,1.1341,obj_2,0.02193341372011336,0
1784267620.887,3,brown bottle,1.7711,-0.9659,1.2370,obj_3,0.006328932281041866,0
1784267620.887,4,brown teddy bear,1.4679,0.5976,1.0843,obj_4,0.021244859845291588,0
1784267620.887,5,brown banana,2.0110,0.6082,1.0252,obj_5,0.011837194005774808,0
1784267620.887,6,obj_6,-0.0139,-0.0041,1.0441,obj_6,0.0170382148437434,0
1784267620.887,7,obj_7,0.0081,0.3749,1.0280,obj_7,0.01502076005781824,0
1784267620.887,8,gray scissors,0.3353,0.4276,1.7841,,,1
1784267620.887,9,blue box,1.9111,-0.8019,0.7366,,,1
1784267621.404,0,obj_0,2.7241,-0.9531,1.1967,obj_0,0.004161388012829093,0
1784267621.404,1,obj_1,2.8866,-0.6056,1.0856,obj_1,0.014744658327943303,0
1784267621.404,2,gray canned food,3.2616,-0.6382,1.1339,obj_2,0.021902047704713053,0
1784267621.404,3,brown bottle,1.7711,-0.9660,1.2370,obj_3,0.006260911033145843,0
1784267621.404,4,brown teddy bear,1.4679,0.5975,1.0842,obj_4,0.02142356252013651,0
1784267621.404,5,brown banana,2.0110,0.6085,1.0252,obj_5,0.012035763776473626,0
1784267621.404,6,obj_6,-0.0055,-0.0017,1.0439,obj_6,0.008860564653774421,0
1784267621.404,7,obj_7,0.0074,0.3750,1.0280,obj_7,0.015740349658600754,0
1784267621.404,8,gray scissors,0.3353,0.4276,1.7841,,,1
1784267621.404,9,blue box,1.9120,-0.8019,0.7350,,,1
1784267621.884,0,obj_0,2.7241,-0.9531,1.1967,obj_0,0.004150886434926008,0
1784267621.884,1,obj_1,2.8865,-0.6054,1.0856,obj_1,0.014587228671782063,0
1784267621.884,2,gray canned food,3.2615,-0.6382,1.1338,obj_2,0.021886736310951987,0
1784267621.884,3,brown bottle,1.7710,-0.9660,1.2371,obj_3,0.006227388952606436,0
1784267621.884,4,brown teddy bear,1.4679,0.5974,1.0841,obj_4,0.021513168351047274,0
1784267621.884,5,brown banana,2.0110,0.6086,1.0253,obj_5,0.012136215732921818,0
1784267621.884,6,obj_6,-0.0013,-0.0006,1.0438,obj_6,0.005428359758823707,0
1784267621.884,7,obj_7,0.0070,0.3750,1.0279,obj_7,0.01610071345287188,0
1784267621.884,8,gray scissors,0.3353,0.4276,1.7841,,,1
1784267621.884,9,blue box,1.9124,-0.8019,0.7342,,,1
1784267622.385,0,obj_0,2.7581,-0.9431,1.1950,obj_0,0.034394000000783395,0
1784267622.385,1,obj_1,2.8864,-0.6053,1.0856,obj_1,0.014508567186447748,0
1784267622.385,2,gray canned food,3.2615,-0.6382,1.1338,obj_2,0.02187917374649068,0
1784267622.385,3,brown bottle,1.7711,-0.9660,1.2372,obj_3,0.006128854441667539,0
1784267622.385,4,brown teddy bear,1.4677,0.5973,1.0844,obj_4,0.021180886149416437,0
1784267622.385,5,brown banana,2.0110,0.6082,1.0255,obj_5,0.011684645510450679,0
1784267622.385,6,obj_6,0.0008,0.0000,1.0438,obj_6,0.0043548382743488975,0
1784267622.385,7,obj_7,0.0069,0.3750,1.0279,obj_7,0.016273546507065237,0
1784267622.385,8,gray scissors,0.3353,0.4276,1.7841,,,1
1784267622.385,9,blue box,1.9126,-0.8019,0.7338,,,1
1784267622.881,0,obj_0,2.7751,-0.9381,1.1942,obj_0,0.05203301723867104,0
1784267622.881,1,obj_1,2.8864,-0.6053,1.0856,obj_1,0.014469250033256482,0
1784267622.881,2,gray canned food,3.2615,-0.6382,1.1338,obj_2,0.0218754157756238,0
1784267622.881,3,brown bottle,1.7712,-0.9660,1.2372,obj_3,0.006079867363835576,0
1784267622.881,4,brown teddy bear,1.4676,0.5973,1.0846,obj_4,0.021015614726527115,0
1784267622.881,5,brown banana,2.0109,0.6080,1.0255,obj_5,0.011459035163940907,0
1784267622.881,6,obj_6,0.0018,0.0003,1.0438,obj_6,0.004139304389358106,0
1784267622.881,7,obj_7,0.0068,0.3750,1.0279,obj_7,0.016359974772332427,0
1784267622.881,8,gray scissors,0.3353,0.4276,1.7841,,,1
1784267622.881,9,blue box,1.9128,-0.8019,0.7336,,,1
1784267623.392,0,obj_0,2.7836,-0.9356,1.1938,obj_0,0.06086941716417995,0
1784267623.392,1,obj_1,2.8864,-0.6053,1.0856,obj_1,0.014449594886387442,0
1784267623.392,2,gray canned food,3.2615,-0.6382,1.1338,obj_2,0.021873542621541113,0
1784267623.392,3,brown bottle,1.7712,-0.9660,1.2372,obj_3,0.0060554458554126145,0
1784267623.392,4,brown teddy bear,1.4676,0.5972,1.0847,obj_4,0.02093320245045015,0
1784267623.392,5,brown banana,2.0109,0.6079,1.0256,obj_5,0.011346276723113932,0
1784267623.392,6,obj_6,0.0023,0.0005,1.0438,obj_6,0.004132017462597842,0
1784267623.392,7,obj_7,0.0067,0.3750,1.0279,obj_7,0.0164031917853932,0
1784267623.392,8,gray scissors,1.9128,-0.8019,0.7334,,,1
1784267623.886,0,obj_0,2.7878,-0.9344,1.1936,obj_0,0.06528984061287085,0
1784267623.886,1,obj_1,2.8864,-0.6053,1.0856,obj_1,0.014439768174469552,0
1784267623.886,2,gray canned food,3.2615,-0.6382,1.1338,obj_2,0.0218726075027748,0
1784267623.886,3,brown bottle,1.7712,-0.9660,1.2372,obj_3,0.006043253363710589,0
1784267623.886,4,brown teddy bear,1.4676,0.5972,1.0847,obj_4,0.02089205294298308,0
1784267623.886,5,brown banana,2.0109,0.6078,1.0256,obj_5,0.011289909594249208,0
1784267623.886,6,obj_6,0.0026,0.0006,1.0438,obj_6,0.004154179927470765,0
1784267623.886,7,obj_7,0.0067,0.3750,1.0279,obj_7,0.016424801005398892,0
1784267623.886,8,blue box,1.9128,-0.8019,0.7334,,,1
1784267624.384,0,obj_0,2.7899,-0.9337,1.1935,obj_0,0.06750048081603624,0
1784267624.384,1,obj_1,2.8864,-0.6053,1.0856,obj_1,0.01443485503440307,0
1784267624.384,2,gray canned food,3.2615,-0.6382,1.1338,obj_2,0.021872140308015323,0
1784267624.384,3,brown bottle,1.7712,-0.9660,1.2372,obj_3,0.006037161715771142,0
1784267624.384,4,brown teddy bear,1.4676,0.5972,1.0848,obj_4,0.02087149244462036,0
1784267624.384,5,brown banana,2.0109,0.6078,1.0256,obj_5,0.011261729105662224,0
1784267624.384,6,obj_6,0.0027,0.0006,1.0438,obj_6,0.004171627602424487,0
1784267624.384,7,obj_7,0.0067,0.3750,1.0279,obj_7,0.01643560579294975,0
1784267624.384,8,blue box,1.9128,-0.8019,0.7334,,,1
1784267624.892,0,obj_0,2.7910,-0.9334,1.1934,obj_0,0.06860589595715641,0
1784267624.892,1,brown scissors,2.8864,-0.6053,1.0856,obj_1,0.014432398518407111,0
1784267624.892,2,gray canned food,3.2615,-0.6382,1.1338,obj_2,0.021871906801798256,0
1784267624.892,3,brown bottle,1.7712,-0.9660,1.2372,obj_3,0.006034117045341657,0
1784267624.892,4,brown teddy bear,1.4675,0.5972,1.0848,obj_4,0.020861215771577613,0
1784267624.892,5,brown banana,2.0109,0.6078,1.0256,obj_5,0.011247639637073384,0
1784267624.892,6,obj_6,0.0027,0.0006,1.0438,obj_6,0.004181921929103553,0
1784267624.892,7,black bowl,0.0067,0.3750,1.0279,obj_7,0.016441008231010103,0
1784267624.892,8,blue box,1.9129,-0.8019,0.7334,,,1
1784267625.382,0,obj_0,2.7915,-0.9333,1.1934,obj_0,0.06912667523714526,0
1784267625.382,1,brown scissors,2.8876,-0.6039,1.0858,obj_1,0.014217485258161628,0
1784267625.382,2,gray canned food,3.2616,-0.6382,1.1337,obj_2,0.021924357599657367,0
1784267625.382,3,brown bottle,1.7712,-0.9660,1.2372,obj_3,0.006062565313813332,0
1784267625.382,4,brown teddy bear,1.4676,0.5973,1.0849,obj_4,0.020709495798343816,0
1784267625.382,5,brown banana,2.0109,0.6079,1.0254,obj_5,0.011431570636224601,0
1784267625.382,6,obj_6,0.0025,0.0002,1.0433,obj_6,0.0046119787965339335,0
1784267625.382,7,black bowl,0.0074,0.3751,1.0280,obj_7,0.0157318596093995,0
1784267625.382,8,blue box,1.9129,-0.8019,0.7334,,,1
1784267625.878,0,obj_0,2.7917,-0.9332,1.1935,obj_0,0.06938710752113944,0
1784267625.878,1,brown scissors,2.8882,-0.6031,1.0859,obj_1,0.014201917456934797,0
1784267625.878,2,gray canned food,3.2616,-0.6382,1.1336,obj_2,0.021950897790176147,0
1784267625.878,3,brown bottle,1.7712,-0.9660,1.2372,obj_3,0.006076789596760882,0
1784267625.878,4,brown teddy bear,1.4676,0.5974,1.0850,obj_4,0.02063383124711489,0
1784267625.878,5,brown banana,2.0108,0.6079,1.0254,obj_5,0.011523942956102888,0
1784267625.878,6,gray tin can,0.0024,-0.0000,1.0430,obj_6,0.004854229403619502,0
1784267625.878,7,black bowl,0.0078,0.3752,1.0280,obj_7,0.015377620405891437,0
1784267625.878,8,blue box,1.9129,-0.8019,0.7334,,,1
1784267626.381,0,obj_0,2.7919,-0.9332,1.1935,obj_0,0.06951733418435495,0
1784267626.381,1,brown scissors,2.8885,-0.6028,1.0860,obj_1,0.014217323719155359,0
1784267626.381,2,gray canned food,3.2617,-0.6383,1.1336,obj_2,0.021964246251492247,0
1784267626.381,3,brown bottle,1.7712,-0.9660,1.2372,obj_3,0.006083901775108178,0
1784267626.381,4,brown teddy bear,1.4676,0.5974,1.0850,obj_4,0.02059604845898489,0
1784267626.381,5,brown banana,2.0108,0.6080,1.0253,obj_5,0.011570227982335113,0
1784267626.381,6,gray tin can,0.0023,-0.0001,1.0429,obj_6,0.004981034474946626,0
1784267626.381,7,black bowl,0.0079,0.3752,1.0280,obj_7,0.01520059141584136,0
1784267626.381,8,blue box,1.9129,-0.8019,0.7334,,,1
1784267626.882,0,obj_0,2.7919,-0.9332,1.1935,obj_0,0.06958245012903826,0
1784267626.882,1,brown scissors,2.8887,-0.6026,1.0860,obj_1,0.014230810690120981,0
1784267626.882,2,gray canned food,3.2617,-0.6383,1.1336,obj_2,0.021970940032065536,0
1784267626.882,3,brown bottle,1.7712,-0.9660,1.2372,obj_3,0.006087457873462657,0
1784267626.882,4,brown teddy bear,1.4676,0.5975,1.0850,obj_4,0.020577169516325183,0
1784267626.882,5,brown banana,2.0108,0.6080,1.0253,obj_5,0.011593394866837744,0
1784267626.882,6,gray tin can,0.0023,-0.0002,1.0428,obj_6,0.0050457334559434715,0
1784267626.882,7,black bowl,0.0080,0.3752,1.0280,obj_7,0.015112100502639142,0
1784267627.384,0,obj_0,2.7920,-0.9331,1.1935,obj_0,0.0696150087525099,0
1784267627.384,1,brown scissors,2.8888,-0.6025,1.0860,obj_1,0.014238995855921973,0
1784267627.384,2,gray canned food,3.2617,-0.6383,1.1336,obj_2,0.02197429180462415,0
1784267627.384,3,brown bottle,1.7712,-0.9660,1.2372,obj_3,0.006089235924930496,0
1784267627.384,4,brown teddy bear,1.4676,0.5975,1.0850,obj_4,0.020567733167848844,0
1784267627.384,5,brown banana,2.0108,0.6080,1.0253,obj_5,0.011604984359376163,0
1784267627.384,6,gray tin can,0.0023,-0.0002,1.0428,obj_6,0.00507839267801227,0
1784267627.384,7,black bowl,0.0081,0.3752,1.0280,obj_7,0.01506786106268223,0
1784267628.382,0,obj_0,2.7920,-0.9331,1.1935,obj_0,0.06963942800448365,0
1784267628.382,1,brown scissors,2.8888,-0.6025,1.0860,obj_1,0.014245764156277848,0
1784267628.382,2,gray canned food,3.2617,-0.6383,1.1336,obj_2,0.021976807768815866,0
1784267628.382,3,brown bottle,1.7712,-0.9660,1.2372,obj_3,0.006090569464532372,0
1784267628.382,4,brown teddy bear,1.4676,0.5975,1.0850,obj_4,0.02056065727509133,0
1784267628.382,5,brown banana,2.0108,0.6080,1.0253,obj_5,0.011613679115875993,0
1784267628.382,6,gray tin can,0.0023,-0.0003,1.0428,obj_6,0.005103019356381004,0
1784267628.382,7,black bowl,0.0081,0.3752,1.0280,obj_7,0.015034684144042748,0
1784267628.890,0,obj_0,2.7920,-0.9331,1.1935,obj_0,0.06964349790348917,0
1784267628.890,1,brown scissors,2.8888,-0.6025,1.0860,obj_1,0.014246944597656255,0
1784267628.890,2,gray canned food,3.2617,-0.6383,1.1336,obj_2,0.021977227274027924,0
1784267628.890,3,brown bottle,1.7712,-0.9660,1.2372,obj_3,0.006090791721215984,0
1784267628.890,4,brown teddy bear,1.4676,0.5975,1.0850,obj_4,0.02055947807377976,0
1784267628.890,5,brown banana,2.0108,0.6080,1.0253,obj_5,0.0116151284613061,0
1784267628.890,6,gray tin can,0.0023,-0.0003,1.0427,obj_6,0.00510713469190395,0
1784267628.890,7,black bowl,0.0081,0.3752,1.0280,obj_7,0.015029154880604141,0
1784267629.385,0,obj_0,2.7920,-0.9331,1.1935,obj_0,0.0696455328555278,0
1784267629.385,1,brown scissors,2.8888,-0.6024,1.0860,obj_1,0.01424754042827403,0
1784267629.385,2,gray canned food,3.2617,-0.6383,1.1336,obj_2,0.021977437045686467,0
1784267629.385,3,brown bottle,1.7712,-0.9660,1.2372,obj_3,0.006090902849566719,0
1784267629.385,4,brown teddy bear,1.4676,0.5975,1.0850,obj_4,0.020558888485359497,0
1784267629.385,5,brown banana,2.0108,0.6080,1.0253,obj_5,0.011615853157500649,0
1784267629.385,6,gray tin can,0.0023,-0.0003,1.0427,obj_6,0.005109193519316969,0
1784267629.385,7,black bowl,0.0081,0.3752,1.0280,obj_7,0.015026390272843776,0
1784267636.882,0,obj_0,2.7920,-0.9331,1.1935,obj_0,0.06964756774715486,0
1784267636.882,1,brown scissors,2.8888,-0.6024,1.0860,obj_1,0.014248139979865035,0
1784267636.882,2,gray canned food,3.2617,-0.6383,1.1336,obj_2,0.021977646823643338,0
1784267636.882,3,brown bottle,1.7711,-0.9660,1.2370,obj_3,0.006306959702839885,0
1784267636.882,4,brown teddy bear,1.4677,0.5975,1.0848,obj_4,0.020754066960264786,0
1784267636.882,5,brown banana,2.0108,0.6079,1.0253,obj_5,0.01156604852251329,0
1784267636.882,6,gray tin can,0.0023,-0.0003,1.0427,obj_6,0.0051573204769631885,0
1784267636.882,7,black bowl,0.0081,0.3752,1.0280,obj_7,0.01505240546515234,0
1784267637.382,0,obj_0,2.7920,-0.9331,1.1935,obj_0,0.06964756777820556,0
1784267637.382,1,brown scissors,2.8888,-0.6024,1.0860,obj_1,0.014248139989042233,0
1784267637.382,2,gray canned food,3.2617,-0.6383,1.1336,obj_2,0.021977646826844277,0
1784267637.382,3,brown bottle,1.7710,-0.9660,1.2369,obj_3,0.006415234111315755,0
1784267637.382,4,brown teddy bear,1.4677,0.5975,1.0847,obj_4,0.02085222614222122,0
1784267637.382,5,brown banana,2.0108,0.6079,1.0252,obj_5,0.011540873603593777,0
1784267637.382,6,gray tin can,0.0023,-0.0003,1.0427,obj_6,0.005180378546666287,0
1784267637.382,7,black bowl,0.0081,0.3752,1.0279,obj_7,0.015066801105582006,0
1784267637.881,0,obj_0,2.7920,-0.9331,1.1935,obj_0,0.0696475677937311,0
1784267637.881,1,brown scissors,2.8888,-0.6024,1.0860,obj_1,0.014248139993630797,0
1784267637.881,2,gray canned food,3.2617,-0.6383,1.1336,obj_2,0.021977646828444913,0
1784267637.881,3,brown bottle,1.7710,-0.9660,1.2368,obj_3,0.006469442288421774,0
1784267637.881,4,brown teddy bear,1.4677,0.5975,1.0847,obj_4,0.020901373396327017,0
1784267637.881,5,brown banana,2.0108,0.6079,1.0252,obj_5,0.011528308748840354,0
1784267637.881,6,gray tin can,0.0023,-0.0003,1.0427,obj_6,0.005191913568917287,0
1784267637.881,7,black bowl,0.0081,0.3752,1.0279,obj_7,0.015074000379112324,0
1784267638.381,0,obj_0,2.7411,-0.9481,1.1960,obj_0,0.016841868016997677,0
1784267638.381,1,brown scissors,2.8888,-0.6024,1.0860,obj_1,0.014248139995924898,0
1784267638.381,2,gray canned food,3.2617,-0.6383,1.1336,obj_2,0.021977646829245252,0
1784267638.381,3,brown bottle,1.7710,-0.9660,1.2368,obj_3,0.006466295375391757,0
1784267638.381,4,brown teddy bear,1.4678,0.5975,1.0848,obj_4,0.020814974428408822,0
1784267638.381,5,brown banana,2.0108,0.6079,1.0253,obj_5,0.011566694482632069,0
1784267638.381,6,gray tin can,0.0023,-0.0003,1.0427,obj_6,0.005199524140743572,0
1784267638.381,7,black bowl,0.0081,0.3752,1.0280,obj_7,0.01504284638985211,0
1784267638.381,8,blue box,0.3356,0.4276,1.7844,,,1
1784267638.911,0,obj_0,2.7284,-0.9519,1.1967,obj_0,0.0049291391006264255,0
1784267638.911,1,brown scissors,2.8891,-0.6030,1.0860,obj_1,0.014773778098486427,0
1784267638.911,2,gray canned food,3.2616,-0.6383,1.1338,obj_2,0.021933567442696582,0
1784267638.911,3,brown bottle,1.7710,-0.9659,1.2368,obj_3,0.006512959549197802,0
1784267638.911,4,brown teddy bear,1.4678,0.5975,1.0848,obj_4,0.02077362971594042,0
1784267638.911,5,brown banana,2.0108,0.6074,1.0254,obj_5,0.011035974470841274,0
1784267638.911,6,gray tin can,0.0024,0.0000,1.0429,obj_6,0.004930248916877366,0
1784267638.911,7,black bowl,0.0088,0.3752,1.0279,obj_7,0.014314656386130196,0
1784267638.911,8,red bottle,0.3356,0.4276,1.7844,,,1
1784267639.387,0,obj_0,2.7252,-0.9528,1.1968,obj_0,0.0037837957158736797,0
1784267639.387,1,brown scissors,2.8892,-0.6033,1.0860,obj_1,0.01503966488116409,0
1784267639.387,2,gray canned food,3.2616,-0.6382,1.1339,obj_2,0.021912402641313732,0
1784267639.387,3,brown bottle,1.7710,-0.9659,1.2368,obj_3,0.006536373220794499,0
1784267639.387,4,brown teddy bear,1.4678,0.5975,1.0848,obj_4,0.020752967398162844,0
1784267639.387,5,brown banana,2.0108,0.6071,1.0254,obj_5,0.010772367278303632,0
1784267639.387,6,gray tin can,0.0025,0.0002,1.0431,obj_6,0.004806967442376163,0
1784267639.387,7,black bowl,0.0092,0.3753,1.0279,obj_7,0.013951098312811232,0
1784267639.387,8,red bottle,0.3356,0.4276,1.7844,,,1
1784267639.880,0,obj_0,2.7244,-0.9530,1.1969,obj_0,0.003905247075644482,0
1784267639.880,1,brown scissors,2.8892,-0.6035,1.0860,obj_1,0.015173328303920259,0
1784267639.880,2,gray canned food,3.2616,-0.6382,1.1339,obj_2,0.021902039711002172,0
1784267639.880,3,brown bottle,1.7710,-0.9659,1.2368,obj_3,0.00654810019773549,0
1784267639.880,4,brown teddy bear,1.4678,0.5975,1.0848,obj_4,0.020742638757638772,0
1784267639.880,5,brown banana,2.0108,0.6069,1.0254,obj_5,0.010641039942766772,0
1784267639.880,6,gray tin can,0.0026,0.0003,1.0432,obj_6,0.004748429668091423,0
1784267639.880,7,black bowl,0.0094,0.3753,1.0279,obj_7,0.013769465917429346,0
1784267639.880,8,red bottle,0.3356,0.4276,1.7844,,,1
1784267640.393,0,obj_0,2.7242,-0.9531,1.1969,obj_0,0.003962159485562923,0
1784267640.393,1,brown scissors,2.8893,-0.6035,1.0860,obj_1,0.015240334505018676,0
1784267640.393,2,gray canned food,3.2616,-0.6382,1.1340,obj_2,0.021896913204806155,0
1784267640.393,3,brown bottle,1.7710,-0.9659,1.2367,obj_3,0.00655396868997167,0
1784267640.393,4,brown teddy bear,1.4678,0.5975,1.0849,obj_4,0.02073747506806555,0
1784267640.393,5,brown banana,2.0108,0.6069,1.0255,obj_5,0.01057550051983481,0
1784267640.393,6,gray tin can,0.0026,0.0003,1.0432,obj_6,0.004719970641027214,0
1784267640.393,7,black bowl,0.0095,0.3753,1.0279,obj_7,0.013678688084180365,0
1784267640.393,8,red bottle,0.3356,0.4276,1.7844,,,1
1784267640.890,0,obj_0,2.7242,-0.9531,1.1968,obj_0,0.004064312281153947,0
1784267640.890,1,brown scissors,2.8893,-0.6038,1.0860,obj_1,0.015455178530898747,0
1784267640.890,2,gray canned food,3.2615,-0.6382,1.1339,obj_2,0.02186018089426853,0
1784267640.890,3,brown bottle,1.7711,-0.9659,1.2368,obj_3,0.006459448559376315,0
1784267640.890,4,brown teddy bear,1.4677,0.5973,1.0846,obj_4,0.021032547031751954,0
1784267640.890,5,brown banana,2.0108,0.6070,1.0255,obj_5,0.010706657333583475,0
1784267640.890,6,gray tin can,0.0025,0.0000,1.0429,obj_6,0.004925688996713827,0
1784267640.890,7,black bowl,0.0095,0.3753,1.0279,obj_7,0.013636396776739113,0
1784267640.890,8,red bottle,0.3356,0.4276,1.7844,,,1
1784267640.890,9,blue box,1.9120,-0.8019,0.7365,,,1
1784267641.386,0,obj_0,2.7242,-0.9531,1.1968,obj_0,0.004089862143118764,0
1784267641.386,1,brown scissors,2.8894,-0.6040,1.0860,obj_1,0.015563529338146571,0
1784267641.386,2,gray canned food,3.2615,-0.6382,1.1338,obj_2,0.021842038126725024,0
1784267641.386,3,brown bottle,1.7711,-0.9659,1.2369,obj_3,0.006412367945263552,0
1784267641.386,4,brown teddy bear,1.4677,0.5972,1.0845,obj_4,0.021180723204617086,0
1784267641.386,5,brown banana,2.0108,0.6071,1.0255,obj_5,0.01077275086480288,0
1784267641.386,6,gray tin can,0.0025,-0.0001,1.0428,obj_6,0.005035782078008721,0
1784267641.386,7,black bowl,0.0096,0.3753,1.0279,obj_7,0.01361534371636332,0
1784267641.386,8,red bottle,0.3356,0.4276,1.7844,,,1
1784267641.386,9,blue box,1.9120,-0.8019,0.7365,,,1
1784267641.884,0,obj_0,2.7242,-0.9531,1.1968,obj_0,0.0040962503136857085,0
1784267641.884,1,brown scissors,2.8894,-0.6040,1.0860,obj_1,0.015617931314286291,0
1784267641.884,2,gray canned food,3.2615,-0.6382,1.1338,obj_2,0.021833022752810977,0
1784267641.884,3,brown bottle,1.7711,-0.9659,1.2369,obj_3,0.0063888736592096025,0
1784267641.884,4,brown teddy bear,1.4677,0.5971,1.0844,obj_4,0.021254967437893037,0
1784267641.884,5,brown banana,2.0108,0.6072,1.0255,obj_5,0.0108059236599952,0
1784267641.884,6,gray tin can,0.0024,-0.0002,1.0428,obj_6,0.005092502505233183,0
1784267641.884,7,black bowl,0.0096,0.3754,1.0279,obj_7,0.013604840460024097,0
1784267641.884,8,red bottle,0.3356,0.4276,1.7844,,,1
1784267641.884,9,blue box,1.9120,-0.8019,0.7365,,,1
1784267642.382,0,obj_0,2.7242,-0.9531,1.1968,obj_0,0.004097847400033941,0
1784267642.382,1,brown scissors,2.8894,-0.6041,1.0860,obj_1,0.015645188256837778,0
1784267642.382,2,gray canned food,3.2615,-0.6382,1.1338,obj_2,0.021828529088591044,0
1784267642.382,3,brown bottle,1.7711,-0.9659,1.2369,obj_3,0.006377138169860355,0
1784267642.382,4,brown teddy bear,1.4677,0.5971,1.0844,obj_4,0.021292128115078024,0
1784267642.382,5,brown banana,2.0108,0.6072,1.0255,obj_5,0.010822541227295082,0
1784267642.382,6,gray tin can,0.0024,-0.0002,1.0427,obj_6,0.005121265088497019,0
1784267642.382,7,black bowl,0.0096,0.3754,1.0279,obj_7,0.013599594666053373,0
1784267642.382,8,red bottle,0.3356,0.4276,1.7844,,,1
1784267642.382,9,blue box,1.9120,-0.8019,0.7365,,,1
1784267642.884,0,obj_0,2.7242,-0.9531,1.1968,obj_0,0.004098246674347202,0
1784267642.884,1,brown scissors,2.8894,-0.6041,1.0860,obj_1,0.0156588306315537,0
1784267642.884,2,gray canned food,3.2615,-0.6382,1.1338,obj_2,0.02182628576469341,0
1784267642.884,3,brown bottle,1.7711,-0.9659,1.2369,obj_3,0.006371273357392022,0
1784267642.884,4,brown teddy bear,1.4677,0.5971,1.0843,obj_4,0.02131071803498725,0
1784267642.884,5,brown banana,2.0108,0.6072,1.0255,obj_5,0.010830857761545467,0
1784267642.884,6,gray tin can,0.0024,-0.0002,1.0427,obj_6,0.005135745007661725,0
1784267642.884,7,black bowl,0.0096,0.3754,1.0279,obj_7,0.013596973229587818,0
1784267642.884,8,red bottle,0.3356,0.4276,1.7844,,,1
1784267642.884,9,blue box,1.9120,-0.8019,0.7365,,,1
1784267643.388,0,obj_0,2.7242,-0.9531,1.1968,obj_0,0.004098346493095992,0
1784267643.388,1,brown scissors,2.8894,-0.6041,1.0860,obj_1,0.01566565528418038,0
1784267643.388,2,gray canned food,3.2615,-0.6382,1.1338,obj_2,0.021825164980113353,0
1784267643.388,3,brown bottle,1.7711,-0.9659,1.2369,obj_3,0.006368341686572514,0
1784267643.388,4,brown teddy bear,1.4677,0.5970,1.0843,obj_4,0.021320015382961896,0
1784267643.388,5,brown banana,2.0108,0.6072,1.0255,obj_5,0.01083501796111653,0
1784267643.388,6,gray tin can,0.0024,-0.0002,1.0427,obj_6,0.005143009381569546,0
1784267643.388,7,black bowl,0.0096,0.3754,1.0279,obj_7,0.013595662876731428,0
1784267643.388,8,red bottle,0.3356,0.4276,1.7844,,,1
1784267643.388,9,blue box,1.9120,-0.8019,0.7365,,,1
1784267644.435,0,obj_0,2.7241,-0.9531,1.1968,obj_0,0.004050216465381226,0
1784267644.435,1,brown scissors,2.8893,-0.6037,1.0860,obj_1,0.015334618549308248,0
1784267644.435,2,gray canned food,3.2615,-0.6382,1.1338,obj_2,0.021833757955002534,0
1784267644.435,3,brown bottle,1.7711,-0.9659,1.2360,obj_3,0.007219350384631828,0
1784267644.435,4,brown teddy bear,1.4677,0.5971,1.0845,obj_4,0.021174203778926863,0
1784267644.435,5,brown banana,2.0108,0.6076,1.0254,obj_5,0.011218380016376199,0
1784267644.435,6,gray tin can,0.0024,-0.0002,1.0427,obj_6,0.005140601556271397,0
1784267644.435,7,black bowl,0.0101,0.3754,1.0278,obj_7,0.013068426115844887,0
1784267644.435,8,red bottle,0.3356,0.4276,1.7844,,,1
1784267644.435,9,blue box,1.9120,-0.8019,0.7365,,,1
1784267644.882,0,obj_0,2.7241,-0.9531,1.1968,obj_0,0.004038356861900638,0
1784267644.882,1,brown scissors,2.8892,-0.6035,1.0860,obj_1,0.015168708305662316,0
1784267644.882,2,gray canned food,3.2615,-0.6382,1.1338,obj_2,0.021838336717121626,0
1784267644.882,3,brown bottle,1.7711,-0.9660,1.2356,obj_3,0.007647132891050554,0
1784267644.882,4,brown teddy bear,1.4677,0.5972,1.0845,obj_4,0.021099064359224807,0
1784267644.882,5,brown banana,2.0108,0.6078,1.0253,obj_5,0.01140953858943748,0
1784267644.882,6,gray tin can,0.0024,-0.0002,1.0427,obj_6,0.005137600535099262,0
1784267644.882,7,black bowl,0.0104,0.3754,1.0278,obj_7,0.012806199577232724,0
1784267644.882,8,red bottle,0.3356,0.4276,1.7844,,,1
1784267644.882,9,blue box,1.9120,-0.8019,0.7365,,,1
1784267645.383,0,obj_0,2.7580,-0.9431,1.1951,obj_0,0.0343170465343829,0
1784267645.383,1,brown scissors,2.8892,-0.6034,1.0860,obj_1,0.01508609454013782,0
1784267645.383,2,gray canned food,3.2615,-0.6382,1.1338,obj_2,0.021840626644834455,0
1784267645.383,3,brown bottle,1.7713,-0.9660,1.2352,obj_3,0.007999084835474906,0
1784267645.383,4,brown teddy bear,1.4677,0.5972,1.0846,obj_4,0.021027121199873863,0
1784267645.383,5,brown banana,2.0109,0.6084,1.0251,obj_5,0.012004027149506174,0
1784267645.383,6,gray tin can,0.0025,-0.0002,1.0427,obj_6,0.005126916565604903,0
1784267645.383,7,black bowl,0.0106,0.3754,1.0277,obj_7,0.012661938470798103,0
1784267645.383,8,red bottle,0.3356,0.4276,1.7844,,,1
1784267645.383,9,blue box,1.9120,-0.8019,0.7365,,,1
1784267645.884,0,obj_0,2.7750,-0.9381,1.1943,obj_0,0.05195633252804811,0
1784267645.884,1,brown scissors,2.8890,-0.6033,1.0860,obj_1,0.014896827318873037,0
1784267645.884,2,gray canned food,3.2615,-0.6382,1.1338,obj_2,0.021860354783922138,0
1784267645.884,3,brown bottle,1.7713,-0.9659,1.2359,obj_3,0.007357224652883708,0
1784267645.884,4,brown teddy bear,1.4677,0.5972,1.0846,obj_4,0.021011666484170705,0
1784267645.884,5,brown banana,2.0109,0.6086,1.0250,obj_5,0.012297233524420635,0
1784267645.884,6,gray tin can,-0.0056,-0.0022,1.0434,obj_6,0.009284942522265634,0
1784267645.884,7,black bowl,0.0103,0.3754,1.0277,obj_7,0.012882553042707065,0
1784267645.884,8,red bottle,0.3356,0.4276,1.7844,,,1
1784267645.884,9,blue box,1.9119,-0.8019,0.7369,,,1
1784267646.383,0,obj_0,2.7835,-0.9356,1.1938,obj_0,0.06079190049304373,0
1784267646.383,1,brown scissors,2.8890,-0.6032,1.0860,obj_1,0.014802258333766352,0
1784267646.383,2,gray canned food,3.2615,-0.6382,1.1338,obj_2,0.02187025103634621,0
1784267646.383,3,brown bottle,1.7714,-0.9659,1.2362,obj_3,0.007036530198487098,0
1784267646.383,4,brown teddy bear,1.4677,0.5972,1.0846,obj_4,0.021003943443260127,0
1784267646.383,5,brown banana,2.0109,0.6088,1.0250,obj_5,0.012443905009833372,0
1784267646.383,6,gray tin can,-0.0097,-0.0031,1.0438,obj_6,0.012982607687221046,0
1784267646.383,7,black bowl,0.0102,0.3754,1.0277,obj_7,0.012992887560467677,0
1784267646.383,8,red bottle,1.9118,-0.8019,0.7371,,,1
1784267646.890,0,obj_0,2.7877,-0.9344,1.1936,obj_0,0.06521177862575235,0
1784267646.890,1,brown scissors,2.8890,-0.6032,1.0860,obj_1,0.014754990360084555,0
1784267646.890,2,gray canned food,3.2615,-0.6382,1.1338,obj_2,0.02187520719554913,0
1784267646.890,3,brown bottle,1.7714,-0.9659,1.2364,obj_3,0.006876251498211156,0
1784267646.890,4,brown teddy bear,1.4677,0.5972,1.0846,obj_4,0.02100008300342931,0
1784267646.890,5,brown banana,2.0109,0.6088,1.0249,obj_5,0.012517257126861506,0
1784267646.890,6,gray tin can,-0.0117,-0.0036,1.0439,obj_6,0.014926853331422177,0
1784267646.890,7,black bowl,0.0102,0.3754,1.0277,obj_7,0.013048061425823558,0
1784267646.890,8,blue box,1.9118,-0.8019,0.7372,,,1
1784267647.381,0,obj_0,2.7899,-0.9338,1.1935,obj_0,0.06742212112165975,0
1784267647.381,1,brown scissors,2.8889,-0.6031,1.0861,obj_1,0.014731360549343646,0
1784267647.381,2,gray canned food,3.2615,-0.6382,1.1339,obj_2,0.02187768728180671,0
1784267647.381,3,brown bottle,1.7714,-0.9659,1.2364,obj_3,0.006796130694065637,0
1784267647.381,4,brown teddy bear,1.4677,0.5972,1.0846,obj_4,0.020998153053844008,0
1784267647.381,5,brown banana,2.0109,0.6089,1.0249,obj_5,0.012553937195245527,0
1784267647.381,6,gray tin can,-0.0127,-0.0038,1.0440,obj_6,0.015912757250115407,0
1784267647.381,7,black bowl,0.0101,0.3754,1.0277,obj_7,0.013075649985729146,0
1784267647.381,8,blue box,1.9117,-0.8019,0.7373,,,1
1784267647.880,0,obj_0,2.7909,-0.9335,1.1935,obj_0,0.06852738184152196,0
1784267647.880,1,brown scissors,2.8889,-0.6031,1.0861,obj_1,0.01471954669386459,0
1784267647.880,2,gray canned food,3.2615,-0.6382,1.1339,obj_2,0.021878927826400663,0
1784267647.880,3,brown bottle,1.7714,-0.9659,1.2365,obj_3,0.006756075120947963,0
1784267647.880,4,brown teddy bear,1.4677,0.5972,1.0846,obj_4,0.020997188146655472,0
1784267647.880,5,brown banana,2.0109,0.6089,1.0249,obj_5,0.012572278221668766,0
1784267647.880,6,gray tin can,-0.0132,-0.0040,1.0441,obj_6,0.01640843249647559,0
1784267647.880,7,black bowl,0.0101,0.3754,1.0277,obj_7,0.013089444669487894,0
1784267647.880,8,blue box,1.9117,-0.8019,0.7373,,,1
1784267648.381,0,obj_0,2.7914,-0.9333,1.1934,obj_0,0.06908003331687106,0
1784267648.381,1,brown scissors,2.8889,-0.6031,1.0861,obj_1,0.014713640029335366,0
1784267648.381,2,gray canned food,3.2615,-0.6382,1.1339,obj_2,0.021879548224038883,0
1784267648.381,3,brown bottle,1.7714,-0.9659,1.2365,obj_3,0.006736048566754685,0
1784267648.381,4,brown teddy bear,1.4677,0.5972,1.0846,obj_4,0.020996705709965105,0
1784267648.381,5,brown banana,2.0109,0.6089,1.0249,obj_5,0.012581448981672572,0
1784267648.381,6,gray tin can,-0.0135,-0.0040,1.0441,obj_6,0.016656880129355022,0
1784267648.381,7,black bowl,0.0101,0.3754,1.0277,obj_7,0.013096342111946546,0
1784267648.381,8,blue box,1.9117,-0.8019,0.7373,,,1
1784267648.887,0,obj_0,2.7917,-0.9332,1.1934,obj_0,0.06935636418617952,0
1784267648.887,1,brown scissors,2.8889,-0.6031,1.0861,obj_1,0.014710686762966049,0
1784267648.887,2,gray canned food,3.2615,-0.6382,1.1339,obj_2,0.021879858454190035,0
1784267648.887,3,brown bottle,1.7714,-0.9659,1.2365,obj_3,0.006726035600959853,0
1784267648.887,4,brown teddy bear,1.4677,0.5972,1.0846,obj_4,0.020996464495846103,0
1784267648.887,5,brown banana,2.0109,0.6089,1.0249,obj_5,0.012586034423215209,0
1784267648.887,6,gray tin can,-0.0136,-0.0041,1.0441,obj_6,0.016781248550738023,0
1784267648.887,7,black bowl,0.0101,0.3754,1.0277,obj_7,0.013099790858274363,0
1784267648.887,8,blue box,1.9117,-0.8019,0.7373,,,1
1784267649.383,0,obj_0,2.7918,-0.9332,1.1934,obj_0,0.06949453088588783,0
1784267649.383,1,brown scissors,2.8889,-0.6031,1.0861,obj_1,0.014709210146266529,0
1784267649.383,2,gray canned food,3.2615,-0.6382,1.1339,obj_2,0.021880013577098418,0
1784267649.383,3,brown bottle,1.7714,-0.9659,1.2365,obj_3,0.006721029196293757,0
1784267649.383,4,brown teddy bear,1.4677,0.5972,1.0846,obj_4,0.0209963438898431,0
1784267649.383,5,brown banana,2.0109,0.6089,1.0249,obj_5,0.01258832715935203,0
1784267649.383,6,gray tin can,-0.0137,-0.0041,1.0441,obj_6,0.016843467978672477,0
1784267649.383,7,black bowl,0.0101,0.3754,1.0277,obj_7,0.013101515237707114,0
1784267649.383,8,blue box,1.9117,-0.8019,0.7373,,,1
1784267649.887,0,obj_0,2.7920,-0.9332,1.1933,obj_0,0.06965627371943589,0
1784267649.887,1,brown scissors,2.8879,-0.6047,1.0858,obj_1,0.014988647297935156,0
1784267649.887,2,gray canned food,3.2616,-0.6382,1.1339,obj_2,0.021895626897471158,0
1784267649.887,3,brown bottle,1.7714,-0.9660,1.2366,obj_3,0.006660866616290727,0
1784267649.887,4,brown teddy bear,1.4677,0.5973,1.0847,obj_4,0.02091070737408875,0
1784267649.887,5,brown banana,2.0109,0.6089,1.0250,obj_5,0.012584846304757178,0
1784267649.887,6,gray tin can 1,-0.0056,-0.0021,1.0434,obj_6,0.009224839857355362,0
1784267649.887,7,black bowl,0.0096,0.3754,1.0278,obj_7,0.013559602395955776,0
1784267649.887,8,gray tin can 2,1.9124,-0.8019,0.7357,,,1
1784267650.380,0,obj_0,2.7921,-0.9331,1.1932,obj_0,0.06973722302627305,0
1784267650.380,1,brown scissors,2.8873,-0.6056,1.0857,obj_1,0.0152213478830911,0
1784267650.380,2,gray canned food,3.2616,-0.6382,1.1340,obj_2,0.02190352817501211,0
1784267650.380,3,brown bottle,1.7714,-0.9660,1.2366,obj_3,0.006631125179666091,0
1784267650.380,4,brown teddy bear,1.4677,0.5973,1.0848,obj_4,0.020867903434056617,0
1784267650.380,5,brown banana,2.0109,0.6089,1.0250,obj_5,0.012583190256841523,0
1784267650.380,6,gray tin can,-0.0015,-0.0012,1.0431,obj_6,0.006183937518604676,0
1784267650.380,7,black bowl,0.0094,0.3753,1.0279,obj_7,0.013789869550408073,0
1784267650.380,8,blue box,1.9127,-0.8019,0.7349,,,1
1784267650.881,0,obj_0,2.7921,-0.9331,1.1932,obj_0,0.06977771707316124,0
1784267650.881,1,brown scissors,2.8871,-0.6060,1.0856,obj_1,0.015359834258818022,0
1784267650.881,2,gray canned food,3.2616,-0.6382,1.1340,obj_2,0.021907502438351042,0
1784267650.881,3,brown bottle,1.7714,-0.9660,1.2366,obj_3,0.0066163407652468495,0
1784267650.881,4,brown teddy bear,1.4677,0.5973,1.0848,obj_4,0.020846505069227826,0
1784267650.881,5,brown banana,2.0109,0.6089,1.0250,obj_5,0.012582383337570434,0
1784267650.881,6,gray tin can,0.0005,-0.0007,1.0429,obj_6,0.0052843387248037235,0
1784267650.881,7,black bowl,0.0093,0.3753,1.0279,obj_7,0.01390529131576724,0
1784267650.881,8,blue box,1.9129,-0.8019,0.7346,,,1
1784267651.382,0,obj_0,2.7921,-0.9331,1.1932,obj_0,0.06979796893512874,0
1784267651.382,1,brown scissors,2.8869,-0.6062,1.0856,obj_1,0.015434444623116517,0
1784267651.382,2,gray canned food,3.2616,-0.6382,1.1340,obj_2,0.02190949547241843,0
1784267651.382,3,brown bottle,1.7715,-0.9660,1.2366,obj_3,0.006608970303187814,0
1784267651.382,4,brown teddy bear,1.4677,0.5973,1.0848,obj_4,0.0208358067913501,0
1784267651.382,5,brown banana,2.0109,0.6090,1.0250,obj_5,0.012581985155298634,0
1784267651.382,6,gray tin can,0.0015,-0.0005,1.0428,obj_6,0.005103300260300442,0
1784267651.382,7,black bowl,0.0092,0.3753,1.0279,obj_7,0.013963072162334262,0
1784267651.382,8,blue box,1.9129,-0.8019,0.7344,,,1
1784267651.883,0,obj_0,2.7921,-0.9331,1.1932,obj_0,0.06980809607451502,0
1784267651.883,1,brown scissors,2.8869,-0.6063,1.0855,obj_1,0.015473069361418982,0
1784267651.883,2,gray canned food,3.2616,-0.6382,1.1340,obj_2,0.021910493464581793,0
1784267651.883,3,brown bottle,1.7715,-0.9661,1.2366,obj_3,0.006605290529692658,0
1784267651.883,4,brown teddy bear,1.4677,0.5973,1.0848,obj_4,0.02083045787895201,0
1784267651.883,5,brown banana,2.0109,0.6090,1.0250,obj_5,0.012581787383650306,0
1784267651.883,6,gray tin can,0.0020,-0.0003,1.0428,obj_6,0.005091449481480316,0
1784267651.883,7,black bowl,0.0092,0.3753,1.0279,obj_7,0.013991979823860547,0
1784267651.883,8,blue box,1.9130,-0.8019,0.7343,,,1
1784267652.385,0,obj_0,2.7921,-0.9331,1.1931,obj_0,0.0698131599461557,0
1784267652.385,1,brown scissors,2.8868,-0.6063,1.0855,obj_1,0.015492708765641872,0
1784267652.385,2,gray canned food,3.2616,-0.6382,1.1340,obj_2,0.02191099282938722,0
1784267652.385,3,brown bottle,1.7715,-0.9661,1.2366,obj_3,0.006603452009990818,0
1784267652.385,4,brown teddy bear,1.4677,0.5973,1.0848,obj_4,0.020827783479438915,0
1784267652.385,5,brown banana,2.0109,0.6090,1.0250,obj_5,0.012581688827716198,0
1784267652.385,6,gray tin can,0.0023,-0.0003,1.0427,obj_6,0.005105616153383451,0
1784267652.385,7,black bowl,0.0092,0.3753,1.0279,obj_7,0.014006437933058528,0
1784267652.385,8,blue box,1.9130,-0.8019,0.7342,,,1
1784267652.885,0,obj_0,2.7921,-0.9331,1.1932,obj_0,0.0697708543753046,0
1784267652.885,1,brown scissors,2.8879,-0.6046,1.0857,obj_1,0.014908600446279277,0
1784267652.885,2,gray canned food,3.2617,-0.6381,1.1338,obj_2,0.02204123606994652,0
1784267652.885,3,brown bottle,1.7714,-0.9660,1.2365,obj_3,0.00670187075644639,0
1784267652.885,4,brown teddy bear,1.4677,0.5974,1.0847,obj_4,0.020892149402466902,0
1784267652.885,5,brown banana,2.0109,0.6089,1.0250,obj_5,0.01251595797022839,0
1784267652.885,6,gray tin can,-0.0057,-0.0022,1.0434,obj_6,0.00936147208538597,0
1784267652.885,7,black bowl,0.0089,0.3751,1.0280,obj_7,0.0142213147765522,0
1784267652.885,8,blue box,1.9133,-0.8019,0.7326,,,1
1784267653.385,0,obj_0,2.7921,-0.9331,1.1932,obj_0,0.06974970324984195,0
1784267653.385,1,brown scissors,2.8884,-0.6038,1.0859,obj_1,0.014709921762525896,0
1784267653.385,2,gray canned food,3.2617,-0.6381,1.1337,obj_2,0.02210691473382693,0
1784267653.385,3,brown bottle,1.7714,-0.9659,1.2365,obj_3,0.006751337731650228,0
1784267653.385,4,brown teddy bear,1.4677,0.5975,1.0847,obj_4,0.02092453948750651,0
1784267653.385,5,brown banana,2.0109,0.6088,1.0250,obj_5,0.012483282512206288,0
1784267653.385,6,gray tin can,-0.0097,-0.0031,1.0438,obj_6,0.013024807041898068,0
1784267653.385,7,black bowl,0.0088,0.3750,1.0280,obj_7,0.014330188943469135,0
1784267653.385,8,blue box,1.9134,-0.8019,0.7318,,,1
1784267653.886,0,obj_0,2.7921,-0.9331,1.1932,obj_0,0.06973912810254143,0
1784267653.886,1,brown scissors,2.8886,-0.6034,1.0859,obj_1,0.014635165824412068,0
1784267653.886,2,gray canned food,3.2617,-0.6380,1.1337,obj_2,0.022139891883807487,0
1784267653.886,3,brown bottle,1.7714,-0.9659,1.2365,obj_3,0.00677613397641622,0
1784267653.886,4,brown teddy bear,1.4677,0.5975,1.0847,obj_4,0.020940786031034376,0
1784267653.886,5,brown banana,2.0109,0.6088,1.0250,obj_5,0.012466992712175964,0
1784267653.886,6,gray tin can,-0.0117,-0.0036,1.0439,obj_6,0.01494843460771457,0
1784267653.886,7,black bowl,0.0088,0.3749,1.0280,obj_7,0.014384975486308179,0
1784267653.886,8,blue box,1.9135,-0.8019,0.7315,,,1
1784267654.384,0,obj_0,2.7920,-0.9331,1.1932,obj_0,0.06973384063280454,0
1784267654.384,1,brown scissors,2.8888,-0.6031,1.0859,obj_1,0.014604052867962075,0
1784267654.384,2,gray canned food,3.2618,-0.6380,1.1337,obj_2,0.022156414734010494,0
1784267654.384,3,brown bottle,1.7714,-0.9659,1.2364,obj_3,0.00678854758764033,0
1784267654.384,4,brown teddy bear,1.4677,0.5975,1.0846,obj_4,0.02094892214312982,0
1784267654.384,5,brown banana,2.0109,0.6088,1.0249,obj_5,0.012458859849279646,0
1784267654.384,6,gray tin can,-0.0127,-0.0038,1.0440,obj_6,0.015923637034886192,0
1784267654.384,7,black bowl,0.0087,0.3749,1.0280,obj_7,0.014412454962066348,0
1784267654.384,8,blue box,1.9135,-0.8019,0.7313,,,1
1784267654.889,0,obj_0,2.7920,-0.9331,1.1932,obj_0,0.0697311969239208,0
1784267654.889,1,brown scissors,2.8888,-0.6030,1.0859,obj_1,0.014590074921357384,0
1784267654.889,2,gray canned food,3.2618,-0.6380,1.1337,obj_2,0.02216468470557007,0
1784267654.889,3,brown bottle,1.7714,-0.9659,1.2364,obj_3,0.006794758240710294,0
1784267654.889,4,brown teddy bear,1.4677,0.5975,1.0846,obj_4,0.020952993404899575,0
1784267654.889,5,brown banana,2.0109,0.6088,1.0249,obj_5,0.012454796433991154,0
1784267654.889,6,gray tin can,-0.0132,-0.0040,1.0441,obj_6,0.016413891783311242,0
1784267654.889,7,black bowl,0.0087,0.3749,1.0280,obj_7,0.014426216107463816,0
1784267654.889,8,blue box,1.9136,-0.8019,0.7312,,,1
1784267655.389,0,obj_0,2.7920,-0.9331,1.1932,obj_0,0.06972987507597649,0
1784267655.389,1,brown scissors,2.8889,-0.6030,1.0860,obj_1,0.014583481942200816,0
1784267655.389,2,gray canned food,3.2618,-0.6380,1.1336,obj_2,0.022168821825175163,0
1784267655.389,3,brown bottle,1.7714,-0.9659,1.2364,obj_3,0.0067978645260346575,0
1784267655.389,4,brown teddy bear,1.4677,0.5975,1.0846,obj_4,0.02095502983666997,0
1784267655.389,5,brown banana,2.0109,0.6088,1.0249,obj_5,0.012452765481248303,0
1784267655.389,6,gray tin can,-0.0135,-0.0040,1.0441,obj_6,0.0166596143072441,0
1784267655.389,7,black bowl,0.0087,0.3749,1.0280,obj_7,0.014433102014189611,0
1784267655.389,8,blue box,1.9136,-0.8019,0.7311,,,1
1784267655.883,0,obj_0,2.7920,-0.9331,1.1932,obj_0,0.06972921415362829,0
1784267655.883,1,brown scissors,2.8889,-0.6030,1.0860,obj_1,0.014580284610191266,0
1784267655.883,2,gray canned food,3.2618,-0.6380,1.1336,obj_2,0.022170890918085728,0
1784267655.883,3,brown bottle,1.7714,-0.9659,1.2364,obj_3,0.006799417908010904,0
1784267655.883,4,brown teddy bear,1.4677,0.5975,1.0846,obj_4,0.02095604825270848,0
1784267655.883,5,brown banana,2.0109,0.6088,1.0249,obj_5,0.012451750193709876,0
1784267655.883,6,gray tin can,-0.0136,-0.0041,1.0441,obj_6,0.01678261673661508,0
1784267655.883,7,black bowl,0.0087,0.3749,1.0281,obj_7,0.014436546298833498,0
1784267655.883,8,blue box,1.9136,-0.8019,0.7311,,,1
1784267656.379,0,obj_0,2.7920,-0.9331,1.1932,obj_0,0.06972888369286073,0
1784267656.379,1,brown scissors,2.8889,-0.6029,1.0860,obj_1,0.014578710752754728,0
1784267656.379,2,gray canned food,3.2618,-0.6380,1.1336,obj_2,0.02217192559777449,0
1784267656.379,3,brown bottle,1.7714,-0.9659,1.2364,obj_3,0.006800194658779808,0
1784267656.379,4,brown teddy bear,1.4677,0.5975,1.0846,obj_4,0.02095655751075766,0
1784267656.379,5,brown banana,2.0109,0.6088,1.0249,obj_5,0.01245124259716246,0
1784267656.379,6,gray tin can,-0.0137,-0.0041,1.0441,obj_6,0.016844152341409534,0
1784267656.379,7,black bowl,0.0087,0.3749,1.0281,obj_7,0.014438268773697818,0
1784267656.379,8,blue box,1.9136,-0.8019,0.7311,,,1
1784267659.382,0,obj_0,2.7921,-0.9331,1.1933,obj_0,0.06976531854463436,0
1784267659.382,1,brown scissors,2.8891,-0.6034,1.0860,obj_1,0.015044830318886109,0
1784267659.382,2,gray canned food,3.2618,-0.6380,1.1337,obj_2,0.022208017369473726,0
1784267659.382,3,brown bottle,1.7714,-0.9659,1.2365,obj_3,0.006724790164185066,0
1784267659.382,4,brown teddy bear,1.4676,0.5974,1.0845,obj_4,0.02109490153872844,0
1784267659.382,5,brown banana,2.0109,0.6088,1.0249,obj_5,0.012447429587778381,0
1784267659.382,6,gray tin can,-0.0056,-0.0022,1.0434,obj_6,0.009335142774325277,0
1784267659.382,7,black bowl,0.0071,0.3749,1.0280,obj_7,0.016076530352832977,0
1784267659.382,8,blue box,1.9132,-0.8019,0.7320,,,1
1784267659.886,0,obj_0,2.7921,-0.9331,1.1934,obj_0,0.06978385451721054,0
1784267659.886,1,brown scissors,2.8892,-0.6037,1.0860,obj_1,0.015281007714774133,0
1784267659.886,2,gray canned food,3.2618,-0.6380,1.1337,obj_2,0.022225578739006862,0
1784267659.886,3,brown bottle,1.7714,-0.9659,1.2365,obj_3,0.00668672508453854,0
1784267659.886,4,brown teddy bear,1.4676,0.5973,1.0845,obj_4,0.021164022351155536,0
1784267659.886,5,brown banana,2.0109,0.6088,1.0249,obj_5,0.012445769939781063,0
1784267659.886,6,gray tin can,-0.0016,-0.0013,1.0430,obj_6,0.006322050466706151,0
1784267659.886,7,black bowl,0.0062,0.3749,1.0279,obj_7,0.016895607035896196,0
1784267659.886,8,blue box,1.9131,-0.8019,0.7325,,,1
1784267660.385,0,obj_0,2.7921,-0.9331,1.1935,obj_0,0.06979316208672005,0
1784267660.385,1,brown scissors,2.8893,-0.6038,1.0860,obj_1,0.015399655570891905,0
1784267660.385,2,gray canned food,3.2618,-0.6380,1.1337,obj_2,0.02223436358698552,0
1784267660.385,3,brown bottle,1.7715,-0.9659,1.2366,obj_3,0.006667695968108794,0
1784267660.385,4,brown teddy bear,1.4676,0.5973,1.0844,obj_4,0.021198631071584567,0
1784267660.385,5,brown banana,2.0109,0.6088,1.0249,obj_5,0.012444940367057114,0
1784267660.385,6,gray tin can,0.0004,-0.0008,1.0428,obj_6,0.005423101895707211,0
1784267660.385,7,black bowl,0.0058,0.3749,1.0279,obj_7,0.017305308149136254,0
1784267660.385,8,blue box,1.9130,-0.8019,0.7328,,,1
1784267660.883,0,obj_0,2.7921,-0.9331,1.1935,obj_0,0.06979782576266615,0
1784267660.883,1,brown scissors,2.8893,-0.6039,1.0861,obj_1,0.01545911553784894,0
1784267660.883,2,gray canned food,3.2618,-0.6380,1.1337,obj_2,0.02223875705033929,0
1784267660.883,3,brown bottle,1.7715,-0.9659,1.2366,obj_3,0.006658182274303777,0
1784267660.883,4,brown teddy bear,1.4676,0.5973,1.0844,obj_4,0.021215947441415507,0
1784267660.883,5,brown banana,2.0109,0.6088,1.0249,obj_5,0.012444525643528593,0
1784267660.883,6,gray tin can,0.0014,-0.0006,1.0427,obj_6,0.005233391757372747,0
1784267660.883,7,black bowl,0.0056,0.3749,1.0279,obj_7,0.01751019606656879,0
1784267660.883,8,blue box,1.9130,-0.8019,0.7329,,,1
1784267661.382,0,obj_0,2.7921,-0.9331,1.1935,obj_0,0.06980016007285911,0
1784267661.382,1,brown scissors,2.8893,-0.6039,1.0861,obj_1,0.015488879074355939,0
1784267661.382,2,gray canned food,3.2618,-0.6380,1.1337,obj_2,0.022240954041677762,0
1784267661.382,3,brown bottle,1.7715,-0.9659,1.2366,obj_3,0.006653425644585237,0
1784267661.382,4,brown teddy bear,1.4676,0.5973,1.0844,obj_4,0.021224608620163274,0
1784267661.382,5,brown banana,2.0109,0.6088,1.0249,obj_5,0.012444318297474428,0
1784267661.382,6,gray tin can,0.0019,-0.0005,1.0427,obj_6,0.005214589304429293,0
1784267661.382,7,black bowl,0.0055,0.3749,1.0279,obj_7,0.017612648985214537,0
1784267661.382,8,blue box,1.9129,-0.8019,0.7330,,,1
1784267661.890,0,obj_0,2.7922,-0.9331,1.1935,obj_0,0.06980132784593827,0
1784267661.890,1,brown scissors,2.8893,-0.6039,1.0861,obj_1,0.015503769174520395,0
1784267661.890,2,gray canned food,3.2619,-0.6380,1.1337,obj_2,0.02224205260223975,0
1784267661.890,3,brown bottle,1.7715,-0.9659,1.2366,obj_3,0.006651047384157765,0
1784267661.890,4,brown teddy bear,1.4676,0.5973,1.0844,obj_4,0.021228939956926533,0
1784267661.890,5,brown banana,2.0109,0.6088,1.0249,obj_5,0.012444214628375111,0
1784267661.890,6,gray tin can,0.0022,-0.0004,1.0426,obj_6,0.005224682906196546,0
1784267661.890,7,black bowl,0.0055,0.3749,1.0279,obj_7,0.017663877639048024,0
1784267661.890,8,blue box,1.9129,-0.8019,0.7330,,,1
1784267662.381,0,obj_0,2.7922,-0.9331,1.1935,obj_0,0.06980191188696448,0
1784267662.381,1,brown scissors,2.8893,-0.6040,1.0861,obj_1,0.015511216300583119,0
1784267662.381,2,gray canned food,3.2619,-0.6380,1.1337,obj_2,0.022242601898741138,0
1784267662.381,3,brown bottle,1.7715,-0.9659,1.2366,obj_3,0.00664985826756915,0
1784267662.381,4,brown teddy bear,1.4676,0.5973,1.0844,obj_4,0.021231105812022085,0
1784267662.381,5,brown banana,2.0109,0.6088,1.0249,obj_5,0.012444162794807428,0
1784267662.381,6,gray tin can,0.0023,-0.0004,1.0426,obj_6,0.005234586404068756,0
1784267662.381,7,black bowl,0.0054,0.3749,1.0279,obj_7,0.017689492509031637,0
1784267662.381,8,blue box,1.9129,-0.8019,0.7330,,,1
1784267662.880,0,obj_0,2.7922,-0.9331,1.1935,obj_0,0.06980220394609811,0
1784267662.880,1,brown scissors,2.8893,-0.6040,1.0861,obj_1,0.015514940381737414,0
1784267662.880,2,gray canned food,3.2619,-0.6380,1.1337,obj_2,0.022242876551046613,0
1784267662.880,3,brown bottle,1.7715,-0.9659,1.2366,obj_3,0.006649263712683255,0
1784267662.880,4,brown teddy bear,1.4676,0.5973,1.0844,obj_4,0.02123218878623158,0
1784267662.880,5,brown banana,2.0109,0.6088,1.0249,obj_5,0.012444136878269027,0
1784267662.880,6,gray tin can,0.0024,-0.0003,1.0426,obj_6,0.0052407452812672905,0
1784267662.880,7,black bowl,0.0054,0.3749,1.0279,obj_7,0.017702300079102583,0
1784267662.880,8,blue box,1.9129,-0.8019,0.7330,,,1
