== screen seed 1 13:31:42
  seed 1 R35 sampel 1/3
    [0] retract g1: sudah REST -> dilewati
    [1] traverse g1 (0.000, +0) -> (0.500, +5): CLEAR min 380.0 mm (lengan 480.3, SS 380.0, n 306) ('t1_platform_link_0', 't2_platform_link_0')
[INFO] [1791261135.480626783] [reach_dwell_probe]: torsi RNEA+offset(per-aktuator) vs rating: 1=0.03->6.63/10, 2=3.61->11.31/14, 3=0.61->7.21/10, 4=0.12->2.10/7, 5=0.06->2.04/7, 6=0.00->1.98/7  (terketat t1_a1_joint_2 81 %)
[INFO] [1791261197.144989458] [reach_dwell_probe]: jarak antar-lengan minimum sepanjang rencana: 622.7 mm di titik 0 (t1_a1_arm_link_0 <-> t1_a2_arm_link_0) -> CLEAR
    [2] task t0 arm_1 -> [0.9286, 0.3176, 1.0] @(0.500, +5): PLANNED (61.8 s)
[INFO] [1791261197.244815212] [reach_dwell_probe]: torsi RNEA+offset(per-aktuator) vs rating: 1=0.02->6.62/10, 2=3.64->11.34/14, 3=2.27->8.87/10, 4=0.35->2.33/7, 5=0.14->2.12/7, 6=0.00->1.98/7  (terketat t1_a1_joint_3 89 %)
[INFO] [1791261244.380563083] [reach_dwell_probe]: jarak antar-lengan minimum sepanjang rencana: 572.6 mm di titik 132 (t1_a1_forearm_link_0 <-> t1_a2_arm_link_0) -> CLEAR
    [3] task t1 arm_1 -> [1.0, 0.4588, 1.08] @(0.500, +5): PLANNED (47.2 s)
    [4] retract g1 @rot +5: se-gantry 572.7 / antar 480.3 mm -> CLEAR
    [5] traverse g1 (0.500, +5) -> (0.700, -25): CLEAR min 408.5 mm (lengan 471.2, SS 408.5, n 651) ('t1_platform_link_0', 't2_platform_link_0')
[INFO] [1791261265.869797915] [reach_dwell_probe]: torsi RNEA+offset(per-aktuator) vs rating: 1=0.01->6.61/10, 2=4.73->12.43/14, 3=1.12->7.72/10, 4=0.16->2.14/7, 5=0.06->2.04/7, 6=0.00->1.98/7  (terketat t1_a1_joint_2 89 %)
[INFO] [1791261311.292003678] [reach_dwell_probe]: jarak antar-lengan minimum sepanjang rencana: 622.7 mm di titik 0 (t1_a1_arm_link_0 <-> t1_a2_arm_link_0) -> CLEAR
    [6] task t5 arm_1 -> [1.2857, 0.2471, 1.0] @(0.700, -25): PLANNED (45.6 s)
[INFO] [1791261311.390206132] [reach_dwell_probe]: torsi RNEA+offset(per-aktuator) vs rating: 1=0.01->6.61/10, 2=4.54->12.24/14, 3=1.21->7.81/10, 4=0.19->2.17/7, 5=0.05->2.03/7, 6=0.00->1.98/7  (terketat t2_a1_joint_2 87 %)
[INFO] [1791261355.348311022] [reach_dwell_probe]: jarak antar-lengan minimum sepanjang rencana: 469.3 mm di titik 127 (t2_a1_forearm_link_0 <-> t2_a2_arm_link_0) -> CLEAR
    [7] task t2 arm_3 -> [0.2857, -0.3882, 1.08] @(0.000, +0): PLANNED (44.1 s)
[INFO] [1791261355.449073782] [reach_dwell_probe]: torsi RNEA+offset(per-aktuator) vs rating: 1=0.01->6.61/10, 2=4.58->12.28/14, 3=1.18->7.78/10, 4=0.18->2.16/7, 5=0.06->2.04/7, 6=0.00->1.98/7  (terketat t2_a1_joint_2 88 %)
[INFO] [1791261399.030756090] [reach_dwell_probe]: jarak antar-lengan minimum sepanjang rencana: 469.3 mm di titik 0 (t2_a1_forearm_link_0 <-> t2_a2_arm_link_0) -> CLEAR
    [8] task t3 arm_3 -> [0.5, -0.3176, 1.0] @(0.000, +0): PLANNED (43.7 s)
    [9] retract g2 @rot +0: se-gantry 622.7 / antar 528.7 mm -> CLEAR
    [10] traverse g2 (0.000, +0) -> (1.350, -10): CLEAR min 326.3 mm (lengan 347.9, SS 326.3, n 1496) ('t1_mount_plate_right_0', 't2_platform_link_0')
[INFO] [1791261431.640104708] [reach_dwell_probe]: torsi RNEA+offset(per-aktuator) vs rating: 1=0.06->6.66/10, 2=3.17->10.87/14, 3=2.40->9.00/10, 4=0.40->2.38/7, 5=0.06->2.04/7, 6=0.00->1.98/7  (terketat t2_a1_joint_3 90 %)
[INFO] [1791261468.013148471] [reach_dwell_probe]: jarak antar-lengan minimum sepanjang rencana: 578.8 mm di titik 39 (t2_a1_arm_link_0 <-> t2_a2_arm_link_0) -> CLEAR
    [11] task t4 arm_3 -> [1.7857, -0.3882, 1.24] @(1.350, -10): PLANNED (36.4 s)
  seed 1 R35 sampel 2/3
    [0] retract g1: sudah REST -> dilewati
    [1] traverse g1 (0.000, +0) -> (0.500, +5): CLEAR min 380.0 mm (lengan 480.3, SS 380.0, n 306) ('t1_platform_link_0', 't2_platform_link_0')
[INFO] [1791261470.835656733] [reach_dwell_probe]: torsi RNEA+offset(per-aktuator) vs rating: 1=0.03->6.63/10, 2=0.27->7.97/14, 3=1.60->8.20/10, 4=0.23->2.21/7, 5=0.06->2.04/7, 6=0.00->1.98/7  (terketat t1_a1_joint_3 82 %)
[INFO] [1791261512.893030834] [reach_dwell_probe]: jarak antar-lengan minimum sepanjang rencana: 622.7 mm di titik 0 (t1_a1_arm_link_0 <-> t1_a2_arm_link_0) -> CLEAR
    [2] task t0 arm_1 -> [0.9286, 0.3176, 1.0] @(0.500, +5): PLANNED (42.2 s)
[INFO] [1791261512.983187680] [reach_dwell_probe]: torsi RNEA+offset(per-aktuator) vs rating: 1=0.10->6.70/10, 2=5.09->12.79/14, 3=1.62->8.22/10, 4=0.23->2.21/7, 5=0.06->2.04/7, 6=0.00->1.98/7  (terketat t1_a1_joint_2 91 %)
[INFO] [1791261554.016909965] [reach_dwell_probe]: jarak antar-lengan minimum sepanjang rencana: 677.4 mm di titik 0 (t1_a1_lower_wrist_link_0 <-> t1_a2_upper_wrist_link_0) -> CLEAR
    [3] task t1 arm_1 -> [1.0, 0.4588, 1.08] @(0.500, +5): PLANNED (41.1 s)
    [4] retract g1 @rot +5: se-gantry 622.7 / antar 480.3 mm -> CLEAR
    [5] traverse g1 (0.500, +5) -> (0.700, -25): CLEAR min 408.5 mm (lengan 471.2, SS 408.5, n 651) ('t1_platform_link_0', 't2_platform_link_0')
[INFO] [1791261575.799122852] [reach_dwell_probe]: torsi RNEA+offset(per-aktuator) vs rating: 1=0.04->6.64/10, 2=5.11->12.81/14, 3=0.90->7.50/10, 4=0.11->2.09/7, 5=0.06->2.04/7, 6=0.00->1.98/7  (terketat t1_a1_joint_2 92 %)
[INFO] [1791261587.517688568] [reach_dwell_probe]: jarak antar-lengan minimum sepanjang rencana: 622.7 mm di titik 0 (t1_a1_arm_link_0 <-> t1_a2_arm_link_0) -> CLEAR
    [6] task t5 arm_1 -> [1.2857, 0.2471, 1.0] @(0.700, -25): PLANNED (11.8 s)
[INFO] [1791261587.586317870] [reach_dwell_probe]: torsi RNEA+offset(per-aktuator) vs rating: 1=0.02->6.62/10, 2=4.16->11.86/14, 3=1.43->8.03/10, 4=0.21->2.19/7, 5=0.06->2.04/7, 6=0.00->1.98/7  (terketat t2_a1_joint_2 85 %)
[INFO] [1791261608.966393592] [reach_dwell_probe]: jarak antar-lengan minimum sepanjang rencana: 491.6 mm di titik 56 (t2_a1_arm_link_0 <-> t2_a2_arm_link_0) -> CLEAR
    [7] task t2 arm_3 -> [0.2857, -0.3882, 1.08] @(0.000, +0): PLANNED (21.4 s)
[INFO] [1791261609.054467895] [reach_dwell_probe]: torsi RNEA+offset(per-aktuator) vs rating: 1=0.05->6.65/10, 2=4.24->11.94/14, 3=1.45->8.05/10, 4=0.21->2.19/7, 5=0.06->2.04/7, 6=0.00->1.98/7  (terketat t2_a1_joint_2 85 %)
[INFO] [1791261645.057172981] [reach_dwell_probe]: jarak antar-lengan minimum sepanjang rencana: 491.6 mm di titik 2 (t2_a1_arm_link_0 <-> t2_a2_arm_link_0) -> CLEAR
    [8] task t3 arm_3 -> [0.5, -0.3176, 1.0] @(0.000, +0): PLANNED (36.1 s)
    [9] retract g2 @rot +0: se-gantry 622.7 / antar 528.7 mm -> CLEAR
    [10] traverse g2 (0.000, +0) -> (1.350, -10): CLEAR min 326.3 mm (lengan 347.9, SS 326.3, n 1496) ('t1_mount_plate_right_0', 't2_platform_link_0')
[INFO] [1791261682.803441353] [reach_dwell_probe]: torsi RNEA+offset(per-aktuator) vs rating: 1=0.07->6.67/10, 2=4.90->12.60/14, 3=2.15->8.75/10, 4=0.37->2.35/7, 5=0.11->2.09/7, 6=0.00->1.98/7  (terketat t2_a1_joint_2 90 %)
[INFO] [1791261730.797647943] [reach_dwell_probe]: jarak antar-lengan minimum sepanjang rencana: 519.8 mm di titik 126 (t1_a1_forearm_link_0 <-> t2_a1_arm_link_0) -> CLEAR
    [11] task t4 arm_3 -> [1.7857, -0.3882, 1.24] @(1.350, -10): PLANNED (48.1 s)
  seed 1 R35 sampel 3/3
    [0] retract g1: sudah REST -> dilewati
    [1] traverse g1 (0.000, +0) -> (0.500, +5): CLEAR min 380.0 mm (lengan 480.3, SS 380.0, n 306) ('t1_platform_link_0', 't2_platform_link_0')
[INFO] [1791261732.536163961] [reach_dwell_probe]: torsi RNEA+offset(per-aktuator) vs rating: 1=0.01->6.61/10, 2=2.55->10.25/14, 3=1.00->7.60/10, 4=0.14->2.12/7, 5=0.05->2.03/7, 6=0.00->1.98/7  (terketat t1_a1_joint_3 76 %)
[INFO] [1791261775.025802157] [reach_dwell_probe]: jarak antar-lengan minimum sepanjang rencana: 571.7 mm di titik 84 (t1_a1_arm_link_0 <-> t1_a2_arm_link_0) -> CLEAR
    [2] task t0 arm_1 -> [0.9286, 0.3176, 1.0] @(0.500, +5): PLANNED (42.5 s)
[INFO] [1791261775.093140420] [reach_dwell_probe]: torsi RNEA+offset(per-aktuator) vs rating: 1=0.02->6.62/10, 2=5.03->12.73/14, 3=1.02->7.62/10, 4=0.17->2.15/7, 5=0.05->2.03/7, 6=0.00->1.98/7  (terketat t1_a1_joint_2 91 %)
[INFO] [1791261804.299789554] [reach_dwell_probe]: jarak antar-lengan minimum sepanjang rencana: 583.4 mm di titik 0 (t1_a1_arm_link_0 <-> t1_a2_arm_link_0) -> CLEAR
    [3] task t1 arm_1 -> [1.0, 0.4588, 1.08] @(0.500, +5): PLANNED (29.3 s)
    [4] retract g1 @rot +5: se-gantry 622.7 / antar 480.3 mm -> CLEAR
    [5] traverse g1 (0.500, +5) -> (0.700, -25): CLEAR min 408.5 mm (lengan 471.2, SS 408.5, n 651) ('t1_platform_link_0', 't2_platform_link_0')
[INFO] [1791261832.072646142] [reach_dwell_probe]: torsi RNEA+offset(per-aktuator) vs rating: 1=0.06->6.66/10, 2=4.11->11.81/14, 3=0.56->7.16/10, 4=0.14->2.12/7, 5=0.05->2.03/7, 6=0.00->1.98/7  (terketat t1_a1_joint_2 84 %)
[INFO] [1791261876.052353076] [reach_dwell_probe]: jarak antar-lengan minimum sepanjang rencana: 611.9 mm di titik 36 (t1_a1_forearm_link_0 <-> t1_a2_arm_link_0) -> CLEAR
    [6] task t5 arm_1 -> [1.2857, 0.2471, 1.0] @(0.700, -25): PLANNED (44.1 s)
[INFO] [1791261876.151340618] [reach_dwell_probe]: torsi RNEA+offset(per-aktuator) vs rating: 1=0.02->6.62/10, 2=1.14->8.84/14, 3=2.03->8.63/10, 4=0.35->2.33/7, 5=0.10->2.08/7, 6=0.00->1.98/7  (terketat t2_a1_joint_3 86 %)
[INFO] [1791261920.837390795] [reach_dwell_probe]: jarak antar-lengan minimum sepanjang rencana: 528.7 mm di titik 0 (t1_platform_link_0 <-> t2_a1_base_link_0) -> CLEAR
    [7] task t2 arm_3 -> [0.2857, -0.3882, 1.08] @(0.000, +0): PLANNED (44.8 s)
[INFO] [1791261920.928308650] [reach_dwell_probe]: torsi RNEA+offset(per-aktuator) vs rating: 1=0.05->6.65/10, 2=3.46->11.16/14, 3=2.06->8.66/10, 4=0.34->2.32/7, 5=0.09->2.07/7, 6=0.00->1.98/7  (terketat t2_a1_joint_3 87 %)
[INFO] [1791261956.257905030] [reach_dwell_probe]: jarak antar-lengan minimum sepanjang rencana: 528.7 mm di titik 0 (t1_platform_link_0 <-> t2_a1_base_link_0) -> CLEAR
    [8] task t3 arm_3 -> [0.5, -0.3176, 1.0] @(0.000, +0): PLANNED (35.4 s)
    [9] retract g2 @rot +0: se-gantry 609.7 / antar 528.7 mm -> CLEAR
    [10] traverse g2 (0.000, +0) -> (1.350, -10): CLEAR min 326.3 mm (lengan 347.9, SS 326.3, n 1496) ('t1_mount_plate_right_0', 't2_platform_link_0')
[INFO] [1791261987.843473099] [reach_dwell_probe]: torsi RNEA+offset(per-aktuator) vs rating: 1=0.06->6.66/10, 2=4.89->12.59/14, 3=2.15->8.75/10, 4=0.38->2.36/7, 5=0.11->2.09/7, 6=0.00->1.98/7  (terketat t2_a1_joint_2 90 %)
[INFO] [1791262025.047295911] [reach_dwell_probe]: jarak antar-lengan minimum sepanjang rencana: 570.9 mm di titik 125 (t1_a1_arm_link_0 <-> t2_a1_arm_link_0) -> CLEAR
    [11] task t4 arm_3 -> [1.7857, -0.3882, 1.24] @(1.350, -10): PLANNED (37.3 s)
seed 1 R35: PLANNED/PLANNED/PLANNED -> LOLOS
== screen seed 2 13:51:35
  seed 2 R35 sampel 1/3
    [0] retract g1: sudah REST -> dilewati
    [1] traverse g1 (0.000, +0) -> (1.050, -25): CLEAR min 369.9 mm (lengan 390.8, SS 369.9, n 2756) ('t1_mount_plate_right_0', 't2_platform_link_0')
[INFO] [1791262351.341450208] [reach_dwell_probe]: torsi RNEA+offset(per-aktuator) vs rating: 1=0.04->6.64/10, 2=5.13->12.83/14, 3=0.93->7.53/10, 4=0.10->2.08/7, 5=0.06->2.04/7, 6=0.00->1.98/7  (terketat t1_a1_joint_2 92 %)
[INFO] [1791262379.345321643] [reach_dwell_probe]: jarak antar-lengan minimum sepanjang rencana: 622.7 mm di titik 0 (t1_a1_arm_link_0 <-> t1_a2_arm_link_0) -> CLEAR
    [2] task t2 arm_1 -> [1.6429, 0.1765, 1.0] @(1.050, -25): PLANNED (28.2 s)
    [3] retract g1 @rot -25: se-gantry 622.7 / antar 720.2 mm -> CLEAR
    [4] traverse g1 (1.050, -25) -> (1.500, -5): CLEAR min 588.0 mm (lengan 588.0, SS 671.9, n 966) ('t1_a2_right_finger_prox_link_0', 't2_a1_right_finger_prox_link_0')
[INFO] [1791262412.853704265] [reach_dwell_probe]: torsi RNEA+offset(per-aktuator) vs rating: 1=0.02->6.62/10, 2=5.05->12.75/14, 3=1.07->7.67/10, 4=0.18->2.16/7, 5=0.07->2.05/7, 6=0.00->1.98/7  (terketat t1_a1_joint_2 91 %)
[INFO] [1791262457.704574263] [reach_dwell_probe]: jarak antar-lengan minimum sepanjang rencana: 622.7 mm di titik 0 (t1_a1_arm_link_0 <-> t1_a2_arm_link_0) -> CLEAR
    [5] task t4 arm_1 -> [2.0, 0.3882, 1.08] @(1.500, -5): PLANNED (45.0 s)
    [6] retract g2: sudah REST -> dilewati
    [7] traverse g2 (0.000, +0) -> (0.650, -5): CLEAR min 536.0 mm (lengan 536.0, SS 560.1, n 396) ('t1_a2_right_finger_prox_link_0', 't2_a1_right_finger_prox_link_0')
[INFO] [1791262461.198780289] [reach_dwell_probe]: torsi RNEA+offset(per-aktuator) vs rating: 1=0.05->6.65/10, 2=5.14->12.84/14, 3=1.54->8.14/10, 4=0.29->2.27/7, 5=0.05->2.03/7, 6=0.00->1.98/7  (terketat t2_a1_joint_2 92 %)
[INFO] [1791262499.242660872] [reach_dwell_probe]: jarak antar-lengan minimum sepanjang rencana: 568.5 mm di titik 10 (t1_a2_right_finger_prox_link_0 <-> t2_a1_right_finger_prox_link_0) -> CLEAR
    [8] task t5 arm_3 -> [1.1429, -0.3882, 1.16] @(0.650, -5): PLANNED (38.1 s)
[INFO] [1791262499.326461804] [reach_dwell_probe]: torsi RNEA+offset(per-aktuator) vs rating: 1=0.01->6.61/10, 2=0.97->8.67/14, 3=1.47->8.07/10, 4=0.19->2.17/7, 5=0.06->2.04/7, 6=0.00->1.98/7  (terketat t2_a2_joint_3 81 %)
[INFO] [1791262522.298970639] [reach_dwell_probe]: jarak antar-lengan minimum sepanjang rencana: 678.0 mm di titik 64 (t2_a1_shoulder_link_0 <-> t2_a2_forearm_link_0) -> CLEAR
    [9] task t1 arm_4 -> [0.2143, -0.3882, 1.0] @(0.650, -5): PLANNED (23.1 s)
    [10] retract g2 @rot -5: se-gantry 622.7 / antar 568.5 mm -> CLEAR
    [11] traverse g2 (0.650, -5) -> (1.050, -25): CLEAR min 392.9 mm (lengan 549.5, SS 392.9, n 861) ('t1_platform_link_0', 't2_platform_link_0')
[INFO] [1791262556.659641494] [reach_dwell_probe]: torsi RNEA+offset(per-aktuator) vs rating: 1=0.06->6.66/10, 2=4.11->11.81/14, 3=1.47->8.07/10, 4=0.19->2.17/7, 5=0.05->2.03/7, 6=0.00->1.98/7  (terketat t2_a1_joint_2 84 %)
[INFO] [1791262583.171349392] [reach_dwell_probe]: jarak antar-lengan minimum sepanjang rencana: 562.3 mm di titik 39 (t2_a1_forearm_link_0 <-> t2_a2_arm_link_0) -> CLEAR
    [12] task t3 arm_3 -> [1.5, -0.4588, 1.08] @(1.050, -25): PLANNED (26.6 s)
    [13] retract g2 @rot -25: se-gantry 562.3 / antar 614.5 mm -> CLEAR
    [14] traverse g2 (1.050, -25) -> (1.200, +10): CLEAR min 380.0 mm (lengan 446.1, SS 380.0, n 576) ('t1_platform_link_0', 't2_platform_link_0')
[INFO] [1791262606.145334263] [reach_dwell_probe]: torsi RNEA+offset(per-aktuator) vs rating: 1=0.08->6.68/10, 2=5.26->12.96/14, 3=0.86->7.46/10, 4=0.18->2.16/7, 5=0.06->2.04/7, 6=0.00->1.98/7  (terketat t2_a1_joint_2 93 %)
[INFO] [1791262627.327390164] [reach_dwell_probe]: jarak antar-lengan minimum sepanjang rencana: 446.1 mm di titik 0 (t1_platform_link_0 <-> t2_a1_base_link_0) -> CLEAR
    [15] task t0 arm_3 -> [1.7143, -0.2471, 1.08] @(1.200, +10): PLANNED (21.2 s)
  seed 2 R35 sampel 2/3
    [0] retract g1: sudah REST -> dilewati
    [1] traverse g1 (0.000, +0) -> (1.050, -25): CLEAR min 369.9 mm (lengan 390.8, SS 369.9, n 2756) ('t1_mount_plate_right_0', 't2_platform_link_0')
[INFO] [1791262652.061256217] [reach_dwell_probe]: torsi RNEA+offset(per-aktuator) vs rating: 1=0.01->6.61/10, 2=4.33->12.03/14, 3=1.28->7.88/10, 4=0.20->2.18/7, 5=0.06->2.04/7, 6=0.00->1.98/7  (terketat t1_a1_joint_2 86 %)
[INFO] [1791262690.289426225] [reach_dwell_probe]: jarak antar-lengan minimum sepanjang rencana: 622.7 mm di titik 0 (t1_a1_arm_link_0 <-> t1_a2_arm_link_0) -> CLEAR
    [2] task t2 arm_1 -> [1.6429, 0.1765, 1.0] @(1.050, -25): PLANNED (38.3 s)
    [3] retract g1 @rot -25: se-gantry 622.7 / antar 720.2 mm -> CLEAR
    [4] traverse g1 (1.050, -25) -> (1.500, -5): CLEAR min 588.0 mm (lengan 588.0, SS 671.9, n 966) ('t1_a2_right_finger_prox_link_0', 't2_a1_right_finger_prox_link_0')
[INFO] [1791262714.486275363] [reach_dwell_probe]: torsi RNEA+offset(per-aktuator) vs rating: 1=0.01->6.61/10, 2=0.26->7.96/14, 3=2.11->8.71/10, 4=0.35->2.33/7, 5=0.06->2.04/7, 6=0.00->1.98/7  (terketat t1_a1_joint_3 87 %)
[INFO] [1791262757.790435261] [reach_dwell_probe]: jarak antar-lengan minimum sepanjang rencana: 578.1 mm di titik 121 (t1_a1_arm_link_0 <-> t1_a2_arm_link_0) -> CLEAR
    [5] task t4 arm_1 -> [2.0, 0.3882, 1.08] @(1.500, -5): PLANNED (43.4 s)
    [6] retract g2: sudah REST -> dilewati
    [7] traverse g2 (0.000, +0) -> (0.650, -5): CLEAR min 536.0 mm (lengan 536.0, SS 560.1, n 396) ('t1_a2_right_finger_prox_link_0', 't2_a1_right_finger_prox_link_0')
[INFO] [1791262761.385004026] [reach_dwell_probe]: torsi RNEA+offset(per-aktuator) vs rating: 1=0.01->6.61/10, 2=5.38->13.08/14, 3=1.57->8.17/10, 4=0.28->2.26/7, 5=0.09->2.07/7, 6=0.00->1.98/7  (terketat t2_a1_joint_2 93 %)
[INFO] [1791262805.552388887] [reach_dwell_probe]: jarak antar-lengan minimum sepanjang rencana: 518.0 mm di titik 125 (t1_a2_arm_link_0 <-> t2_a1_arm_link_0) -> CLEAR
    [8] task t5 arm_3 -> [1.1429, -0.3882, 1.16] @(0.650, -5): PLANNED (44.3 s)
[INFO] [1791262805.621782954] [reach_dwell_probe]: torsi RNEA+offset(per-aktuator) vs rating: 1=0.02->6.62/10, 2=1.12->8.82/14, 3=1.40->8.00/10, 4=0.18->2.16/7, 5=0.06->2.04/7, 6=0.00->1.98/7  (terketat t2_a2_joint_3 80 %)
[INFO] [1791262817.778619587] [reach_dwell_probe]: jarak antar-lengan minimum sepanjang rencana: 648.0 mm di titik 35 (t2_a1_arm_link_0 <-> t2_a2_forearm_link_0) -> CLEAR
    [9] task t1 arm_4 -> [0.2143, -0.3882, 1.0] @(0.650, -5): PLANNED (12.2 s)
    [10] retract g2 @rot -5: se-gantry 622.7 / antar 518.0 mm -> CLEAR
    [11] traverse g2 (0.650, -5) -> (1.050, -25): CLEAR min 392.9 mm (lengan 549.5, SS 392.9, n 861) ('t1_platform_link_0', 't2_platform_link_0')
[INFO] [1791262849.458248655] [reach_dwell_probe]: torsi RNEA+offset(per-aktuator) vs rating: 1=0.07->6.67/10, 2=0.86->8.56/14, 3=2.07->8.67/10, 4=0.36->2.34/7, 5=0.11->2.09/7, 6=0.00->1.98/7  (terketat t2_a1_joint_3 87 %)
[INFO] [1791262894.480853666] [reach_dwell_probe]: jarak antar-lengan minimum sepanjang rencana: 603.0 mm di titik 126 (t2_a1_forearm_link_0 <-> t2_a2_arm_link_0) -> CLEAR
    [12] task t3 arm_3 -> [1.5, -0.4588, 1.08] @(1.050, -25): PLANNED (45.1 s)
    [13] retract g2 @rot -25: se-gantry 603.2 / antar 614.5 mm -> CLEAR
    [14] traverse g2 (1.050, -25) -> (1.200, +10): CLEAR min 380.0 mm (lengan 446.1, SS 380.0, n 576) ('t1_platform_link_0', 't2_platform_link_0')
[INFO] [1791262922.650910469] [reach_dwell_probe]: torsi RNEA+offset(per-aktuator) vs rating: 1=0.02->6.62/10, 2=0.24->7.94/14, 3=2.26->8.86/10, 4=0.35->2.33/7, 5=0.06->2.04/7, 6=0.00->1.98/7  (terketat t2_a1_joint_3 89 %)
[INFO] [1791262942.997679878] [reach_dwell_probe]: jarak antar-lengan minimum sepanjang rencana: 446.1 mm di titik 0 (t1_platform_link_0 <-> t2_a1_base_link_0) -> CLEAR
    [15] task t0 arm_3 -> [1.7143, -0.2471, 1.08] @(1.200, +10): PLANNED (20.4 s)
  seed 2 R35 sampel 3/3
    [0] retract g1: sudah REST -> dilewati
    [1] traverse g1 (0.000, +0) -> (1.050, -25): CLEAR min 369.9 mm (lengan 390.8, SS 369.9, n 2756) ('t1_mount_plate_right_0', 't2_platform_link_0')
[INFO] [1791262965.274718366] [reach_dwell_probe]: torsi RNEA+offset(per-aktuator) vs rating: 1=0.08->6.68/10, 2=4.08->11.78/14, 3=1.53->8.13/10, 4=0.21->2.19/7, 5=0.06->2.04/7, 6=0.00->1.98/7  (terketat t1_a1_joint_2 84 %)
[INFO] [1791262978.204006205] [reach_dwell_probe]: jarak antar-lengan minimum sepanjang rencana: 622.7 mm di titik 0 (t1_a1_arm_link_0 <-> t1_a2_arm_link_0) -> CLEAR
    [2] task t2 arm_1 -> [1.6429, 0.1765, 1.0] @(1.050, -25): PLANNED (13.0 s)
    [3] retract g1 @rot -25: se-gantry 622.7 / antar 720.2 mm -> CLEAR
    [4] traverse g1 (1.050, -25) -> (1.500, -5): CLEAR min 588.0 mm (lengan 588.0, SS 671.9, n 966) ('t1_a2_right_finger_prox_link_0', 't2_a1_right_finger_prox_link_0')
[INFO] [1791263009.134622856] [reach_dwell_probe]: torsi RNEA+offset(per-aktuator) vs rating: 1=0.01->6.61/10, 2=0.37->8.07/14, 3=2.22->8.82/10, 4=0.33->2.31/7, 5=0.06->2.04/7, 6=0.00->1.98/7  (terketat t1_a1_joint_3 88 %)
[INFO] [1791263028.856756947] [reach_dwell_probe]: jarak antar-lengan minimum sepanjang rencana: 565.4 mm di titik 56 (t1_a1_forearm_link_0 <-> t1_a2_arm_link_0) -> CLEAR
    [5] task t4 arm_1 -> [2.0, 0.3882, 1.08] @(1.500, -5): PLANNED (19.8 s)
    [6] retract g2: sudah REST -> dilewati
    [7] traverse g2 (0.000, +0) -> (0.650, -5): CLEAR min 536.0 mm (lengan 536.0, SS 560.1, n 396) ('t1_a2_right_finger_prox_link_0', 't2_a1_right_finger_prox_link_0')
[INFO] [1791263032.383251340] [reach_dwell_probe]: torsi RNEA+offset(per-aktuator) vs rating: 1=0.11->6.71/10, 2=4.48->12.18/14, 3=1.93->8.53/10, 4=0.28->2.26/7, 5=0.05->2.03/7, 6=0.00->1.98/7  (terketat t2_a1_joint_2 87 %)
[INFO] [1791263075.385989396] [reach_dwell_probe]: jarak antar-lengan minimum sepanjang rencana: 465.2 mm di titik 94 (t1_a2_arm_link_0 <-> t2_a1_forearm_link_0) -> CLEAR
    [8] task t5 arm_3 -> [1.1429, -0.3882, 1.16] @(0.650, -5): PLANNED (43.1 s)
[INFO] [1791263075.481462232] [reach_dwell_probe]: torsi RNEA+offset(per-aktuator) vs rating: 1=0.02->6.62/10, 2=2.77->10.47/14, 3=0.79->7.39/10, 4=0.17->2.15/7, 5=0.06->2.04/7, 6=0.00->1.98/7  (terketat t2_a2_joint_2 75 %)
[INFO] [1791263107.943695566] [reach_dwell_probe]: jarak antar-lengan minimum sepanjang rencana: 700.6 mm di titik 0 (t2_a1_shoulder_link_0 <-> t2_a2_arm_link_0) -> CLEAR
    [9] task t1 arm_4 -> [0.2143, -0.3882, 1.0] @(0.650, -5): PLANNED (32.6 s)
    [10] retract g2 @rot -5: se-gantry 622.7 / antar 465.3 mm -> CLEAR
    [11] traverse g2 (0.650, -5) -> (1.050, -25): CLEAR min 392.9 mm (lengan 549.5, SS 392.9, n 861) ('t1_platform_link_0', 't2_platform_link_0')
[INFO] [1791263141.662153320] [reach_dwell_probe]: torsi RNEA+offset(per-aktuator) vs rating: 1=0.04->6.64/10, 2=1.35->9.05/14, 3=1.87->8.47/10, 4=0.34->2.32/7, 5=0.05->2.03/7, 6=0.00->1.98/7  (terketat t2_a1_joint_3 85 %)
[INFO] [1791263171.981259162] [reach_dwell_probe]: jarak antar-lengan minimum sepanjang rencana: 622.7 mm di titik 0 (t2_a1_arm_link_0 <-> t2_a2_arm_link_0) -> CLEAR
    [12] task t3 arm_3 -> [1.5, -0.4588, 1.08] @(1.050, -25): PLANNED (30.4 s)
    [13] retract g2 @rot -25: se-gantry 622.7 / antar 614.5 mm -> CLEAR
    [14] traverse g2 (1.050, -25) -> (1.200, +10): CLEAR min 380.0 mm (lengan 446.1, SS 380.0, n 576) ('t1_platform_link_0', 't2_platform_link_0')
[INFO] [1791263192.980187956] [reach_dwell_probe]: torsi RNEA+offset(per-aktuator) vs rating: 1=0.00->6.60/10, 2=0.47->8.17/14, 3=2.13->8.73/10, 4=0.36->2.34/7, 5=0.05->2.03/7, 6=0.00->1.98/7  (terketat t2_a1_joint_3 87 %)
[INFO] [1791263236.842707213] [reach_dwell_probe]: jarak antar-lengan minimum sepanjang rencana: 446.1 mm di titik 0 (t1_platform_link_0 <-> t2_a1_base_link_0) -> CLEAR
    [15] task t0 arm_3 -> [1.7143, -0.2471, 1.08] @(1.200, +10): PLANNED (44.0 s)
seed 2 R35: PLANNED/PLANNED/PLANNED -> LOLOS
== screen seed 13 14:15:48
  seed 13 R35 sampel 1/3
    [0] retract g1: sudah REST -> dilewati
    [1] traverse g1 (0.000, +0) -> (0.750, -5): CLEAR min 380.0 mm (lengan 500.9, SS 380.0, n 456) ('t1_platform_link_0', 't2_platform_link_0')
[INFO] [1791263782.990051084] [reach_dwell_probe]: torsi RNEA+offset(per-aktuator) vs rating: 1=0.10->6.70/10, 2=4.28->11.98/14, 3=2.01->8.61/10, 4=0.30->2.28/7, 5=0.06->2.04/7, 6=0.00->1.98/7  (terketat t1_a1_joint_3 86 %)
[INFO] [1791263826.033322494] [reach_dwell_probe]: jarak antar-lengan minimum sepanjang rencana: 557.1 mm di titik 38 (t1_a1_forearm_link_0 <-> t1_a2_arm_link_0) -> CLEAR
    [2] task t3 arm_1 -> [1.2143, 0.3882, 1.16] @(0.750, -5): PLANNED (43.2 s)
[INFO] [1791263826.120440213] [reach_dwell_probe]: torsi RNEA+offset(per-aktuator) vs rating: 1=0.04->6.64/10, 2=3.88->11.58/14, 3=0.72->7.32/10, 4=0.04->2.02/7, 5=0.06->2.04/7, 6=0.00->1.98/7  (terketat t1_a2_joint_2 83 %)
[INFO] [1791263900.151570781] [reach_dwell_probe]: jarak antar-lengan minimum sepanjang rencana: 535.4 mm di titik 0 (t1_a2_right_finger_prox_link_0 <-> t2_a1_right_finger_prox_link_0) -> CLEAR
    [3] task t5 arm_2 -> [0.2143, 0.4588, 1.0] @(0.750, -5): PLANNED (74.1 s)
    [4] retract g1 @rot -5: se-gantry 538.7 / antar 535.4 mm -> CLEAR
    [5] traverse g1 (0.750, -5) -> (1.250, -5): CLEAR min 522.4 mm (lengan 534.0, SS 522.4, n 51) ('t1_platform_link_0', 't2_mount_plate_right_0')
[INFO] [1791263921.817262448] [reach_dwell_probe]: torsi RNEA+offset(per-aktuator) vs rating: 1=0.04->6.64/10, 2=5.16->12.86/14, 3=1.52->8.12/10, 4=0.29->2.27/7, 5=0.06->2.04/7, 6=0.00->1.98/7  (terketat t1_a1_joint_2 92 %)
[INFO] [1791263953.265397529] [reach_dwell_probe]: jarak antar-lengan minimum sepanjang rencana: 622.7 mm di titik 0 (t1_a1_arm_link_0 <-> t1_a2_arm_link_0) -> CLEAR
    [6] task t0 arm_1 -> [1.7143, 0.3882, 1.16] @(1.250, -5): PLANNED (31.5 s)
    [7] retract g2: sudah REST -> dilewati
    [8] traverse g2 (0.000, +0) -> (0.450, -20): CLEAR min 534.0 mm (lengan 534.0, SS 539.5, n 966) ('t1_a2_right_finger_prox_link_0', 't2_a1_right_finger_prox_link_0')
[INFO] [1791263961.766547866] [reach_dwell_probe]: torsi RNEA+offset(per-aktuator) vs rating: 1=0.05->6.65/10, 2=0.27->7.97/14, 3=2.24->8.84/10, 4=0.34->2.32/7, 5=0.06->2.04/7, 6=0.00->1.98/7  (terketat t2_a2_joint_3 88 %)
[INFO] [1791263988.989341733] [reach_dwell_probe]: jarak antar-lengan minimum sepanjang rencana: 594.0 mm di titik 63 (t2_a1_upper_wrist_link_0 <-> t2_a2_right_finger_prox_link_0) -> CLEAR
    [9] task t1 arm_4 -> [0.1429, -0.3176, 1.08] @(0.450, -20): PLANNED (27.3 s)
    [10] retract g2 @rot -20: se-gantry 594.1 / antar 671.8 mm -> CLEAR
    [11] traverse g2 (0.450, -20) -> (1.250, +5): CLEAR min 380.0 mm (lengan 425.2, SS 380.0, n 2106) ('t1_platform_link_0', 't2_platform_link_0')
[INFO] [1791264032.365765232] [reach_dwell_probe]: torsi RNEA+offset(per-aktuator) vs rating: 1=0.01->6.61/10, 2=0.58->8.28/14, 3=1.37->7.97/10, 4=0.22->2.20/7, 5=0.05->2.03/7, 6=0.00->1.98/7  (terketat t2_a1_joint_3 80 %)
[INFO] [1791264078.737493993] [reach_dwell_probe]: jarak antar-lengan minimum sepanjang rencana: 504.5 mm di titik 127 (t1_a1_lower_wrist_link_0 <-> t2_a1_arm_link_0) -> CLEAR
    [12] task t2 arm_3 -> [1.6429, -0.3882, 1.0] @(1.250, +5): PLANNED (46.5 s)
[INFO] [1791264078.846793707] [reach_dwell_probe]: torsi RNEA+offset(per-aktuator) vs rating: 1=0.08->6.68/10, 2=2.91->10.61/14, 3=2.40->9.00/10, 4=0.40->2.38/7, 5=0.06->2.04/7, 6=0.00->1.98/7  (terketat t2_a1_joint_3 90 %)
[INFO] [1791264104.764668583] [reach_dwell_probe]: jarak antar-lengan minimum sepanjang rencana: 486.8 mm di titik 60 (t2_a1_arm_link_0 <-> t2_a2_arm_link_0) -> CLEAR
    [13] task t4 arm_3 -> [1.7143, -0.3176, 1.24] @(1.250, +5): PLANNED (26.0 s)
  seed 13 R35 sampel 2/3
    [0] retract g1: sudah REST -> dilewati
    [1] traverse g1 (0.000, +0) -> (0.750, -5): CLEAR min 380.0 mm (lengan 500.9, SS 380.0, n 456) ('t1_platform_link_0', 't2_platform_link_0')
[INFO] [1791264107.130849147] [reach_dwell_probe]: torsi RNEA+offset(per-aktuator) vs rating: 1=0.01->6.61/10, 2=1.95->9.65/14, 3=2.42->9.02/10, 4=0.37->2.35/7, 5=0.06->2.04/7, 6=0.00->1.98/7  (terketat t1_a1_joint_3 90 %)
[INFO] [1791264131.625399324] [reach_dwell_probe]: jarak antar-lengan minimum sepanjang rencana: 505.1 mm di titik 74 (t1_a1_forearm_link_0 <-> t1_a2_arm_link_0) -> CLEAR
    [2] task t3 arm_1 -> [1.2143, 0.3882, 1.16] @(0.750, -5): PLANNED (24.6 s)
[INFO] [1791264131.730464654] [reach_dwell_probe]: torsi RNEA+offset(per-aktuator) vs rating: 1=0.04->6.64/10, 2=1.47->9.17/14, 3=1.69->8.29/10, 4=0.24->2.22/7, 5=0.05->2.03/7, 6=0.00->1.98/7  (terketat t1_a2_joint_3 83 %)
[INFO] [1791264147.615255997] [reach_dwell_probe]: jarak antar-lengan minimum sepanjang rencana: 505.1 mm di titik 0 (t1_a1_forearm_link_0 <-> t1_a2_arm_link_0) -> CLEAR
    [3] task t5 arm_2 -> [0.2143, 0.4588, 1.0] @(0.750, -5): PLANNED (16.0 s)
    [4] retract g1 @rot -5: se-gantry 550.1 / antar 531.2 mm -> CLEAR
    [5] traverse g1 (0.750, -5) -> (1.250, -5): CLEAR min 522.4 mm (lengan 534.0, SS 522.4, n 51) ('t1_platform_link_0', 't2_mount_plate_right_0')
[INFO] [1791264166.727299647] [reach_dwell_probe]: torsi RNEA+offset(per-aktuator) vs rating: 1=0.04->6.64/10, 2=5.22->12.92/14, 3=1.62->8.22/10, 4=0.28->2.26/7, 5=0.09->2.07/7, 6=0.00->1.98/7  (terketat t1_a1_joint_2 92 %)
[INFO] [1791264213.923497102] [reach_dwell_probe]: jarak antar-lengan minimum sepanjang rencana: 622.7 mm di titik 0 (t1_a1_arm_link_0 <-> t1_a2_arm_link_0) -> CLEAR
    [6] task t0 arm_1 -> [1.7143, 0.3882, 1.16] @(1.250, -5): PLANNED (47.3 s)
    [7] retract g2: sudah REST -> dilewati
    [8] traverse g2 (0.000, +0) -> (0.450, -20): CLEAR min 534.0 mm (lengan 534.0, SS 539.5, n 966) ('t1_a2_right_finger_prox_link_0', 't2_a1_right_finger_prox_link_0')
[INFO] [1791264222.487350107] [reach_dwell_probe]: torsi RNEA+offset(per-aktuator) vs rating: 1=0.02->6.62/10, 2=4.11->11.81/14, 3=1.44->8.04/10, 4=0.20->2.18/7, 5=0.06->2.04/7, 6=0.00->1.98/7  (terketat t2_a2_joint_2 84 %)
[INFO] [1791264244.588064570] [reach_dwell_probe]: jarak antar-lengan minimum sepanjang rencana: 464.2 mm di titik 55 (t2_a1_arm_link_0 <-> t2_a2_forearm_link_0) -> CLEAR
    [9] task t1 arm_4 -> [0.1429, -0.3176, 1.08] @(0.450, -20): PLANNED (22.2 s)
    [10] retract g2 @rot -20: se-gantry 464.3 / antar 671.8 mm -> CLEAR
    [11] traverse g2 (0.450, -20) -> (1.250, +5): CLEAR min 380.0 mm (lengan 425.2, SS 380.0, n 2106) ('t1_platform_link_0', 't2_platform_link_0')
[INFO] [1791264285.181027453] [reach_dwell_probe]: torsi RNEA+offset(per-aktuator) vs rating: 1=0.03->6.63/10, 2=2.98->10.68/14, 3=0.88->7.48/10, 4=0.16->2.14/7, 5=0.07->2.05/7, 6=0.00->1.98/7  (terketat t2_a1_joint_2 76 %)
[INFO] [1791264335.187661607] [reach_dwell_probe]: jarak antar-lengan minimum sepanjang rencana: 526.3 mm di titik 0 (t1_platform_link_0 <-> t2_a1_base_link_0) -> CLEAR
    [12] task t2 arm_3 -> [1.6429, -0.3882, 1.0] @(1.250, +5): PLANNED (50.1 s)
[INFO] [1791264335.268093489] [reach_dwell_probe]: torsi RNEA+offset(per-aktuator) vs rating: 1=0.05->6.65/10, 2=3.00->10.70/14, 3=2.42->9.02/10, 4=0.41->2.39/7, 5=0.06->2.04/7, 6=0.00->1.98/7  (terketat t2_a1_joint_3 90 %)
[INFO] [1791264382.551667560] [reach_dwell_probe]: jarak antar-lengan minimum sepanjang rencana: 493.0 mm di titik 131 (t2_a1_arm_link_0 <-> t2_a2_arm_link_0) -> CLEAR
    [13] task t4 arm_3 -> [1.7143, -0.3176, 1.24] @(1.250, +5): PLANNED (47.4 s)
  seed 13 R35 sampel 3/3
    [0] retract g1: sudah REST -> dilewati
    [1] traverse g1 (0.000, +0) -> (0.750, -5): CLEAR min 380.0 mm (lengan 500.9, SS 380.0, n 456) ('t1_platform_link_0', 't2_platform_link_0')
[INFO] [1791264386.831985587] [reach_dwell_probe]: torsi RNEA+offset(per-aktuator) vs rating: 1=0.09->6.69/10, 2=4.26->11.96/14, 3=2.01->8.61/10, 4=0.30->2.28/7, 5=0.06->2.04/7, 6=0.00->1.98/7  (terketat t1_a1_joint_3 86 %)
[INFO] [1791264419.853260313] [reach_dwell_probe]: jarak antar-lengan minimum sepanjang rencana: 556.9 mm di titik 38 (t1_a1_forearm_link_0 <-> t1_a2_arm_link_0) -> CLEAR
    [2] task t3 arm_1 -> [1.2143, 0.3882, 1.16] @(0.750, -5): PLANNED (33.1 s)
[INFO] [1791264419.954727661] [reach_dwell_probe]: torsi RNEA+offset(per-aktuator) vs rating: 1=0.01->6.61/10, 2=1.93->9.63/14, 3=1.56->8.16/10, 4=0.25->2.23/7, 5=0.05->2.03/7, 6=0.00->1.98/7  (terketat t1_a2_joint_3 82 %)
[INFO] [1791264469.605195963] [reach_dwell_probe]: jarak antar-lengan minimum sepanjang rencana: 535.1 mm di titik 3 (t1_a2_right_finger_prox_link_0 <-> t2_a1_right_finger_prox_link_0) -> CLEAR
    [3] task t5 arm_2 -> [0.2143, 0.4588, 1.0] @(0.750, -5): PLANNED (49.8 s)
    [4] retract g1 @rot -5: se-gantry 580.0 / antar 535.1 mm -> CLEAR
    [5] traverse g1 (0.750, -5) -> (1.250, -5): CLEAR min 522.4 mm (lengan 534.0, SS 522.4, n 51) ('t1_platform_link_0', 't2_mount_plate_right_0')
[INFO] [1791264493.551913087] [reach_dwell_probe]: torsi RNEA+offset(per-aktuator) vs rating: 1=0.10->6.70/10, 2=4.44->12.14/14, 3=1.96->8.56/10, 4=0.29->2.27/7, 5=0.06->2.04/7, 6=0.00->1.98/7  (terketat t1_a1_joint_2 87 %)
[INFO] [1791264526.662276558] [reach_dwell_probe]: jarak antar-lengan minimum sepanjang rencana: 556.6 mm di titik 38 (t1_a1_forearm_link_0 <-> t1_a2_arm_link_0) -> CLEAR
    [6] task t0 arm_1 -> [1.7143, 0.3882, 1.16] @(1.250, -5): PLANNED (33.2 s)
    [7] retract g2: sudah REST -> dilewati
    [8] traverse g2 (0.000, +0) -> (0.450, -20): CLEAR min 534.0 mm (lengan 534.0, SS 539.5, n 966) ('t1_a2_right_finger_prox_link_0', 't2_a1_right_finger_prox_link_0')
[INFO] [1791264535.338106611] [reach_dwell_probe]: torsi RNEA+offset(per-aktuator) vs rating: 1=0.02->6.62/10, 2=1.51->9.21/14, 3=1.82->8.42/10, 4=0.33->2.31/7, 5=0.06->2.04/7, 6=0.00->1.98/7  (terketat t2_a2_joint_3 84 %)
[INFO] [1791264560.282450024] [reach_dwell_probe]: jarak antar-lengan minimum sepanjang rencana: 599.4 mm di titik 66 (t2_a1_arm_link_0 <-> t2_a2_lower_wrist_link_0) -> CLEAR
    [9] task t1 arm_4 -> [0.1429, -0.3176, 1.08] @(0.450, -20): PLANNED (25.0 s)
    [10] retract g2 @rot -20: se-gantry 599.4 / antar 671.8 mm -> CLEAR
    [11] traverse g2 (0.450, -20) -> (1.250, +5): CLEAR min 380.0 mm (lengan 425.2, SS 380.0, n 2106) ('t1_platform_link_0', 't2_platform_link_0')
[INFO] [1791264598.799944283] [reach_dwell_probe]: torsi RNEA+offset(per-aktuator) vs rating: 1=0.04->6.64/10, 2=3.22->10.92/14, 3=0.78->7.38/10, 4=0.15->2.13/7, 5=0.07->2.05/7, 6=0.00->1.98/7  (terketat t2_a1_joint_2 78 %)
[INFO] [1791264650.126401305] [reach_dwell_probe]: jarak antar-lengan minimum sepanjang rencana: 525.7 mm di titik 34 (t1_a1_arm_link_0 <-> t2_a1_arm_link_0) -> CLEAR
    [12] task t2 arm_3 -> [1.6429, -0.3882, 1.0] @(1.250, +5): PLANNED (51.4 s)
[INFO] [1791264650.282594677] [reach_dwell_probe]: torsi RNEA+offset(per-aktuator) vs rating: 1=0.13->6.73/10, 2=4.65->12.35/14, 3=2.16->8.76/10, 4=0.35->2.33/7, 5=0.05->2.03/7, 6=0.00->1.98/7  (terketat t2_a1_joint_2 88 %)
[INFO] [1791264707.497931931] [reach_dwell_probe]: jarak antar-lengan minimum sepanjang rencana: 526.2 mm di titik 45 (t1_a1_arm_link_0 <-> t2_a1_arm_link_0) -> CLEAR
    [13] task t4 arm_3 -> [1.7143, -0.3176, 1.24] @(1.250, +5): PLANNED (57.4 s)
seed 13 R35: PLANNED/PLANNED/PLANNED -> LOLOS
== screen seed 16 14:39:48
  seed 16 R35 sampel 1/3
    [0] retract g1: sudah REST -> dilewati
    [1] traverse g1 (0.000, +0) -> (0.500, -25): CLEAR min 369.9 mm (lengan 390.8, SS 369.9, n 1326) ('t1_mount_plate_right_0', 't2_platform_link_0')
[INFO] [1791265230.734243861] [reach_dwell_probe]: torsi RNEA+offset(per-aktuator) vs rating: 1=0.01->6.61/10, 2=5.05->12.75/14, 3=0.63->7.23/10, 4=0.01->1.99/7, 5=0.06->2.04/7, 6=0.00->1.98/7  (terketat t1_a1_joint_2 91 %)
[INFO] [1791265273.391250208] [reach_dwell_probe]: jarak antar-lengan minimum sepanjang rencana: 622.7 mm di titik 0 (t1_a1_arm_link_0 <-> t1_a2_arm_link_0) -> CLEAR
    [2] task t0 arm_1 -> [1.0714, 0.1765, 1.0] @(0.500, -25): PLANNED (42.8 s)
[INFO] [1791265273.430327328] [reach_dwell_probe]: torsi RNEA+offset(per-aktuator) vs rating: 1=0.04->6.64/10, 2=2.57->10.27/14, 3=1.12->7.72/10, 4=0.23->2.21/7, 5=0.06->2.04/7, 6=0.00->1.98/7  (terketat t1_a2_joint_3 77 %)
[INFO] [1791265308.706614669] [reach_dwell_probe]: jarak antar-lengan minimum sepanjang rencana: 571.7 mm di titik 57 (t1_a2_right_finger_prox_link_0 <-> t2_a1_right_finger_prox_link_0) -> CLEAR
    [3] task t3 arm_2 -> [0.1429, 0.3176, 1.0] @(0.500, -25): PLANNED (35.3 s)
    [4] retract g1 @rot -25: se-gantry 622.7 / antar 571.8 mm -> CLEAR
    [5] traverse g1 (0.500, -25) -> (1.250, -5): CLEAR min 408.5 mm (lengan 514.8, SS 408.5, n 1596) ('t1_platform_link_0', 't2_platform_link_0')
[INFO] [1791265344.297271274] [reach_dwell_probe]: torsi RNEA+offset(per-aktuator) vs rating: 1=0.02->6.62/10, 2=2.34->10.04/14, 3=1.17->7.77/10, 4=0.23->2.21/7, 5=0.05->2.03/7, 6=0.00->1.98/7  (terketat t1_a1_joint_3 78 %)
[INFO] [1791265374.272628766] [reach_dwell_probe]: jarak antar-lengan minimum sepanjang rencana: 597.6 mm di titik 52 (t1_a1_lower_wrist_link_0 <-> t1_a2_upper_wrist_link_0) -> CLEAR
    [6] task t1 arm_1 -> [1.6429, 0.5294, 1.0] @(1.250, -5): PLANNED (30.0 s)
[INFO] [1791265374.376766928] [reach_dwell_probe]: torsi RNEA+offset(per-aktuator) vs rating: 1=0.15->6.75/10, 2=5.19->12.89/14, 3=2.25->8.85/10, 4=0.37->2.35/7, 5=0.08->2.06/7, 6=0.00->1.98/7  (terketat t1_a1_joint_2 92 %)
[INFO] [1791265423.286403638] [reach_dwell_probe]: jarak antar-lengan minimum sepanjang rencana: 479.5 mm di titik 69 (t1_a1_arm_link_0 <-> t1_a2_arm_link_0) -> CLEAR
    [7] task t5 arm_1 -> [1.7143, 0.3176, 1.32] @(1.250, -5): PLANNED (49.0 s)
    [8] retract g2: sudah REST -> dilewati
    [9] traverse g2 (0.000, +0) -> (0.500, +5): CLEAR min 489.8 mm (lengan 499.7, SS 489.8, n 306) ('t1_platform_link_0', 't2_mount_plate_right_0')
[INFO] [1791265426.096354446] [reach_dwell_probe]: torsi RNEA+offset(per-aktuator) vs rating: 1=0.06->6.66/10, 2=2.80->10.50/14, 3=1.14->7.74/10, 4=0.23->2.21/7, 5=0.06->2.04/7, 6=0.00->1.98/7  (terketat t2_a1_joint_3 77 %)
[INFO] [1791265470.509811043] [reach_dwell_probe]: jarak antar-lengan minimum sepanjang rencana: 421.8 mm di titik 85 (t1_a2_gripper_base_link_0 <-> t2_a1_gripper_base_link_0) -> CLEAR
    [10] task t4 arm_3 -> [1.0714, -0.1765, 1.0] @(0.500, +5): PLANNED (44.5 s)
    [11] retract g2 @rot +5: se-gantry 622.7 / antar 421.8 mm -> CLEAR
    [12] traverse g2 (0.500, +5) -> (1.050, +0): CLEAR min 380.0 mm (lengan 424.0, SS 380.0, n 336) ('t1_platform_link_0', 't2_platform_link_0')
[INFO] [1791265498.126300333] [reach_dwell_probe]: torsi RNEA+offset(per-aktuator) vs rating: 1=0.09->6.69/10, 2=4.52->12.22/14, 3=1.28->7.88/10, 4=0.16->2.14/7, 5=0.05->2.03/7, 6=0.00->1.98/7  (terketat t2_a1_joint_2 87 %)
[INFO] [1791265539.100641514] [reach_dwell_probe]: jarak antar-lengan minimum sepanjang rencana: 262.5 mm di titik 116 (t1_a1_arm_link_0 <-> t2_a1_forearm_link_0) -> CLEAR
    [13] task t2 arm_3 -> [1.5714, -0.3176, 1.08] @(1.050, +0): PLANNED (41.1 s)
  seed 16 R35 sampel 2/3
    [0] retract g1: sudah REST -> dilewati
    [1] traverse g1 (0.000, +0) -> (0.500, -25): CLEAR min 369.9 mm (lengan 390.8, SS 369.9, n 1326) ('t1_mount_plate_right_0', 't2_platform_link_0')
[INFO] [1791265550.812340583] [reach_dwell_probe]: torsi RNEA+offset(per-aktuator) vs rating: 1=0.02->6.62/10, 2=5.17->12.87/14, 3=0.56->7.16/10, 4=0.01->1.99/7, 5=0.06->2.04/7, 6=0.00->1.98/7  (terketat t1_a1_joint_2 92 %)
[INFO] [1791265573.261939404] [reach_dwell_probe]: jarak antar-lengan minimum sepanjang rencana: 622.7 mm di titik 0 (t1_a1_arm_link_0 <-> t1_a2_arm_link_0) -> CLEAR
    [2] task t0 arm_1 -> [1.0714, 0.1765, 1.0] @(0.500, -25): PLANNED (22.5 s)
[INFO] [1791265573.330406532] [reach_dwell_probe]: torsi RNEA+offset(per-aktuator) vs rating: 1=0.05->6.65/10, 2=4.06->11.76/14, 3=0.38->6.98/10, 4=0.09->2.07/7, 5=0.05->2.03/7, 6=0.00->1.98/7  (terketat t1_a2_joint_2 84 %)
[INFO] [1791265598.744830058] [reach_dwell_probe]: jarak antar-lengan minimum sepanjang rencana: 569.1 mm di titik 56 (t1_a2_right_finger_prox_link_0 <-> t2_a1_right_finger_prox_link_0) -> CLEAR
    [3] task t3 arm_2 -> [0.1429, 0.3176, 1.0] @(0.500, -25): PLANNED (25.5 s)
    [4] retract g1 @rot -25: se-gantry 622.7 / antar 569.1 mm -> CLEAR
    [5] traverse g1 (0.500, -25) -> (1.250, -5): CLEAR min 408.5 mm (lengan 514.8, SS 408.5, n 1596) ('t1_platform_link_0', 't2_platform_link_0')
[INFO] [1791265628.646089123] [reach_dwell_probe]: torsi RNEA+offset(per-aktuator) vs rating: 1=0.04->6.64/10, 2=2.39->10.09/14, 3=1.20->7.80/10, 4=0.24->2.22/7, 5=0.05->2.03/7, 6=0.00->1.98/7  (terketat t1_a1_joint_3 78 %)
[INFO] [1791265655.440083242] [reach_dwell_probe]: jarak antar-lengan minimum sepanjang rencana: 595.5 mm di titik 39 (t1_a1_lower_wrist_link_0 <-> t1_a2_upper_wrist_link_0) -> CLEAR
    [6] task t1 arm_1 -> [1.6429, 0.5294, 1.0] @(1.250, -5): PLANNED (26.9 s)
[INFO] [1791265655.561105798] [reach_dwell_probe]: torsi RNEA+offset(per-aktuator) vs rating: 1=0.05->6.65/10, 2=3.82->11.52/14, 3=2.44->9.04/10, 4=0.41->2.39/7, 5=0.05->2.03/7, 6=0.00->1.98/7  (terketat t1_a1_joint_3 90 %)
[INFO] [1791265695.046284792] [reach_dwell_probe]: jarak antar-lengan minimum sepanjang rencana: 653.0 mm di titik 0 (t1_a1_forearm_link_0 <-> t1_a2_arm_link_0) -> CLEAR
    [7] task t5 arm_1 -> [1.7143, 0.3176, 1.32] @(1.250, -5): PLANNED (39.6 s)
    [8] retract g2: sudah REST -> dilewati
    [9] traverse g2 (0.000, +0) -> (0.500, +5): CLEAR min 489.8 mm (lengan 499.7, SS 489.8, n 306) ('t1_platform_link_0', 't2_mount_plate_right_0')
[INFO] [1791265696.824570843] [reach_dwell_probe]: torsi RNEA+offset(per-aktuator) vs rating: 1=0.07->6.67/10, 2=3.16->10.86/14, 3=1.03->7.63/10, 4=0.21->2.19/7, 5=0.06->2.04/7, 6=0.00->1.98/7  (terketat t2_a1_joint_2 78 %)
[INFO] [1791265734.078940649] [reach_dwell_probe]: jarak antar-lengan minimum sepanjang rencana: 409.7 mm di titik 83 (t1_a2_right_finger_prox_link_0 <-> t2_a1_right_finger_prox_link_0) -> CLEAR
    [10] task t4 arm_3 -> [1.0714, -0.1765, 1.0] @(0.500, +5): PLANNED (37.3 s)
    [11] retract g2 @rot +5: se-gantry 622.7 / antar 409.7 mm -> CLEAR
    [12] traverse g2 (0.500, +5) -> (1.050, +0): CLEAR min 356.6 mm (lengan 356.6, SS 380.0, n 336) ('t1_a1_forearm_link_0', 't2_a1_arm_link_0')
[INFO] [1791265759.664106531] [reach_dwell_probe]: torsi RNEA+offset(per-aktuator) vs rating: 1=0.00->6.60/10, 2=0.41->8.11/14, 3=2.13->8.73/10, 4=0.36->2.34/7, 5=0.06->2.04/7, 6=0.00->1.98/7  (terketat t2_a1_joint_3 87 %)
[INFO] [1791265800.572659190] [reach_dwell_probe]: jarak antar-lengan minimum sepanjang rencana: 374.9 mm di titik 128 (t1_a1_arm_link_0 <-> t2_a1_lower_wrist_link_0) -> CLEAR
    [13] task t2 arm_3 -> [1.5714, -0.3176, 1.08] @(1.050, +0): PLANNED (41.0 s)
  seed 16 R35 sampel 3/3
    [0] retract g1: sudah REST -> dilewati
    [1] traverse g1 (0.000, +0) -> (0.500, -25): CLEAR min 369.9 mm (lengan 390.8, SS 369.9, n 1326) ('t1_mount_plate_right_0', 't2_platform_link_0')
[INFO] [1791265812.584066673] [reach_dwell_probe]: torsi RNEA+offset(per-aktuator) vs rating: 1=0.01->6.61/10, 2=4.96->12.66/14, 3=0.79->7.39/10, 4=0.06->2.04/7, 5=0.06->2.04/7, 6=0.00->1.98/7  (terketat t1_a1_joint_2 90 %)
[INFO] [1791265861.270740446] [reach_dwell_probe]: jarak antar-lengan minimum sepanjang rencana: 622.7 mm di titik 0 (t1_a1_arm_link_0 <-> t1_a2_arm_link_0) -> CLEAR
    [2] task t0 arm_1 -> [1.0714, 0.1765, 1.0] @(0.500, -25): PLANNED (48.8 s)
[INFO] [1791265861.376981917] [reach_dwell_probe]: torsi RNEA+offset(per-aktuator) vs rating: 1=0.05->6.65/10, 2=3.04->10.74/14, 3=1.30->7.90/10, 4=0.23->2.21/7, 5=0.08->2.06/7, 6=0.00->1.98/7  (terketat t1_a2_joint_3 79 %)
[INFO] [1791265905.999360858] [reach_dwell_probe]: jarak antar-lengan minimum sepanjang rencana: 587.1 mm di titik 124 (t1_a2_gripper_base_link_0 <-> t2_a1_gripper_base_link_0) -> CLEAR
    [3] task t3 arm_2 -> [0.1429, 0.3176, 1.0] @(0.500, -25): PLANNED (44.7 s)
    [4] retract g1 @rot -25: se-gantry 622.7 / antar 587.2 mm -> CLEAR
    [5] traverse g1 (0.500, -25) -> (1.250, -5): CLEAR min 408.5 mm (lengan 514.8, SS 408.5, n 1596) ('t1_platform_link_0', 't2_platform_link_0')
[INFO] [1791265938.675354394] [reach_dwell_probe]: torsi RNEA+offset(per-aktuator) vs rating: 1=0.06->6.66/10, 2=2.87->10.57/14, 3=1.30->7.90/10, 4=0.23->2.21/7, 5=0.08->2.06/7, 6=0.00->1.98/7  (terketat t1_a1_joint_3 79 %)
[INFO] [1791265986.385540418] [reach_dwell_probe]: jarak antar-lengan minimum sepanjang rencana: 616.3 mm di titik 58 (t1_a1_lower_wrist_link_0 <-> t1_a2_upper_wrist_link_0) -> CLEAR
    [6] task t1 arm_1 -> [1.6429, 0.5294, 1.0] @(1.250, -5): PLANNED (47.8 s)
[INFO] [1791265986.503846033] [reach_dwell_probe]: torsi RNEA+offset(per-aktuator) vs rating: 1=0.03->6.63/10, 2=5.08->12.78/14, 3=2.27->8.87/10, 4=0.40->2.38/7, 5=0.07->2.05/7, 6=0.00->1.98/7  (terketat t1_a1_joint_2 91 %)
[INFO] [1791266035.630649808] [reach_dwell_probe]: jarak antar-lengan minimum sepanjang rencana: 600.4 mm di titik 87 (t1_a1_left_finger_dist_link_0 <-> t1_a2_upper_wrist_link_0) -> CLEAR
    [7] task t5 arm_1 -> [1.7143, 0.3176, 1.32] @(1.250, -5): PLANNED (49.2 s)
    [8] retract g2: sudah REST -> dilewati
    [9] traverse g2 (0.000, +0) -> (0.500, +5): CLEAR min 489.8 mm (lengan 499.7, SS 489.8, n 306) ('t1_platform_link_0', 't2_mount_plate_right_0')
[INFO] [1791266038.471350966] [reach_dwell_probe]: torsi RNEA+offset(per-aktuator) vs rating: 1=0.07->6.67/10, 2=3.44->11.14/14, 3=0.97->7.57/10, 4=0.20->2.18/7, 5=0.05->2.03/7, 6=0.00->1.98/7  (terketat t2_a1_joint_2 80 %)
[INFO] [1791266085.820868428] [reach_dwell_probe]: jarak antar-lengan minimum sepanjang rencana: 403.5 mm di titik 88 (t1_a2_right_finger_prox_link_0 <-> t2_a1_right_finger_prox_link_0) -> CLEAR
    [10] task t4 arm_3 -> [1.0714, -0.1765, 1.0] @(0.500, +5): PLANNED (47.4 s)
    [11] retract g2 @rot +5: se-gantry 622.7 / antar 403.5 mm -> CLEAR
    [12] traverse g2 (0.500, +5) -> (1.050, +0): CLEAR min 380.0 mm (lengan 414.9, SS 380.0, n 336) ('t1_platform_link_0', 't2_platform_link_0')
[INFO] [1791266113.003627634] [reach_dwell_probe]: torsi RNEA+offset(per-aktuator) vs rating: 1=0.01->6.61/10, 2=0.29->7.99/14, 3=2.11->8.71/10, 4=0.35->2.33/7, 5=0.06->2.04/7, 6=0.00->1.98/7  (terketat t2_a1_joint_3 87 %)
[INFO] [1791266151.005238692] [reach_dwell_probe]: jarak antar-lengan minimum sepanjang rencana: 434.6 mm di titik 0 (t1_a1_forearm_link_0 <-> t2_a1_arm_link_0) -> CLEAR
    [13] task t2 arm_3 -> [1.5714, -0.3176, 1.08] @(1.050, +0): PLANNED (38.1 s)
seed 16 R35: PLANNED/PLANNED/PLANNED -> LOLOS
== screen seed 17 14:55:51
  seed 17 R35 sampel 1/3
    [0] retract g1: sudah REST -> dilewati
    [1] traverse g1 (0.000, +0) -> (0.100, -15): CLEAR min 380.0 mm (lengan 459.4, SS 380.0, n 176) ('t1_platform_link_0', 't2_platform_link_0')
[INFO] [1791266183.691426206] [reach_dwell_probe]: torsi RNEA+offset(per-aktuator) vs rating: 1=0.01->6.61/10, 2=2.24->9.94/14, 3=1.39->7.99/10, 4=0.25->2.23/7, 5=0.08->2.06/7, 6=0.00->1.98/7  (terketat t1_a1_joint_3 80 %)
[INFO] [1791266240.882207761] [reach_dwell_probe]: jarak antar-lengan minimum sepanjang rencana: 478.8 mm di titik 125 (t1_a1_gripper_base_link_0 <-> t2_a1_gripper_base_link_0) -> CLEAR
    [2] task t1 arm_1 -> [0.2857, 0.2471, 1.0] @(0.100, -15): PLANNED (57.4 s)
[INFO] [1791266240.985131639] [reach_dwell_probe]: torsi RNEA+offset(per-aktuator) vs rating: 1=0.06->6.66/10, 2=3.56->11.26/14, 3=1.42->8.02/10, 4=0.26->2.24/7, 5=0.08->2.06/7, 6=0.00->1.98/7  (terketat t1_a1_joint_2 80 %)
[INFO] [1791266292.415217140] [reach_dwell_probe]: jarak antar-lengan minimum sepanjang rencana: 463.9 mm di titik 134 (t1_a1_arm_link_0 <-> t2_a1_arm_link_0) -> CLEAR
    [3] task t4 arm_1 -> [0.7143, 0.2471, 1.0] @(0.100, -15): PLANNED (51.5 s)
    [4] retract g2: sudah REST -> dilewati
    [5] traverse g2 (0.000, +0) -> (0.650, -10): CLEAR min 380.0 mm (lengan 412.4, SS 380.0, n 726) ('t1_platform_link_0', 't2_platform_link_0')
[INFO] [1791266298.987107625] [reach_dwell_probe]: torsi RNEA+offset(per-aktuator) vs rating: 1=0.07->6.67/10, 2=3.77->11.47/14, 3=1.63->8.23/10, 4=0.23->2.21/7, 5=0.06->2.04/7, 6=0.00->1.98/7  (terketat t2_a1_joint_3 82 %)
[INFO] [1791266324.253921594] [reach_dwell_probe]: jarak antar-lengan minimum sepanjang rencana: 464.8 mm di titik 66 (t1_a1_right_finger_prox_link_0 <-> t2_a1_right_finger_prox_link_0) -> CLEAR
    [6] task t2 arm_3 -> [0.9286, -0.2471, 1.0] @(0.650, -10): PLANNED (25.3 s)
[INFO] [1791266324.301269189] [reach_dwell_probe]: torsi RNEA+offset(per-aktuator) vs rating: 1=0.01->6.61/10, 2=2.26->9.96/14, 3=1.72->8.32/10, 4=0.24->2.22/7, 5=0.06->2.04/7, 6=0.00->1.98/7  (terketat t2_a2_joint_3 83 %)
[INFO] [1791266336.658759641] [reach_dwell_probe]: jarak antar-lengan minimum sepanjang rencana: 446.1 mm di titik 0 (t1_platform_link_0 <-> t2_a2_base_link_0) -> CLEAR
    [7] task t0 arm_4 -> [0.2143, -0.4588, 1.0] @(0.650, -10): PLANNED (12.4 s)
[INFO] [1791266336.741585699] [reach_dwell_probe]: torsi RNEA+offset(per-aktuator) vs rating: 1=0.08->6.68/10, 2=4.05->11.75/14, 3=1.66->8.26/10, 4=0.23->2.21/7, 5=0.06->2.04/7, 6=0.00->1.98/7  (terketat t2_a1_joint_2 84 %)
[INFO] [1791266374.799642379] [reach_dwell_probe]: jarak antar-lengan minimum sepanjang rencana: 464.5 mm di titik 3 (t1_a1_right_finger_prox_link_0 <-> t2_a1_right_finger_prox_link_0) -> CLEAR
    [8] task t3 arm_3 -> [1.1429, -0.3882, 1.0] @(0.650, -10): PLANNED (38.1 s)
[INFO] [1791266374.919455655] [reach_dwell_probe]: torsi RNEA+offset(per-aktuator) vs rating: 1=0.04->6.64/10, 2=2.31->10.01/14, 3=2.12->8.72/10, 4=0.36->2.34/7, 5=0.16->2.14/7, 6=0.00->1.98/7  (terketat t2_a2_joint_3 87 %)
[INFO] [1791266451.596121928] [reach_dwell_probe]: jarak antar-lengan minimum sepanjang rencana: 446.1 mm di titik 0 (t1_platform_link_0 <-> t2_a2_base_link_0) -> CLEAR
    [9] task t5 arm_4 -> [0.4286, -0.3176, 1.08] @(0.650, -10): PLANNED (76.8 s)
  seed 17 R35 sampel 2/3
    [0] retract g1: sudah REST -> dilewati
    [1] traverse g1 (0.000, +0) -> (0.100, -15): CLEAR min 380.0 mm (lengan 459.4, SS 380.0, n 176) ('t1_platform_link_0', 't2_platform_link_0')
[INFO] [1791266452.615186998] [reach_dwell_probe]: torsi RNEA+offset(per-aktuator) vs rating: 1=0.02->6.62/10, 2=2.48->10.18/14, 3=1.36->7.96/10, 4=0.23->2.21/7, 5=0.08->2.06/7, 6=0.00->1.98/7  (terketat t1_a1_joint_3 80 %)
[INFO] [1791266499.997485286] [reach_dwell_probe]: jarak antar-lengan minimum sepanjang rencana: 465.6 mm di titik 127 (t1_a1_right_finger_prox_link_0 <-> t2_a1_right_finger_prox_link_0) -> CLEAR
    [2] task t1 arm_1 -> [0.2857, 0.2471, 1.0] @(0.100, -15): PLANNED (47.4 s)
[INFO] [1791266500.141618600] [reach_dwell_probe]: torsi RNEA+offset(per-aktuator) vs rating: 1=0.06->6.66/10, 2=3.18->10.88/14, 3=1.39->7.99/10, 4=0.25->2.23/7, 5=0.08->2.06/7, 6=0.00->1.98/7  (terketat t1_a1_joint_3 80 %)
[INFO] [1791266553.073585139] [reach_dwell_probe]: jarak antar-lengan minimum sepanjang rencana: 464.1 mm di titik 137 (t1_a1_arm_link_0 <-> t2_a1_arm_link_0) -> CLEAR
    [3] task t4 arm_1 -> [0.7143, 0.2471, 1.0] @(0.100, -15): PLANNED (53.1 s)
    [4] retract g2: sudah REST -> dilewati
    [5] traverse g2 (0.000, +0) -> (0.650, -10): CLEAR min 380.0 mm (lengan 412.4, SS 380.0, n 726) ('t1_platform_link_0', 't2_platform_link_0')
[INFO] [1791266559.771970948] [reach_dwell_probe]: torsi RNEA+offset(per-aktuator) vs rating: 1=0.04->6.64/10, 2=2.35->10.05/14, 3=1.16->7.76/10, 4=0.23->2.21/7, 5=0.06->2.04/7, 6=0.00->1.98/7  (terketat t2_a1_joint_3 78 %)
[INFO] [1791266576.491891345] [reach_dwell_probe]: jarak antar-lengan minimum sepanjang rencana: 455.5 mm di titik 44 (t1_a1_right_finger_prox_link_0 <-> t2_a1_right_finger_prox_link_0) -> CLEAR
    [6] task t2 arm_3 -> [0.9286, -0.2471, 1.0] @(0.650, -10): PLANNED (16.8 s)
[INFO] [1791266576.600829088] [reach_dwell_probe]: torsi RNEA+offset(per-aktuator) vs rating: 1=0.05->6.65/10, 2=1.34->9.04/14, 3=1.46->8.06/10, 4=0.26->2.24/7, 5=0.09->2.07/7, 6=0.00->1.98/7  (terketat t2_a2_joint_3 81 %)
[INFO] [1791266629.830427416] [reach_dwell_probe]: jarak antar-lengan minimum sepanjang rencana: 446.1 mm di titik 0 (t1_platform_link_0 <-> t2_a2_base_link_0) -> CLEAR
    [7] task t0 arm_4 -> [0.2143, -0.4588, 1.0] @(0.650, -10): PLANNED (53.3 s)
[INFO] [1791266629.889255493] [reach_dwell_probe]: torsi RNEA+offset(per-aktuator) vs rating: 1=0.02->6.62/10, 2=2.41->10.11/14, 3=1.50->8.10/10, 4=0.24->2.22/7, 5=0.06->2.04/7, 6=0.00->1.98/7  (terketat t2_a1_joint_3 81 %)
[INFO] [1791266689.362229765] [reach_dwell_probe]: jarak antar-lengan minimum sepanjang rencana: 455.5 mm di titik 0 (t1_a1_right_finger_prox_link_0 <-> t2_a1_right_finger_prox_link_0) -> CLEAR
    [8] task t3 arm_3 -> [1.1429, -0.3882, 1.0] @(0.650, -10): PLANNED (59.5 s)
[INFO] [1791266689.462610236] [reach_dwell_probe]: torsi RNEA+offset(per-aktuator) vs rating: 1=0.11->6.71/10, 2=5.27->12.97/14, 3=1.49->8.09/10, 4=0.26->2.24/7, 5=0.05->2.03/7, 6=0.00->1.98/7  (terketat t2_a2_joint_2 93 %)
[INFO] [1791266726.057295348] [reach_dwell_probe]: jarak antar-lengan minimum sepanjang rencana: 442.4 mm di titik 82 (t2_a1_arm_link_0 <-> t2_a2_forearm_link_0) -> CLEAR
    [9] task t5 arm_4 -> [0.4286, -0.3176, 1.08] @(0.650, -10): PLANNED (36.7 s)
  seed 17 R35 sampel 3/3
    [0] retract g1: sudah REST -> dilewati
    [1] traverse g1 (0.000, +0) -> (0.100, -15): CLEAR min 380.0 mm (lengan 459.4, SS 380.0, n 176) ('t1_platform_link_0', 't2_platform_link_0')
[INFO] [1791266727.145566231] [reach_dwell_probe]: torsi RNEA+offset(per-aktuator) vs rating: 1=0.04->6.64/10, 2=3.79->11.49/14, 3=0.38->6.98/10, 4=0.02->2.00/7, 5=0.06->2.04/7, 6=0.00->1.98/7  (terketat t1_a1_joint_2 82 %)
[INFO] [1791266737.263035891] [reach_dwell_probe]: jarak antar-lengan minimum sepanjang rencana: 456.9 mm di titik 25 (t1_a1_lower_wrist_link_0 <-> t2_a1_upper_wrist_link_0) -> CLEAR
    [2] task t1 arm_1 -> [0.2857, 0.2471, 1.0] @(0.100, -15): PLANNED (10.2 s)
[INFO] [1791266737.361213283] [reach_dwell_probe]: torsi RNEA+offset(per-aktuator) vs rating: 1=0.11->6.71/10, 2=4.92->12.62/14, 3=1.06->7.66/10, 4=0.13->2.11/7, 5=0.06->2.04/7, 6=0.00->1.98/7  (terketat t1_a1_joint_2 90 %)
[INFO] [1791266757.540317988] [reach_dwell_probe]: jarak antar-lengan minimum sepanjang rencana: 456.9 mm di titik 0 (t1_a1_lower_wrist_link_0 <-> t2_a1_upper_wrist_link_0) -> CLEAR
    [3] task t4 arm_1 -> [0.7143, 0.2471, 1.0] @(0.100, -15): PLANNED (20.3 s)
    [4] retract g2: sudah REST -> dilewati
    [5] traverse g2 (0.000, +0) -> (0.650, -10): CLEAR min 380.0 mm (lengan 412.4, SS 380.0, n 726) ('t1_platform_link_0', 't2_platform_link_0')
[INFO] [1791266764.171553682] [reach_dwell_probe]: torsi RNEA+offset(per-aktuator) vs rating: 1=0.06->6.66/10, 2=3.46->11.16/14, 3=1.66->8.26/10, 4=0.23->2.21/7, 5=0.05->2.03/7, 6=0.00->1.98/7  (terketat t2_a1_joint_3 83 %)
[INFO] [1791266790.635682689] [reach_dwell_probe]: jarak antar-lengan minimum sepanjang rencana: 443.1 mm di titik 66 (t1_a1_lower_wrist_link_0 <-> t2_a1_upper_wrist_link_0) -> CLEAR
    [6] task t2 arm_3 -> [0.9286, -0.2471, 1.0] @(0.650, -10): PLANNED (26.5 s)
[INFO] [1791266790.722199975] [reach_dwell_probe]: torsi RNEA+offset(per-aktuator) vs rating: 1=0.06->6.66/10, 2=3.85->11.55/14, 3=0.38->6.98/10, 4=0.01->1.99/7, 5=0.05->2.03/7, 6=0.00->1.98/7  (terketat t2_a2_joint_2 82 %)
[INFO] [1791266821.435755206] [reach_dwell_probe]: jarak antar-lengan minimum sepanjang rencana: 446.1 mm di titik 0 (t1_platform_link_0 <-> t2_a2_base_link_0) -> CLEAR
    [7] task t0 arm_4 -> [0.2143, -0.4588, 1.0] @(0.650, -10): PLANNED (30.8 s)
[INFO] [1791266821.515009295] [reach_dwell_probe]: torsi RNEA+offset(per-aktuator) vs rating: 1=0.05->6.65/10, 2=3.53->11.23/14, 3=1.69->8.29/10, 4=0.24->2.22/7, 5=0.05->2.03/7, 6=0.00->1.98/7  (terketat t2_a1_joint_3 83 %)
[INFO] [1791266869.045939543] [reach_dwell_probe]: jarak antar-lengan minimum sepanjang rencana: 443.1 mm di titik 0 (t1_a1_lower_wrist_link_0 <-> t2_a1_upper_wrist_link_0) -> CLEAR
    [8] task t3 arm_3 -> [1.1429, -0.3882, 1.0] @(0.650, -10): PLANNED (47.6 s)
[INFO] [1791266869.148774935] [reach_dwell_probe]: torsi RNEA+offset(per-aktuator) vs rating: 1=0.03->6.63/10, 2=5.31->13.01/14, 3=0.89->7.49/10, 4=0.12->2.10/7, 5=0.06->2.04/7, 6=0.00->1.98/7  (terketat t2_a2_joint_2 93 %)
[INFO] [1791266940.367999697] [reach_dwell_probe]: jarak antar-lengan minimum sepanjang rencana: 446.1 mm di titik 0 (t1_platform_link_0 <-> t2_a2_base_link_0) -> CLEAR
    [9] task t5 arm_4 -> [0.4286, -0.3176, 1.08] @(0.650, -10): PLANNED (71.3 s)
seed 17 R35: PLANNED/PLANNED/PLANNED -> LOLOS
== screen seed 18 15:16:01
  seed 18 R35 sampel 1/3
    [0] retract g1: sudah REST -> dilewati
    [1] traverse g1 (0.000, +0) -> (0.950, +5): CLEAR min 380.0 mm (lengan 464.7, SS 380.0, n 576) ('t1_platform_link_0', 't2_platform_link_0')
[INFO] [1791267394.786657896] [reach_dwell_probe]: torsi RNEA+offset(per-aktuator) vs rating: 1=0.06->6.66/10, 2=2.05->9.75/14, 3=2.41->9.01/10, 4=0.38->2.36/7, 5=0.06->2.04/7, 6=0.00->1.98/7  (terketat t1_a1_joint_3 90 %)
[INFO] [1791267433.797054674] [reach_dwell_probe]: jarak antar-lengan minimum sepanjang rencana: 571.8 mm di titik 45 (t1_a1_forearm_link_0 <-> t1_a2_arm_link_0) -> CLEAR
    [2] task t1 arm_1 -> [1.4286, 0.3882, 1.16] @(0.950, +5): PLANNED (39.2 s)
[INFO] [1791267433.857272928] [reach_dwell_probe]: torsi RNEA+offset(per-aktuator) vs rating: 1=0.08->6.68/10, 2=4.04->11.74/14, 3=1.57->8.17/10, 4=0.23->2.21/7, 5=0.06->2.04/7, 6=0.00->1.98/7  (terketat t1_a2_joint_2 84 %)
[INFO] [1791267460.755221563] [reach_dwell_probe]: jarak antar-lengan minimum sepanjang rencana: 434.6 mm di titik 44 (t1_a2_left_finger_prox_link_0 <-> t2_a1_right_finger_prox_link_0) -> CLEAR
    [3] task t3 arm_2 -> [0.7143, 0.1765, 1.0] @(0.950, +5): PLANNED (27.0 s)
[INFO] [1791267460.848496757] [reach_dwell_probe]: torsi RNEA+offset(per-aktuator) vs rating: 1=0.02->6.62/10, 2=4.36->12.06/14, 3=2.43->9.03/10, 4=0.39->2.37/7, 5=0.14->2.12/7, 6=0.00->1.98/7  (terketat t1_a1_joint_3 90 %)
[INFO] [1791267518.316380410] [reach_dwell_probe]: jarak antar-lengan minimum sepanjang rencana: 384.9 mm di titik 136 (t1_a1_upper_wrist_link_0 <-> t1_a2_upper_wrist_link_0) -> CLEAR
    [4] task t5 arm_1 -> [1.1429, 0.3176, 1.0] @(0.950, +5): PLANNED (57.6 s)
    [5] retract g2: sudah REST -> dilewati
    [6] traverse g2 (0.000, +0) -> (0.650, +5): CLEAR min 346.6 mm (lengan 346.6, SS 380.0, n 396) ('t1_a2_left_finger_prox_link_0', 't2_a1_right_finger_prox_link_0')
[INFO] [1791267521.532650356] [reach_dwell_probe]: torsi RNEA+offset(per-aktuator) vs rating: 1=0.03->6.63/10, 2=0.84->8.54/14, 3=2.16->8.76/10, 4=0.37->2.35/7, 5=0.11->2.09/7, 6=0.00->1.98/7  (terketat t2_a2_joint_3 88 %)
[INFO] [1791267574.886321201] [reach_dwell_probe]: jarak antar-lengan minimum sepanjang rencana: 507.2 mm di titik 127 (t2_a1_upper_wrist_link_0 <-> t2_a2_gripper_base_link_0) -> CLEAR
    [7] task t0 arm_4 -> [0.4286, -0.3882, 1.08] @(0.650, +5): PLANNED (53.4 s)
    [8] retract g2 @rot +5: se-gantry 507.4 / antar 455.7 mm -> CLEAR
    [9] traverse g2 (0.650, +5) -> (1.350, -15): CLEAR min 345.1 mm (lengan 345.1, SS 380.0, n 1491) ('t1_a2_lower_wrist_link_0', 't2_a2_lower_wrist_link_0')
[INFO] [1791267606.960907007] [reach_dwell_probe]: torsi RNEA+offset(per-aktuator) vs rating: 1=0.05->6.65/10, 2=2.84->10.54/14, 3=2.11->8.71/10, 4=0.37->2.35/7, 5=0.06->2.04/7, 6=0.00->1.98/7  (terketat t2_a1_joint_3 87 %)
[INFO] [1791267639.680704041] [reach_dwell_probe]: jarak antar-lengan minimum sepanjang rencana: 622.7 mm di titik 0 (t2_a1_arm_link_0 <-> t2_a2_arm_link_0) -> CLEAR
    [10] task t2 arm_3 -> [1.7857, -0.3882, 1.16] @(1.350, -15): PLANNED (32.8 s)
    [11] retract g2 @rot -15: se-gantry 622.7 / antar 412.4 mm -> CLEAR
    [12] traverse g2 (1.350, -15) -> (1.500, -20): CLEAR min 358.5 mm (lengan 379.6, SS 358.5, n 112) ('t1_platform_link_0', 't2_mount_plate_left_0')
[INFO] [1791267655.616369456] [reach_dwell_probe]: torsi RNEA+offset(per-aktuator) vs rating: 1=0.02->6.62/10, 2=5.23->12.93/14, 3=0.97->7.57/10, 4=0.17->2.15/7, 5=0.07->2.05/7, 6=0.00->1.98/7  (terketat t2_a1_joint_2 92 %)
[INFO] [1791267704.680696597] [reach_dwell_probe]: jarak antar-lengan minimum sepanjang rencana: 622.7 mm di titik 0 (t2_a1_arm_link_0 <-> t2_a2_arm_link_0) -> CLEAR
    [13] task t4 arm_3 -> [2.0, -0.4588, 1.08] @(1.500, -20): PLANNED (49.1 s)
  seed 18 R35 sampel 2/3
    [0] retract g1: sudah REST -> dilewati
    [1] traverse g1 (0.000, +0) -> (0.950, +5): CLEAR min 380.0 mm (lengan 464.7, SS 380.0, n 576) ('t1_platform_link_0', 't2_platform_link_0')
[INFO] [1791267709.888684416] [reach_dwell_probe]: torsi RNEA+offset(per-aktuator) vs rating: 1=0.07->6.67/10, 2=4.51->12.21/14, 3=1.81->8.41/10, 4=0.30->2.28/7, 5=0.06->2.04/7, 6=0.00->1.98/7  (terketat t1_a1_joint_2 87 %)
[INFO] [1791267749.320541265] [reach_dwell_probe]: jarak antar-lengan minimum sepanjang rencana: 575.7 mm di titik 35 (t1_a1_arm_link_0 <-> t1_a2_arm_link_0) -> CLEAR
    [2] task t1 arm_1 -> [1.4286, 0.3882, 1.16] @(0.950, +5): PLANNED (39.5 s)
[INFO] [1791267749.389591113] [reach_dwell_probe]: torsi RNEA+offset(per-aktuator) vs rating: 1=0.02->6.62/10, 2=4.06->11.76/14, 3=0.38->6.98/10, 4=0.02->2.00/7, 5=0.06->2.04/7, 6=0.00->1.98/7  (terketat t1_a2_joint_2 84 %)
[INFO] [1791267775.098991772] [reach_dwell_probe]: jarak antar-lengan minimum sepanjang rencana: 483.7 mm di titik 62 (t1_a2_left_finger_prox_link_0 <-> t2_a1_right_finger_prox_link_0) -> CLEAR
    [3] task t3 arm_2 -> [0.7143, 0.1765, 1.0] @(0.950, +5): PLANNED (25.8 s)
[INFO] [1791267775.212341857] [reach_dwell_probe]: torsi RNEA+offset(per-aktuator) vs rating: 1=0.11->6.71/10, 2=4.57->12.27/14, 3=1.81->8.41/10, 4=0.29->2.27/7, 5=0.06->2.04/7, 6=0.00->1.98/7  (terketat t1_a1_joint_2 88 %)
[INFO] [1791267811.957906728] [reach_dwell_probe]: jarak antar-lengan minimum sepanjang rencana: 386.2 mm di titik 93 (t1_a1_gripper_base_link_0 <-> t1_a2_right_finger_prox_link_0) -> CLEAR
    [4] task t5 arm_1 -> [1.1429, 0.3176, 1.0] @(0.950, +5): PLANNED (36.9 s)
    [5] retract g2: sudah REST -> dilewati
    [6] traverse g2 (0.000, +0) -> (0.650, +5): CLEAR min 348.9 mm (lengan 348.9, SS 380.0, n 396) ('t1_a2_left_finger_prox_link_0', 't2_a1_right_finger_prox_link_0')
[INFO] [1791267815.488906374] [reach_dwell_probe]: torsi RNEA+offset(per-aktuator) vs rating: 1=0.01->6.61/10, 2=0.33->8.03/14, 3=1.95->8.55/10, 4=0.35->2.33/7, 5=0.06->2.04/7, 6=0.00->1.98/7  (terketat t2_a2_joint_3 86 %)
[INFO] [1791267837.580541617] [reach_dwell_probe]: jarak antar-lengan minimum sepanjang rencana: 509.3 mm di titik 61 (t2_a1_upper_wrist_link_0 <-> t2_a2_right_finger_prox_link_0) -> CLEAR
    [7] task t0 arm_4 -> [0.4286, -0.3882, 1.08] @(0.650, +5): PLANNED (22.2 s)
    [8] retract g2 @rot +5: se-gantry 509.4 / antar 474.4 mm -> CLEAR
    [9] traverse g2 (0.650, +5) -> (1.350, -15): CLEAR min 380.0 mm (lengan 384.5, SS 380.0, n 1491) ('t1_platform_link_0', 't2_platform_link_0')
[INFO] [1791267872.652711672] [reach_dwell_probe]: torsi RNEA+offset(per-aktuator) vs rating: 1=0.00->6.60/10, 2=1.87->9.57/14, 3=2.43->9.03/10, 4=0.37->2.35/7, 5=0.06->2.04/7, 6=0.00->1.98/7  (terketat t2_a1_joint_3 90 %)
[INFO] [1791267897.108864514] [reach_dwell_probe]: jarak antar-lengan minimum sepanjang rencana: 496.9 mm di titik 74 (t2_a1_arm_link_0 <-> t2_a2_arm_link_0) -> CLEAR
    [10] task t2 arm_3 -> [1.7857, -0.3882, 1.16] @(1.350, -15): PLANNED (24.5 s)
    [11] retract g2 @rot -15: se-gantry 497.0 / antar 412.4 mm -> CLEAR
    [12] traverse g2 (1.350, -15) -> (1.500, -20): CLEAR min 358.5 mm (lengan 379.6, SS 358.5, n 112) ('t1_platform_link_0', 't2_mount_plate_left_0')
[INFO] [1791267916.797071940] [reach_dwell_probe]: torsi RNEA+offset(per-aktuator) vs rating: 1=0.00->6.60/10, 2=0.21->7.91/14, 3=2.23->8.83/10, 4=0.35->2.33/7, 5=0.05->2.03/7, 6=0.00->1.98/7  (terketat t2_a1_joint_3 88 %)
[INFO] [1791267938.879318973] [reach_dwell_probe]: jarak antar-lengan minimum sepanjang rencana: 566.5 mm di titik 57 (t2_a1_arm_link_0 <-> t2_a2_arm_link_0) -> CLEAR
    [13] task t4 arm_3 -> [2.0, -0.4588, 1.08] @(1.500, -20): PLANNED (22.2 s)
  seed 18 R35 sampel 3/3
    [0] retract g1: sudah REST -> dilewati
    [1] traverse g1 (0.000, +0) -> (0.950, +5): CLEAR min 380.0 mm (lengan 464.7, SS 380.0, n 576) ('t1_platform_link_0', 't2_platform_link_0')
[INFO] [1791267944.098613014] [reach_dwell_probe]: torsi RNEA+offset(per-aktuator) vs rating: 1=0.07->6.67/10, 2=4.49->12.19/14, 3=1.84->8.44/10, 4=0.30->2.28/7, 5=0.05->2.03/7, 6=0.00->1.98/7  (terketat t1_a1_joint_2 87 %)
[INFO] [1791267983.832506706] [reach_dwell_probe]: jarak antar-lengan minimum sepanjang rencana: 577.6 mm di titik 34 (t1_a1_arm_link_0 <-> t1_a2_arm_link_0) -> CLEAR
    [2] task t1 arm_1 -> [1.4286, 0.3882, 1.16] @(0.950, +5): PLANNED (39.8 s)
[INFO] [1791267983.912801964] [reach_dwell_probe]: torsi RNEA+offset(per-aktuator) vs rating: 1=0.02->6.62/10, 2=4.07->11.77/14, 3=0.49->7.09/10, 4=0.13->2.11/7, 5=0.05->2.03/7, 6=0.00->1.98/7  (terketat t1_a2_joint_2 84 %)
[INFO] [1791268014.373844220] [reach_dwell_probe]: jarak antar-lengan minimum sepanjang rencana: 484.3 mm di titik 76 (t1_a2_left_finger_prox_link_0 <-> t2_a1_right_finger_prox_link_0) -> CLEAR
    [3] task t3 arm_2 -> [0.7143, 0.1765, 1.0] @(0.950, +5): PLANNED (30.5 s)
[INFO] [1791268014.475473950] [reach_dwell_probe]: torsi RNEA+offset(per-aktuator) vs rating: 1=0.12->6.72/10, 2=4.54->12.24/14, 3=1.84->8.44/10, 4=0.30->2.28/7, 5=0.06->2.04/7, 6=0.00->1.98/7  (terketat t1_a1_joint_2 87 %)
[INFO] [1791268055.612727804] [reach_dwell_probe]: jarak antar-lengan minimum sepanjang rencana: 349.5 mm di titik 100 (t1_a1_upper_wrist_link_0 <-> t1_a2_lower_wrist_link_0) -> CLEAR
    [4] task t5 arm_1 -> [1.1429, 0.3176, 1.0] @(0.950, +5): PLANNED (41.2 s)
    [5] retract g2: sudah REST -> dilewati
    [6] traverse g2 (0.000, +0) -> (0.650, +5): CLEAR min 345.7 mm (lengan 345.7, SS 380.0, n 396) ('t1_a2_left_finger_prox_link_0', 't2_a1_right_finger_prox_link_0')
[INFO] [1791268057.522812560] [reach_dwell_probe]: torsi RNEA+offset(per-aktuator) vs rating: 1=0.03->6.63/10, 2=5.49->13.19/14, 3=0.87->7.47/10, 4=0.10->2.08/7, 5=0.06->2.04/7, 6=0.00->1.98/7  (terketat t2_a2_joint_2 94 %)
[INFO] [1791268104.160184127] [reach_dwell_probe]: jarak antar-lengan minimum sepanjang rencana: 473.4 mm di titik 121 (t2_a1_arm_link_0 <-> t2_a2_forearm_link_0) -> CLEAR
    [7] task t0 arm_4 -> [0.4286, -0.3882, 1.08] @(0.650, +5): PLANNED (46.7 s)
    [8] retract g2 @rot +5: se-gantry 473.4 / antar 467.6 mm -> CLEAR
    [9] traverse g2 (0.650, +5) -> (1.350, -15): CLEAR min 371.9 mm (lengan 371.9, SS 380.0, n 1491) ('t1_a2_upper_wrist_link_0', 't2_a2_lower_wrist_link_0')
[INFO] [1791268137.626967794] [reach_dwell_probe]: torsi RNEA+offset(per-aktuator) vs rating: 1=0.11->6.71/10, 2=4.65->12.35/14, 3=1.79->8.39/10, 4=0.29->2.27/7, 5=0.06->2.04/7, 6=0.00->1.98/7  (terketat t2_a1_joint_2 88 %)
[INFO] [1791268182.746447387] [reach_dwell_probe]: jarak antar-lengan minimum sepanjang rencana: 581.0 mm di titik 85 (t2_a1_left_finger_dist_link_0 <-> t2_a2_upper_wrist_link_0) -> CLEAR
    [10] task t2 arm_3 -> [1.7857, -0.3882, 1.16] @(1.350, -15): PLANNED (45.2 s)
    [11] retract g2 @rot -15: se-gantry 581.0 / antar 412.4 mm -> CLEAR
    [12] traverse g2 (1.350, -15) -> (1.500, -20): CLEAR min 358.5 mm (lengan 379.6, SS 358.5, n 112) ('t1_platform_link_0', 't2_mount_plate_left_0')
[INFO] [1791268205.295404357] [reach_dwell_probe]: torsi RNEA+offset(per-aktuator) vs rating: 1=0.00->6.60/10, 2=0.20->7.90/14, 3=2.26->8.86/10, 4=0.35->2.33/7, 5=0.06->2.04/7, 6=0.00->1.98/7  (terketat t2_a1_joint_3 89 %)
[INFO] [1791268226.149162855] [reach_dwell_probe]: jarak antar-lengan minimum sepanjang rencana: 576.6 mm di titik 65 (t2_a1_arm_link_0 <-> t2_a2_arm_link_0) -> CLEAR
    [13] task t4 arm_3 -> [2.0, -0.4588, 1.08] @(1.500, -20): PLANNED (20.9 s)
seed 18 R35: PLANNED/PLANNED/PLANNED -> LOLOS
== screen seed 20 15:33:26
  seed 20 R35 sampel 1/3
    [0] retract g1: sudah REST -> dilewati
    [1] traverse g1 (0.000, +0) -> (0.100, -5): CLEAR min 380.0 mm (lengan 526.3, SS 380.0, n 66) ('t1_platform_link_0', 't2_platform_link_0')
[INFO] [1791268438.600966034] [reach_dwell_probe]: torsi RNEA+offset(per-aktuator) vs rating: 1=0.07->6.67/10, 2=0.65->8.35/14, 3=1.92->8.52/10, 4=0.35->2.33/7, 5=0.05->2.03/7, 6=0.00->1.98/7  (terketat t1_a1_joint_3 85 %)
[INFO] [1791268471.205605327] [reach_dwell_probe]: jarak antar-lengan minimum sepanjang rencana: 529.7 mm di titik 65 (t1_a1_forearm_link_0 <-> t2_a1_arm_link_0) -> CLEAR
    [2] task t5 arm_1 -> [0.5, 0.4588, 1.08] @(0.100, -5): PLANNED (32.7 s)
    [3] retract g1 @rot -5: se-gantry 617.0 / antar 529.9 mm -> CLEAR
    [4] traverse g1 (0.100, -5) -> (1.400, -5): CLEAR min 380.0 mm (lengan 514.8, SS 380.0, n 131) ('t1_platform_link_0', 't2_platform_link_0')
[INFO] [1791268494.315609763] [reach_dwell_probe]: torsi RNEA+offset(per-aktuator) vs rating: 1=0.01->6.61/10, 2=4.74->12.44/14, 3=2.19->8.79/10, 4=0.39->2.37/7, 5=0.11->2.09/7, 6=0.00->1.98/7  (terketat t1_a1_joint_2 89 %)
[INFO] [1791268540.982048234] [reach_dwell_probe]: jarak antar-lengan minimum sepanjang rencana: 622.7 mm di titik 0 (t1_a1_arm_link_0 <-> t1_a2_arm_link_0) -> CLEAR
    [5] task t3 arm_1 -> [1.8571, 0.3176, 1.24] @(1.400, -5): PLANNED (46.8 s)
[INFO] [1791268541.086560013] [reach_dwell_probe]: torsi RNEA+offset(per-aktuator) vs rating: 1=0.02->6.62/10, 2=3.85->11.55/14, 3=1.61->8.21/10, 4=0.22->2.20/7, 5=0.05->2.03/7, 6=0.00->1.98/7  (terketat t1_a2_joint_2 82 %)
[INFO] [1791268566.196927190] [reach_dwell_probe]: jarak antar-lengan minimum sepanjang rencana: 644.2 mm di titik 67 (t1_a2_left_finger_prox_link_0 <-> t2_a1_right_finger_prox_link_0) -> CLEAR
    [6] task t4 arm_2 -> [0.7857, 0.3176, 1.0] @(1.400, -5): PLANNED (25.2 s)
    [7] retract g2: sudah REST -> dilewati
    [8] traverse g2 (0.000, +0) -> (0.950, +0): CLEAR min 392.9 mm (lengan 514.8, SS 392.9, n 96) ('t1_platform_link_0', 't2_platform_link_0')
[INFO] [1791268566.905917270] [reach_dwell_probe]: torsi RNEA+offset(per-aktuator) vs rating: 1=0.01->6.61/10, 2=0.26->7.96/14, 3=2.10->8.70/10, 4=0.35->2.33/7, 5=0.06->2.04/7, 6=0.00->1.98/7  (terketat t2_a1_joint_3 87 %)
[INFO] [1791268617.178428547] [reach_dwell_probe]: jarak antar-lengan minimum sepanjang rencana: 514.8 mm di titik 1 (t1_platform_link_0 <-> t2_a1_base_link_0) -> CLEAR
    [9] task t2 arm_3 -> [1.4286, -0.4588, 1.08] @(0.950, +0): PLANNED (50.4 s)
[INFO] [1791268617.259020793] [reach_dwell_probe]: torsi RNEA+offset(per-aktuator) vs rating: 1=0.04->6.64/10, 2=4.78->12.48/14, 3=1.07->7.67/10, 4=0.22->2.20/7, 5=0.06->2.04/7, 6=0.00->1.98/7  (terketat t2_a2_joint_2 89 %)
[INFO] [1791268644.629305765] [reach_dwell_probe]: jarak antar-lengan minimum sepanjang rencana: 597.1 mm di titik 0 (t2_a1_forearm_link_0 <-> t2_a2_arm_link_0) -> CLEAR
    [10] task t0 arm_4 -> [0.5714, -0.4588, 1.08] @(0.950, +0): PLANNED (27.4 s)
[INFO] [1791268644.764597363] [reach_dwell_probe]: torsi RNEA+offset(per-aktuator) vs rating: 1=0.03->6.63/10, 2=4.85->12.55/14, 3=1.10->7.70/10, 4=0.22->2.20/7, 5=0.06->2.04/7, 6=0.00->1.98/7  (terketat t2_a2_joint_2 90 %)
[INFO] [1791268702.066882602] [reach_dwell_probe]: jarak antar-lengan minimum sepanjang rencana: 606.1 mm di titik 135 (t1_a2_left_finger_prox_link_0 <-> t2_a2_left_finger_prox_link_0) -> CLEAR
    [11] task t1 arm_4 -> [0.5, -0.3176, 1.0] @(0.950, +0): PLANNED (57.4 s)
  seed 20 R35 sampel 2/3
    [0] retract g1: sudah REST -> dilewati
    [1] traverse g1 (0.000, +0) -> (0.100, -5): CLEAR min 380.0 mm (lengan 526.3, SS 380.0, n 66) ('t1_platform_link_0', 't2_platform_link_0')
[INFO] [1791268702.789195256] [reach_dwell_probe]: torsi RNEA+offset(per-aktuator) vs rating: 1=0.03->6.63/10, 2=0.37->8.07/14, 3=2.11->8.71/10, 4=0.35->2.33/7, 5=0.06->2.04/7, 6=0.00->1.98/7  (terketat t1_a1_joint_3 87 %)
[INFO] [1791268743.235223747] [reach_dwell_probe]: jarak antar-lengan minimum sepanjang rencana: 487.0 mm di titik 125 (t1_a1_arm_link_0 <-> t2_a1_arm_link_0) -> CLEAR
    [2] task t5 arm_1 -> [0.5, 0.4588, 1.08] @(0.100, -5): PLANNED (40.6 s)
    [3] retract g1 @rot -5: se-gantry 603.9 / antar 487.0 mm -> CLEAR
    [4] traverse g1 (0.100, -5) -> (1.400, -5): CLEAR min 380.0 mm (lengan 514.8, SS 380.0, n 131) ('t1_platform_link_0', 't2_platform_link_0')
[INFO] [1791268765.920503923] [reach_dwell_probe]: torsi RNEA+offset(per-aktuator) vs rating: 1=0.07->6.67/10, 2=4.42->12.12/14, 3=2.22->8.82/10, 4=0.37->2.35/7, 5=0.06->2.04/7, 6=0.00->1.98/7  (terketat t1_a1_joint_3 88 %)
[INFO] [1791268805.684224226] [reach_dwell_probe]: jarak antar-lengan minimum sepanjang rencana: 568.2 mm di titik 38 (t1_a1_arm_link_0 <-> t1_a2_arm_link_0) -> CLEAR
    [5] task t3 arm_1 -> [1.8571, 0.3176, 1.24] @(1.400, -5): PLANNED (39.9 s)
[INFO] [1791268805.790750717] [reach_dwell_probe]: torsi RNEA+offset(per-aktuator) vs rating: 1=0.05->6.65/10, 2=3.99->11.69/14, 3=0.49->7.09/10, 4=0.12->2.10/7, 5=0.06->2.04/7, 6=0.00->1.98/7  (terketat t1_a2_joint_2 83 %)
[INFO] [1791268868.469792823] [reach_dwell_probe]: jarak antar-lengan minimum sepanjang rencana: 647.9 mm di titik 114 (t1_a2_left_finger_prox_link_0 <-> t2_a1_right_finger_prox_link_0) -> CLEAR
    [6] task t4 arm_2 -> [0.7857, 0.3176, 1.0] @(1.400, -5): PLANNED (62.8 s)
    [7] retract g2: sudah REST -> dilewati
    [8] traverse g2 (0.000, +0) -> (0.950, +0): CLEAR min 392.9 mm (lengan 514.8, SS 392.9, n 96) ('t1_platform_link_0', 't2_platform_link_0')
[INFO] [1791268869.443015846] [reach_dwell_probe]: torsi RNEA+offset(per-aktuator) vs rating: 1=0.05->6.65/10, 2=4.68->12.38/14, 3=1.15->7.75/10, 4=0.18->2.16/7, 5=0.06->2.04/7, 6=0.00->1.98/7  (terketat t2_a1_joint_2 88 %)
[INFO] [1791268911.705900795] [reach_dwell_probe]: jarak antar-lengan minimum sepanjang rencana: 514.8 mm di titik 1 (t1_platform_link_0 <-> t2_a1_base_link_0) -> CLEAR
    [9] task t2 arm_3 -> [1.4286, -0.4588, 1.08] @(0.950, +0): PLANNED (42.4 s)
[INFO] [1791268911.765606768] [reach_dwell_probe]: torsi RNEA+offset(per-aktuator) vs rating: 1=0.01->6.61/10, 2=0.67->8.37/14, 3=2.21->8.81/10, 4=0.34->2.32/7, 5=0.06->2.04/7, 6=0.00->1.98/7  (terketat t2_a2_joint_3 88 %)
[INFO] [1791268945.853605892] [reach_dwell_probe]: jarak antar-lengan minimum sepanjang rencana: 543.6 mm di titik 64 (t1_a2_lower_wrist_link_0 <-> t2_a2_forearm_link_0) -> CLEAR
    [10] task t0 arm_4 -> [0.5714, -0.4588, 1.08] @(0.950, +0): PLANNED (34.1 s)
[INFO] [1791268945.947533968] [reach_dwell_probe]: torsi RNEA+offset(per-aktuator) vs rating: 1=0.02->6.62/10, 2=0.68->8.38/14, 3=2.24->8.84/10, 4=0.35->2.33/7, 5=0.09->2.07/7, 6=0.00->1.98/7  (terketat t2_a2_joint_3 88 %)
[INFO] [1791269014.908170325] [reach_dwell_probe]: jarak antar-lengan minimum sepanjang rencana: 543.6 mm di titik 0 (t1_a2_lower_wrist_link_0 <-> t2_a2_forearm_link_0) -> CLEAR
    [11] task t1 arm_4 -> [0.5, -0.3176, 1.0] @(0.950, +0): PLANNED (69.1 s)
  seed 20 R35 sampel 3/3
    [0] retract g1: sudah REST -> dilewati
    [1] traverse g1 (0.000, +0) -> (0.100, -5): CLEAR min 380.0 mm (lengan 526.3, SS 380.0, n 66) ('t1_platform_link_0', 't2_platform_link_0')
[INFO] [1791269015.589467362] [reach_dwell_probe]: torsi RNEA+offset(per-aktuator) vs rating: 1=0.06->6.66/10, 2=0.91->8.61/14, 3=1.88->8.48/10, 4=0.34->2.32/7, 5=0.06->2.04/7, 6=0.00->1.98/7  (terketat t1_a1_joint_3 85 %)
[INFO] [1791269040.569601572] [reach_dwell_probe]: jarak antar-lengan minimum sepanjang rencana: 529.6 mm di titik 65 (t1_a1_forearm_link_0 <-> t2_a1_arm_link_0) -> CLEAR
    [2] task t5 arm_1 -> [0.5, 0.4588, 1.08] @(0.100, -5): PLANNED (25.1 s)
    [3] retract g1 @rot -5: se-gantry 621.0 / antar 529.8 mm -> CLEAR
    [4] traverse g1 (0.100, -5) -> (1.400, -5): CLEAR min 380.0 mm (lengan 514.8, SS 380.0, n 131) ('t1_platform_link_0', 't2_platform_link_0')
[INFO] [1791269057.853534987] [reach_dwell_probe]: torsi RNEA+offset(per-aktuator) vs rating: 1=0.03->6.63/10, 2=4.73->12.43/14, 3=2.21->8.81/10, 4=0.38->2.36/7, 5=0.10->2.08/7, 6=0.00->1.98/7  (terketat t1_a1_joint_2 89 %)
[INFO] [1791269096.334297010] [reach_dwell_probe]: jarak antar-lengan minimum sepanjang rencana: 622.1 mm di titik 61 (t1_a1_left_finger_prox_link_0 <-> t1_a2_upper_wrist_link_0) -> CLEAR
    [5] task t3 arm_1 -> [1.8571, 0.3176, 1.24] @(1.400, -5): PLANNED (38.6 s)
[INFO] [1791269096.538681643] [reach_dwell_probe]: torsi RNEA+offset(per-aktuator) vs rating: 1=0.01->6.61/10, 2=3.86->11.56/14, 3=1.42->8.02/10, 4=0.23->2.21/7, 5=0.06->2.04/7, 6=0.00->1.98/7  (terketat t1_a2_joint_2 83 %)
[INFO] [1791269141.689821113] [reach_dwell_probe]: jarak antar-lengan minimum sepanjang rencana: 650.0 mm di titik 126 (t1_a1_arm_link_0 <-> t1_a2_arm_link_0) -> CLEAR
    [6] task t4 arm_2 -> [0.7857, 0.3176, 1.0] @(1.400, -5): PLANNED (45.4 s)
    [7] retract g2: sudah REST -> dilewati
    [8] traverse g2 (0.000, +0) -> (0.950, +0): CLEAR min 392.9 mm (lengan 514.8, SS 392.9, n 96) ('t1_platform_link_0', 't2_platform_link_0')
[INFO] [1791269142.657589709] [reach_dwell_probe]: torsi RNEA+offset(per-aktuator) vs rating: 1=0.02->6.62/10, 2=0.87->8.57/14, 3=2.05->8.65/10, 4=0.36->2.34/7, 5=0.10->2.08/7, 6=0.00->1.98/7  (terketat t2_a1_joint_3 87 %)
[INFO] [1791269197.215438683] [reach_dwell_probe]: jarak antar-lengan minimum sepanjang rencana: 514.8 mm di titik 1 (t1_platform_link_0 <-> t2_a1_base_link_0) -> CLEAR
    [9] task t2 arm_3 -> [1.4286, -0.4588, 1.08] @(0.950, +0): PLANNED (54.7 s)
[INFO] [1791269197.264479366] [reach_dwell_probe]: torsi RNEA+offset(per-aktuator) vs rating: 1=0.02->6.62/10, 2=4.79->12.49/14, 3=1.05->7.65/10, 4=0.21->2.19/7, 5=0.06->2.04/7, 6=0.00->1.98/7  (terketat t2_a2_joint_2 89 %)
[INFO] [1791269230.075192648] [reach_dwell_probe]: jarak antar-lengan minimum sepanjang rencana: 610.0 mm di titik 0 (t2_a1_arm_link_0 <-> t2_a2_arm_link_0) -> CLEAR
    [10] task t0 arm_4 -> [0.5714, -0.4588, 1.08] @(0.950, +0): PLANNED (32.9 s)
[INFO] [1791269230.170968834] [reach_dwell_probe]: torsi RNEA+offset(per-aktuator) vs rating: 1=0.02->6.62/10, 2=4.84->12.54/14, 3=1.27->7.87/10, 4=0.23->2.21/7, 5=0.08->2.06/7, 6=0.00->1.98/7  (terketat t2_a2_joint_2 90 %)
[INFO] [1791269303.131101239] [reach_dwell_probe]: jarak antar-lengan minimum sepanjang rencana: 585.0 mm di titik 137 (t1_a2_lower_wrist_link_0 <-> t2_a2_lower_wrist_link_0) -> CLEAR
    [11] task t1 arm_4 -> [0.5, -0.3176, 1.0] @(0.950, +0): PLANNED (73.1 s)
seed 20 R35: PLANNED/PLANNED/PLANNED -> LOLOS
== screen seed 21 16:19:57
  seed 21 R35 sampel 1/3
    [0] retract g1: sudah REST -> dilewati
    [1] traverse g1 (0.000, +0) -> (0.150, -15): CLEAR min 380.0 mm (lengan 459.4, SS 380.0, n 256) ('t1_platform_link_0', 't2_platform_link_0')
[INFO] [1791271230.489678865] [reach_dwell_probe]: torsi RNEA+offset(per-aktuator) vs rating: 1=0.08->6.68/10, 2=4.29->11.99/14, 3=1.89->8.49/10, 4=0.31->2.29/7, 5=0.06->2.04/7, 6=0.00->1.98/7  (terketat t1_a1_joint_2 86 %)
[INFO] [1791271289.532643708] [reach_dwell_probe]: jarak antar-lengan minimum sepanjang rencana: 368.9 mm di titik 58 (t1_a1_left_finger_dist_link_0 <-> t2_a1_right_finger_prox_link_0) -> CLEAR
    [2] task t0 arm_1 -> [0.5714, 0.3176, 1.16] @(0.150, -15): PLANNED (59.2 s)
    [3] retract g1 @rot -15: se-gantry 572.5 / antar 369.3 mm -> CLEAR
    [4] traverse g1 (0.150, -15) -> (1.400, +0): CLEAR min 380.0 mm (lengan 498.9, SS 380.0, n 2016) ('t1_platform_link_0', 't2_platform_link_0')
[INFO] [1791271323.569001369] [reach_dwell_probe]: torsi RNEA+offset(per-aktuator) vs rating: 1=0.09->6.69/10, 2=4.38->12.08/14, 3=1.36->7.96/10, 4=0.17->2.15/7, 5=0.06->2.04/7, 6=0.00->1.98/7  (terketat t1_a1_joint_2 86 %)
[INFO] [1791271366.921295615] [reach_dwell_probe]: jarak antar-lengan minimum sepanjang rencana: 589.8 mm di titik 38 (t1_a1_forearm_link_0 <-> t1_a2_arm_link_0) -> CLEAR
    [5] task t5 arm_1 -> [1.9286, 0.3882, 1.08] @(1.400, +0): PLANNED (43.5 s)
    [6] retract g2: sudah REST -> dilewati
    [7] traverse g2 (0.000, +0) -> (0.450, -10): CLEAR min 522.2 mm (lengan 522.2, SS 610.9, n 506) ('t1_a2_right_finger_prox_link_0', 't2_a1_right_finger_prox_link_0')
[INFO] [1791271371.418679107] [reach_dwell_probe]: torsi RNEA+offset(per-aktuator) vs rating: 1=0.05->6.65/10, 2=3.45->11.15/14, 3=2.50->9.10/10, 4=0.38->2.36/7, 5=0.05->2.03/7, 6=0.00->1.98/7  (terketat t2_a1_joint_3 91 %)
[INFO] [1791271407.375896369] [reach_dwell_probe]: jarak antar-lengan minimum sepanjang rencana: 542.4 mm di titik 51 (t2_a1_arm_link_0 <-> t2_a2_arm_link_0) -> CLEAR
    [8] task t1 arm_3 -> [0.7857, -0.3882, 1.24] @(0.450, -10): PLANNED (36.1 s)
[INFO] [1791271407.437940190] [reach_dwell_probe]: torsi RNEA+offset(per-aktuator) vs rating: 1=0.02->6.62/10, 2=3.50->11.20/14, 3=2.51->9.11/10, 4=0.39->2.37/7, 5=0.05->2.03/7, 6=0.00->1.98/7  (terketat t2_a1_joint_3 91 %)
[INFO] [1791271430.881150662] [reach_dwell_probe]: jarak antar-lengan minimum sepanjang rencana: 473.5 mm di titik 71 (t1_a2_right_finger_prox_link_0 <-> t2_a1_right_finger_prox_link_0) -> CLEAR
    [9] task t3 arm_3 -> [0.8571, -0.2471, 1.0] @(0.450, -10): PLANNED (23.5 s)
    [10] retract g2 @rot -10: se-gantry 622.7 / antar 473.6 mm -> CLEAR
    [11] traverse g2 (0.450, -10) -> (0.550, -15): CLEAR min 560.1 mm (lengan 571.1, SS 560.1, n 72) ('t1_mount_plate_left_0', 't2_platform_link_0')
[INFO] [1791271455.330472645] [reach_dwell_probe]: torsi RNEA+offset(per-aktuator) vs rating: 1=0.05->6.65/10, 2=2.93->10.63/14, 3=2.55->9.15/10, 4=0.41->2.39/7, 5=0.05->2.03/7, 6=0.00->1.98/7  (terketat t2_a2_joint_3 92 %)
[INFO] [1791271488.418371312] [reach_dwell_probe]: jarak antar-lengan minimum sepanjang rencana: 563.5 mm di titik 48 (t2_a1_arm_link_0 <-> t2_a2_arm_link_0) -> CLEAR
    [12] task t4 arm_4 -> [0.2143, -0.3176, 1.32] @(0.550, -15): PLANNED (33.2 s)
    [13] retract g2 @rot -15: se-gantry 563.5 / antar 605.4 mm -> CLEAR
    [14] traverse g2 (0.550, -15) -> (0.800, +5): CLEAR min 454.9 mm (lengan 464.7, SS 454.9, n 546) ('t1_platform_link_0', 't2_platform_link_0')
[INFO] [1791271516.108445021] [reach_dwell_probe]: torsi RNEA+offset(per-aktuator) vs rating: 1=0.01->6.61/10, 2=0.48->8.18/14, 3=2.07->8.67/10, 4=0.34->2.32/7, 5=0.06->2.04/7, 6=0.00->1.98/7  (terketat t2_a1_joint_3 87 %)
[INFO] [1791271555.868706076] [reach_dwell_probe]: jarak antar-lengan minimum sepanjang rencana: 481.0 mm di titik 0 (t1_platform_link_0 <-> t2_a1_base_link_0) -> CLEAR
    [15] task t2 arm_3 -> [1.2857, -0.2471, 1.08] @(0.800, +5): PLANNED (39.9 s)
  seed 21 R35 sampel 2/3
    [0] retract g1: sudah REST -> dilewati
    [1] traverse g1 (0.000, +0) -> (0.150, -15): CLEAR min 380.0 mm (lengan 459.4, SS 380.0, n 256) ('t1_platform_link_0', 't2_platform_link_0')
[INFO] [1791271558.264430681] [reach_dwell_probe]: torsi RNEA+offset(per-aktuator) vs rating: 1=0.05->6.65/10, 2=3.93->11.63/14, 3=2.09->8.69/10, 4=0.32->2.30/7, 5=0.05->2.03/7, 6=0.00->1.98/7  (terketat t1_a1_joint_3 87 %)
[INFO] [1791271580.808335136] [reach_dwell_probe]: jarak antar-lengan minimum sepanjang rencana: 518.4 mm di titik 53 (t1_a1_forearm_link_0 <-> t1_a2_arm_link_0) -> CLEAR
    [2] task t0 arm_1 -> [0.5714, 0.3176, 1.16] @(0.150, -15): PLANNED (22.6 s)
    [3] retract g1 @rot -15: se-gantry 518.5 / antar 519.6 mm -> CLEAR
    [4] traverse g1 (0.150, -15) -> (1.400, +0): CLEAR min 380.0 mm (lengan 498.9, SS 380.0, n 2016) ('t1_platform_link_0', 't2_platform_link_0')
[INFO] [1791271619.099238846] [reach_dwell_probe]: torsi RNEA+offset(per-aktuator) vs rating: 1=0.07->6.67/10, 2=5.37->13.07/14, 3=0.77->7.37/10, 4=0.17->2.15/7, 5=0.06->2.04/7, 6=0.00->1.98/7  (terketat t1_a1_joint_2 93 %)
[INFO] [1791271640.098396115] [reach_dwell_probe]: jarak antar-lengan minimum sepanjang rencana: 622.7 mm di titik 0 (t1_a1_arm_link_0 <-> t1_a2_arm_link_0) -> CLEAR
    [5] task t5 arm_1 -> [1.9286, 0.3882, 1.08] @(1.400, +0): PLANNED (21.1 s)
    [6] retract g2: sudah REST -> dilewati
    [7] traverse g2 (0.000, +0) -> (0.450, -10): CLEAR min 522.2 mm (lengan 522.2, SS 610.9, n 506) ('t1_a2_right_finger_prox_link_0', 't2_a1_right_finger_prox_link_0')
[INFO] [1791271644.216894733] [reach_dwell_probe]: torsi RNEA+offset(per-aktuator) vs rating: 1=0.06->6.66/10, 2=2.58->10.28/14, 3=2.53->9.13/10, 4=0.44->2.42/7, 5=0.12->2.10/7, 6=0.00->1.98/7  (terketat t2_a1_joint_3 91 %)
[INFO] [1791271682.076975383] [reach_dwell_probe]: jarak antar-lengan minimum sepanjang rencana: 486.3 mm di titik 73 (t1_a2_right_finger_prox_link_0 <-> t2_a1_left_finger_dist_link_0) -> CLEAR
    [8] task t1 arm_3 -> [0.7857, -0.3882, 1.24] @(0.450, -10): PLANNED (38.0 s)
[INFO] [1791271682.172005869] [reach_dwell_probe]: torsi RNEA+offset(per-aktuator) vs rating: 1=0.02->6.62/10, 2=4.03->11.73/14, 3=2.54->9.14/10, 4=0.41->2.39/7, 5=0.06->2.04/7, 6=0.00->1.98/7  (terketat t2_a1_joint_3 91 %)
[INFO] [1791271718.906912997] [reach_dwell_probe]: jarak antar-lengan minimum sepanjang rencana: 476.0 mm di titik 116 (t1_a2_right_finger_prox_link_0 <-> t2_a1_right_finger_prox_link_0) -> CLEAR
    [9] task t3 arm_3 -> [0.8571, -0.2471, 1.0] @(0.450, -10): PLANNED (36.8 s)
    [10] retract g2 @rot -10: se-gantry 598.2 / antar 476.7 mm -> CLEAR
    [11] traverse g2 (0.450, -10) -> (0.550, -15): CLEAR min 560.1 mm (lengan 571.1, SS 560.1, n 72) ('t1_mount_plate_left_0', 't2_platform_link_0')
[INFO] [1791271740.118158942] [reach_dwell_probe]: torsi RNEA+offset(per-aktuator) vs rating: 1=0.05->6.65/10, 2=2.40->10.10/14, 3=2.56->9.16/10, 4=0.46->2.44/7, 5=0.13->2.11/7, 6=0.00->1.98/7  (terketat t2_a2_joint_3 92 %)
[INFO] [1791271785.221269538] [reach_dwell_probe]: jarak antar-lengan minimum sepanjang rencana: 557.5 mm di titik 39 (t2_a1_upper_wrist_link_0 <-> t2_a2_left_finger_prox_link_0) -> CLEAR
    [12] task t4 arm_4 -> [0.2143, -0.3176, 1.32] @(0.550, -15): PLANNED (45.2 s)
    [13] retract g2 @rot -15: se-gantry 557.8 / antar 605.4 mm -> CLEAR
    [14] traverse g2 (0.550, -15) -> (0.800, +5): CLEAR min 454.9 mm (lengan 464.7, SS 454.9, n 546) ('t1_platform_link_0', 't2_platform_link_0')
[INFO] [1791271811.367734648] [reach_dwell_probe]: torsi RNEA+offset(per-aktuator) vs rating: 1=0.02->6.62/10, 2=5.08->12.78/14, 3=0.92->7.52/10, 4=0.19->2.17/7, 5=0.06->2.04/7, 6=0.00->1.98/7  (terketat t2_a1_joint_2 91 %)
[INFO] [1791271836.504210038] [reach_dwell_probe]: jarak antar-lengan minimum sepanjang rencana: 481.0 mm di titik 0 (t1_platform_link_0 <-> t2_a1_base_link_0) -> CLEAR
    [15] task t2 arm_3 -> [1.2857, -0.2471, 1.08] @(0.800, +5): PLANNED (25.2 s)
  seed 21 R35 sampel 3/3
    [0] retract g1: sudah REST -> dilewati
    [1] traverse g1 (0.000, +0) -> (0.150, -15): CLEAR min 380.0 mm (lengan 459.4, SS 380.0, n 256) ('t1_platform_link_0', 't2_platform_link_0')
[INFO] [1791271838.920644674] [reach_dwell_probe]: torsi RNEA+offset(per-aktuator) vs rating: 1=0.06->6.66/10, 2=3.84->11.54/14, 3=2.11->8.71/10, 4=0.32->2.30/7, 5=0.05->2.03/7, 6=0.00->1.98/7  (terketat t1_a1_joint_3 87 %)
[INFO] [1791271863.528643194] [reach_dwell_probe]: jarak antar-lengan minimum sepanjang rencana: 515.0 mm di titik 55 (t1_a1_forearm_link_0 <-> t1_a2_arm_link_0) -> CLEAR
    [2] task t0 arm_1 -> [0.5714, 0.3176, 1.16] @(0.150, -15): PLANNED (24.7 s)
    [3] retract g1 @rot -15: se-gantry 515.0 / antar 519.9 mm -> CLEAR
    [4] traverse g1 (0.150, -15) -> (1.400, +0): CLEAR min 380.0 mm (lengan 498.9, SS 380.0, n 2016) ('t1_platform_link_0', 't2_platform_link_0')
[INFO] [1791271903.134051798] [reach_dwell_probe]: torsi RNEA+offset(per-aktuator) vs rating: 1=0.01->6.61/10, 2=5.39->13.09/14, 3=0.88->7.48/10, 4=0.16->2.14/7, 5=0.07->2.05/7, 6=0.00->1.98/7  (terketat t1_a1_joint_2 94 %)
[INFO] [1791271951.043999659] [reach_dwell_probe]: jarak antar-lengan minimum sepanjang rencana: 622.7 mm di titik 0 (t1_a1_arm_link_0 <-> t1_a2_arm_link_0) -> CLEAR
    [5] task t5 arm_1 -> [1.9286, 0.3882, 1.08] @(1.400, +0): PLANNED (48.0 s)
    [6] retract g2: sudah REST -> dilewati
    [7] traverse g2 (0.000, +0) -> (0.450, -10): CLEAR min 522.2 mm (lengan 522.2, SS 610.9, n 506) ('t1_a2_right_finger_prox_link_0', 't2_a1_right_finger_prox_link_0')
[INFO] [1791271955.613176381] [reach_dwell_probe]: torsi RNEA+offset(per-aktuator) vs rating: 1=0.03->6.63/10, 2=4.05->11.75/14, 3=2.42->9.02/10, 4=0.37->2.35/7, 5=0.06->2.04/7, 6=0.00->1.98/7  (terketat t2_a1_joint_3 90 %)
[INFO] [1791271984.105602766] [reach_dwell_probe]: jarak antar-lengan minimum sepanjang rencana: 482.0 mm di titik 85 (t2_a1_arm_link_0 <-> t2_a2_arm_link_0) -> CLEAR
    [8] task t1 arm_3 -> [0.7857, -0.3882, 1.24] @(0.450, -10): PLANNED (28.6 s)
[INFO] [1791271984.205069350] [reach_dwell_probe]: torsi RNEA+offset(per-aktuator) vs rating: 1=0.12->6.72/10, 2=4.10->11.80/14, 3=2.43->9.03/10, 4=0.37->2.35/7, 5=0.06->2.04/7, 6=0.00->1.98/7  (terketat t2_a1_joint_3 90 %)
[INFO] [1791272012.782495504] [reach_dwell_probe]: jarak antar-lengan minimum sepanjang rencana: 444.8 mm di titik 18 (t2_a1_arm_link_0 <-> t2_a2_arm_link_0) -> CLEAR
    [9] task t3 arm_3 -> [0.8571, -0.2471, 1.0] @(0.450, -10): PLANNED (28.7 s)
    [10] retract g2 @rot -10: se-gantry 581.0 / antar 474.3 mm -> CLEAR
    [11] traverse g2 (0.450, -10) -> (0.550, -15): CLEAR min 560.1 mm (lengan 571.1, SS 560.1, n 72) ('t1_mount_plate_left_0', 't2_platform_link_0')
[INFO] [1791272032.601930065] [reach_dwell_probe]: torsi RNEA+offset(per-aktuator) vs rating: 1=0.06->6.66/10, 2=2.62->10.32/14, 3=2.56->9.16/10, 4=0.46->2.44/7, 5=0.13->2.11/7, 6=0.00->1.98/7  (terketat t2_a2_joint_3 92 %)
[INFO] [1791272073.948433364] [reach_dwell_probe]: jarak antar-lengan minimum sepanjang rencana: 566.1 mm di titik 37 (t2_a1_upper_wrist_link_0 <-> t2_a2_left_finger_prox_link_0) -> CLEAR
    [12] task t4 arm_4 -> [0.2143, -0.3176, 1.32] @(0.550, -15): PLANNED (41.5 s)
    [13] retract g2 @rot -15: se-gantry 566.1 / antar 605.4 mm -> CLEAR
    [14] traverse g2 (0.550, -15) -> (0.800, +5): CLEAR min 454.9 mm (lengan 464.7, SS 454.9, n 546) ('t1_platform_link_0', 't2_platform_link_0')
[INFO] [1791272099.039332238] [reach_dwell_probe]: torsi RNEA+offset(per-aktuator) vs rating: 1=0.04->6.64/10, 2=5.08->12.78/14, 3=0.93->7.53/10, 4=0.20->2.18/7, 5=0.06->2.04/7, 6=0.00->1.98/7  (terketat t2_a1_joint_2 91 %)
[INFO] [1791272122.599510377] [reach_dwell_probe]: jarak antar-lengan minimum sepanjang rencana: 481.0 mm di titik 0 (t1_platform_link_0 <-> t2_a1_base_link_0) -> CLEAR
    [15] task t2 arm_3 -> [1.2857, -0.2471, 1.08] @(0.800, +5): PLANNED (23.6 s)
seed 21 R35: PLANNED/PLANNED/PLANNED -> LOLOS
== screen seed 22 16:51:24
  seed 22 R35 sampel 1/3
    [0] retract g1: sudah REST -> dilewati
    [1] traverse g1 (0.000, +0) -> (0.000, -15): CLEAR min 380.0 mm (lengan 459.4, SS 380.0, n 32) ('t1_platform_link_0', 't2_platform_link_0')
[INFO] [1791273115.687519403] [reach_dwell_probe]: torsi RNEA+offset(per-aktuator) vs rating: 1=0.07->6.67/10, 2=4.24->11.94/14, 3=0.39->6.99/10, 4=0.07->2.05/7, 5=0.05->2.03/7, 6=0.00->1.98/7  (terketat t1_a1_joint_2 85 %)
[INFO] [1791273147.237248326] [reach_dwell_probe]: jarak antar-lengan minimum sepanjang rencana: 459.4 mm di titik 0 (t1_a1_base_link_0 <-> t2_platform_link_0) -> CLEAR
    [2] task t1 arm_1 -> [0.3571, 0.3882, 1.0] @(0.000, -15): PLANNED (31.7 s)
[INFO] [1791273147.317508019] [reach_dwell_probe]: torsi RNEA+offset(per-aktuator) vs rating: 1=0.12->6.72/10, 2=4.96->12.66/14, 3=1.02->7.62/10, 4=0.21->2.19/7, 5=0.06->2.04/7, 6=0.00->1.98/7  (terketat t1_a1_joint_2 90 %)
[INFO] [1791273183.050743210] [reach_dwell_probe]: jarak antar-lengan minimum sepanjang rencana: 392.8 mm di titik 92 (t1_a1_forearm_link_0 <-> t2_a1_arm_link_0) -> CLEAR
    [3] task t2 arm_1 -> [0.5, 0.2471, 1.08] @(0.000, -15): PLANNED (35.8 s)
[INFO] [1791273183.140393463] [reach_dwell_probe]: torsi RNEA+offset(per-aktuator) vs rating: 1=0.03->6.63/10, 2=4.97->12.67/14, 3=1.02->7.62/10, 4=0.21->2.19/7, 5=0.06->2.04/7, 6=0.00->1.98/7  (terketat t1_a1_joint_2 91 %)
[INFO] [1791273217.140670003] [reach_dwell_probe]: jarak antar-lengan minimum sepanjang rencana: 392.8 mm di titik 0 (t1_a1_forearm_link_0 <-> t2_a1_arm_link_0) -> CLEAR
    [4] task t5 arm_1 -> [0.2857, 0.3882, 1.0] @(0.000, -15): PLANNED (34.1 s)
    [5] retract g2: sudah REST -> dilewati
    [6] traverse g2 (0.000, +0) -> (0.650, -15): CLEAR min 380.0 mm (lengan 412.4, SS 380.0, n 1056) ('t1_platform_link_0', 't2_platform_link_0')
[INFO] [1791273226.813623511] [reach_dwell_probe]: torsi RNEA+offset(per-aktuator) vs rating: 1=0.07->6.67/10, 2=5.14->12.84/14, 3=2.27->8.87/10, 4=0.38->2.36/7, 5=0.05->2.03/7, 6=0.00->1.98/7  (terketat t2_a2_joint_2 92 %)
[INFO] [1791273275.903832341] [reach_dwell_probe]: jarak antar-lengan minimum sepanjang rencana: 401.2 mm di titik 60 (t1_a1_lower_wrist_link_0 <-> t2_a2_left_finger_dist_link_0) -> CLEAR
    [7] task t3 arm_4 -> [0.2857, -0.3176, 1.32] @(0.650, -15): PLANNED (49.2 s)
    [8] retract g2 @rot -15: se-gantry 533.1 / antar 401.4 mm -> CLEAR
    [9] traverse g2 (0.650, -15) -> (0.900, -20): CLEAR min 369.7 mm (lengan 385.2, SS 369.7, n 182) ('t1_mount_plate_right_0', 't2_mount_plate_left_0')
[INFO] [1791273296.489146454] [reach_dwell_probe]: torsi RNEA+offset(per-aktuator) vs rating: 1=0.02->6.62/10, 2=1.93->9.63/14, 3=2.43->9.03/10, 4=0.37->2.35/7, 5=0.06->2.04/7, 6=0.00->1.98/7  (terketat t2_a1_joint_3 90 %)
[INFO] [1791273322.369917228] [reach_dwell_probe]: jarak antar-lengan minimum sepanjang rencana: 506.5 mm di titik 74 (t2_a1_forearm_link_0 <-> t2_a2_arm_link_0) -> CLEAR
    [10] task t0 arm_3 -> [1.3571, -0.4588, 1.16] @(0.900, -20): PLANNED (26.0 s)
[INFO] [1791273322.448531874] [reach_dwell_probe]: torsi RNEA+offset(per-aktuator) vs rating: 1=0.01->6.61/10, 2=3.11->10.81/14, 3=0.78->7.38/10, 4=0.08->2.06/7, 5=0.06->2.04/7, 6=0.00->1.98/7  (terketat t2_a2_joint_2 77 %)
[INFO] [1791273346.223925170] [reach_dwell_probe]: jarak antar-lengan minimum sepanjang rencana: 404.6 mm di titik 0 (t1_mount_plate_right_0 <-> t2_a2_base_link_0) -> CLEAR
    [11] task t4 arm_4 -> [0.6429, -0.2471, 1.0] @(0.900, -20): PLANNED (23.9 s)
  seed 22 R35 sampel 2/3
    [0] retract g1: sudah REST -> dilewati
    [1] traverse g1 (0.000, +0) -> (0.000, -15): CLEAR min 380.0 mm (lengan 459.4, SS 380.0, n 32) ('t1_platform_link_0', 't2_platform_link_0')
[INFO] [1791273346.590510088] [reach_dwell_probe]: torsi RNEA+offset(per-aktuator) vs rating: 1=0.01->6.61/10, 2=1.28->8.98/14, 3=1.73->8.33/10, 4=0.25->2.23/7, 5=0.06->2.04/7, 6=0.00->1.98/7  (terketat t1_a1_joint_3 83 %)
[INFO] [1791273366.335197839] [reach_dwell_probe]: jarak antar-lengan minimum sepanjang rencana: 459.4 mm di titik 0 (t1_a1_base_link_0 <-> t2_platform_link_0) -> CLEAR
    [2] task t1 arm_1 -> [0.3571, 0.3882, 1.0] @(0.000, -15): PLANNED (19.8 s)
[INFO] [1791273366.445718691] [reach_dwell_probe]: torsi RNEA+offset(per-aktuator) vs rating: 1=0.08->6.68/10, 2=4.17->11.87/14, 3=1.75->8.35/10, 4=0.25->2.23/7, 5=0.06->2.04/7, 6=0.00->1.98/7  (terketat t1_a1_joint_2 85 %)
[INFO] [1791273421.511002247] [reach_dwell_probe]: jarak antar-lengan minimum sepanjang rencana: 456.0 mm di titik 162 (t1_a1_arm_link_0 <-> t2_a1_arm_link_0) -> CLEAR
    [3] task t2 arm_1 -> [0.5, 0.2471, 1.08] @(0.000, -15): PLANNED (55.2 s)
[INFO] [1791273421.590576938] [reach_dwell_probe]: torsi RNEA+offset(per-aktuator) vs rating: 1=0.09->6.69/10, 2=4.21->11.91/14, 3=1.47->8.07/10, 4=0.20->2.18/7, 5=0.06->2.04/7, 6=0.00->1.98/7  (terketat t1_a1_joint_2 85 %)
[INFO] [1791273454.764051885] [reach_dwell_probe]: jarak antar-lengan minimum sepanjang rencana: 456.0 mm di titik 0 (t1_a1_arm_link_0 <-> t2_a1_arm_link_0) -> CLEAR
    [4] task t5 arm_1 -> [0.2857, 0.3882, 1.0] @(0.000, -15): PLANNED (33.3 s)
    [5] retract g2: sudah REST -> dilewati
    [6] traverse g2 (0.000, +0) -> (0.650, -15): CLEAR min 380.0 mm (lengan 412.4, SS 380.0, n 1056) ('t1_platform_link_0', 't2_platform_link_0')
[INFO] [1791273464.339890997] [reach_dwell_probe]: torsi RNEA+offset(per-aktuator) vs rating: 1=0.01->6.61/10, 2=4.25->11.95/14, 3=2.55->9.15/10, 4=0.40->2.38/7, 5=0.06->2.04/7, 6=0.00->1.98/7  (terketat t2_a2_joint_3 91 %)
[INFO] [1791273501.911016643] [reach_dwell_probe]: jarak antar-lengan minimum sepanjang rencana: 421.0 mm di titik 0 (t1_platform_link_0 <-> t2_a2_base_link_0) -> CLEAR
    [7] task t3 arm_4 -> [0.2857, -0.3176, 1.32] @(0.650, -15): PLANNED (37.7 s)
    [8] retract g2 @rot -15: se-gantry 425.7 / antar 421.0 mm -> CLEAR
    [9] traverse g2 (0.650, -15) -> (0.900, -20): CLEAR min 369.7 mm (lengan 385.2, SS 369.7, n 182) ('t1_mount_plate_right_0', 't2_mount_plate_left_0')
[INFO] [1791273524.708949417] [reach_dwell_probe]: torsi RNEA+offset(per-aktuator) vs rating: 1=0.01->6.61/10, 2=1.72->9.42/14, 3=2.45->9.05/10, 4=0.38->2.36/7, 5=0.06->2.04/7, 6=0.00->1.98/7  (terketat t2_a1_joint_3 91 %)
[INFO] [1791273551.359852141] [reach_dwell_probe]: jarak antar-lengan minimum sepanjang rencana: 510.5 mm di titik 75 (t2_a1_forearm_link_0 <-> t2_a2_arm_link_0) -> CLEAR
    [10] task t0 arm_3 -> [1.3571, -0.4588, 1.16] @(0.900, -20): PLANNED (26.7 s)
[INFO] [1791273551.446835266] [reach_dwell_probe]: torsi RNEA+offset(per-aktuator) vs rating: 1=0.00->6.60/10, 2=0.50->8.20/14, 3=1.21->7.81/10, 4=0.24->2.22/7, 5=0.06->2.04/7, 6=0.00->1.98/7  (terketat t2_a2_joint_3 78 %)
[INFO] [1791273582.092301690] [reach_dwell_probe]: jarak antar-lengan minimum sepanjang rencana: 404.6 mm di titik 0 (t1_mount_plate_right_0 <-> t2_a2_base_link_0) -> CLEAR
    [11] task t4 arm_4 -> [0.6429, -0.2471, 1.0] @(0.900, -20): PLANNED (30.7 s)
  seed 22 R35 sampel 3/3
    [0] retract g1: sudah REST -> dilewati
    [1] traverse g1 (0.000, +0) -> (0.000, -15): CLEAR min 380.0 mm (lengan 459.4, SS 380.0, n 32) ('t1_platform_link_0', 't2_platform_link_0')
[INFO] [1791273582.469736415] [reach_dwell_probe]: torsi RNEA+offset(per-aktuator) vs rating: 1=0.05->6.65/10, 2=4.33->12.03/14, 3=0.39->6.99/10, 4=0.08->2.06/7, 5=0.06->2.04/7, 6=0.00->1.98/7  (terketat t1_a1_joint_2 86 %)
[INFO] [1791273603.239884329] [reach_dwell_probe]: jarak antar-lengan minimum sepanjang rencana: 459.4 mm di titik 0 (t1_a1_base_link_0 <-> t2_platform_link_0) -> CLEAR
    [2] task t1 arm_1 -> [0.3571, 0.3882, 1.0] @(0.000, -15): PLANNED (20.9 s)
[INFO] [1791273603.344365199] [reach_dwell_probe]: torsi RNEA+offset(per-aktuator) vs rating: 1=0.07->6.67/10, 2=4.40->12.10/14, 3=2.20->8.80/10, 4=0.33->2.31/7, 5=0.05->2.03/7, 6=0.00->1.98/7  (terketat t1_a1_joint_3 88 %)
[INFO] [1791273639.208472168] [reach_dwell_probe]: jarak antar-lengan minimum sepanjang rencana: 459.4 mm di titik 0 (t1_a1_base_link_0 <-> t2_platform_link_0) -> CLEAR
    [3] task t2 arm_1 -> [0.5, 0.2471, 1.08] @(0.000, -15): PLANNED (36.0 s)
[INFO] [1791273639.311731356] [reach_dwell_probe]: torsi RNEA+offset(per-aktuator) vs rating: 1=0.04->6.64/10, 2=1.99->9.69/14, 3=2.23->8.83/10, 4=0.34->2.32/7, 5=0.05->2.03/7, 6=0.00->1.98/7  (terketat t1_a1_joint_3 88 %)
[INFO] [1791273678.017538910] [reach_dwell_probe]: jarak antar-lengan minimum sepanjang rencana: 459.4 mm di titik 0 (t1_a1_base_link_0 <-> t2_platform_link_0) -> CLEAR
    [4] task t5 arm_1 -> [0.2857, 0.3882, 1.0] @(0.000, -15): PLANNED (38.8 s)
    [5] retract g2: sudah REST -> dilewati
    [6] traverse g2 (0.000, +0) -> (0.650, -15): CLEAR min 380.0 mm (lengan 412.4, SS 380.0, n 1056) ('t1_platform_link_0', 't2_platform_link_0')
[INFO] [1791273687.556719248] [reach_dwell_probe]: torsi RNEA+offset(per-aktuator) vs rating: 1=0.03->6.63/10, 2=3.26->10.96/14, 3=2.56->9.16/10, 4=0.41->2.39/7, 5=0.06->2.04/7, 6=0.00->1.98/7  (terketat t2_a2_joint_3 92 %)
[INFO] [1791273724.761945468] [reach_dwell_probe]: jarak antar-lengan minimum sepanjang rencana: 333.2 mm di titik 104 (t1_a1_arm_link_0 <-> t2_a2_forearm_link_0) -> CLEAR
    [7] task t3 arm_4 -> [0.2857, -0.3176, 1.32] @(0.650, -15): PLANNED (37.3 s)
    [8] retract g2 @rot -15: se-gantry 498.3 / antar 333.2 mm -> CLEAR
    [9] traverse g2 (0.650, -15) -> (0.900, -20): CLEAR min 369.7 mm (lengan 385.2, SS 369.7, n 182) ('t1_mount_plate_right_0', 't2_mount_plate_left_0')
[INFO] [1791273747.710530382] [reach_dwell_probe]: torsi RNEA+offset(per-aktuator) vs rating: 1=0.04->6.64/10, 2=4.77->12.47/14, 3=1.68->8.28/10, 4=0.31->2.29/7, 5=0.06->2.04/7, 6=0.00->1.98/7  (terketat t2_a1_joint_2 89 %)
[INFO] [1791273775.415439213] [reach_dwell_probe]: jarak antar-lengan minimum sepanjang rencana: 622.7 mm di titik 0 (t2_a1_arm_link_0 <-> t2_a2_arm_link_0) -> CLEAR
    [10] task t0 arm_3 -> [1.3571, -0.4588, 1.16] @(0.900, -20): PLANNED (27.8 s)
[INFO] [1791273775.509820380] [reach_dwell_probe]: torsi RNEA+offset(per-aktuator) vs rating: 1=0.02->6.62/10, 2=0.30->8.00/14, 3=1.39->7.99/10, 4=0.23->2.21/7, 5=0.08->2.06/7, 6=0.00->1.98/7  (terketat t2_a2_joint_3 80 %)
[INFO] [1791273822.882084703] [reach_dwell_probe]: jarak antar-lengan minimum sepanjang rencana: 394.5 mm di titik 128 (t1_a1_forearm_link_0 <-> t2_a2_forearm_link_0) -> CLEAR
    [11] task t4 arm_4 -> [0.6429, -0.2471, 1.0] @(0.900, -20): PLANNED (47.5 s)
seed 22 R35: PLANNED/PLANNED/PLANNED -> LOLOS
== screen seed 23 17:12:14
  seed 23 R35 sampel 1/3
[INFO] [1791274363.461623540] [reach_dwell_probe]: torsi RNEA+offset(per-aktuator) vs rating: 1=0.02->6.62/10, 2=2.20->9.90/14, 3=1.42->8.02/10, 4=0.24->2.22/7, 5=0.08->2.06/7, 6=0.00->1.98/7  (terketat t1_a1_joint_3 80 %)
[INFO] [1791274424.498204746] [reach_dwell_probe]: jarak antar-lengan minimum sepanjang rencana: 505.7 mm di titik 127 (t1_a1_upper_wrist_link_0 <-> t1_a2_upper_wrist_link_0) -> CLEAR
    [0] task t2 arm_1 -> [0.2143, 0.3176, 1.0] @(0.000, +0): PLANNED (61.2 s)
[INFO] [1791274424.612258398] [reach_dwell_probe]: torsi RNEA+offset(per-aktuator) vs rating: 1=0.01->6.61/10, 2=2.23->9.93/14, 3=1.86->8.46/10, 4=0.34->2.32/7, 5=0.07->2.05/7, 6=0.00->1.98/7  (terketat t1_a1_joint_3 85 %)
[INFO] [1791274469.680066646] [reach_dwell_probe]: jarak antar-lengan minimum sepanjang rencana: 461.8 mm di titik 61 (t1_a1_left_finger_dist_link_0 <-> t1_a2_upper_wrist_link_0) -> CLEAR
    [1] task t5 arm_1 -> [0.3571, 0.4588, 1.08] @(0.000, +0): PLANNED (45.2 s)
    [2] retract g1 @rot +0: se-gantry 622.2 / antar 558.7 mm -> CLEAR
    [3] traverse g1 (0.000, +0) -> (1.250, -10): CLEAR min 380.0 mm (lengan 493.1, SS 380.0, n 1386) ('t1_platform_link_0', 't2_platform_link_0')
[INFO] [1791274500.169983434] [reach_dwell_probe]: torsi RNEA+offset(per-aktuator) vs rating: 1=0.11->6.71/10, 2=4.30->12.00/14, 3=2.36->8.96/10, 4=0.36->2.34/7, 5=0.05->2.03/7, 6=0.00->1.98/7  (terketat t1_a1_joint_3 90 %)
[INFO] [1791274532.721457892] [reach_dwell_probe]: jarak antar-lengan minimum sepanjang rencana: 548.3 mm di titik 41 (t1_a1_forearm_link_0 <-> t1_a2_arm_link_0) -> CLEAR
    [4] task t4 arm_1 -> [1.7143, 0.3176, 1.24] @(1.250, -10): PLANNED (32.7 s)
    [5] retract g2: sudah REST -> dilewati
    [6] traverse g2 (0.000, +0) -> (1.200, -20): CLEAR min 380.0 mm (lengan 448.9, SS 380.0, n 2541) ('t1_platform_link_0', 't2_platform_link_0')
[INFO] [1791274555.407259529] [reach_dwell_probe]: torsi RNEA+offset(per-aktuator) vs rating: 1=0.02->6.62/10, 2=5.18->12.88/14, 3=0.98->7.58/10, 4=0.13->2.11/7, 5=0.06->2.04/7, 6=0.00->1.98/7  (terketat t2_a1_joint_2 92 %)
[INFO] [1791274603.452815882] [reach_dwell_probe]: jarak antar-lengan minimum sepanjang rencana: 461.8 mm di titik 128 (t2_a1_forearm_link_0 <-> t2_a2_arm_link_0) -> CLEAR
    [7] task t0 arm_3 -> [1.4286, -0.4588, 1.08] @(1.200, -20): PLANNED (48.2 s)
[INFO] [1791274603.542271424] [reach_dwell_probe]: torsi RNEA+offset(per-aktuator) vs rating: 1=0.03->6.63/10, 2=4.51->12.21/14, 3=1.91->8.51/10, 4=0.27->2.25/7, 5=0.05->2.03/7, 6=0.00->1.98/7  (terketat t2_a2_joint_2 87 %)
[INFO] [1791274630.845279199] [reach_dwell_probe]: jarak antar-lengan minimum sepanjang rencana: 269.4 mm di titik 73 (t2_a1_forearm_link_0 <-> t2_a2_forearm_link_0) -> CLEAR
    [8] task t1 arm_4 -> [0.8571, -0.3176, 1.16] @(1.200, -20): PLANNED (27.4 s)
[INFO] [1791274630.943184137] [reach_dwell_probe]: torsi RNEA+offset(per-aktuator) vs rating: 1=0.02->6.62/10, 2=5.24->12.94/14, 3=1.07->7.67/10, 4=0.22->2.20/7, 5=0.07->2.05/7, 6=0.00->1.98/7  (terketat t2_a1_joint_2 92 %)
[INFO] [1791274663.222660027] [reach_dwell_probe]: jarak antar-lengan minimum sepanjang rencana: 269.4 mm di titik 0 (t2_a1_forearm_link_0 <-> t2_a2_forearm_link_0) -> CLEAR
    [9] task t3 arm_3 -> [1.3571, -0.4588, 1.0] @(1.200, -20): PLANNED (32.4 s)
  seed 23 R35 sampel 2/3
[INFO] [1791274663.319967226] [reach_dwell_probe]: torsi RNEA+offset(per-aktuator) vs rating: 1=0.02->6.62/10, 2=2.06->9.76/14, 3=1.38->7.98/10, 4=0.24->2.22/7, 5=0.08->2.06/7, 6=0.00->1.98/7  (terketat t1_a1_joint_3 80 %)
[INFO] [1791274707.820496696] [reach_dwell_probe]: jarak antar-lengan minimum sepanjang rencana: 511.8 mm di titik 126 (t1_a1_upper_wrist_link_0 <-> t1_a2_upper_wrist_link_0) -> CLEAR
    [0] task t2 arm_1 -> [0.2143, 0.3176, 1.0] @(0.000, +0): PLANNED (44.6 s)
[INFO] [1791274707.921456728] [reach_dwell_probe]: torsi RNEA+offset(per-aktuator) vs rating: 1=0.06->6.66/10, 2=2.10->9.80/14, 3=2.06->8.66/10, 4=0.33->2.31/7, 5=0.06->2.04/7, 6=0.00->1.98/7  (terketat t1_a1_joint_3 87 %)
[INFO] [1791274750.979521678] [reach_dwell_probe]: jarak antar-lengan minimum sepanjang rencana: 464.3 mm di titik 29 (t1_a1_right_finger_prox_link_0 <-> t2_a1_right_finger_prox_link_0) -> CLEAR
    [1] task t5 arm_1 -> [0.3571, 0.4588, 1.08] @(0.000, +0): PLANNED (43.2 s)
    [2] retract g1 @rot +0: se-gantry 603.4 / antar 504.8 mm -> CLEAR
    [3] traverse g1 (0.000, +0) -> (1.250, -10): CLEAR min 380.0 mm (lengan 493.1, SS 380.0, n 1386) ('t1_platform_link_0', 't2_platform_link_0')
[INFO] [1791274782.548650502] [reach_dwell_probe]: torsi RNEA+offset(per-aktuator) vs rating: 1=0.04->6.64/10, 2=2.95->10.65/14, 3=2.54->9.14/10, 4=0.40->2.38/7, 5=0.06->2.04/7, 6=0.00->1.98/7  (terketat t1_a1_joint_3 91 %)
[INFO] [1791274815.557115689] [reach_dwell_probe]: jarak antar-lengan minimum sepanjang rencana: 520.9 mm di titik 72 (t1_a1_forearm_link_0 <-> t1_a2_arm_link_0) -> CLEAR
    [4] task t4 arm_1 -> [1.7143, 0.3176, 1.24] @(1.250, -10): PLANNED (33.1 s)
    [5] retract g2: sudah REST -> dilewati
    [6] traverse g2 (0.000, +0) -> (1.200, -20): CLEAR min 380.0 mm (lengan 448.9, SS 380.0, n 2541) ('t1_platform_link_0', 't2_platform_link_0')
[INFO] [1791274832.595326561] [reach_dwell_probe]: torsi RNEA+offset(per-aktuator) vs rating: 1=0.02->6.62/10, 2=4.68->12.38/14, 3=1.17->7.77/10, 4=0.15->2.13/7, 5=0.06->2.04/7, 6=0.00->1.98/7  (terketat t2_a1_joint_2 88 %)
[INFO] [1791274850.912598192] [reach_dwell_probe]: jarak antar-lengan minimum sepanjang rencana: 457.7 mm di titik 52 (t2_a1_arm_link_0 <-> t2_a2_arm_link_0) -> CLEAR
    [7] task t0 arm_3 -> [1.4286, -0.4588, 1.08] @(1.200, -20): PLANNED (18.4 s)
[INFO] [1791274851.004205465] [reach_dwell_probe]: torsi RNEA+offset(per-aktuator) vs rating: 1=0.03->6.63/10, 2=4.40->12.10/14, 3=1.95->8.55/10, 4=0.28->2.26/7, 5=0.06->2.04/7, 6=0.00->1.98/7  (terketat t2_a2_joint_2 86 %)
[INFO] [1791274876.954709055] [reach_dwell_probe]: jarak antar-lengan minimum sepanjang rencana: 265.2 mm di titik 74 (t2_a1_arm_link_0 <-> t2_a2_forearm_link_0) -> CLEAR
    [8] task t1 arm_4 -> [0.8571, -0.3176, 1.16] @(1.200, -20): PLANNED (26.0 s)
[INFO] [1791274877.038558980] [reach_dwell_probe]: torsi RNEA+offset(per-aktuator) vs rating: 1=0.01->6.61/10, 2=4.79->12.49/14, 3=1.18->7.78/10, 4=0.22->2.20/7, 5=0.06->2.04/7, 6=0.00->1.98/7  (terketat t2_a1_joint_2 89 %)
[INFO] [1791274898.737010612] [reach_dwell_probe]: jarak antar-lengan minimum sepanjang rencana: 265.2 mm di titik 0 (t2_a1_arm_link_0 <-> t2_a2_forearm_link_0) -> CLEAR
    [9] task t3 arm_3 -> [1.3571, -0.4588, 1.0] @(1.200, -20): PLANNED (21.8 s)
  seed 23 R35 sampel 3/3
[INFO] [1791274898.879605080] [reach_dwell_probe]: torsi RNEA+offset(per-aktuator) vs rating: 1=0.01->6.61/10, 2=4.22->11.92/14, 3=0.66->7.26/10, 4=0.01->1.99/7, 5=0.05->2.03/7, 6=0.00->1.98/7  (terketat t1_a1_joint_2 85 %)
[INFO] [1791274959.351640079] [reach_dwell_probe]: jarak antar-lengan minimum sepanjang rencana: 501.7 mm di titik 105 (t1_a1_right_finger_prox_link_0 <-> t2_a1_right_finger_prox_link_0) -> CLEAR
    [0] task t2 arm_1 -> [0.2143, 0.3176, 1.0] @(0.000, +0): PLANNED (60.6 s)
[INFO] [1791274959.420366840] [reach_dwell_probe]: torsi RNEA+offset(per-aktuator) vs rating: 1=0.08->6.68/10, 2=4.26->11.96/14, 3=2.07->8.67/10, 4=0.34->2.32/7, 5=0.06->2.04/7, 6=0.00->1.98/7  (terketat t1_a1_joint_3 87 %)
[INFO] [1791274998.642377841] [reach_dwell_probe]: jarak antar-lengan minimum sepanjang rencana: 478.7 mm di titik 72 (t1_a1_arm_link_0 <-> t2_a1_arm_link_0) -> CLEAR
    [1] task t5 arm_1 -> [0.3571, 0.4588, 1.08] @(0.000, +0): PLANNED (39.3 s)
    [2] retract g1 @rot +0: se-gantry 603.4 / antar 505.1 mm -> CLEAR
    [3] traverse g1 (0.000, +0) -> (1.250, -10): CLEAR min 380.0 mm (lengan 493.1, SS 380.0, n 1386) ('t1_platform_link_0', 't2_platform_link_0')
[INFO] [1791275026.965519488] [reach_dwell_probe]: torsi RNEA+offset(per-aktuator) vs rating: 1=0.04->6.64/10, 2=5.31->13.01/14, 3=2.00->8.60/10, 4=0.35->2.33/7, 5=0.10->2.08/7, 6=0.00->1.98/7  (terketat t1_a1_joint_2 93 %)
[INFO] [1791275073.926707073] [reach_dwell_probe]: jarak antar-lengan minimum sepanjang rencana: 622.7 mm di titik 0 (t1_a1_arm_link_0 <-> t1_a2_arm_link_0) -> CLEAR
    [4] task t4 arm_1 -> [1.7143, 0.3176, 1.24] @(1.250, -10): PLANNED (47.1 s)
    [5] retract g2: sudah REST -> dilewati
    [6] traverse g2 (0.000, +0) -> (1.200, -20): CLEAR min 380.0 mm (lengan 448.9, SS 380.0, n 2541) ('t1_platform_link_0', 't2_platform_link_0')
[INFO] [1791275091.842427294] [reach_dwell_probe]: torsi RNEA+offset(per-aktuator) vs rating: 1=0.02->6.62/10, 2=0.29->7.99/14, 3=2.11->8.71/10, 4=0.36->2.34/7, 5=0.10->2.08/7, 6=0.00->1.98/7  (terketat t2_a1_joint_3 87 %)
[INFO] [1791275139.865286812] [reach_dwell_probe]: jarak antar-lengan minimum sepanjang rencana: 544.3 mm di titik 128 (t2_a1_upper_wrist_link_0 <-> t2_a2_arm_link_0) -> CLEAR
    [7] task t0 arm_3 -> [1.4286, -0.4588, 1.08] @(1.200, -20): PLANNED (48.1 s)
[INFO] [1791275139.955523999] [reach_dwell_probe]: torsi RNEA+offset(per-aktuator) vs rating: 1=0.03->6.63/10, 2=4.59->12.29/14, 3=1.89->8.49/10, 4=0.27->2.25/7, 5=0.05->2.03/7, 6=0.00->1.98/7  (terketat t2_a2_joint_2 88 %)
[INFO] [1791275172.655576760] [reach_dwell_probe]: jarak antar-lengan minimum sepanjang rencana: 414.2 mm di titik 65 (t2_a1_upper_wrist_link_0 <-> t2_a2_forearm_link_0) -> CLEAR
    [8] task t1 arm_4 -> [0.8571, -0.3176, 1.16] @(1.200, -20): PLANNED (32.8 s)
[INFO] [1791275172.714899379] [reach_dwell_probe]: torsi RNEA+offset(per-aktuator) vs rating: 1=0.01->6.61/10, 2=3.34->11.04/14, 3=2.14->8.74/10, 4=0.34->2.32/7, 5=0.06->2.04/7, 6=0.00->1.98/7  (terketat t2_a1_joint_3 87 %)
[INFO] [1791275201.672774604] [reach_dwell_probe]: jarak antar-lengan minimum sepanjang rencana: 400.6 mm di titik 64 (t2_a1_forearm_link_0 <-> t2_a2_forearm_link_0) -> CLEAR
    [9] task t3 arm_3 -> [1.3571, -0.4588, 1.0] @(1.200, -20): PLANNED (29.0 s)
seed 23 R35: PLANNED/PLANNED/PLANNED -> LOLOS
== screen seed 26 17:34:43
  seed 26 R35 sampel 1/3
    [0] retract g1: sudah REST -> dilewati
    [1] traverse g1 (0.000, +0) -> (0.750, -5): CLEAR min 380.0 mm (lengan 500.9, SS 380.0, n 456) ('t1_platform_link_0', 't2_platform_link_0')
[INFO] [1791275717.377528068] [reach_dwell_probe]: torsi RNEA+offset(per-aktuator) vs rating: 1=0.14->6.74/10, 2=5.04->12.74/14, 3=1.69->8.29/10, 4=0.29->2.27/7, 5=0.09->2.07/7, 6=0.00->1.98/7  (terketat t1_a2_joint_2 91 %)
[INFO] [1791275773.173575503] [reach_dwell_probe]: jarak antar-lengan minimum sepanjang rencana: 508.5 mm di titik 126 (t1_a1_arm_link_0 <-> t1_a2_forearm_link_0) -> CLEAR
    [2] task t1 arm_2 -> [0.4286, 0.3882, 1.16] @(0.750, -5): PLANNED (56.0 s)
[INFO] [1791275773.264664531] [reach_dwell_probe]: torsi RNEA+offset(per-aktuator) vs rating: 1=0.14->6.74/10, 2=5.06->12.76/14, 3=1.72->8.32/10, 4=0.29->2.27/7, 5=0.06->2.04/7, 6=0.00->1.98/7  (terketat t1_a2_joint_2 91 %)
[INFO] [1791275828.459115671] [reach_dwell_probe]: jarak antar-lengan minimum sepanjang rencana: 508.5 mm di titik 0 (t1_a1_arm_link_0 <-> t1_a2_forearm_link_0) -> CLEAR
    [3] task t5 arm_2 -> [0.1429, 0.3176, 1.0] @(0.750, -5): PLANNED (55.3 s)
    [4] retract g1 @rot -5: se-gantry 622.7 / antar 534.5 mm -> CLEAR
    [5] traverse g1 (0.750, -5) -> (1.100, -10): CLEAR min 522.4 mm (lengan 534.0, SS 522.4, n 222) ('t1_platform_link_0', 't2_mount_plate_right_0')
[INFO] [1791275851.489735435] [reach_dwell_probe]: torsi RNEA+offset(per-aktuator) vs rating: 1=0.01->6.61/10, 2=0.23->7.93/14, 3=1.45->8.05/10, 4=0.23->2.21/7, 5=0.05->2.03/7, 6=0.00->1.98/7  (terketat t1_a1_joint_3 80 %)
[INFO] [1791275890.793127876] [reach_dwell_probe]: jarak antar-lengan minimum sepanjang rencana: 622.7 mm di titik 0 (t1_a1_arm_link_0 <-> t1_a2_arm_link_0) -> CLEAR
    [6] task t2 arm_1 -> [1.4286, 0.2471, 1.0] @(1.100, -10): PLANNED (39.4 s)
[INFO] [1791275890.891802251] [reach_dwell_probe]: torsi RNEA+offset(per-aktuator) vs rating: 1=0.04->6.64/10, 2=2.75->10.45/14, 3=2.55->9.15/10, 4=0.41->2.39/7, 5=0.11->2.09/7, 6=0.00->1.98/7  (terketat t1_a1_joint_3 91 %)
[INFO] [1791275934.344744454] [reach_dwell_probe]: jarak antar-lengan minimum sepanjang rencana: 521.2 mm di titik 131 (t1_a1_forearm_link_0 <-> t1_a2_arm_link_0) -> CLEAR
    [7] task t4 arm_1 -> [1.5714, 0.3176, 1.24] @(1.100, -10): PLANNED (43.6 s)
    [8] retract g2: sudah REST -> dilewati
    [9] traverse g2 (0.000, +0) -> (0.550, +0): CLEAR min 429.4 mm (lengan 514.8, SS 429.4, n 56) ('t1_platform_link_0', 't2_platform_link_0')
[INFO] [1791275934.981776871] [reach_dwell_probe]: torsi RNEA+offset(per-aktuator) vs rating: 1=0.09->6.69/10, 2=4.13->11.83/14, 3=2.40->9.00/10, 4=0.37->2.35/7, 5=0.05->2.03/7, 6=0.00->1.98/7  (terketat t2_a1_joint_3 90 %)
[INFO] [1791275965.964132345] [reach_dwell_probe]: jarak antar-lengan minimum sepanjang rencana: 452.4 mm di titik 90 (t1_a2_arm_link_0 <-> t2_a1_arm_link_0) -> CLEAR
    [10] task t0 arm_3 -> [1.0, -0.3176, 1.24] @(0.550, +0): PLANNED (31.1 s)
[INFO] [1791275966.027197672] [reach_dwell_probe]: torsi RNEA+offset(per-aktuator) vs rating: 1=0.07->6.67/10, 2=4.16->11.86/14, 3=2.41->9.01/10, 4=0.38->2.36/7, 5=0.10->2.08/7, 6=0.00->1.98/7  (terketat t2_a1_joint_3 90 %)
[INFO] [1791276015.285636859] [reach_dwell_probe]: jarak antar-lengan minimum sepanjang rencana: 452.3 mm di titik 5 (t1_a2_arm_link_0 <-> t2_a1_arm_link_0) -> CLEAR
    [11] task t3 arm_3 -> [1.0, -0.3882, 1.08] @(0.550, +0): PLANNED (49.3 s)
  seed 26 R35 sampel 2/3
    [0] retract g1: sudah REST -> dilewati
    [1] traverse g1 (0.000, +0) -> (0.750, -5): CLEAR min 380.0 mm (lengan 500.9, SS 380.0, n 456) ('t1_platform_link_0', 't2_platform_link_0')
[INFO] [1791276019.459943307] [reach_dwell_probe]: torsi RNEA+offset(per-aktuator) vs rating: 1=0.04->6.64/10, 2=2.58->10.28/14, 3=2.30->8.90/10, 4=0.40->2.38/7, 5=0.11->2.09/7, 6=0.00->1.98/7  (terketat t1_a2_joint_3 89 %)
[INFO] [1791276063.021966613] [reach_dwell_probe]: jarak antar-lengan minimum sepanjang rencana: 478.9 mm di titik 74 (t1_a2_left_finger_dist_link_0 <-> t2_a1_right_finger_prox_link_0) -> CLEAR
    [2] task t1 arm_2 -> [0.4286, 0.3882, 1.16] @(0.750, -5): PLANNED (43.7 s)
[INFO] [1791276063.118568710] [reach_dwell_probe]: torsi RNEA+offset(per-aktuator) vs rating: 1=0.03->6.63/10, 2=5.18->12.88/14, 3=2.32->8.92/10, 4=0.39->2.37/7, 5=0.15->2.13/7, 6=0.00->1.98/7  (terketat t1_a2_joint_2 92 %)
[INFO] [1791276109.236016782] [reach_dwell_probe]: jarak antar-lengan minimum sepanjang rencana: 480.2 mm di titik 75 (t1_a2_right_finger_dist_link_0 <-> t2_a1_right_finger_prox_link_0) -> CLEAR
    [3] task t5 arm_2 -> [0.1429, 0.3176, 1.0] @(0.750, -5): PLANNED (46.2 s)
    [4] retract g1 @rot -5: se-gantry 622.7 / antar 519.5 mm -> CLEAR
    [5] traverse g1 (0.750, -5) -> (1.100, -10): CLEAR min 522.4 mm (lengan 534.0, SS 522.4, n 222) ('t1_platform_link_0', 't2_mount_plate_right_0')
[INFO] [1791276133.924034277] [reach_dwell_probe]: torsi RNEA+offset(per-aktuator) vs rating: 1=0.00->6.60/10, 2=2.65->10.35/14, 3=0.99->7.59/10, 4=0.13->2.11/7, 5=0.05->2.03/7, 6=0.00->1.98/7  (terketat t1_a1_joint_3 76 %)
[INFO] [1791276182.301367957] [reach_dwell_probe]: jarak antar-lengan minimum sepanjang rencana: 530.0 mm di titik 125 (t1_a1_arm_link_0 <-> t1_a2_arm_link_0) -> CLEAR
    [6] task t2 arm_1 -> [1.4286, 0.2471, 1.0] @(1.100, -10): PLANNED (48.5 s)
[INFO] [1791276182.378665094] [reach_dwell_probe]: torsi RNEA+offset(per-aktuator) vs rating: 1=0.07->6.67/10, 2=2.69->10.39/14, 3=2.42->9.02/10, 4=0.40->2.38/7, 5=0.06->2.04/7, 6=0.00->1.98/7  (terketat t1_a1_joint_3 90 %)
[INFO] [1791276198.607631889] [reach_dwell_probe]: jarak antar-lengan minimum sepanjang rencana: 508.0 mm di titik 23 (t1_a1_arm_link_0 <-> t1_a2_arm_link_0) -> CLEAR
    [7] task t4 arm_1 -> [1.5714, 0.3176, 1.24] @(1.100, -10): PLANNED (16.3 s)
    [8] retract g2: sudah REST -> dilewati
    [9] traverse g2 (0.000, +0) -> (0.550, +0): CLEAR min 429.4 mm (lengan 514.8, SS 429.4, n 56) ('t1_platform_link_0', 't2_platform_link_0')
[INFO] [1791276199.209657603] [reach_dwell_probe]: torsi RNEA+offset(per-aktuator) vs rating: 1=0.07->6.67/10, 2=4.79->12.49/14, 3=2.09->8.69/10, 4=0.37->2.35/7, 5=0.06->2.04/7, 6=0.00->1.98/7  (terketat t2_a1_joint_2 89 %)
[INFO] [1791276237.272439888] [reach_dwell_probe]: jarak antar-lengan minimum sepanjang rencana: 475.7 mm di titik 54 (t1_a1_forearm_link_0 <-> t2_a1_arm_link_0) -> CLEAR
    [10] task t0 arm_3 -> [1.0, -0.3176, 1.24] @(0.550, +0): PLANNED (38.2 s)
[INFO] [1791276237.378952267] [reach_dwell_probe]: torsi RNEA+offset(per-aktuator) vs rating: 1=0.05->6.65/10, 2=4.85->12.55/14, 3=2.11->8.71/10, 4=0.37->2.35/7, 5=0.08->2.06/7, 6=0.00->1.98/7  (terketat t2_a1_joint_2 90 %)
[INFO] [1791276279.157694873] [reach_dwell_probe]: jarak antar-lengan minimum sepanjang rencana: 394.4 mm di titik 132 (t1_a1_forearm_link_0 <-> t2_a1_arm_link_0) -> CLEAR
    [11] task t3 arm_3 -> [1.0, -0.3882, 1.08] @(0.550, +0): PLANNED (41.9 s)
  seed 26 R35 sampel 3/3
    [0] retract g1: sudah REST -> dilewati
    [1] traverse g1 (0.000, +0) -> (0.750, -5): CLEAR min 380.0 mm (lengan 500.9, SS 380.0, n 456) ('t1_platform_link_0', 't2_platform_link_0')
[INFO] [1791276281.438694024] [reach_dwell_probe]: torsi RNEA+offset(per-aktuator) vs rating: 1=0.02->6.62/10, 2=2.99->10.69/14, 3=2.11->8.71/10, 4=0.37->2.35/7, 5=0.05->2.03/7, 6=0.00->1.98/7  (terketat t1_a2_joint_3 87 %)
[INFO] [1791276311.201363484] [reach_dwell_probe]: jarak antar-lengan minimum sepanjang rencana: 471.1 mm di titik 85 (t1_a2_arm_link_0 <-> t2_a1_arm_link_0) -> CLEAR
    [2] task t1 arm_2 -> [0.4286, 0.3882, 1.16] @(0.750, -5): PLANNED (29.8 s)
[INFO] [1791276311.298201297] [reach_dwell_probe]: torsi RNEA+offset(per-aktuator) vs rating: 1=0.04->6.64/10, 2=4.31->12.01/14, 3=2.14->8.74/10, 4=0.37->2.35/7, 5=0.06->2.04/7, 6=0.00->1.98/7  (terketat t1_a2_joint_3 87 %)
[INFO] [1791276344.734532763] [reach_dwell_probe]: jarak antar-lengan minimum sepanjang rencana: 471.1 mm di titik 0 (t1_a2_arm_link_0 <-> t2_a1_arm_link_0) -> CLEAR
    [3] task t5 arm_2 -> [0.1429, 0.3176, 1.0] @(0.750, -5): PLANNED (33.5 s)
    [4] retract g1 @rot -5: se-gantry 622.7 / antar 517.5 mm -> CLEAR
    [5] traverse g1 (0.750, -5) -> (1.100, -10): CLEAR min 522.4 mm (lengan 534.0, SS 522.4, n 222) ('t1_platform_link_0', 't2_mount_plate_right_0')
[INFO] [1791276367.276250810] [reach_dwell_probe]: torsi RNEA+offset(per-aktuator) vs rating: 1=0.05->6.65/10, 2=3.33->11.03/14, 3=0.76->7.36/10, 4=0.14->2.12/7, 5=0.07->2.05/7, 6=0.00->1.98/7  (terketat t1_a1_joint_2 79 %)
[INFO] [1791276414.476004121] [reach_dwell_probe]: jarak antar-lengan minimum sepanjang rencana: 622.7 mm di titik 0 (t1_a1_arm_link_0 <-> t1_a2_arm_link_0) -> CLEAR
    [6] task t2 arm_1 -> [1.4286, 0.2471, 1.0] @(1.100, -10): PLANNED (47.3 s)
[INFO] [1791276414.560315895] [reach_dwell_probe]: torsi RNEA+offset(per-aktuator) vs rating: 1=0.08->6.68/10, 2=3.36->11.06/14, 3=2.43->9.03/10, 4=0.41->2.39/7, 5=0.06->2.04/7, 6=0.00->1.98/7  (terketat t1_a1_joint_3 90 %)
[INFO] [1791276460.226933482] [reach_dwell_probe]: jarak antar-lengan minimum sepanjang rencana: 535.7 mm di titik 110 (t1_a1_arm_link_0 <-> t1_a2_arm_link_0) -> CLEAR
    [7] task t4 arm_1 -> [1.5714, 0.3176, 1.24] @(1.100, -10): PLANNED (45.7 s)
    [8] retract g2: sudah REST -> dilewati
    [9] traverse g2 (0.000, +0) -> (0.550, +0): CLEAR min 429.4 mm (lengan 514.8, SS 429.4, n 56) ('t1_platform_link_0', 't2_platform_link_0')
[INFO] [1791276460.863016810] [reach_dwell_probe]: torsi RNEA+offset(per-aktuator) vs rating: 1=0.05->6.65/10, 2=4.89->12.59/14, 3=2.05->8.65/10, 4=0.37->2.35/7, 5=0.06->2.04/7, 6=0.00->1.98/7  (terketat t2_a1_joint_2 90 %)
[INFO] [1791276499.891670954] [reach_dwell_probe]: jarak antar-lengan minimum sepanjang rencana: 465.6 mm di titik 61 (t1_a1_forearm_link_0 <-> t2_a1_arm_link_0) -> CLEAR
    [10] task t0 arm_3 -> [1.0, -0.3176, 1.24] @(0.550, +0): PLANNED (39.2 s)
[INFO] [1791276500.043926779] [reach_dwell_probe]: torsi RNEA+offset(per-aktuator) vs rating: 1=0.08->6.68/10, 2=4.94->12.64/14, 3=2.08->8.68/10, 4=0.37->2.35/7, 5=0.09->2.07/7, 6=0.00->1.98/7  (terketat t2_a1_joint_2 90 %)
[INFO] [1791276555.768342645] [reach_dwell_probe]: jarak antar-lengan minimum sepanjang rencana: 444.1 mm di titik 39 (t1_a1_forearm_link_0 <-> t2_a1_arm_link_0) -> CLEAR
    [11] task t3 arm_3 -> [1.0, -0.3882, 1.08] @(0.550, +0): PLANNED (55.9 s)
seed 26 R35: PLANNED/PLANNED/PLANNED -> LOLOS
== screen seed 29 18:01:17
  seed 29 R35 sampel 1/3
[INFO] [1791277306.499477092] [reach_dwell_probe]: torsi RNEA+offset(per-aktuator) vs rating: 1=0.10->6.70/10, 2=4.48->12.18/14, 3=0.40->7.00/10, 4=0.01->1.99/7, 5=0.06->2.04/7, 6=0.00->1.98/7  (terketat t1_a1_joint_2 87 %)
[INFO] [1791277350.800518736] [reach_dwell_probe]: jarak antar-lengan minimum sepanjang rencana: 444.8 mm di titik 93 (t1_a1_arm_link_0 <-> t2_a1_arm_link_0) -> CLEAR
    [0] task t1 arm_1 -> [0.4286, 0.2471, 1.0] @(0.000, +0): PLANNED (44.5 s)
    [1] retract g1 @rot +0: se-gantry 622.7 / antar 445.0 mm -> CLEAR
    [2] traverse g1 (0.000, +0) -> (0.550, -5): CLEAR min 380.0 mm (lengan 514.8, SS 380.0, n 336) ('t1_platform_link_0', 't2_platform_link_0')
[INFO] [1791277377.394514013] [reach_dwell_probe]: torsi RNEA+offset(per-aktuator) vs rating: 1=0.11->6.71/10, 2=4.71->12.41/14, 3=1.08->7.68/10, 4=0.22->2.20/7, 5=0.06->2.04/7, 6=0.00->1.98/7  (terketat t1_a1_joint_2 89 %)
[INFO] [1791277407.988166559] [reach_dwell_probe]: jarak antar-lengan minimum sepanjang rencana: 622.7 mm di titik 0 (t1_a1_arm_link_0 <-> t1_a2_arm_link_0) -> CLEAR
    [3] task t0 arm_1 -> [1.0, 0.2471, 1.08] @(0.550, -5): PLANNED (30.7 s)
[INFO] [1791277408.083564261] [reach_dwell_probe]: torsi RNEA+offset(per-aktuator) vs rating: 1=0.09->6.69/10, 2=5.46->13.16/14, 3=1.41->8.01/10, 4=0.27->2.25/7, 5=0.06->2.04/7, 6=0.00->1.98/7  (terketat t1_a2_joint_2 94 %)
[INFO] [1791277453.166716938] [reach_dwell_probe]: jarak antar-lengan minimum sepanjang rencana: 419.8 mm di titik 84 (t1_a2_arm_link_0 <-> t2_a1_arm_link_0) -> CLEAR
    [4] task t3 arm_2 -> [0.2143, 0.3176, 1.16] @(0.550, -5): PLANNED (45.2 s)
[INFO] [1791277453.244003606] [reach_dwell_probe]: torsi RNEA+offset(per-aktuator) vs rating: 1=0.15->6.75/10, 2=5.51->13.21/14, 3=1.43->8.03/10, 4=0.27->2.25/7, 5=0.06->2.04/7, 6=0.00->1.98/7  (terketat t1_a2_joint_2 94 %)
[INFO] [1791277514.321127968] [reach_dwell_probe]: jarak antar-lengan minimum sepanjang rencana: 419.8 mm di titik 0 (t1_a2_arm_link_0 <-> t2_a1_arm_link_0) -> CLEAR
    [5] task t4 arm_2 -> [0.0714, 0.4588, 1.08] @(0.550, -5): PLANNED (61.2 s)
    [6] retract g2: sudah REST -> dilewati
    [7] traverse g2 (0.000, +0) -> (0.700, -15): CLEAR min 359.6 mm (lengan 359.6, SS 380.0, n 1136) ('t1_a1_arm_link_0', 't2_a1_arm_link_0')
[INFO] [1791277524.598512570] [reach_dwell_probe]: torsi RNEA+offset(per-aktuator) vs rating: 1=0.00->6.60/10, 2=1.06->8.76/14, 3=1.30->7.90/10, 4=0.23->2.21/7, 5=0.08->2.06/7, 6=0.00->1.98/7  (terketat t2_a1_joint_3 79 %)
[INFO] [1791277576.484200117] [reach_dwell_probe]: jarak antar-lengan minimum sepanjang rencana: 442.6 mm di titik 125 (t1_a1_arm_link_0 <-> t2_a1_arm_link_0) -> CLEAR
    [8] task t2 arm_3 -> [1.0714, -0.5294, 1.0] @(0.700, -15): PLANNED (52.0 s)
[INFO] [1791277576.565718203] [reach_dwell_probe]: torsi RNEA+offset(per-aktuator) vs rating: 1=0.04->6.64/10, 2=5.20->12.90/14, 3=1.32->7.92/10, 4=0.23->2.21/7, 5=0.09->2.07/7, 6=0.00->1.98/7  (terketat t2_a1_joint_2 92 %)
[INFO] [1791277612.411433150] [reach_dwell_probe]: jarak antar-lengan minimum sepanjang rencana: 442.6 mm di titik 0 (t1_a1_arm_link_0 <-> t2_a1_arm_link_0) -> CLEAR
    [9] task t5 arm_3 -> [1.2857, -0.5294, 1.0] @(0.700, -15): PLANNED (35.9 s)
  seed 29 R35 sampel 2/3
[INFO] [1791277612.474278302] [reach_dwell_probe]: torsi RNEA+offset(per-aktuator) vs rating: 1=0.02->6.62/10, 2=3.36->11.06/14, 3=0.83->7.43/10, 4=0.08->2.06/7, 5=0.06->2.04/7, 6=0.00->1.98/7  (terketat t1_a1_joint_2 79 %)
[INFO] [1791277659.292026465] [reach_dwell_probe]: jarak antar-lengan minimum sepanjang rencana: 452.0 mm di titik 131 (t1_a1_left_finger_prox_link_0 <-> t2_a1_right_finger_prox_link_0) -> CLEAR
    [0] task t1 arm_1 -> [0.4286, 0.2471, 1.0] @(0.000, +0): PLANNED (46.9 s)
    [1] retract g1 @rot +0: se-gantry 578.3 / antar 452.1 mm -> CLEAR
    [2] traverse g1 (0.000, +0) -> (0.550, -5): CLEAR min 380.0 mm (lengan 514.8, SS 380.0, n 336) ('t1_platform_link_0', 't2_platform_link_0')
[INFO] [1791277682.215693425] [reach_dwell_probe]: torsi RNEA+offset(per-aktuator) vs rating: 1=0.04->6.64/10, 2=4.62->12.32/14, 3=1.25->7.85/10, 4=0.22->2.20/7, 5=0.08->2.06/7, 6=0.00->1.98/7  (terketat t1_a1_joint_2 88 %)
[INFO] [1791277731.275984398] [reach_dwell_probe]: jarak antar-lengan minimum sepanjang rencana: 622.7 mm di titik 0 (t1_a1_arm_link_0 <-> t1_a2_arm_link_0) -> CLEAR
    [3] task t0 arm_1 -> [1.0, 0.2471, 1.08] @(0.550, -5): PLANNED (49.2 s)
[INFO] [1791277731.393481842] [reach_dwell_probe]: torsi RNEA+offset(per-aktuator) vs rating: 1=0.05->6.65/10, 2=1.63->9.33/14, 3=2.40->9.00/10, 4=0.42->2.40/7, 5=0.12->2.10/7, 6=0.00->1.98/7  (terketat t1_a2_joint_3 90 %)
[INFO] [1791277778.135483510] [reach_dwell_probe]: jarak antar-lengan minimum sepanjang rencana: 458.3 mm di titik 63 (t1_a2_left_finger_dist_link_0 <-> t2_a1_right_finger_prox_link_0) -> CLEAR
    [4] task t3 arm_2 -> [0.2143, 0.3176, 1.16] @(0.550, -5): PLANNED (46.9 s)
[INFO] [1791277778.205719112] [reach_dwell_probe]: torsi RNEA+offset(per-aktuator) vs rating: 1=0.12->6.72/10, 2=4.75->12.45/14, 3=2.41->9.01/10, 4=0.40->2.38/7, 5=0.06->2.04/7, 6=0.00->1.98/7  (terketat t1_a2_joint_3 90 %)
[INFO] [1791277802.037506051] [reach_dwell_probe]: jarak antar-lengan minimum sepanjang rencana: 549.5 mm di titik 0 (t1_a2_base_link_0 <-> t2_platform_link_0) -> CLEAR
    [5] task t4 arm_2 -> [0.0714, 0.4588, 1.08] @(0.550, -5): PLANNED (23.9 s)
    [6] retract g2: sudah REST -> dilewati
    [7] traverse g2 (0.000, +0) -> (0.700, -15): CLEAR min 380.0 mm (lengan 416.5, SS 380.0, n 1136) ('t1_platform_link_0', 't2_platform_link_0')
[INFO] [1791277812.503410643] [reach_dwell_probe]: torsi RNEA+offset(per-aktuator) vs rating: 1=0.00->6.60/10, 2=1.16->8.86/14, 3=1.30->7.90/10, 4=0.23->2.21/7, 5=0.08->2.06/7, 6=0.00->1.98/7  (terketat t2_a1_joint_3 79 %)
[INFO] [1791277856.779447721] [reach_dwell_probe]: jarak antar-lengan minimum sepanjang rencana: 549.2 mm di titik 124 (t1_a1_forearm_link_0 <-> t2_a1_arm_link_0) -> CLEAR
    [8] task t2 arm_3 -> [1.0714, -0.5294, 1.0] @(0.700, -15): PLANNED (44.4 s)
[INFO] [1791277856.866718566] [reach_dwell_probe]: torsi RNEA+offset(per-aktuator) vs rating: 1=0.04->6.64/10, 2=5.14->12.84/14, 3=1.31->7.91/10, 4=0.23->2.21/7, 5=0.07->2.05/7, 6=0.00->1.98/7  (terketat t2_a1_joint_2 92 %)
[INFO] [1791277884.878253977] [reach_dwell_probe]: jarak antar-lengan minimum sepanjang rencana: 547.4 mm di titik 9 (t1_a1_forearm_link_0 <-> t2_a1_arm_link_0) -> CLEAR
    [9] task t5 arm_3 -> [1.2857, -0.5294, 1.0] @(0.700, -15): PLANNED (28.1 s)
  seed 29 R35 sampel 3/3
[INFO] [1791277884.993891443] [reach_dwell_probe]: torsi RNEA+offset(per-aktuator) vs rating: 1=0.04->6.64/10, 2=4.11->11.81/14, 3=0.48->7.08/10, 4=0.08->2.06/7, 5=0.06->2.04/7, 6=0.00->1.98/7  (terketat t1_a1_joint_2 84 %)
[INFO] [1791277926.992769514] [reach_dwell_probe]: jarak antar-lengan minimum sepanjang rencana: 471.6 mm di titik 122 (t1_a1_gripper_base_link_0 <-> t2_a1_right_finger_prox_link_0) -> CLEAR
    [0] task t1 arm_1 -> [0.4286, 0.2471, 1.0] @(0.000, +0): PLANNED (42.1 s)
    [1] retract g1 @rot +0: se-gantry 622.7 / antar 471.7 mm -> CLEAR
    [2] traverse g1 (0.000, +0) -> (0.550, -5): CLEAR min 380.0 mm (lengan 514.8, SS 380.0, n 336) ('t1_platform_link_0', 't2_platform_link_0')
[INFO] [1791277953.248117533] [reach_dwell_probe]: torsi RNEA+offset(per-aktuator) vs rating: 1=0.04->6.64/10, 2=1.03->8.73/14, 3=2.17->8.77/10, 4=0.33->2.31/7, 5=0.06->2.04/7, 6=0.00->1.98/7  (terketat t1_a1_joint_3 88 %)
[INFO] [1791277981.605626320] [reach_dwell_probe]: jarak antar-lengan minimum sepanjang rencana: 611.5 mm di titik 36 (t1_a1_forearm_link_0 <-> t1_a2_arm_link_0) -> CLEAR
    [3] task t0 arm_1 -> [1.0, 0.2471, 1.08] @(0.550, -5): PLANNED (28.5 s)
[INFO] [1791277981.658378381] [reach_dwell_probe]: torsi RNEA+offset(per-aktuator) vs rating: 1=0.06->6.66/10, 2=1.43->9.13/14, 3=2.46->9.06/10, 4=0.39->2.37/7, 5=0.06->2.04/7, 6=0.00->1.98/7  (terketat t1_a2_joint_3 91 %)
[INFO] [1791278018.726836732] [reach_dwell_probe]: jarak antar-lengan minimum sepanjang rencana: 545.7 mm di titik 33 (t1_a2_right_finger_prox_link_0 <-> t2_a1_right_finger_prox_link_0) -> CLEAR
    [4] task t3 arm_2 -> [0.2143, 0.3176, 1.16] @(0.550, -5): PLANNED (37.1 s)
[INFO] [1791278018.833662569] [reach_dwell_probe]: torsi RNEA+offset(per-aktuator) vs rating: 1=0.07->6.67/10, 2=1.47->9.17/14, 3=2.48->9.08/10, 4=0.39->2.37/7, 5=0.06->2.04/7, 6=0.00->1.98/7  (terketat t1_a2_joint_3 91 %)
[INFO] [1791278076.127361344] [reach_dwell_probe]: jarak antar-lengan minimum sepanjang rencana: 536.2 mm di titik 101 (t1_a2_arm_link_0 <-> t2_a1_arm_link_0) -> CLEAR
    [5] task t4 arm_2 -> [0.0714, 0.4588, 1.08] @(0.550, -5): PLANNED (57.4 s)
    [6] retract g2: sudah REST -> dilewati
    [7] traverse g2 (0.000, +0) -> (0.700, -15): CLEAR min 380.0 mm (lengan 416.5, SS 380.0, n 1136) ('t1_platform_link_0', 't2_platform_link_0')
[INFO] [1791278086.462504425] [reach_dwell_probe]: torsi RNEA+offset(per-aktuator) vs rating: 1=0.01->6.61/10, 2=0.70->8.40/14, 3=1.37->7.97/10, 4=0.22->2.20/7, 5=0.06->2.04/7, 6=0.00->1.98/7  (terketat t2_a1_joint_3 80 %)
[INFO] [1791278129.382520323] [reach_dwell_probe]: jarak antar-lengan minimum sepanjang rencana: 556.8 mm di titik 125 (t1_a1_upper_wrist_link_0 <-> t2_a1_arm_link_0) -> CLEAR
    [8] task t2 arm_3 -> [1.0714, -0.5294, 1.0] @(0.700, -15): PLANNED (43.0 s)
[INFO] [1791278129.467666841] [reach_dwell_probe]: torsi RNEA+offset(per-aktuator) vs rating: 1=0.04->6.64/10, 2=5.11->12.81/14, 3=1.37->7.97/10, 4=0.22->2.20/7, 5=0.06->2.04/7, 6=0.00->1.98/7  (terketat t2_a1_joint_2 91 %)
[INFO] [1791278156.880441300] [reach_dwell_probe]: jarak antar-lengan minimum sepanjang rencana: 556.8 mm di titik 0 (t1_a1_upper_wrist_link_0 <-> t2_a1_arm_link_0) -> CLEAR
    [9] task t5 arm_3 -> [1.2857, -0.5294, 1.0] @(0.700, -15): PLANNED (27.5 s)
seed 29 R35: PLANNED/PLANNED/PLANNED -> LOLOS
== screen seed 33 18:21:58
  seed 33 R35 sampel 1/3
    [0] retract g1: sudah REST -> dilewati
    [1] traverse g1 (0.000, +0) -> (0.700, -20): CLEAR min 380.0 mm (lengan 425.2, SS 380.0, n 1491) ('t1_platform_link_0', 't2_platform_link_0')
[INFO] [1791278561.985365265] [reach_dwell_probe]: torsi RNEA+offset(per-aktuator) vs rating: 1=0.03->6.63/10, 2=2.36->10.06/14, 3=2.18->8.78/10, 4=0.39->2.37/7, 5=0.06->2.04/7, 6=0.00->1.98/7  (terketat t1_a1_joint_3 88 %)
[INFO] [1791278603.626930016] [reach_dwell_probe]: jarak antar-lengan minimum sepanjang rencana: 617.3 mm di titik 70 (t1_a1_lower_wrist_link_0 <-> t1_a2_arm_link_0) -> CLEAR
    [2] task t2 arm_1 -> [1.0714, 0.3176, 1.16] @(0.700, -20): PLANNED (41.8 s)
[INFO] [1791278603.783864913] [reach_dwell_probe]: torsi RNEA+offset(per-aktuator) vs rating: 1=0.07->6.67/10, 2=3.35->11.05/14, 3=2.18->8.78/10, 4=0.38->2.36/7, 5=0.11->2.09/7, 6=0.00->1.98/7  (terketat t1_a2_joint_3 88 %)
[INFO] [1791278656.266525008] [reach_dwell_probe]: jarak antar-lengan minimum sepanjang rencana: 591.4 mm di titik 58 (t1_a2_right_finger_dist_link_0 <-> t2_a1_right_finger_prox_link_0) -> CLEAR
    [3] task t3 arm_2 -> [0.3571, 0.4588, 1.16] @(0.700, -20): PLANNED (52.6 s)
    [4] retract g1 @rot -20: se-gantry 622.7 / antar 591.6 mm -> CLEAR
    [5] traverse g1 (0.700, -20) -> (1.250, +10): CLEAR min 431.5 mm (lengan 431.5, SS 443.4, n 1736) ('t1_a2_right_finger_prox_link_0', 't2_a1_right_finger_prox_link_0')
[INFO] [1791278694.487534350] [reach_dwell_probe]: torsi RNEA+offset(per-aktuator) vs rating: 1=0.07->6.67/10, 2=4.28->11.98/14, 3=1.46->8.06/10, 4=0.20->2.18/7, 5=0.06->2.04/7, 6=0.00->1.98/7  (terketat t1_a1_joint_2 86 %)
[INFO] [1791278703.799113554] [reach_dwell_probe]: jarak antar-lengan minimum sepanjang rencana: 622.7 mm di titik 0 (t1_a1_arm_link_0 <-> t1_a2_arm_link_0) -> CLEAR
    [6] task t1 arm_1 -> [1.8571, 0.5294, 1.0] @(1.250, +10): PLANNED (9.4 s)
    [7] retract g2: sudah REST -> dilewati
    [8] traverse g2 (0.000, +0) -> (0.600, +0): CLEAR min 431.5 mm (lengan 431.5, SS 432.6, n 61) ('t1_a2_right_finger_prox_link_0', 't2_a1_right_finger_prox_link_0')
[INFO] [1791278704.435983414] [reach_dwell_probe]: torsi RNEA+offset(per-aktuator) vs rating: 1=0.02->6.62/10, 2=2.15->9.85/14, 3=2.43->9.03/10, 4=0.41->2.39/7, 5=0.07->2.05/7, 6=0.00->1.98/7  (terketat t2_a1_joint_3 90 %)
[INFO] [1791278743.921400491] [reach_dwell_probe]: jarak antar-lengan minimum sepanjang rencana: 444.7 mm di titik 3 (t1_a2_right_finger_prox_link_0 <-> t2_a1_right_finger_prox_link_0) -> CLEAR
    [9] task t4 arm_3 -> [1.0714, -0.3176, 1.24] @(0.600, +0): PLANNED (39.6 s)
[INFO] [1791278744.036777838] [reach_dwell_probe]: torsi RNEA+offset(per-aktuator) vs rating: 1=0.01->6.61/10, 2=4.33->12.03/14, 3=0.46->7.06/10, 4=0.09->2.07/7, 5=0.06->2.04/7, 6=0.00->1.98/7  (terketat t2_a2_joint_2 86 %)
[INFO] [1791278799.154635876] [reach_dwell_probe]: jarak antar-lengan minimum sepanjang rencana: 517.4 mm di titik 86 (t2_a1_arm_link_0 <-> t2_a2_arm_link_0) -> CLEAR
    [10] task t5 arm_4 -> [0.2857, -0.1765, 1.0] @(0.600, +0): PLANNED (55.2 s)
    [11] retract g2 @rot +0: se-gantry 498.5 / antar 444.7 mm -> CLEAR
    [12] traverse g2 (0.600, +0) -> (1.250, +15): CLEAR min 341.4 mm (lengan 341.4, SS 380.0, n 1056) ('t1_a2_right_finger_prox_link_0', 't2_a1_right_finger_prox_link_0')
[INFO] [1791278832.565992682] [reach_dwell_probe]: torsi RNEA+offset(per-aktuator) vs rating: 1=0.06->6.66/10, 2=5.12->12.82/14, 3=0.90->7.50/10, 4=0.09->2.07/7, 5=0.06->2.04/7, 6=0.00->1.98/7  (terketat t2_a1_joint_2 92 %)
[INFO] [1791278842.021199013] [reach_dwell_probe]: jarak antar-lengan minimum sepanjang rencana: 459.4 mm di titik 0 (t1_platform_link_0 <-> t2_a1_base_link_0) -> CLEAR
    [13] task t0 arm_3 -> [1.8571, -0.1765, 1.0] @(1.250, +15): PLANNED (9.6 s)
  seed 33 R35 sampel 2/3
    [0] retract g1: sudah REST -> dilewati
    [1] traverse g1 (0.000, +0) -> (0.700, -20): CLEAR min 380.0 mm (lengan 425.2, SS 380.0, n 1491) ('t1_platform_link_0', 't2_platform_link_0')
[INFO] [1791278853.666794081] [reach_dwell_probe]: torsi RNEA+offset(per-aktuator) vs rating: 1=0.08->6.68/10, 2=4.70->12.40/14, 3=1.76->8.36/10, 4=0.28->2.26/7, 5=0.05->2.03/7, 6=0.00->1.98/7  (terketat t1_a1_joint_2 89 %)
[INFO] [1791278889.165576568] [reach_dwell_probe]: jarak antar-lengan minimum sepanjang rencana: 561.5 mm di titik 51 (t1_a1_forearm_link_0 <-> t1_a2_arm_link_0) -> CLEAR
    [2] task t2 arm_1 -> [1.0714, 0.3176, 1.16] @(0.700, -20): PLANNED (35.6 s)
[INFO] [1791278889.279974942] [reach_dwell_probe]: torsi RNEA+offset(per-aktuator) vs rating: 1=0.06->6.66/10, 2=3.60->11.30/14, 3=2.07->8.67/10, 4=0.35->2.33/7, 5=0.05->2.03/7, 6=0.00->1.98/7  (terketat t1_a2_joint_3 87 %)
[INFO] [1791278946.506901645] [reach_dwell_probe]: jarak antar-lengan minimum sepanjang rencana: 548.8 mm di titik 116 (t1_a2_forearm_link_0 <-> t2_a1_arm_link_0) -> CLEAR
    [3] task t3 arm_2 -> [0.3571, 0.4588, 1.16] @(0.700, -20): PLANNED (57.3 s)
    [4] retract g1 @rot -20: se-gantry 511.7 / antar 548.8 mm -> CLEAR
    [5] traverse g1 (0.700, -20) -> (1.250, +10): CLEAR min 431.5 mm (lengan 431.5, SS 443.4, n 1736) ('t1_a2_right_finger_prox_link_0', 't2_a1_right_finger_prox_link_0')
[INFO] [1791278985.433554137] [reach_dwell_probe]: torsi RNEA+offset(per-aktuator) vs rating: 1=0.03->6.63/10, 2=4.43->12.13/14, 3=1.48->8.08/10, 4=0.20->2.18/7, 5=0.06->2.04/7, 6=0.00->1.98/7  (terketat t1_a1_joint_2 87 %)
[INFO] [1791279006.550683249] [reach_dwell_probe]: jarak antar-lengan minimum sepanjang rencana: 622.7 mm di titik 0 (t1_a1_arm_link_0 <-> t1_a2_arm_link_0) -> CLEAR
    [6] task t1 arm_1 -> [1.8571, 0.5294, 1.0] @(1.250, +10): PLANNED (21.2 s)
    [7] retract g2: sudah REST -> dilewati
    [8] traverse g2 (0.000, +0) -> (0.600, +0): CLEAR min 431.5 mm (lengan 431.5, SS 432.6, n 61) ('t1_a2_right_finger_prox_link_0', 't2_a1_right_finger_prox_link_0')
[INFO] [1791279007.185121309] [reach_dwell_probe]: torsi RNEA+offset(per-aktuator) vs rating: 1=0.12->6.72/10, 2=4.58->12.28/14, 3=2.29->8.89/10, 4=0.34->2.32/7, 5=0.05->2.03/7, 6=0.00->1.98/7  (terketat t2_a1_joint_3 89 %)
[INFO] [1791279041.152431328] [reach_dwell_probe]: jarak antar-lengan minimum sepanjang rencana: 301.2 mm di titik 85 (t1_a2_arm_link_0 <-> t2_a1_forearm_link_0) -> CLEAR
    [9] task t4 arm_3 -> [1.0714, -0.3176, 1.24] @(0.600, +0): PLANNED (34.1 s)
[INFO] [1791279041.244709304] [reach_dwell_probe]: torsi RNEA+offset(per-aktuator) vs rating: 1=0.01->6.61/10, 2=4.36->12.06/14, 3=0.47->7.07/10, 4=0.09->2.07/7, 5=0.06->2.04/7, 6=0.00->1.98/7  (terketat t2_a2_joint_2 86 %)
[INFO] [1791279091.000691068] [reach_dwell_probe]: jarak antar-lengan minimum sepanjang rencana: 610.0 mm di titik 125 (t2_a1_lower_wrist_link_0 <-> t2_a2_arm_link_0) -> CLEAR
    [10] task t5 arm_4 -> [0.2857, -0.1765, 1.0] @(0.600, +0): PLANNED (49.8 s)
    [11] retract g2 @rot +0: se-gantry 487.4 / antar 301.1 mm -> CLEAR
    [12] traverse g2 (0.600, +0) -> (1.250, +15): CLEAR min 341.4 mm (lengan 341.4, SS 380.0, n 1056) ('t1_a2_right_finger_prox_link_0', 't2_a1_right_finger_prox_link_0')
[INFO] [1791279128.099126969] [reach_dwell_probe]: torsi RNEA+offset(per-aktuator) vs rating: 1=0.04->6.64/10, 2=5.16->12.86/14, 3=1.01->7.61/10, 4=0.11->2.09/7, 5=0.06->2.04/7, 6=0.00->1.98/7  (terketat t2_a1_joint_2 92 %)
[INFO] [1791279150.584648682] [reach_dwell_probe]: jarak antar-lengan minimum sepanjang rencana: 459.4 mm di titik 0 (t1_platform_link_0 <-> t2_a1_base_link_0) -> CLEAR
    [13] task t0 arm_3 -> [1.8571, -0.1765, 1.0] @(1.250, +15): PLANNED (22.8 s)
  seed 33 R35 sampel 3/3
    [0] retract g1: sudah REST -> dilewati
    [1] traverse g1 (0.000, +0) -> (0.700, -20): CLEAR min 380.0 mm (lengan 425.2, SS 380.0, n 1491) ('t1_platform_link_0', 't2_platform_link_0')
[INFO] [1791279157.752005329] [reach_dwell_probe]: torsi RNEA+offset(per-aktuator) vs rating: 1=0.04->6.64/10, 2=2.76->10.46/14, 3=2.12->8.72/10, 4=0.37->2.35/7, 5=0.06->2.04/7, 6=0.00->1.98/7  (terketat t1_a1_joint_3 87 %)
[INFO] [1791279183.782302916] [reach_dwell_probe]: jarak antar-lengan minimum sepanjang rencana: 622.7 mm di titik 0 (t1_a1_arm_link_0 <-> t1_a2_arm_link_0) -> CLEAR
    [2] task t2 arm_1 -> [1.0714, 0.3176, 1.16] @(0.700, -20): PLANNED (26.1 s)
[INFO] [1791279183.910358785] [reach_dwell_probe]: torsi RNEA+offset(per-aktuator) vs rating: 1=0.10->6.70/10, 2=4.12->11.82/14, 3=2.00->8.60/10, 4=0.35->2.33/7, 5=0.10->2.08/7, 6=0.00->1.98/7  (terketat t1_a2_joint_3 86 %)
[INFO] [1791279224.661825012] [reach_dwell_probe]: jarak antar-lengan minimum sepanjang rencana: 539.1 mm di titik 127 (t1_a1_lower_wrist_link_0 <-> t1_a2_forearm_link_0) -> CLEAR
    [3] task t3 arm_2 -> [0.3571, 0.4588, 1.16] @(0.700, -20): PLANNED (40.9 s)
    [4] retract g1 @rot -20: se-gantry 539.5 / antar 642.7 mm -> CLEAR
    [5] traverse g1 (0.700, -20) -> (1.250, +10): CLEAR min 431.5 mm (lengan 431.5, SS 443.4, n 1736) ('t1_a2_right_finger_prox_link_0', 't2_a1_right_finger_prox_link_0')
[INFO] [1791279260.375341194] [reach_dwell_probe]: torsi RNEA+offset(per-aktuator) vs rating: 1=0.01->6.61/10, 2=4.43->12.13/14, 3=1.27->7.87/10, 4=0.20->2.18/7, 5=0.06->2.04/7, 6=0.00->1.98/7  (terketat t1_a1_joint_2 87 %)
[INFO] [1791279300.709890166] [reach_dwell_probe]: jarak antar-lengan minimum sepanjang rencana: 622.7 mm di titik 0 (t1_a1_arm_link_0 <-> t1_a2_arm_link_0) -> CLEAR
    [6] task t1 arm_1 -> [1.8571, 0.5294, 1.0] @(1.250, +10): PLANNED (40.5 s)
    [7] retract g2: sudah REST -> dilewati
    [8] traverse g2 (0.000, +0) -> (0.600, +0): CLEAR min 431.5 mm (lengan 431.5, SS 432.6, n 61) ('t1_a2_right_finger_prox_link_0', 't2_a1_right_finger_prox_link_0')
[INFO] [1791279301.368083596] [reach_dwell_probe]: torsi RNEA+offset(per-aktuator) vs rating: 1=0.06->6.66/10, 2=5.42->13.12/14, 3=1.84->8.44/10, 4=0.33->2.31/7, 5=0.06->2.04/7, 6=0.00->1.98/7  (terketat t2_a1_joint_2 94 %)
[INFO] [1791279336.259910253] [reach_dwell_probe]: jarak antar-lengan minimum sepanjang rencana: 445.1 mm di titik 0 (t1_a2_right_finger_prox_link_0 <-> t2_a1_right_finger_prox_link_0) -> CLEAR
    [9] task t4 arm_3 -> [1.0714, -0.3176, 1.24] @(0.600, +0): PLANNED (35.0 s)
[INFO] [1791279336.322674037] [reach_dwell_probe]: torsi RNEA+offset(per-aktuator) vs rating: 1=0.06->6.66/10, 2=1.95->9.65/14, 3=1.17->7.77/10, 4=0.23->2.21/7, 5=0.05->2.03/7, 6=0.00->1.98/7  (terketat t2_a2_joint_3 78 %)
[INFO] [1791279357.189043152] [reach_dwell_probe]: jarak antar-lengan minimum sepanjang rencana: 644.9 mm di titik 47 (t1_a2_gripper_base_link_0 <-> t2_a2_right_finger_prox_link_0) -> CLEAR
    [10] task t5 arm_4 -> [0.2857, -0.1765, 1.0] @(0.600, +0): PLANNED (20.9 s)
    [11] retract g2 @rot +0: se-gantry 622.7 / antar 445.1 mm -> CLEAR
    [12] traverse g2 (0.600, +0) -> (1.250, +15): CLEAR min 341.4 mm (lengan 341.4, SS 380.0, n 1056) ('t1_a2_right_finger_prox_link_0', 't2_a1_right_finger_prox_link_0')
[INFO] [1791279385.451487281] [reach_dwell_probe]: torsi RNEA+offset(per-aktuator) vs rating: 1=0.06->6.66/10, 2=4.39->12.09/14, 3=1.43->8.03/10, 4=0.19->2.17/7, 5=0.06->2.04/7, 6=0.00->1.98/7  (terketat t2_a1_joint_2 86 %)
[INFO] [1791279398.778533971] [reach_dwell_probe]: jarak antar-lengan minimum sepanjang rencana: 459.4 mm di titik 0 (t1_platform_link_0 <-> t2_a1_base_link_0) -> CLEAR
    [13] task t0 arm_3 -> [1.8571, -0.1765, 1.0] @(1.250, +15): PLANNED (13.6 s)
seed 33 R35: PLANNED/PLANNED/PLANNED -> LOLOS
== screen seed 35 18:41:09
  seed 35 R35 sampel 1/3
    [0] retract g1: sudah REST -> dilewati
    [1] traverse g1 (0.000, +0) -> (0.150, +0): CLEAR min 380.0 mm (lengan 519.9, SS 380.0, n 16) ('t1_platform_link_0', 't2_platform_link_0')
[INFO] [1791279697.884162576] [reach_dwell_probe]: torsi RNEA+offset(per-aktuator) vs rating: 1=0.10->6.70/10, 2=2.54->10.24/14, 3=2.16->8.76/10, 4=0.37->2.35/7, 5=0.05->2.03/7, 6=0.00->1.98/7  (terketat t1_a1_joint_3 88 %)
[INFO] [1791279748.718779095] [reach_dwell_probe]: jarak antar-lengan minimum sepanjang rencana: 462.6 mm di titik 104 (t1_a1_arm_link_0 <-> t2_a1_arm_link_0) -> CLEAR
    [2] task t0 arm_1 -> [0.6429, 0.3882, 1.16] @(0.150, +0): PLANNED (51.0 s)
    [3] retract g1 @rot +0: se-gantry 622.7 / antar 462.8 mm -> CLEAR
    [4] traverse g1 (0.150, +0) -> (0.500, -10): CLEAR min 380.0 mm (lengan 514.8, SS 380.0, n 396) ('t1_platform_link_0', 't2_platform_link_0')
[INFO] [1791279775.049428501] [reach_dwell_probe]: torsi RNEA+offset(per-aktuator) vs rating: 1=0.07->6.67/10, 2=4.08->11.78/14, 3=0.38->6.98/10, 4=0.01->1.99/7, 5=0.06->2.04/7, 6=0.00->1.98/7  (terketat t1_a2_joint_2 84 %)
[INFO] [1791279811.067505413] [reach_dwell_probe]: jarak antar-lengan minimum sepanjang rencana: 550.3 mm di titik 68 (t1_a2_right_finger_prox_link_0 <-> t2_a1_right_finger_prox_link_0) -> CLEAR
    [5] task t3 arm_2 -> [0.0, 0.2471, 1.0] @(0.500, -10): PLANNED (36.1 s)
[INFO] [1791279811.234687784] [reach_dwell_probe]: torsi RNEA+offset(per-aktuator) vs rating: 1=0.01->6.61/10, 2=4.11->11.81/14, 3=2.46->9.06/10, 4=0.44->2.42/7, 5=0.15->2.13/7, 6=0.00->1.98/7  (terketat t1_a2_joint_3 91 %)
[INFO] [1791279870.309702793] [reach_dwell_probe]: jarak antar-lengan minimum sepanjang rencana: 562.9 mm di titik 24 (t1_a2_right_finger_prox_link_0 <-> t2_a1_right_finger_prox_link_0) -> CLEAR
    [6] task t4 arm_2 -> [0.1429, 0.3882, 1.24] @(0.500, -10): PLANNED (59.2 s)
[INFO] [1791279870.387983282] [reach_dwell_probe]: torsi RNEA+offset(per-aktuator) vs rating: 1=0.04->6.64/10, 2=1.27->8.97/14, 3=1.72->8.32/10, 4=0.24->2.22/7, 5=0.06->2.04/7, 6=0.00->1.98/7  (terketat t2_a1_joint_3 83 %)
[INFO] [1791279903.535043695] [reach_dwell_probe]: jarak antar-lengan minimum sepanjang rencana: 514.8 mm di titik 0 (t1_platform_link_0 <-> t2_a1_base_link_0) -> CLEAR
    [7] task t2 arm_3 -> [0.5, -0.4588, 1.0] @(0.000, +0): PLANNED (33.2 s)
    [8] retract g2 @rot +0: se-gantry 622.7 / antar 514.8 mm -> CLEAR
    [9] traverse g2 (0.000, +0) -> (1.350, +0): CLEAR min 380.0 mm (lengan 446.1, SS 380.0, n 136) ('t1_platform_link_0', 't2_platform_link_0')
[INFO] [1791279927.085319977] [reach_dwell_probe]: torsi RNEA+offset(per-aktuator) vs rating: 1=0.04->6.64/10, 2=2.78->10.48/14, 3=1.32->7.92/10, 4=0.24->2.22/7, 5=0.09->2.07/7, 6=0.00->1.98/7  (terketat t2_a1_joint_3 79 %)
[INFO] [1791279975.069651485] [reach_dwell_probe]: jarak antar-lengan minimum sepanjang rencana: 608.9 mm di titik 31 (t2_a1_arm_link_0 <-> t2_a2_arm_link_0) -> CLEAR
    [10] task t1 arm_3 -> [1.9286, -0.4588, 1.0] @(1.350, +0): PLANNED (48.1 s)
[INFO] [1791279975.128125841] [reach_dwell_probe]: torsi RNEA+offset(per-aktuator) vs rating: 1=0.09->6.69/10, 2=5.13->12.83/14, 3=0.57->7.17/10, 4=0.01->1.99/7, 5=0.06->2.04/7, 6=0.00->1.98/7  (terketat t2_a2_joint_2 92 %)
[INFO] [1791280002.201851735] [reach_dwell_probe]: jarak antar-lengan minimum sepanjang rencana: 558.5 mm di titik 0 (t1_mount_plate_right_0 <-> t2_a2_base_link_0) -> CLEAR
    [11] task t5 arm_4 -> [1.0714, -0.5294, 1.0] @(1.350, +0): PLANNED (27.1 s)
  seed 35 R35 sampel 2/3
    [0] retract g1: sudah REST -> dilewati
    [1] traverse g1 (0.000, +0) -> (0.150, +0): CLEAR min 380.0 mm (lengan 519.9, SS 380.0, n 16) ('t1_platform_link_0', 't2_platform_link_0')
[INFO] [1791280002.423987834] [reach_dwell_probe]: torsi RNEA+offset(per-aktuator) vs rating: 1=0.08->6.68/10, 2=5.37->13.07/14, 3=1.45->8.05/10, 4=0.27->2.25/7, 5=0.06->2.04/7, 6=0.00->1.98/7  (terketat t1_a1_joint_2 93 %)
[INFO] [1791280030.345787648] [reach_dwell_probe]: jarak antar-lengan minimum sepanjang rencana: 617.6 mm di titik 0 (t1_a1_lower_wrist_link_0 <-> t2_a1_gripper_base_link_0) -> CLEAR
    [2] task t0 arm_1 -> [0.6429, 0.3882, 1.16] @(0.150, +0): PLANNED (28.0 s)
    [3] retract g1 @rot +0: se-gantry 622.7 / antar 519.9 mm -> CLEAR
    [4] traverse g1 (0.150, +0) -> (0.500, -10): CLEAR min 380.0 mm (lengan 514.8, SS 380.0, n 396) ('t1_platform_link_0', 't2_platform_link_0')
[INFO] [1791280055.200530017] [reach_dwell_probe]: torsi RNEA+offset(per-aktuator) vs rating: 1=0.02->6.62/10, 2=3.55->11.25/14, 3=1.46->8.06/10, 4=0.24->2.22/7, 5=0.06->2.04/7, 6=0.00->1.98/7  (terketat t1_a2_joint_3 81 %)
[INFO] [1791280098.193341141] [reach_dwell_probe]: jarak antar-lengan minimum sepanjang rencana: 570.5 mm di titik 129 (t1_a2_lower_wrist_link_0 <-> t2_a1_upper_wrist_link_0) -> CLEAR
    [5] task t3 arm_2 -> [0.0, 0.2471, 1.0] @(0.500, -10): PLANNED (43.1 s)
[INFO] [1791280098.323451192] [reach_dwell_probe]: torsi RNEA+offset(per-aktuator) vs rating: 1=0.12->6.72/10, 2=4.63->12.33/14, 3=2.17->8.77/10, 4=0.36->2.34/7, 5=0.06->2.04/7, 6=0.00->1.98/7  (terketat t1_a2_joint_2 88 %)
[INFO] [1791280144.647911579] [reach_dwell_probe]: jarak antar-lengan minimum sepanjang rencana: 486.1 mm di titik 111 (t1_a2_forearm_link_0 <-> t2_a1_arm_link_0) -> CLEAR
    [6] task t4 arm_2 -> [0.1429, 0.3882, 1.24] @(0.500, -10): PLANNED (46.5 s)
[INFO] [1791280144.719023917] [reach_dwell_probe]: torsi RNEA+offset(per-aktuator) vs rating: 1=0.02->6.62/10, 2=1.42->9.12/14, 3=1.72->8.32/10, 4=0.25->2.23/7, 5=0.05->2.03/7, 6=0.00->1.98/7  (terketat t2_a1_joint_3 83 %)
[INFO] [1791280176.855889903] [reach_dwell_probe]: jarak antar-lengan minimum sepanjang rencana: 498.1 mm di titik 21 (t1_a2_forearm_link_0 <-> t2_a1_arm_link_0) -> CLEAR
    [7] task t2 arm_3 -> [0.5, -0.4588, 1.0] @(0.000, +0): PLANNED (32.2 s)
    [8] retract g2 @rot +0: se-gantry 622.7 / antar 498.1 mm -> CLEAR
    [9] traverse g2 (0.000, +0) -> (1.350, +0): CLEAR min 380.0 mm (lengan 446.1, SS 380.0, n 136) ('t1_platform_link_0', 't2_platform_link_0')
[INFO] [1791280201.441986417] [reach_dwell_probe]: torsi RNEA+offset(per-aktuator) vs rating: 1=0.02->6.62/10, 2=3.53->11.23/14, 3=1.45->8.05/10, 4=0.23->2.21/7, 5=0.05->2.03/7, 6=0.00->1.98/7  (terketat t2_a1_joint_3 80 %)
[INFO] [1791280242.084175934] [reach_dwell_probe]: jarak antar-lengan minimum sepanjang rencana: 622.7 mm di titik 0 (t2_a1_arm_link_0 <-> t2_a2_arm_link_0) -> CLEAR
    [10] task t1 arm_3 -> [1.9286, -0.4588, 1.0] @(1.350, +0): PLANNED (40.7 s)
[INFO] [1791280242.169310106] [reach_dwell_probe]: torsi RNEA+offset(per-aktuator) vs rating: 1=0.04->6.64/10, 2=3.78->11.48/14, 3=1.64->8.24/10, 4=0.24->2.22/7, 5=0.06->2.04/7, 6=0.00->1.98/7  (terketat t2_a2_joint_3 82 %)
[INFO] [1791280272.582553772] [reach_dwell_probe]: jarak antar-lengan minimum sepanjang rencana: 558.5 mm di titik 0 (t1_mount_plate_right_0 <-> t2_a2_base_link_0) -> CLEAR
    [11] task t5 arm_4 -> [1.0714, -0.5294, 1.0] @(1.350, +0): PLANNED (30.5 s)
  seed 35 R35 sampel 3/3
    [0] retract g1: sudah REST -> dilewati
    [1] traverse g1 (0.000, +0) -> (0.150, +0): CLEAR min 380.0 mm (lengan 519.9, SS 380.0, n 16) ('t1_platform_link_0', 't2_platform_link_0')
[INFO] [1791280272.825479721] [reach_dwell_probe]: torsi RNEA+offset(per-aktuator) vs rating: 1=0.07->6.67/10, 2=4.67->12.37/14, 3=1.86->8.46/10, 4=0.28->2.26/7, 5=0.05->2.03/7, 6=0.00->1.98/7  (terketat t1_a1_joint_2 88 %)
[INFO] [1791280316.091406938] [reach_dwell_probe]: jarak antar-lengan minimum sepanjang rencana: 573.0 mm di titik 39 (t1_a1_forearm_link_0 <-> t1_a2_arm_link_0) -> CLEAR
    [2] task t0 arm_1 -> [0.6429, 0.3882, 1.16] @(0.150, +0): PLANNED (43.4 s)
    [3] retract g1 @rot +0: se-gantry 573.0 / antar 519.9 mm -> CLEAR
    [4] traverse g1 (0.150, +0) -> (0.500, -10): CLEAR min 380.0 mm (lengan 514.8, SS 380.0, n 396) ('t1_platform_link_0', 't2_platform_link_0')
[INFO] [1791280339.619942591] [reach_dwell_probe]: torsi RNEA+offset(per-aktuator) vs rating: 1=0.08->6.68/10, 2=4.14->11.84/14, 3=0.38->6.98/10, 4=0.10->2.08/7, 5=0.05->2.03/7, 6=0.00->1.98/7  (terketat t1_a2_joint_2 85 %)
[INFO] [1791280376.727084547] [reach_dwell_probe]: jarak antar-lengan minimum sepanjang rencana: 549.0 mm di titik 75 (t1_a2_lower_wrist_link_0 <-> t2_a1_upper_wrist_link_0) -> CLEAR
    [5] task t3 arm_2 -> [0.0, 0.2471, 1.0] @(0.500, -10): PLANNED (37.2 s)
[INFO] [1791280376.880565620] [reach_dwell_probe]: torsi RNEA+offset(per-aktuator) vs rating: 1=0.04->6.64/10, 2=4.28->11.98/14, 3=2.33->8.93/10, 4=0.41->2.39/7, 5=0.11->2.09/7, 6=0.00->1.98/7  (terketat t1_a2_joint_3 89 %)
[INFO] [1791280422.461574655] [reach_dwell_probe]: jarak antar-lengan minimum sepanjang rencana: 529.1 mm di titik 130 (t1_a1_arm_link_0 <-> t1_a2_forearm_link_0) -> CLEAR
    [6] task t4 arm_2 -> [0.1429, 0.3882, 1.24] @(0.500, -10): PLANNED (45.7 s)
[INFO] [1791280422.543515155] [reach_dwell_probe]: torsi RNEA+offset(per-aktuator) vs rating: 1=0.11->6.71/10, 2=4.63->12.33/14, 3=0.41->7.01/10, 4=0.02->2.00/7, 5=0.05->2.03/7, 6=0.00->1.98/7  (terketat t2_a1_joint_2 88 %)
[INFO] [1791280448.249240093] [reach_dwell_probe]: jarak antar-lengan minimum sepanjang rencana: 514.8 mm di titik 0 (t1_platform_link_0 <-> t2_a1_base_link_0) -> CLEAR
    [7] task t2 arm_3 -> [0.5, -0.4588, 1.0] @(0.000, +0): PLANNED (25.8 s)
    [8] retract g2 @rot +0: se-gantry 622.7 / antar 514.8 mm -> CLEAR
    [9] traverse g2 (0.000, +0) -> (1.350, +0): CLEAR min 380.0 mm (lengan 446.1, SS 380.0, n 136) ('t1_platform_link_0', 't2_platform_link_0')
[INFO] [1791280471.825907140] [reach_dwell_probe]: torsi RNEA+offset(per-aktuator) vs rating: 1=0.02->6.62/10, 2=3.21->10.91/14, 3=1.47->8.07/10, 4=0.24->2.22/7, 5=0.06->2.04/7, 6=0.00->1.98/7  (terketat t2_a1_joint_3 81 %)
[INFO] [1791280519.006642875] [reach_dwell_probe]: jarak antar-lengan minimum sepanjang rencana: 622.7 mm di titik 0 (t2_a1_arm_link_0 <-> t2_a2_arm_link_0) -> CLEAR
    [10] task t1 arm_3 -> [1.9286, -0.4588, 1.0] @(1.350, +0): PLANNED (47.3 s)
[INFO] [1791280519.107734159] [reach_dwell_probe]: torsi RNEA+offset(per-aktuator) vs rating: 1=0.04->6.64/10, 2=3.53->11.23/14, 3=1.66->8.26/10, 4=0.23->2.21/7, 5=0.06->2.04/7, 6=0.00->1.98/7  (terketat t2_a2_joint_3 83 %)
[INFO] [1791280551.312996399] [reach_dwell_probe]: jarak antar-lengan minimum sepanjang rencana: 558.5 mm di titik 0 (t1_mount_plate_right_0 <-> t2_a2_base_link_0) -> CLEAR
    [11] task t5 arm_4 -> [1.0714, -0.5294, 1.0] @(1.350, +0): PLANNED (32.3 s)
seed 35 R35: PLANNED/PLANNED/PLANNED -> LOLOS
== screen seed 36 19:10:53
  seed 36 R35 sampel 1/3
    [0] retract g1: sudah REST -> dilewati
    [1] traverse g1 (0.000, +0) -> (0.900, +0): CLEAR min 380.0 mm (lengan 498.9, SS 380.0, n 91) ('t1_platform_link_0', 't2_platform_link_0')
[INFO] [1791281482.837967865] [reach_dwell_probe]: torsi RNEA+offset(per-aktuator) vs rating: 1=0.10->6.70/10, 2=4.61->12.31/14, 3=2.18->8.78/10, 4=0.36->2.34/7, 5=0.06->2.04/7, 6=0.00->1.98/7  (terketat t1_a1_joint_2 88 %)
[INFO] [1791281534.670867336] [reach_dwell_probe]: jarak antar-lengan minimum sepanjang rencana: 578.6 mm di titik 29 (t1_a1_arm_link_0 <-> t1_a2_arm_link_0) -> CLEAR
    [2] task t4 arm_1 -> [1.3571, 0.3882, 1.24] @(0.900, +0): PLANNED (52.0 s)
    [3] retract g1 @rot +0: se-gantry 578.6 / antar 509.7 mm -> CLEAR
    [4] traverse g1 (0.900, +0) -> (1.350, -10): CLEAR min 509.7 mm (lengan 509.7, SS 584.0, n 517) ('t1_a2_right_finger_prox_link_0', 't2_a1_right_finger_prox_link_0')
[INFO] [1791281560.422027131] [reach_dwell_probe]: torsi RNEA+offset(per-aktuator) vs rating: 1=0.07->6.67/10, 2=1.43->9.13/14, 3=1.85->8.45/10, 4=0.33->2.31/7, 5=0.06->2.04/7, 6=0.00->1.98/7  (terketat t1_a1_joint_3 84 %)
[INFO] [1791281601.203839281] [reach_dwell_probe]: jarak antar-lengan minimum sepanjang rencana: 622.7 mm di titik 0 (t1_a1_arm_link_0 <-> t1_a2_arm_link_0) -> CLEAR
    [5] task t3 arm_1 -> [1.8571, 0.3176, 1.08] @(1.350, -10): PLANNED (40.9 s)
    [6] retract g2: sudah REST -> dilewati
    [7] traverse g2 (0.000, +0) -> (0.600, -10): CLEAR min 522.4 mm (lengan 541.8, SS 522.4, n 671) ('t1_platform_link_0', 't2_mount_plate_right_0')
[INFO] [1791281607.258304969] [reach_dwell_probe]: torsi RNEA+offset(per-aktuator) vs rating: 1=0.02->6.62/10, 2=3.09->10.79/14, 3=1.28->7.88/10, 4=0.22->2.20/7, 5=0.08->2.06/7, 6=0.00->1.98/7  (terketat t2_a1_joint_3 79 %)
[INFO] [1791281659.240216847] [reach_dwell_probe]: jarak antar-lengan minimum sepanjang rencana: 486.6 mm di titik 128 (t2_a1_upper_wrist_link_0 <-> t2_a2_upper_wrist_link_0) -> CLEAR
    [8] task t0 arm_3 -> [0.7857, -0.4588, 1.0] @(0.600, -10): PLANNED (52.1 s)
[INFO] [1791281659.313902136] [reach_dwell_probe]: torsi RNEA+offset(per-aktuator) vs rating: 1=0.02->6.62/10, 2=4.83->12.53/14, 3=1.08->7.68/10, 4=0.14->2.12/7, 5=0.05->2.03/7, 6=0.00->1.98/7  (terketat t2_a2_joint_2 90 %)
[INFO] [1791281679.862379111] [reach_dwell_probe]: jarak antar-lengan minimum sepanjang rencana: 366.5 mm di titik 51 (t2_a1_lower_wrist_link_0 <-> t2_a2_upper_wrist_link_0) -> CLEAR
    [9] task t1 arm_4 -> [0.3571, -0.3176, 1.08] @(0.600, -10): PLANNED (20.6 s)
[INFO] [1791281679.940959315] [reach_dwell_probe]: torsi RNEA+offset(per-aktuator) vs rating: 1=0.08->6.68/10, 2=3.19->10.89/14, 3=1.31->7.91/10, 4=0.21->2.19/7, 5=0.07->2.05/7, 6=0.00->1.98/7  (terketat t2_a1_joint_3 79 %)
[INFO] [1791281706.201703381] [reach_dwell_probe]: jarak antar-lengan minimum sepanjang rencana: 366.5 mm di titik 0 (t2_a1_lower_wrist_link_0 <-> t2_a2_upper_wrist_link_0) -> CLEAR
    [10] task t5 arm_3 -> [0.9286, -0.4588, 1.0] @(0.600, -10): PLANNED (26.3 s)
    [11] retract g2 @rot -10: se-gantry 513.2 / antar 609.6 mm -> CLEAR
    [12] traverse g2 (0.600, -10) -> (1.450, +0): CLEAR min 380.0 mm (lengan 421.6, SS 380.0, n 946) ('t1_platform_link_0', 't2_platform_link_0')
[INFO] [1791281735.415065502] [reach_dwell_probe]: torsi RNEA+offset(per-aktuator) vs rating: 1=0.03->6.63/10, 2=2.08->9.78/14, 3=2.42->9.02/10, 4=0.37->2.35/7, 5=0.05->2.03/7, 6=0.00->1.98/7  (terketat t2_a1_joint_3 90 %)
[INFO] [1791281760.447495361] [reach_dwell_probe]: jarak antar-lengan minimum sepanjang rencana: 338.9 mm di titik 74 (t1_a1_arm_link_0 <-> t2_a1_arm_link_0) -> CLEAR
    [13] task t2 arm_3 -> [1.9286, -0.3176, 1.16] @(1.450, +0): PLANNED (25.1 s)
  seed 36 R35 sampel 2/3
    [0] retract g1: sudah REST -> dilewati
    [1] traverse g1 (0.000, +0) -> (0.900, +0): CLEAR min 380.0 mm (lengan 498.9, SS 380.0, n 91) ('t1_platform_link_0', 't2_platform_link_0')
[INFO] [1791281761.395214883] [reach_dwell_probe]: torsi RNEA+offset(per-aktuator) vs rating: 1=0.04->6.64/10, 2=4.85->12.55/14, 3=2.18->8.78/10, 4=0.38->2.36/7, 5=0.11->2.09/7, 6=0.00->1.98/7  (terketat t1_a1_joint_2 90 %)
[INFO] [1791281795.128351452] [reach_dwell_probe]: jarak antar-lengan minimum sepanjang rencana: 618.1 mm di titik 66 (t1_a1_left_finger_dist_link_0 <-> t1_a2_upper_wrist_link_0) -> CLEAR
    [2] task t4 arm_1 -> [1.3571, 0.3882, 1.24] @(0.900, +0): PLANNED (33.9 s)
    [3] retract g1 @rot +0: se-gantry 618.1 / antar 509.7 mm -> CLEAR
    [4] traverse g1 (0.900, +0) -> (1.350, -10): CLEAR min 509.7 mm (lengan 509.7, SS 584.0, n 517) ('t1_a2_right_finger_prox_link_0', 't2_a1_right_finger_prox_link_0')
[INFO] [1791281815.330584236] [reach_dwell_probe]: torsi RNEA+offset(per-aktuator) vs rating: 1=0.08->6.68/10, 2=4.11->11.81/14, 3=1.47->8.07/10, 4=0.19->2.17/7, 5=0.06->2.04/7, 6=0.00->1.98/7  (terketat t1_a1_joint_2 84 %)
[INFO] [1791281849.529944096] [reach_dwell_probe]: jarak antar-lengan minimum sepanjang rencana: 587.0 mm di titik 38 (t1_a1_forearm_link_0 <-> t1_a2_arm_link_0) -> CLEAR
    [5] task t3 arm_1 -> [1.8571, 0.3176, 1.08] @(1.350, -10): PLANNED (34.2 s)
    [6] retract g2: sudah REST -> dilewati
    [7] traverse g2 (0.000, +0) -> (0.600, -10): CLEAR min 522.4 mm (lengan 541.8, SS 522.4, n 671) ('t1_platform_link_0', 't2_mount_plate_right_0')
[INFO] [1791281853.073119587] [reach_dwell_probe]: torsi RNEA+offset(per-aktuator) vs rating: 1=0.01->6.61/10, 2=2.56->10.26/14, 3=1.37->7.97/10, 4=0.25->2.23/7, 5=0.08->2.06/7, 6=0.00->1.98/7  (terketat t2_a1_joint_3 80 %)
[INFO] [1791281901.295392205] [reach_dwell_probe]: jarak antar-lengan minimum sepanjang rencana: 496.6 mm di titik 124 (t2_a1_gripper_base_link_0 <-> t2_a2_upper_wrist_link_0) -> CLEAR
    [8] task t0 arm_3 -> [0.7857, -0.4588, 1.0] @(0.600, -10): PLANNED (48.4 s)
[INFO] [1791281901.377015393] [reach_dwell_probe]: torsi RNEA+offset(per-aktuator) vs rating: 1=0.00->6.60/10, 2=0.51->8.21/14, 3=1.94->8.54/10, 4=0.35->2.33/7, 5=0.06->2.04/7, 6=0.00->1.98/7  (terketat t2_a2_joint_3 85 %)
[INFO] [1791281934.469718113] [reach_dwell_probe]: jarak antar-lengan minimum sepanjang rencana: 385.7 mm di titik 69 (t2_a1_lower_wrist_link_0 <-> t2_a2_upper_wrist_link_0) -> CLEAR
    [9] task t1 arm_4 -> [0.3571, -0.3176, 1.08] @(0.600, -10): PLANNED (33.2 s)
[INFO] [1791281934.550092894] [reach_dwell_probe]: torsi RNEA+offset(per-aktuator) vs rating: 1=0.00->6.60/10, 2=2.70->10.40/14, 3=1.40->8.00/10, 4=0.25->2.23/7, 5=0.06->2.04/7, 6=0.00->1.98/7  (terketat t2_a1_joint_3 80 %)
[INFO] [1791281957.795764623] [reach_dwell_probe]: jarak antar-lengan minimum sepanjang rencana: 385.7 mm di titik 0 (t2_a1_lower_wrist_link_0 <-> t2_a2_upper_wrist_link_0) -> CLEAR
    [10] task t5 arm_3 -> [0.9286, -0.4588, 1.0] @(0.600, -10): PLANNED (23.3 s)
    [11] retract g2 @rot -10: se-gantry 463.7 / antar 609.6 mm -> CLEAR
    [12] traverse g2 (0.600, -10) -> (1.450, +0): CLEAR min 380.0 mm (lengan 460.5, SS 380.0, n 946) ('t1_platform_link_0', 't2_platform_link_0')
[INFO] [1791281991.597495555] [reach_dwell_probe]: torsi RNEA+offset(per-aktuator) vs rating: 1=0.01->6.61/10, 2=1.47->9.17/14, 3=2.34->8.94/10, 4=0.39->2.37/7, 5=0.06->2.04/7, 6=0.00->1.98/7  (terketat t2_a1_joint_3 89 %)
[INFO] [1791282032.053258039] [reach_dwell_probe]: jarak antar-lengan minimum sepanjang rencana: 500.6 mm di titik 0 (t1_a1_arm_link_0 <-> t2_a1_arm_link_0) -> CLEAR
    [13] task t2 arm_3 -> [1.9286, -0.3176, 1.16] @(1.450, +0): PLANNED (40.6 s)
  seed 36 R35 sampel 3/3
    [0] retract g1: sudah REST -> dilewati
    [1] traverse g1 (0.000, +0) -> (0.900, +0): CLEAR min 380.0 mm (lengan 498.9, SS 380.0, n 91) ('t1_platform_link_0', 't2_platform_link_0')
[INFO] [1791282032.944795582] [reach_dwell_probe]: torsi RNEA+offset(per-aktuator) vs rating: 1=0.04->6.64/10, 2=5.05->12.75/14, 3=2.09->8.69/10, 4=0.36->2.34/7, 5=0.10->2.08/7, 6=0.00->1.98/7  (terketat t1_a1_joint_2 91 %)
[INFO] [1791282079.267284640] [reach_dwell_probe]: jarak antar-lengan minimum sepanjang rencana: 622.7 mm di titik 0 (t1_a1_arm_link_0 <-> t1_a2_arm_link_0) -> CLEAR
    [2] task t4 arm_1 -> [1.3571, 0.3882, 1.24] @(0.900, +0): PLANNED (46.4 s)
    [3] retract g1 @rot +0: se-gantry 622.7 / antar 509.7 mm -> CLEAR
    [4] traverse g1 (0.900, +0) -> (1.350, -10): CLEAR min 509.7 mm (lengan 509.7, SS 584.0, n 517) ('t1_a2_right_finger_prox_link_0', 't2_a1_right_finger_prox_link_0')
[INFO] [1791282101.256710363] [reach_dwell_probe]: torsi RNEA+offset(per-aktuator) vs rating: 1=0.06->6.66/10, 2=5.10->12.80/14, 3=0.93->7.53/10, 4=0.20->2.18/7, 5=0.06->2.04/7, 6=0.00->1.98/7  (terketat t1_a1_joint_2 91 %)
[INFO] [1791282126.024156996] [reach_dwell_probe]: jarak antar-lengan minimum sepanjang rencana: 622.7 mm di titik 0 (t1_a1_arm_link_0 <-> t1_a2_arm_link_0) -> CLEAR
    [5] task t3 arm_1 -> [1.8571, 0.3176, 1.08] @(1.350, -10): PLANNED (24.9 s)
    [6] retract g2: sudah REST -> dilewati
    [7] traverse g2 (0.000, +0) -> (0.600, -10): CLEAR min 522.4 mm (lengan 541.8, SS 522.4, n 671) ('t1_platform_link_0', 't2_mount_plate_right_0')
[INFO] [1791282132.100142859] [reach_dwell_probe]: torsi RNEA+offset(per-aktuator) vs rating: 1=0.01->6.61/10, 2=4.05->11.75/14, 3=0.38->6.98/10, 4=0.07->2.05/7, 5=0.06->2.04/7, 6=0.00->1.98/7  (terketat t2_a1_joint_2 84 %)
[INFO] [1791282149.218833417] [reach_dwell_probe]: jarak antar-lengan minimum sepanjang rencana: 494.8 mm di titik 49 (t2_a1_upper_wrist_link_0 <-> t2_a2_upper_wrist_link_0) -> CLEAR
    [8] task t0 arm_3 -> [0.7857, -0.4588, 1.0] @(0.600, -10): PLANNED (17.2 s)
[INFO] [1791282149.253818651] [reach_dwell_probe]: torsi RNEA+offset(per-aktuator) vs rating: 1=0.02->6.62/10, 2=4.81->12.51/14, 3=1.08->7.68/10, 4=0.14->2.12/7, 5=0.05->2.03/7, 6=0.00->1.98/7  (terketat t2_a2_joint_2 89 %)
[INFO] [1791282164.904727733] [reach_dwell_probe]: jarak antar-lengan minimum sepanjang rencana: 352.8 mm di titik 52 (t2_a1_arm_link_0 <-> t2_a2_arm_link_0) -> CLEAR
    [9] task t1 arm_4 -> [0.3571, -0.3176, 1.08] @(0.600, -10): PLANNED (15.7 s)
[INFO] [1791282164.996461974] [reach_dwell_probe]: torsi RNEA+offset(per-aktuator) vs rating: 1=0.07->6.67/10, 2=4.13->11.83/14, 3=1.50->8.10/10, 4=0.21->2.19/7, 5=0.06->2.04/7, 6=0.00->1.98/7  (terketat t2_a1_joint_2 85 %)
[INFO] [1791282200.577469287] [reach_dwell_probe]: jarak antar-lengan minimum sepanjang rencana: 352.8 mm di titik 0 (t2_a1_arm_link_0 <-> t2_a2_arm_link_0) -> CLEAR
    [10] task t5 arm_3 -> [0.9286, -0.4588, 1.0] @(0.600, -10): PLANNED (35.7 s)
    [11] retract g2 @rot -10: se-gantry 494.1 / antar 609.6 mm -> CLEAR
    [12] traverse g2 (0.600, -10) -> (1.450, +0): CLEAR min 380.0 mm (lengan 460.5, SS 380.0, n 946) ('t1_platform_link_0', 't2_platform_link_0')
[INFO] [1791282233.134191099] [reach_dwell_probe]: torsi RNEA+offset(per-aktuator) vs rating: 1=0.01->6.61/10, 2=1.40->9.10/14, 3=2.35->8.95/10, 4=0.39->2.37/7, 5=0.06->2.04/7, 6=0.00->1.98/7  (terketat t2_a1_joint_3 89 %)
[INFO] [1791282274.487024060] [reach_dwell_probe]: jarak antar-lengan minimum sepanjang rencana: 468.0 mm di titik 127 (t1_a1_forearm_link_0 <-> t2_a1_lower_wrist_link_0) -> CLEAR
    [13] task t2 arm_3 -> [1.9286, -0.3176, 1.16] @(1.450, +0): PLANNED (41.4 s)
seed 36 R35: PLANNED/PLANNED/PLANNED -> LOLOS
== screen seed 40 19:29:35
  seed 40 R35 sampel 1/3
    [0] retract g1: sudah REST -> dilewati
    [1] traverse g1 (0.000, +0) -> (0.250, +5): CLEAR min 380.0 mm (lengan 480.3, SS 380.0, n 156) ('t1_platform_link_0', 't2_platform_link_0')
[INFO] [1791282604.779767434] [reach_dwell_probe]: torsi RNEA+offset(per-aktuator) vs rating: 1=0.04->6.64/10, 2=2.83->10.53/14, 3=1.33->7.93/10, 4=0.24->2.22/7, 5=0.08->2.06/7, 6=0.00->1.98/7  (terketat t1_a2_joint_3 79 %)
[INFO] [1791282659.831497288] [reach_dwell_probe]: jarak antar-lengan minimum sepanjang rencana: 480.3 mm di titik 0 (t1_a2_base_link_0 <-> t2_platform_link_0) -> CLEAR
    [2] task t2 arm_2 -> [0.0, 0.1765, 1.0] @(0.250, +5): PLANNED (55.2 s)
[INFO] [1791282659.908279643] [reach_dwell_probe]: torsi RNEA+offset(per-aktuator) vs rating: 1=0.07->6.67/10, 2=4.27->11.97/14, 3=1.36->7.96/10, 4=0.24->2.22/7, 5=0.06->2.04/7, 6=0.00->1.98/7  (terketat t1_a2_joint_2 86 %)
[INFO] [1791282675.582773057] [reach_dwell_probe]: jarak antar-lengan minimum sepanjang rencana: 480.3 mm di titik 0 (t1_a2_base_link_0 <-> t2_platform_link_0) -> CLEAR
    [3] task t3 arm_2 -> [0.0714, 0.3176, 1.0] @(0.250, +5): PLANNED (15.7 s)
    [4] retract g1 @rot +5: se-gantry 486.6 / antar 480.3 mm -> CLEAR
    [5] traverse g1 (0.250, +5) -> (1.400, -15): CLEAR min 380.0 mm (lengan 464.7, SS 380.0, n 2436) ('t1_platform_link_0', 't2_platform_link_0')
[INFO] [1791282715.822539715] [reach_dwell_probe]: torsi RNEA+offset(per-aktuator) vs rating: 1=0.03->6.63/10, 2=1.67->9.37/14, 3=2.32->8.92/10, 4=0.39->2.37/7, 5=0.06->2.04/7, 6=0.00->1.98/7  (terketat t1_a1_joint_3 89 %)
[INFO] [1791282760.763363005] [reach_dwell_probe]: jarak antar-lengan minimum sepanjang rencana: 580.1 mm di titik 57 (t1_a1_arm_link_0 <-> t1_a2_arm_link_0) -> CLEAR
    [6] task t5 arm_1 -> [1.8571, 0.3176, 1.16] @(1.400, -15): PLANNED (45.0 s)
    [7] retract g2: sudah REST -> dilewati
    [8] traverse g2 (0.000, +0) -> (0.400, +15): CLEAR min 556.7 mm (lengan 556.7, SS 571.1, n 656) ('t1_a2_right_finger_prox_link_0', 't2_a1_right_finger_prox_link_0')
[INFO] [1791282766.653150650] [reach_dwell_probe]: torsi RNEA+offset(per-aktuator) vs rating: 1=0.03->6.63/10, 2=0.82->8.52/14, 3=2.06->8.66/10, 4=0.35->2.33/7, 5=0.10->2.08/7, 6=0.00->1.98/7  (terketat t2_a2_joint_3 87 %)
[INFO] [1791282817.820338126] [reach_dwell_probe]: jarak antar-lengan minimum sepanjang rencana: 575.8 mm di titik 127 (t2_a1_upper_wrist_link_0 <-> t2_a2_gripper_base_link_0) -> CLEAR
    [9] task t4 arm_4 -> [0.1429, -0.4588, 1.08] @(0.400, +15): PLANNED (51.3 s)
    [10] retract g2 @rot +15: se-gantry 575.9 / antar 556.7 mm -> CLEAR
    [11] traverse g2 (0.400, +15) -> (0.900, -5): CLEAR min 391.8 mm (lengan 412.4, SS 391.8, n 1071) ('t1_platform_link_0', 't2_mount_plate_right_0')
[INFO] [1791282842.655256721] [reach_dwell_probe]: torsi RNEA+offset(per-aktuator) vs rating: 1=0.06->6.66/10, 2=5.25->12.95/14, 3=0.61->7.21/10, 4=0.01->1.99/7, 5=0.06->2.04/7, 6=0.00->1.98/7  (terketat t2_a1_joint_2 93 %)
[INFO] [1791282867.923318050] [reach_dwell_probe]: jarak antar-lengan minimum sepanjang rencana: 496.7 mm di titik 50 (t1_a1_arm_link_0 <-> t2_a1_forearm_link_0) -> CLEAR
    [12] task t0 arm_3 -> [1.1429, -0.2471, 1.0] @(0.900, -5): PLANNED (25.3 s)
[INFO] [1791282867.965501378] [reach_dwell_probe]: torsi RNEA+offset(per-aktuator) vs rating: 1=0.09->6.69/10, 2=5.33->13.03/14, 3=1.44->8.04/10, 4=0.23->2.21/7, 5=0.06->2.04/7, 6=0.00->1.98/7  (terketat t2_a1_joint_2 93 %)
[INFO] [1791282897.350623361] [reach_dwell_probe]: jarak antar-lengan minimum sepanjang rencana: 408.3 mm di titik 59 (t1_a1_arm_link_0 <-> t2_a1_upper_wrist_link_0) -> CLEAR
    [13] task t1 arm_3 -> [1.5, -0.3882, 1.0] @(0.900, -5): PLANNED (29.4 s)
  seed 40 R35 sampel 2/3
    [0] retract g1: sudah REST -> dilewati
    [1] traverse g1 (0.000, +0) -> (0.250, +5): CLEAR min 380.0 mm (lengan 480.3, SS 380.0, n 156) ('t1_platform_link_0', 't2_platform_link_0')
[INFO] [1791282898.125711762] [reach_dwell_probe]: torsi RNEA+offset(per-aktuator) vs rating: 1=0.02->6.62/10, 2=2.60->10.30/14, 3=1.11->7.71/10, 4=0.22->2.20/7, 5=0.05->2.03/7, 6=0.00->1.98/7  (terketat t1_a2_joint_3 77 %)
[INFO] [1791282913.846223178] [reach_dwell_probe]: jarak antar-lengan minimum sepanjang rencana: 480.3 mm di titik 0 (t1_a2_base_link_0 <-> t2_platform_link_0) -> CLEAR
    [2] task t2 arm_2 -> [0.0, 0.1765, 1.0] @(0.250, +5): PLANNED (15.8 s)
[INFO] [1791282913.886092342] [reach_dwell_probe]: torsi RNEA+offset(per-aktuator) vs rating: 1=0.04->6.64/10, 2=2.90->10.60/14, 3=1.14->7.74/10, 4=0.23->2.21/7, 5=0.06->2.04/7, 6=0.00->1.98/7  (terketat t1_a2_joint_3 77 %)
[INFO] [1791282924.715048604] [reach_dwell_probe]: jarak antar-lengan minimum sepanjang rencana: 480.3 mm di titik 0 (t1_a2_base_link_0 <-> t2_platform_link_0) -> CLEAR
    [3] task t3 arm_2 -> [0.0714, 0.3176, 1.0] @(0.250, +5): PLANNED (10.9 s)
    [4] retract g1 @rot +5: se-gantry 480.7 / antar 480.3 mm -> CLEAR
    [5] traverse g1 (0.250, +5) -> (1.400, -15): CLEAR min 380.0 mm (lengan 464.7, SS 380.0, n 2436) ('t1_platform_link_0', 't2_platform_link_0')
[INFO] [1791282959.978392995] [reach_dwell_probe]: torsi RNEA+offset(per-aktuator) vs rating: 1=0.10->6.70/10, 2=4.46->12.16/14, 3=1.94->8.54/10, 4=0.29->2.27/7, 5=0.06->2.04/7, 6=0.00->1.98/7  (terketat t1_a1_joint_2 87 %)
[INFO] [1791282979.753463501] [reach_dwell_probe]: jarak antar-lengan minimum sepanjang rencana: 551.8 mm di titik 38 (t1_a1_forearm_link_0 <-> t1_a2_arm_link_0) -> CLEAR
    [6] task t5 arm_1 -> [1.8571, 0.3176, 1.16] @(1.400, -15): PLANNED (19.8 s)
    [7] retract g2: sudah REST -> dilewati
    [8] traverse g2 (0.000, +0) -> (0.400, +15): CLEAR min 556.7 mm (lengan 556.7, SS 571.1, n 656) ('t1_a2_right_finger_prox_link_0', 't2_a1_right_finger_prox_link_0')
[INFO] [1791282985.630661226] [reach_dwell_probe]: torsi RNEA+offset(per-aktuator) vs rating: 1=0.12->6.72/10, 2=5.37->13.07/14, 3=0.80->7.40/10, 4=0.17->2.15/7, 5=0.06->2.04/7, 6=0.00->1.98/7  (terketat t2_a2_joint_2 93 %)
[INFO] [1791283016.991699433] [reach_dwell_probe]: jarak antar-lengan minimum sepanjang rencana: 512.1 mm di titik 81 (t2_a1_arm_link_0 <-> t2_a2_arm_link_0) -> CLEAR
    [9] task t4 arm_4 -> [0.1429, -0.4588, 1.08] @(0.400, +15): PLANNED (31.4 s)
    [10] retract g2 @rot +15: se-gantry 512.3 / antar 556.7 mm -> CLEAR
    [11] traverse g2 (0.400, +15) -> (0.900, -5): CLEAR min 391.8 mm (lengan 412.4, SS 391.8, n 1071) ('t1_platform_link_0', 't2_mount_plate_right_0')
[INFO] [1791283042.147014676] [reach_dwell_probe]: torsi RNEA+offset(per-aktuator) vs rating: 1=0.03->6.63/10, 2=4.02->11.72/14, 3=0.38->6.98/10, 4=0.07->2.05/7, 5=0.06->2.04/7, 6=0.00->1.98/7  (terketat t2_a1_joint_2 84 %)
[INFO] [1791283054.967302414] [reach_dwell_probe]: jarak antar-lengan minimum sepanjang rencana: 529.0 mm di titik 39 (t2_a1_forearm_link_0 <-> t2_a2_arm_link_0) -> CLEAR
    [12] task t0 arm_3 -> [1.1429, -0.2471, 1.0] @(0.900, -5): PLANNED (12.9 s)
[INFO] [1791283055.016406794] [reach_dwell_probe]: torsi RNEA+offset(per-aktuator) vs rating: 1=0.02->6.62/10, 2=4.91->12.61/14, 3=0.41->7.01/10, 4=0.07->2.05/7, 5=0.06->2.04/7, 6=0.00->1.98/7  (terketat t2_a1_joint_2 90 %)
[INFO] [1791283097.792877189] [reach_dwell_probe]: jarak antar-lengan minimum sepanjang rencana: 529.0 mm di titik 0 (t2_a1_forearm_link_0 <-> t2_a2_arm_link_0) -> CLEAR
    [13] task t1 arm_3 -> [1.5, -0.3882, 1.0] @(0.900, -5): PLANNED (42.8 s)
  seed 40 R35 sampel 3/3
    [0] retract g1: sudah REST -> dilewati
    [1] traverse g1 (0.000, +0) -> (0.250, +5): CLEAR min 380.0 mm (lengan 480.3, SS 380.0, n 156) ('t1_platform_link_0', 't2_platform_link_0')
[INFO] [1791283099.266398954] [reach_dwell_probe]: torsi RNEA+offset(per-aktuator) vs rating: 1=0.03->6.63/10, 2=3.46->11.16/14, 3=1.68->8.28/10, 4=0.24->2.22/7, 5=0.05->2.03/7, 6=0.00->1.98/7  (terketat t1_a2_joint_3 83 %)
[INFO] [1791283131.706197616] [reach_dwell_probe]: jarak antar-lengan minimum sepanjang rencana: 480.3 mm di titik 0 (t1_a2_base_link_0 <-> t2_platform_link_0) -> CLEAR
    [2] task t2 arm_2 -> [0.0, 0.1765, 1.0] @(0.250, +5): PLANNED (32.5 s)
[INFO] [1791283131.806759118] [reach_dwell_probe]: torsi RNEA+offset(per-aktuator) vs rating: 1=0.05->6.65/10, 2=3.49->11.19/14, 3=1.69->8.29/10, 4=0.24->2.22/7, 5=0.06->2.04/7, 6=0.00->1.98/7  (terketat t1_a2_joint_3 83 %)
[INFO] [1791283160.796516688] [reach_dwell_probe]: jarak antar-lengan minimum sepanjang rencana: 480.3 mm di titik 0 (t1_a2_base_link_0 <-> t2_platform_link_0) -> CLEAR
    [3] task t3 arm_2 -> [0.0714, 0.3176, 1.0] @(0.250, +5): PLANNED (29.1 s)
    [4] retract g1 @rot +5: se-gantry 483.9 / antar 480.3 mm -> CLEAR
    [5] traverse g1 (0.250, +5) -> (1.400, -15): CLEAR min 380.0 mm (lengan 464.7, SS 380.0, n 2436) ('t1_platform_link_0', 't2_platform_link_0')
[INFO] [1791283199.143857474] [reach_dwell_probe]: torsi RNEA+offset(per-aktuator) vs rating: 1=0.02->6.62/10, 2=1.36->9.06/14, 3=2.35->8.95/10, 4=0.39->2.37/7, 5=0.06->2.04/7, 6=0.00->1.98/7  (terketat t1_a1_joint_3 89 %)
[INFO] [1791283241.099707350] [reach_dwell_probe]: jarak antar-lengan minimum sepanjang rencana: 581.3 mm di titik 61 (t1_a1_arm_link_0 <-> t1_a2_arm_link_0) -> CLEAR
    [6] task t5 arm_1 -> [1.8571, 0.3176, 1.16] @(1.400, -15): PLANNED (42.1 s)
    [7] retract g2: sudah REST -> dilewati
    [8] traverse g2 (0.000, +0) -> (0.400, +15): CLEAR min 556.7 mm (lengan 556.7, SS 571.1, n 656) ('t1_a2_right_finger_prox_link_0', 't2_a1_right_finger_prox_link_0')
[INFO] [1791283244.054149992] [reach_dwell_probe]: torsi RNEA+offset(per-aktuator) vs rating: 1=0.04->6.64/10, 2=4.80->12.50/14, 3=1.09->7.69/10, 4=0.16->2.14/7, 5=0.06->2.04/7, 6=0.00->1.98/7  (terketat t2_a2_joint_2 89 %)
[INFO] [1791283287.957458780] [reach_dwell_probe]: jarak antar-lengan minimum sepanjang rencana: 513.7 mm di titik 94 (t2_a1_arm_link_0 <-> t2_a2_forearm_link_0) -> CLEAR
    [9] task t4 arm_4 -> [0.1429, -0.4588, 1.08] @(0.400, +15): PLANNED (44.0 s)
    [10] retract g2 @rot +15: se-gantry 513.7 / antar 556.7 mm -> CLEAR
    [11] traverse g2 (0.400, +15) -> (0.900, -5): CLEAR min 391.8 mm (lengan 412.4, SS 391.8, n 1071) ('t1_platform_link_0', 't2_mount_plate_right_0')
[INFO] [1791283315.479694051] [reach_dwell_probe]: torsi RNEA+offset(per-aktuator) vs rating: 1=0.04->6.64/10, 2=3.13->10.83/14, 3=1.28->7.88/10, 4=0.22->2.20/7, 5=0.08->2.06/7, 6=0.00->1.98/7  (terketat t2_a1_joint_3 79 %)
[INFO] [1791283362.977840681] [reach_dwell_probe]: jarak antar-lengan minimum sepanjang rencana: 513.4 mm di titik 126 (t1_a1_arm_link_0 <-> t2_a1_arm_link_0) -> CLEAR
    [12] task t0 arm_3 -> [1.1429, -0.2471, 1.0] @(0.900, -5): PLANNED (47.6 s)
[INFO] [1791283363.011328360] [reach_dwell_probe]: torsi RNEA+offset(per-aktuator) vs rating: 1=0.05->6.65/10, 2=3.39->11.09/14, 3=1.41->8.01/10, 4=0.22->2.20/7, 5=0.06->2.04/7, 6=0.00->1.98/7  (terketat t2_a1_joint_3 80 %)
[INFO] [1791283384.419785747] [reach_dwell_probe]: jarak antar-lengan minimum sepanjang rencana: 488.4 mm di titik 56 (t1_a1_arm_link_0 <-> t2_a1_lower_wrist_link_0) -> CLEAR
    [13] task t1 arm_3 -> [1.5, -0.3882, 1.0] @(0.900, -5): PLANNED (21.4 s)
seed 40 R35: PLANNED/PLANNED/PLANNED -> LOLOS
== screen seed 42 19:57:36
  seed 42 R35 sampel 1/3
    [0] retract g1: sudah REST -> dilewati
    [1] traverse g1 (0.000, +0) -> (0.600, -20): CLEAR min 380.0 mm (lengan 425.2, SS 380.0, n 1281) ('t1_platform_link_0', 't2_platform_link_0')
[INFO] [1791284278.813646386] [reach_dwell_probe]: torsi RNEA+offset(per-aktuator) vs rating: 1=0.02->6.62/10, 2=1.07->8.77/14, 3=1.43->8.03/10, 4=0.26->2.24/7, 5=0.09->2.07/7, 6=0.00->1.98/7  (terketat t1_a1_joint_3 80 %)
[INFO] [1791284311.936911206] [reach_dwell_probe]: jarak antar-lengan minimum sepanjang rencana: 554.7 mm di titik 124 (t1_a1_upper_wrist_link_0 <-> t1_a2_upper_wrist_link_0) -> CLEAR
    [2] task t0 arm_1 -> [0.8571, 0.3176, 1.0] @(0.600, -20): PLANNED (33.2 s)
[INFO] [1791284311.983764401] [reach_dwell_probe]: torsi RNEA+offset(per-aktuator) vs rating: 1=0.00->6.60/10, 2=0.66->8.36/14, 3=1.93->8.53/10, 4=0.35->2.33/7, 5=0.06->2.04/7, 6=0.00->1.98/7  (terketat t1_a2_joint_3 85 %)
[INFO] [1791284325.084176139] [reach_dwell_probe]: jarak antar-lengan minimum sepanjang rencana: 432.9 mm di titik 64 (t1_a1_left_finger_prox_link_0 <-> t1_a2_right_finger_prox_link_0) -> CLEAR
    [3] task t2 arm_2 -> [0.3571, 0.4588, 1.08] @(0.600, -20): PLANNED (13.1 s)
[INFO] [1791284325.144295481] [reach_dwell_probe]: torsi RNEA+offset(per-aktuator) vs rating: 1=0.05->6.65/10, 2=2.10->9.80/14, 3=1.97->8.57/10, 4=0.35->2.33/7, 5=0.06->2.04/7, 6=0.00->1.98/7  (terketat t1_a2_joint_3 86 %)
[INFO] [1791284342.529513129] [reach_dwell_probe]: jarak antar-lengan minimum sepanjang rencana: 427.7 mm di titik 9 (t1_a1_left_finger_prox_link_0 <-> t1_a2_right_finger_prox_link_0) -> CLEAR
    [4] task t3 arm_2 -> [0.1429, 0.3176, 1.0] @(0.600, -20): PLANNED (17.4 s)
    [5] retract g2: sudah REST -> dilewati
    [6] traverse g2 (0.000, +0) -> (0.600, +5): CLEAR min 380.0 mm (lengan 425.2, SS 380.0, n 366) ('t1_platform_link_0', 't2_platform_link_0')
[INFO] [1791284344.223575343] [reach_dwell_probe]: torsi RNEA+offset(per-aktuator) vs rating: 1=0.06->6.66/10, 2=3.03->10.73/14, 3=2.55->9.15/10, 4=0.46->2.44/7, 5=0.13->2.11/7, 6=0.00->1.98/7  (terketat t2_a1_joint_3 92 %)
[INFO] [1791284373.301583281] [reach_dwell_probe]: jarak antar-lengan minimum sepanjang rencana: 340.5 mm di titik 101 (t1_a1_forearm_link_0 <-> t2_a1_forearm_link_0) -> CLEAR
    [7] task t4 arm_3 -> [1.0714, -0.3176, 1.32] @(0.600, +5): PLANNED (29.1 s)
    [8] retract g2 @rot +5: se-gantry 503.9 / antar 340.5 mm -> CLEAR
    [9] traverse g2 (0.600, +5) -> (1.000, -25): CLEAR min 326.3 mm (lengan 347.9, SS 326.3, n 1271) ('t1_platform_link_0', 't2_mount_plate_left_0')
[INFO] [1791284391.013385457] [reach_dwell_probe]: torsi RNEA+offset(per-aktuator) vs rating: 1=0.07->6.67/10, 2=4.23->11.93/14, 3=1.51->8.11/10, 4=0.21->2.19/7, 5=0.06->2.04/7, 6=0.00->1.98/7  (terketat t2_a1_joint_2 85 %)
[INFO] [1791284399.822125361] [reach_dwell_probe]: jarak antar-lengan minimum sepanjang rencana: 622.7 mm di titik 0 (t2_a1_arm_link_0 <-> t2_a2_arm_link_0) -> CLEAR
    [10] task t1 arm_3 -> [1.4286, -0.3176, 1.0] @(1.000, -25): PLANNED (8.9 s)
    [11] retract g2 @rot -25: se-gantry 622.7 / antar 347.9 mm -> CLEAR
    [12] traverse g2 (1.000, -25) -> (1.500, +5): CLEAR min 304.1 mm (lengan 319.7, SS 304.1, n 1581) ('t1_mount_plate_right_0', 't2_mount_plate_left_0')
[INFO] [1791284418.763926938] [reach_dwell_probe]: torsi RNEA+offset(per-aktuator) vs rating: 1=0.04->6.64/10, 2=5.22->12.92/14, 3=0.87->7.47/10, 4=0.19->2.17/7, 5=0.06->2.04/7, 6=0.00->1.98/7  (terketat t2_a1_joint_2 92 %)
[INFO] [1791284432.373429978] [reach_dwell_probe]: jarak antar-lengan minimum sepanjang rencana: 622.7 mm di titik 0 (t2_a1_arm_link_0 <-> t2_a2_arm_link_0) -> CLEAR
    [13] task t5 arm_3 -> [2.0, -0.2471, 1.08] @(1.500, +5): PLANNED (13.7 s)
  seed 42 R35 sampel 2/3
    [0] retract g1: sudah REST -> dilewati
    [1] traverse g1 (0.000, +0) -> (0.600, -20): CLEAR min 380.0 mm (lengan 425.2, SS 380.0, n 1281) ('t1_platform_link_0', 't2_platform_link_0')
[INFO] [1791284437.866577706] [reach_dwell_probe]: torsi RNEA+offset(per-aktuator) vs rating: 1=0.01->6.61/10, 2=3.58->11.28/14, 3=0.47->7.07/10, 4=0.05->2.03/7, 5=0.06->2.04/7, 6=0.00->1.98/7  (terketat t1_a1_joint_2 81 %)
[INFO] [1791284446.736217217] [reach_dwell_probe]: jarak antar-lengan minimum sepanjang rencana: 511.8 mm di titik 42 (t1_a1_forearm_link_0 <-> t1_a2_arm_link_0) -> CLEAR
    [2] task t0 arm_1 -> [0.8571, 0.3176, 1.0] @(0.600, -20): PLANNED (8.9 s)
[INFO] [1791284446.777417663] [reach_dwell_probe]: torsi RNEA+offset(per-aktuator) vs rating: 1=0.10->6.70/10, 2=5.41->13.11/14, 3=0.76->7.36/10, 4=0.16->2.14/7, 5=0.06->2.04/7, 6=0.00->1.98/7  (terketat t1_a2_joint_2 94 %)
[INFO] [1791284470.907645884] [reach_dwell_probe]: jarak antar-lengan minimum sepanjang rencana: 350.9 mm di titik 94 (t1_a1_forearm_link_0 <-> t1_a2_arm_link_0) -> CLEAR
    [3] task t2 arm_2 -> [0.3571, 0.4588, 1.08] @(0.600, -20): PLANNED (24.2 s)
[INFO] [1791284470.963311802] [reach_dwell_probe]: torsi RNEA+offset(per-aktuator) vs rating: 1=0.04->6.64/10, 2=5.46->13.16/14, 3=1.52->8.12/10, 4=0.25->2.23/7, 5=0.06->2.04/7, 6=0.00->1.98/7  (terketat t1_a2_joint_2 94 %)
[INFO] [1791284509.665293061] [reach_dwell_probe]: jarak antar-lengan minimum sepanjang rencana: 350.9 mm di titik 0 (t1_a1_forearm_link_0 <-> t1_a2_arm_link_0) -> CLEAR
    [4] task t3 arm_2 -> [0.1429, 0.3176, 1.0] @(0.600, -20): PLANNED (38.8 s)
    [5] retract g2: sudah REST -> dilewati
    [6] traverse g2 (0.000, +0) -> (0.600, +5): CLEAR min 380.0 mm (lengan 425.2, SS 380.0, n 366) ('t1_platform_link_0', 't2_platform_link_0')
[INFO] [1791284511.323303131] [reach_dwell_probe]: torsi RNEA+offset(per-aktuator) vs rating: 1=0.01->6.61/10, 2=2.20->9.90/14, 3=2.46->9.06/10, 4=0.40->2.38/7, 5=0.09->2.07/7, 6=0.00->1.98/7  (terketat t2_a1_joint_3 91 %)
[INFO] [1791284532.511014896] [reach_dwell_probe]: jarak antar-lengan minimum sepanjang rencana: 435.7 mm di titik 0 (t1_a1_shoulder_link_0 <-> t2_a1_arm_link_0) -> CLEAR
    [7] task t4 arm_3 -> [1.0714, -0.3176, 1.32] @(0.600, +5): PLANNED (21.3 s)
    [8] retract g2 @rot +5: se-gantry 500.1 / antar 435.7 mm -> CLEAR
    [9] traverse g2 (0.600, +5) -> (1.000, -25): CLEAR min 326.3 mm (lengan 347.9, SS 326.3, n 1271) ('t1_platform_link_0', 't2_mount_plate_left_0')
[INFO] [1791284548.147172734] [reach_dwell_probe]: torsi RNEA+offset(per-aktuator) vs rating: 1=0.07->6.67/10, 2=3.93->11.63/14, 3=0.48->7.08/10, 4=0.12->2.10/7, 5=0.05->2.03/7, 6=0.00->1.98/7  (terketat t2_a1_joint_2 83 %)
[INFO] [1791284561.441298786] [reach_dwell_probe]: jarak antar-lengan minimum sepanjang rencana: 589.3 mm di titik 39 (t2_a1_forearm_link_0 <-> t2_a2_arm_link_0) -> CLEAR
    [10] task t1 arm_3 -> [1.4286, -0.3176, 1.0] @(1.000, -25): PLANNED (13.3 s)
    [11] retract g2 @rot -25: se-gantry 589.3 / antar 347.9 mm -> CLEAR
    [12] traverse g2 (1.000, -25) -> (1.500, +5): CLEAR min 304.1 mm (lengan 319.7, SS 304.1, n 1581) ('t1_mount_plate_right_0', 't2_mount_plate_left_0')
[INFO] [1791284579.878477828] [reach_dwell_probe]: torsi RNEA+offset(per-aktuator) vs rating: 1=0.05->6.65/10, 2=5.21->12.91/14, 3=0.86->7.46/10, 4=0.18->2.16/7, 5=0.06->2.04/7, 6=0.00->1.98/7  (terketat t2_a1_joint_2 92 %)
[INFO] [1791284592.823321631] [reach_dwell_probe]: jarak antar-lengan minimum sepanjang rencana: 622.7 mm di titik 0 (t2_a1_arm_link_0 <-> t2_a2_arm_link_0) -> CLEAR
    [13] task t5 arm_3 -> [2.0, -0.2471, 1.08] @(1.500, +5): PLANNED (13.0 s)
  seed 42 R35 sampel 3/3
    [0] retract g1: sudah REST -> dilewati
    [1] traverse g1 (0.000, +0) -> (0.600, -20): CLEAR min 380.0 mm (lengan 425.2, SS 380.0, n 1281) ('t1_platform_link_0', 't2_platform_link_0')
[INFO] [1791284598.333682011] [reach_dwell_probe]: torsi RNEA+offset(per-aktuator) vs rating: 1=0.02->6.62/10, 2=3.46->11.16/14, 3=0.52->7.12/10, 4=0.06->2.04/7, 5=0.05->2.03/7, 6=0.00->1.98/7  (terketat t1_a1_joint_2 80 %)
[INFO] [1791284603.785038062] [reach_dwell_probe]: jarak antar-lengan minimum sepanjang rencana: 510.4 mm di titik 28 (t1_a1_forearm_link_0 <-> t1_a2_arm_link_0) -> CLEAR
    [2] task t0 arm_1 -> [0.8571, 0.3176, 1.0] @(0.600, -20): PLANNED (5.5 s)
[INFO] [1791284603.832684927] [reach_dwell_probe]: torsi RNEA+offset(per-aktuator) vs rating: 1=0.00->6.60/10, 2=0.77->8.47/14, 3=1.91->8.51/10, 4=0.35->2.33/7, 5=0.06->2.04/7, 6=0.00->1.98/7  (terketat t1_a2_joint_3 85 %)
[INFO] [1791284617.656093950] [reach_dwell_probe]: jarak antar-lengan minimum sepanjang rencana: 450.8 mm di titik 66 (t1_a1_upper_wrist_link_0 <-> t1_a2_upper_wrist_link_0) -> CLEAR
    [3] task t2 arm_2 -> [0.3571, 0.4588, 1.08] @(0.600, -20): PLANNED (13.9 s)
[INFO] [1791284617.700665064] [reach_dwell_probe]: torsi RNEA+offset(per-aktuator) vs rating: 1=0.05->6.65/10, 2=2.05->9.75/14, 3=1.94->8.54/10, 4=0.35->2.33/7, 5=0.06->2.04/7, 6=0.00->1.98/7  (terketat t1_a2_joint_3 85 %)
[INFO] [1791284634.482420514] [reach_dwell_probe]: jarak antar-lengan minimum sepanjang rencana: 447.1 mm di titik 11 (t1_a1_forearm_link_0 <-> t1_a2_upper_wrist_link_0) -> CLEAR
    [4] task t3 arm_2 -> [0.1429, 0.3176, 1.0] @(0.600, -20): PLANNED (16.8 s)
    [5] retract g2: sudah REST -> dilewati
    [6] traverse g2 (0.000, +0) -> (0.600, +5): CLEAR min 380.0 mm (lengan 425.2, SS 380.0, n 366) ('t1_platform_link_0', 't2_platform_link_0')
[INFO] [1791284636.153366122] [reach_dwell_probe]: torsi RNEA+offset(per-aktuator) vs rating: 1=0.11->6.71/10, 2=3.64->11.34/14, 3=2.44->9.04/10, 4=0.41->2.39/7, 5=0.06->2.04/7, 6=0.00->1.98/7  (terketat t2_a1_joint_3 90 %)
[INFO] [1791284658.409693865] [reach_dwell_probe]: jarak antar-lengan minimum sepanjang rencana: 433.8 mm di titik 26 (t1_a1_shoulder_link_0 <-> t2_a1_arm_link_0) -> CLEAR
    [7] task t4 arm_3 -> [1.0714, -0.3176, 1.32] @(0.600, +5): PLANNED (22.3 s)
    [8] retract g2 @rot +5: se-gantry 622.7 / antar 433.8 mm -> CLEAR
    [9] traverse g2 (0.600, +5) -> (1.000, -25): CLEAR min 326.3 mm (lengan 347.9, SS 326.3, n 1271) ('t1_platform_link_0', 't2_mount_plate_left_0')
[INFO] [1791284675.680207859] [reach_dwell_probe]: torsi RNEA+offset(per-aktuator) vs rating: 1=0.03->6.63/10, 2=3.91->11.61/14, 3=1.61->8.21/10, 4=0.23->2.21/7, 5=0.06->2.04/7, 6=0.00->1.98/7  (terketat t2_a1_joint_2 83 %)
[INFO] [1791284686.268428027] [reach_dwell_probe]: jarak antar-lengan minimum sepanjang rencana: 622.7 mm di titik 0 (t2_a1_arm_link_0 <-> t2_a2_arm_link_0) -> CLEAR
    [10] task t1 arm_3 -> [1.4286, -0.3176, 1.0] @(1.000, -25): PLANNED (10.6 s)
    [11] retract g2 @rot -25: se-gantry 622.7 / antar 347.9 mm -> CLEAR
    [12] traverse g2 (1.000, -25) -> (1.500, +5): CLEAR min 304.1 mm (lengan 319.7, SS 304.1, n 1581) ('t1_mount_plate_right_0', 't2_mount_plate_left_0')
[INFO] [1791284706.121999985] [reach_dwell_probe]: torsi RNEA+offset(per-aktuator) vs rating: 1=0.01->6.61/10, 2=0.28->7.98/14, 3=2.10->8.70/10, 4=0.35->2.33/7, 5=0.06->2.04/7, 6=0.00->1.98/7  (terketat t2_a1_joint_3 87 %)
[INFO] [1791284730.679295291] [reach_dwell_probe]: jarak antar-lengan minimum sepanjang rencana: 581.6 mm di titik 112 (t2_a1_arm_link_0 <-> t2_a2_arm_link_0) -> CLEAR
    [13] task t5 arm_3 -> [2.0, -0.2471, 1.08] @(1.500, +5): PLANNED (24.6 s)
seed 42 R35: PLANNED/PLANNED/PLANNED -> LOLOS
== driver selesai 20:05:30
