  seed 16 sampel 1/3
    [0] retract g1: sudah REST -> dilewati
    [1] traverse g1 0.000->0.600: CLEAR min 526.7 mm (t1_a2_right_finger_prox_link_0 <-> t2_a1_right_finger_prox_link_0)
[INFO] [1790572620.767398428] [reach_dwell_probe]: torsi RNEA+offset(per-aktuator) vs rating: 1=0.02->6.62/10, 2=2.51->10.21/14, 3=1.35->7.95/10, 4=0.24->2.22/7, 5=0.08->2.06/7, 6=0.00->1.98/7  (terketat t1_a1_joint_3 80 %)
/home/user1/Documents/ceiling_arm/scripts/interarm_collision.py:66: UserWarning: You passed package dir(s) via argument geometry_model and provided package_dirs.
  self.geom = pin.buildGeomFromUrdf(
/home/user1/Documents/ceiling_arm/scripts/interarm_collision.py:168: UserWarning: You passed package dir(s) via argument geometry_model and provided package_dirs.
  self.geom = pin.buildGeomFromUrdf(
[INFO] [1790572658.598746875] [reach_dwell_probe]: jarak antar-lengan minimum sepanjang rencana: 608.4 mm di titik 49 (t1_a1_arm_link_0 <-> t1_a2_arm_link_0) -> CLEAR
    [2] task t0 arm_1 -> [1.0714, 0.1765, 1.0] @rail 0.600: PLANNED (37.9 s)
[INFO] [1790572658.643445431] [reach_dwell_probe]: torsi RNEA+offset(per-aktuator) vs rating: 1=0.01->6.61/10, 2=0.68->8.38/14, 3=1.50->8.10/10, 4=0.21->2.19/7, 5=0.06->2.04/7, 6=0.00->1.98/7  (terketat t1_a2_joint_3 81 %)
[INFO] [1790572671.969776172] [reach_dwell_probe]: jarak antar-lengan minimum sepanjang rencana: 529.6 mm di titik 12 (t1_a2_right_finger_prox_link_0 <-> t2_a1_right_finger_prox_link_0) -> CLEAR
    [3] task t3 arm_2 -> [0.1429, 0.3176, 1.0] @rail 0.600: PLANNED (13.4 s)
    [4] retract g1: se-gantry 596.8 / antar 529.6 mm -> CLEAR
    [5] traverse g1 0.600->1.250: CLEAR min 498.9 mm (t1_a2_right_finger_prox_link_0 <-> t2_a1_right_finger_prox_link_0)
[INFO] [1790572688.793463293] [reach_dwell_probe]: torsi RNEA+offset(per-aktuator) vs rating: 1=0.05->6.65/10, 2=1.34->9.04/14, 3=1.45->8.05/10, 4=0.25->2.23/7, 5=0.08->2.06/7, 6=0.00->1.98/7  (terketat t1_a1_joint_3 81 %)
[INFO] [1790572716.945933847] [reach_dwell_probe]: jarak antar-lengan minimum sepanjang rencana: 622.7 mm di titik 0 (t1_a1_arm_link_0 <-> t1_a2_arm_link_0) -> CLEAR
    [6] task t1 arm_1 -> [1.6429, 0.5294, 1.0] @rail 1.250: PLANNED (28.2 s)
[INFO] [1790572716.991370035] [reach_dwell_probe]: torsi RNEA+offset(per-aktuator) vs rating: 1=0.16->6.76/10, 2=5.55->13.25/14, 3=2.11->8.71/10, 4=0.36->2.34/7, 5=0.06->2.04/7, 6=0.00->1.98/7  (terketat t1_a1_joint_2 95 %)
[INFO] [1790572734.821090966] [reach_dwell_probe]: jarak antar-lengan minimum sepanjang rencana: 629.8 mm di titik 31 (t1_a1_left_finger_prox_link_0 <-> t1_a2_upper_wrist_link_0) -> CLEAR
    [7] task t5 arm_1 -> [1.7143, 0.3176, 1.32] @rail 1.250: PLANNED (17.9 s)
    [8] retract g2: sudah REST -> dilewati
    [9] traverse g2 0.000->0.550: CLEAR min 498.9 mm (t1_a2_right_finger_prox_link_0 <-> t2_a1_right_finger_prox_link_0)
[INFO] [1790572734.971553607] [reach_dwell_probe]: torsi RNEA+offset(per-aktuator) vs rating: 1=0.01->6.61/10, 2=3.51->11.21/14, 3=1.64->8.24/10, 4=0.23->2.21/7, 5=0.05->2.03/7, 6=0.00->1.98/7  (terketat t2_a1_joint_3 82 %)
[INFO] [1790572749.005018284] [reach_dwell_probe]: jarak antar-lengan minimum sepanjang rencana: 447.2 mm di titik 51 (t1_a2_right_finger_prox_link_0 <-> t2_a1_left_finger_prox_link_0) -> CLEAR
    [10] task t4 arm_3 -> [1.0714, -0.1765, 1.0] @rail 0.550: PLANNED (14.1 s)
    [11] retract g2: se-gantry 622.7 / antar 447.3 mm -> CLEAR
    [12] traverse g2 0.550->1.050: CLEAR min 507.6 mm (t1_a2_right_finger_prox_link_0 <-> t2_a1_right_finger_prox_link_0)
[INFO] [1790572761.835023029] [reach_dwell_probe]: torsi RNEA+offset(per-aktuator) vs rating: 1=0.04->6.64/10, 2=5.36->13.06/14, 3=0.79->7.39/10, 4=0.17->2.15/7, 5=0.06->2.04/7, 6=0.00->1.98/7  (terketat t2_a1_joint_2 93 %)
[INFO] [1790572776.024782080] [reach_dwell_probe]: jarak antar-lengan minimum sepanjang rencana: 546.6 mm di titik 22 (t1_platform_link_0 <-> t2_a1_shoulder_link_0) -> CLEAR
    [13] task t2 arm_3 -> [1.5714, -0.3176, 1.08] @rail 1.050: PLANNED (14.2 s)
  seed 16 sampel 2/3
    [0] retract g1: sudah REST -> dilewati
    [1] traverse g1 0.000->0.600: CLEAR min 534.7 mm (t1_a2_right_finger_prox_link_0 <-> t2_a1_right_finger_prox_link_0)
[INFO] [1790572776.194224288] [reach_dwell_probe]: torsi RNEA+offset(per-aktuator) vs rating: 1=0.07->6.67/10, 2=3.04->10.74/14, 3=1.70->8.30/10, 4=0.24->2.22/7, 5=0.06->2.04/7, 6=0.00->1.98/7  (terketat t1_a1_joint_3 83 %)
[INFO] [1790572794.354386185] [reach_dwell_probe]: jarak antar-lengan minimum sepanjang rencana: 622.7 mm di titik 0 (t1_a1_arm_link_0 <-> t1_a2_arm_link_0) -> CLEAR
    [2] task t0 arm_1 -> [1.0714, 0.1765, 1.0] @rail 0.600: PLANNED (18.2 s)
[INFO] [1790572794.405266998] [reach_dwell_probe]: torsi RNEA+offset(per-aktuator) vs rating: 1=0.02->6.62/10, 2=3.25->10.95/14, 3=0.76->7.36/10, 4=0.13->2.11/7, 5=0.06->2.04/7, 6=0.00->1.98/7  (terketat t1_a2_joint_2 78 %)
[INFO] [1790572834.400919348] [reach_dwell_probe]: jarak antar-lengan minimum sepanjang rencana: 482.7 mm di titik 130 (t1_a2_arm_link_0 <-> t2_a1_arm_link_0) -> CLEAR
    [3] task t3 arm_2 -> [0.1429, 0.3176, 1.0] @rail 0.600: PLANNED (40.0 s)
    [4] retract g1: se-gantry 622.7 / antar 482.7 mm -> CLEAR
    [5] traverse g1 0.600->1.250: CLEAR min 500.8 mm (t1_a2_right_finger_prox_link_0 <-> t2_a1_right_finger_prox_link_0)
[INFO] [1790572849.742253816] [reach_dwell_probe]: torsi RNEA+offset(per-aktuator) vs rating: 1=0.02->6.62/10, 2=2.08->9.78/14, 3=1.57->8.17/10, 4=0.26->2.24/7, 5=0.06->2.04/7, 6=0.00->1.98/7  (terketat t1_a1_joint_3 82 %)
[INFO] [1790572873.849932553] [reach_dwell_probe]: jarak antar-lengan minimum sepanjang rencana: 621.0 mm di titik 25 (t1_a1_arm_link_0 <-> t1_a2_arm_link_0) -> CLEAR
    [6] task t1 arm_1 -> [1.6429, 0.5294, 1.0] @rail 1.250: PLANNED (24.2 s)
[INFO] [1790572873.915435488] [reach_dwell_probe]: torsi RNEA+offset(per-aktuator) vs rating: 1=0.16->6.76/10, 2=5.28->12.98/14, 3=2.19->8.79/10, 4=0.38->2.36/7, 5=0.09->2.07/7, 6=0.00->1.98/7  (terketat t1_a1_joint_2 93 %)
[INFO] [1790572905.696705298] [reach_dwell_probe]: jarak antar-lengan minimum sepanjang rencana: 624.2 mm di titik 7 (t1_a1_arm_link_0 <-> t1_a2_arm_link_0) -> CLEAR
    [7] task t5 arm_1 -> [1.7143, 0.3176, 1.32] @rail 1.250: PLANNED (31.8 s)
    [8] retract g2: sudah REST -> dilewati
    [9] traverse g2 0.000->0.550: CLEAR min 500.8 mm (t1_a2_right_finger_prox_link_0 <-> t2_a1_right_finger_prox_link_0)
[INFO] [1790572905.857946443] [reach_dwell_probe]: torsi RNEA+offset(per-aktuator) vs rating: 1=0.01->6.61/10, 2=4.33->12.03/14, 3=1.51->8.11/10, 4=0.21->2.19/7, 5=0.06->2.04/7, 6=0.00->1.98/7  (terketat t2_a1_joint_2 86 %)
[INFO] [1790572919.258919899] [reach_dwell_probe]: jarak antar-lengan minimum sepanjang rencana: 431.6 mm di titik 61 (t1_a2_right_finger_prox_link_0 <-> t2_a1_left_finger_prox_link_0) -> CLEAR
    [10] task t4 arm_3 -> [1.0714, -0.1765, 1.0] @rail 0.550: PLANNED (13.5 s)
    [11] retract g2: se-gantry 622.7 / antar 425.5 mm -> CLEAR
    [12] traverse g2 0.550->1.050: CLEAR min 386.0 mm (t1_a1_arm_link_0 <-> t2_a1_arm_link_0)
[INFO] [1790572932.135648944] [reach_dwell_probe]: torsi RNEA+offset(per-aktuator) vs rating: 1=0.09->6.69/10, 2=4.46->12.16/14, 3=1.33->7.93/10, 4=0.18->2.16/7, 5=0.06->2.04/7, 6=0.00->1.98/7  (terketat t2_a1_joint_2 87 %)
[INFO] [1790572957.548193801] [reach_dwell_probe]: jarak antar-lengan minimum sepanjang rencana: 284.1 mm di titik 94 (t1_a1_arm_link_0 <-> t2_a1_arm_link_0) -> CLEAR
    [13] task t2 arm_3 -> [1.5714, -0.3176, 1.08] @rail 1.050: PLANNED (25.5 s)
  seed 16 sampel 3/3
    [0] retract g1: sudah REST -> dilewati
    [1] traverse g1 0.000->0.600: CLEAR min 530.4 mm (t1_a2_right_finger_prox_link_0 <-> t2_a1_right_finger_prox_link_0)
[INFO] [1790572957.720630691] [reach_dwell_probe]: torsi RNEA+offset(per-aktuator) vs rating: 1=0.06->6.66/10, 2=4.92->12.62/14, 3=0.62->7.22/10, 4=0.02->2.00/7, 5=0.06->2.04/7, 6=0.00->1.98/7  (terketat t1_a1_joint_2 90 %)
[INFO] [1790572982.039131755] [reach_dwell_probe]: jarak antar-lengan minimum sepanjang rencana: 622.7 mm di titik 0 (t1_a1_arm_link_0 <-> t1_a2_arm_link_0) -> CLEAR
    [2] task t0 arm_1 -> [1.0714, 0.1765, 1.0] @rail 0.600: PLANNED (24.4 s)
[INFO] [1790572982.076908865] [reach_dwell_probe]: torsi RNEA+offset(per-aktuator) vs rating: 1=0.04->6.64/10, 2=1.73->9.43/14, 3=1.04->7.64/10, 4=0.22->2.20/7, 5=0.06->2.04/7, 6=0.00->1.98/7  (terketat t1_a2_joint_3 76 %)
[INFO] [1790573002.606166757] [reach_dwell_probe]: jarak antar-lengan minimum sepanjang rencana: 534.7 mm di titik 0 (t1_a2_right_finger_prox_link_0 <-> t2_a1_right_finger_prox_link_0) -> CLEAR
    [3] task t3 arm_2 -> [0.1429, 0.3176, 1.0] @rail 0.600: PLANNED (20.6 s)
    [4] retract g1: se-gantry 622.7 / antar 534.7 mm -> CLEAR
    [5] traverse g1 0.600->1.250: CLEAR min 498.9 mm (t1_a2_right_finger_prox_link_0 <-> t2_a1_right_finger_prox_link_0)
[INFO] [1790573016.804197554] [reach_dwell_probe]: torsi RNEA+offset(per-aktuator) vs rating: 1=0.04->6.64/10, 2=4.76->12.46/14, 3=0.59->7.19/10, 4=0.02->2.00/7, 5=0.06->2.04/7, 6=0.00->1.98/7  (terketat t1_a1_joint_2 89 %)
[INFO] [1790573042.382468730] [reach_dwell_probe]: jarak antar-lengan minimum sepanjang rencana: 607.0 mm di titik 115 (t1_a1_arm_link_0 <-> t1_a2_arm_link_0) -> CLEAR
    [6] task t1 arm_1 -> [1.6429, 0.5294, 1.0] @rail 1.250: PLANNED (25.6 s)
[INFO] [1790573042.437564051] [reach_dwell_probe]: torsi RNEA+offset(per-aktuator) vs rating: 1=0.04->6.64/10, 2=4.81->12.51/14, 3=2.44->9.04/10, 4=0.41->2.39/7, 5=0.06->2.04/7, 6=0.00->1.98/7  (terketat t1_a1_joint_3 90 %)
[INFO] [1790573070.427866110] [reach_dwell_probe]: jarak antar-lengan minimum sepanjang rencana: 493.6 mm di titik 135 (t1_a1_arm_link_0 <-> t1_a2_arm_link_0) -> CLEAR
    [7] task t5 arm_1 -> [1.7143, 0.3176, 1.32] @rail 1.250: PLANNED (28.0 s)
    [8] retract g2: sudah REST -> dilewati
    [9] traverse g2 0.000->0.550: CLEAR min 498.9 mm (t1_a2_right_finger_prox_link_0 <-> t2_a1_right_finger_prox_link_0)
[INFO] [1790573070.583527109] [reach_dwell_probe]: torsi RNEA+offset(per-aktuator) vs rating: 1=0.06->6.66/10, 2=2.74->10.44/14, 3=1.14->7.74/10, 4=0.23->2.21/7, 5=0.06->2.04/7, 6=0.00->1.98/7  (terketat t2_a1_joint_3 77 %)
[INFO] [1790573095.644520593] [reach_dwell_probe]: jarak antar-lengan minimum sepanjang rencana: 407.3 mm di titik 81 (t1_a2_right_finger_prox_link_0 <-> t2_a1_right_finger_prox_link_0) -> CLEAR
    [10] task t4 arm_3 -> [1.0714, -0.1765, 1.0] @rail 0.550: PLANNED (25.1 s)
    [11] retract g2: se-gantry 619.5 / antar 407.3 mm -> CLEAR
    [12] traverse g2 0.550->1.050: CLEAR min 507.6 mm (t1_a2_right_finger_prox_link_0 <-> t2_a1_right_finger_prox_link_0)
[INFO] [1790573110.353260826] [reach_dwell_probe]: torsi RNEA+offset(per-aktuator) vs rating: 1=0.01->6.61/10, 2=5.25->12.95/14, 3=0.96->7.56/10, 4=0.18->2.16/7, 5=0.08->2.06/7, 6=0.00->1.98/7  (terketat t2_a1_joint_2 92 %)
[INFO] [1790573138.542576939] [reach_dwell_probe]: jarak antar-lengan minimum sepanjang rencana: 450.3 mm di titik 123 (t1_a1_upper_wrist_link_0 <-> t2_a1_arm_link_0) -> CLEAR
    [13] task t2 arm_3 -> [1.5714, -0.3176, 1.08] @rail 1.050: PLANNED (28.2 s)
seed 16: PLANNED/PLANNED/PLANNED -> LOLOS
  seed 17 sampel 1/3
    [0] retract g1: sudah REST -> dilewati
    [1] traverse g1 0.000->0.500: CLEAR min 546.1 mm (t1_platform_link_0 <-> t2_a1_shoulder_link_0)
[INFO] [1790573138.708719405] [reach_dwell_probe]: torsi RNEA+offset(per-aktuator) vs rating: 1=0.08->6.68/10, 2=3.84->11.54/14, 3=1.42->8.02/10, 4=0.23->2.21/7, 5=0.05->2.03/7, 6=0.00->1.98/7  (terketat t1_a1_joint_2 82 %)
[INFO] [1790573166.587269676] [reach_dwell_probe]: jarak antar-lengan minimum sepanjang rencana: 513.6 mm di titik 125 (t1_a1_upper_wrist_link_0 <-> t1_a2_upper_wrist_link_0) -> CLEAR
    [2] task t4 arm_1 -> [0.7143, 0.2471, 1.0] @rail 0.500: PLANNED (27.9 s)
[INFO] [1790573166.634749063] [reach_dwell_probe]: torsi RNEA+offset(per-aktuator) vs rating: 1=0.01->6.61/10, 2=2.45->10.15/14, 3=1.15->7.75/10, 4=0.23->2.21/7, 5=0.06->2.04/7, 6=0.00->1.98/7  (terketat t1_a2_joint_3 78 %)
[INFO] [1790573179.802854834] [reach_dwell_probe]: jarak antar-lengan minimum sepanjang rencana: 355.0 mm di titik 58 (t1_a1_gripper_base_link_0 <-> t1_a2_right_finger_prox_link_0) -> CLEAR
    [3] task t1 arm_2 -> [0.2857, 0.2471, 1.0] @rail 0.500: PLANNED (13.2 s)
    [4] retract g2: sudah REST -> dilewati
    [5] traverse g2 0.000->0.700: CLEAR min 451.2 mm (t1_a1_left_finger_prox_link_0 <-> t2_a1_right_finger_prox_link_0)
[INFO] [1790573179.981950826] [reach_dwell_probe]: torsi RNEA+offset(per-aktuator) vs rating: 1=0.07->6.67/10, 2=3.51->11.21/14, 3=1.68->8.28/10, 4=0.25->2.23/7, 5=0.06->2.04/7, 6=0.00->1.98/7  (terketat t2_a1_joint_3 83 %)
[INFO] [1790573197.983210900] [reach_dwell_probe]: jarak antar-lengan minimum sepanjang rencana: 406.8 mm di titik 77 (t1_a1_lower_wrist_link_0 <-> t2_a1_lower_wrist_link_0) -> CLEAR
    [6] task t2 arm_3 -> [0.9286, -0.2471, 1.0] @rail 0.700: PLANNED (18.0 s)
[INFO] [1790573198.014391596] [reach_dwell_probe]: torsi RNEA+offset(per-aktuator) vs rating: 1=0.01->6.61/10, 2=4.68->12.38/14, 3=0.39->6.99/10, 4=0.01->1.99/7, 5=0.06->2.04/7, 6=0.00->1.98/7  (terketat t2_a2_joint_2 88 %)
[INFO] [1790573216.317536522] [reach_dwell_probe]: jarak antar-lengan minimum sepanjang rencana: 539.7 mm di titik 0 (t1_platform_link_0 <-> t2_a2_base_link_0) -> CLEAR
    [7] task t0 arm_4 -> [0.2143, -0.4588, 1.0] @rail 0.700: PLANNED (18.3 s)
[INFO] [1790573216.371527947] [reach_dwell_probe]: torsi RNEA+offset(per-aktuator) vs rating: 1=0.01->6.61/10, 2=3.56->11.26/14, 3=1.79->8.39/10, 4=0.25->2.23/7, 5=0.08->2.06/7, 6=0.00->1.98/7  (terketat t2_a1_joint_3 84 %)
[INFO] [1790573252.275127318] [reach_dwell_probe]: jarak antar-lengan minimum sepanjang rencana: 380.6 mm di titik 56 (t1_a1_left_finger_prox_link_0 <-> t2_a1_right_finger_dist_link_0) -> CLEAR
    [8] task t3 arm_3 -> [1.1429, -0.3882, 1.0] @rail 0.700: PLANNED (36.0 s)
[INFO] [1790573252.336117450] [reach_dwell_probe]: torsi RNEA+offset(per-aktuator) vs rating: 1=0.10->6.70/10, 2=5.79->13.49/14, 3=0.90->7.50/10, 4=0.16->2.14/7, 5=0.10->2.08/7, 6=0.00->1.98/7  (terketat t2_a2_joint_2 96 %)
[INFO] [1790573296.638486840] [reach_dwell_probe]: jarak antar-lengan minimum sepanjang rencana: 365.1 mm di titik 113 (t1_a2_upper_wrist_link_0 <-> t2_a2_upper_wrist_link_0) -> CLEAR
    [9] task t5 arm_4 -> [0.4286, -0.3176, 1.08] @rail 0.700: PLANNED (44.4 s)
  seed 17 sampel 2/3
    [0] retract g1: sudah REST -> dilewati
    [1] traverse g1 0.000->0.500: CLEAR min 546.1 mm (t1_platform_link_0 <-> t2_a1_shoulder_link_0)
[INFO] [1790573296.795541704] [reach_dwell_probe]: torsi RNEA+offset(per-aktuator) vs rating: 1=0.01->6.61/10, 2=3.04->10.74/14, 3=1.28->7.88/10, 4=0.22->2.20/7, 5=0.08->2.06/7, 6=0.00->1.98/7  (terketat t1_a1_joint_3 79 %)
[INFO] [1790573324.265446336] [reach_dwell_probe]: jarak antar-lengan minimum sepanjang rencana: 495.3 mm di titik 127 (t1_a1_lower_wrist_link_0 <-> t1_a2_upper_wrist_link_0) -> CLEAR
    [2] task t4 arm_1 -> [0.7143, 0.2471, 1.0] @rail 0.500: PLANNED (27.5 s)
[INFO] [1790573324.301418313] [reach_dwell_probe]: torsi RNEA+offset(per-aktuator) vs rating: 1=0.01->6.61/10, 2=3.98->11.68/14, 3=0.41->7.01/10, 4=0.11->2.09/7, 5=0.05->2.03/7, 6=0.00->1.98/7  (terketat t1_a2_joint_2 83 %)
[INFO] [1790573337.113659339] [reach_dwell_probe]: jarak antar-lengan minimum sepanjang rencana: 332.7 mm di titik 60 (t1_a1_lower_wrist_link_0 <-> t1_a2_lower_wrist_link_0) -> CLEAR
    [3] task t1 arm_2 -> [0.2857, 0.2471, 1.0] @rail 0.500: PLANNED (12.8 s)
    [4] retract g2: sudah REST -> dilewati
    [5] traverse g2 0.000->0.700: CLEAR min 463.7 mm (t1_a1_gripper_base_link_0 <-> t2_a1_right_finger_prox_link_0)
[INFO] [1790573337.297373404] [reach_dwell_probe]: torsi RNEA+offset(per-aktuator) vs rating: 1=0.02->6.62/10, 2=2.44->10.14/14, 3=1.16->7.76/10, 4=0.23->2.21/7, 5=0.05->2.03/7, 6=0.00->1.98/7  (terketat t2_a1_joint_3 78 %)
[INFO] [1790573346.681828715] [reach_dwell_probe]: jarak antar-lengan minimum sepanjang rencana: 470.8 mm di titik 46 (t1_a1_upper_wrist_link_0 <-> t2_a1_upper_wrist_link_0) -> CLEAR
    [6] task t2 arm_3 -> [0.9286, -0.2471, 1.0] @rail 0.700: PLANNED (9.4 s)
[INFO] [1790573346.740164514] [reach_dwell_probe]: torsi RNEA+offset(per-aktuator) vs rating: 1=0.06->6.66/10, 2=3.75->11.45/14, 3=0.57->7.17/10, 4=0.01->1.99/7, 5=0.06->2.04/7, 6=0.00->1.98/7  (terketat t2_a2_joint_2 82 %)
[INFO] [1790573376.912860426] [reach_dwell_probe]: jarak antar-lengan minimum sepanjang rencana: 493.8 mm di titik 35 (t2_a1_lower_wrist_link_0 <-> t2_a2_lower_wrist_link_0) -> CLEAR
    [7] task t0 arm_4 -> [0.2143, -0.4588, 1.0] @rail 0.700: PLANNED (30.2 s)
[INFO] [1790573376.971273292] [reach_dwell_probe]: torsi RNEA+offset(per-aktuator) vs rating: 1=0.03->6.63/10, 2=2.49->10.19/14, 3=1.18->7.78/10, 4=0.24->2.22/7, 5=0.06->2.04/7, 6=0.00->1.98/7  (terketat t2_a1_joint_3 78 %)
[INFO] [1790573408.638475349] [reach_dwell_probe]: jarak antar-lengan minimum sepanjang rencana: 470.8 mm di titik 0 (t1_a1_upper_wrist_link_0 <-> t2_a1_upper_wrist_link_0) -> CLEAR
    [8] task t3 arm_3 -> [1.1429, -0.3882, 1.0] @rail 0.700: PLANNED (31.7 s)
[INFO] [1790573408.694608882] [reach_dwell_probe]: torsi RNEA+offset(per-aktuator) vs rating: 1=0.10->6.70/10, 2=4.88->12.58/14, 3=1.01->7.61/10, 4=0.16->2.14/7, 5=0.06->2.04/7, 6=0.00->1.98/7  (terketat t2_a2_joint_2 90 %)
[INFO] [1790573434.654850729] [reach_dwell_probe]: jarak antar-lengan minimum sepanjang rencana: 430.3 mm di titik 104 (t2_a1_arm_link_0 <-> t2_a2_arm_link_0) -> CLEAR
    [9] task t5 arm_4 -> [0.4286, -0.3176, 1.08] @rail 0.700: PLANNED (26.0 s)
  seed 17 sampel 3/3
    [0] retract g1: sudah REST -> dilewati
    [1] traverse g1 0.000->0.500: CLEAR min 546.1 mm (t1_platform_link_0 <-> t2_a1_shoulder_link_0)
[INFO] [1790573434.811297301] [reach_dwell_probe]: torsi RNEA+offset(per-aktuator) vs rating: 1=0.07->6.67/10, 2=3.63->11.33/14, 3=1.45->8.05/10, 4=0.24->2.22/7, 5=0.06->2.04/7, 6=0.00->1.98/7  (terketat t1_a1_joint_2 81 %)
[INFO] [1790573462.716718167] [reach_dwell_probe]: jarak antar-lengan minimum sepanjang rencana: 510.2 mm di titik 127 (t1_a1_gripper_base_link_0 <-> t1_a2_upper_wrist_link_0) -> CLEAR
    [2] task t4 arm_1 -> [0.7143, 0.2471, 1.0] @rail 0.500: PLANNED (28.0 s)
[INFO] [1790573462.777143324] [reach_dwell_probe]: torsi RNEA+offset(per-aktuator) vs rating: 1=0.04->6.64/10, 2=4.29->11.99/14, 3=0.63->7.23/10, 4=0.12->2.10/7, 5=0.07->2.05/7, 6=0.00->1.98/7  (terketat t1_a2_joint_2 86 %)
[INFO] [1790573494.715869740] [reach_dwell_probe]: jarak antar-lengan minimum sepanjang rencana: 334.0 mm di titik 127 (t1_a1_right_finger_prox_link_0 <-> t1_a2_left_finger_prox_link_0) -> CLEAR
    [3] task t1 arm_2 -> [0.2857, 0.2471, 1.0] @rail 0.500: PLANNED (32.0 s)
    [4] retract g2: sudah REST -> dilewati
    [5] traverse g2 0.000->0.700: CLEAR min 467.0 mm (t1_a1_lower_wrist_link_0 <-> t2_a1_upper_wrist_link_0)
[INFO] [1790573494.897742691] [reach_dwell_probe]: torsi RNEA+offset(per-aktuator) vs rating: 1=0.05->6.65/10, 2=3.94->11.64/14, 3=0.38->6.98/10, 4=0.02->2.00/7, 5=0.05->2.03/7, 6=0.00->1.98/7  (terketat t2_a1_joint_2 83 %)
[INFO] [1790573501.681873058] [reach_dwell_probe]: jarak antar-lengan minimum sepanjang rencana: 439.8 mm di titik 33 (t1_a1_lower_wrist_link_0 <-> t2_a1_upper_wrist_link_0) -> CLEAR
    [6] task t2 arm_3 -> [0.9286, -0.2471, 1.0] @rail 0.700: PLANNED (6.8 s)
[INFO] [1790573501.717752153] [reach_dwell_probe]: torsi RNEA+offset(per-aktuator) vs rating: 1=0.01->6.61/10, 2=1.01->8.71/14, 3=1.69->8.29/10, 4=0.25->2.23/7, 5=0.06->2.04/7, 6=0.00->1.98/7  (terketat t2_a2_joint_3 83 %)
[INFO] [1790573509.254133079] [reach_dwell_probe]: jarak antar-lengan minimum sepanjang rencana: 503.5 mm di titik 0 (t1_a2_lower_wrist_link_0 <-> t2_a2_lower_wrist_link_0) -> CLEAR
    [7] task t0 arm_4 -> [0.2143, -0.4588, 1.0] @rail 0.700: PLANNED (7.6 s)
[INFO] [1790573509.329495682] [reach_dwell_probe]: torsi RNEA+offset(per-aktuator) vs rating: 1=0.02->6.62/10, 2=4.11->11.81/14, 3=1.17->7.77/10, 4=0.21->2.19/7, 5=0.10->2.08/7, 6=0.00->1.98/7  (terketat t2_a1_joint_2 84 %)
[INFO] [1790573545.742681478] [reach_dwell_probe]: jarak antar-lengan minimum sepanjang rencana: 439.8 mm di titik 0 (t1_a1_lower_wrist_link_0 <-> t2_a1_upper_wrist_link_0) -> CLEAR
    [8] task t3 arm_3 -> [1.1429, -0.3882, 1.0] @rail 0.700: PLANNED (36.5 s)
[INFO] [1790573545.803371731] [reach_dwell_probe]: torsi RNEA+offset(per-aktuator) vs rating: 1=0.02->6.62/10, 2=1.34->9.04/14, 3=2.08->8.68/10, 4=0.35->2.33/7, 5=0.15->2.13/7, 6=0.00->1.98/7  (terketat t2_a2_joint_3 87 %)
[INFO] [1790573580.344722683] [reach_dwell_probe]: jarak antar-lengan minimum sepanjang rencana: 476.7 mm di titik 107 (t1_a2_lower_wrist_link_0 <-> t2_a2_upper_wrist_link_0) -> CLEAR
    [9] task t5 arm_4 -> [0.4286, -0.3176, 1.08] @rail 0.700: PLANNED (34.6 s)
seed 17: PLANNED/PLANNED/PLANNED -> LOLOS
  seed 18 sampel 1/3
    [0] retract g1: sudah REST -> dilewati
    [1] traverse g1 0.000->0.450: CLEAR min 546.1 mm (t1_platform_link_0 <-> t2_a1_shoulder_link_0)
[INFO] [1790573580.529399758] [reach_dwell_probe]: torsi RNEA+offset(per-aktuator) vs rating: 1=0.12->6.72/10, 2=5.02->12.72/14, 3=1.20->7.80/10, 4=0.15->2.13/7, 5=0.06->2.04/7, 6=0.00->1.98/7  (terketat t1_a1_joint_2 91 %)
[INFO] [1790573609.427962444] [reach_dwell_probe]: jarak antar-lengan minimum sepanjang rencana: 483.6 mm di titik 128 (t1_a1_left_finger_prox_link_0 <-> t2_a1_right_finger_prox_link_0) -> CLEAR
    [2] task t3 arm_1 -> [0.7143, 0.1765, 1.0] @rail 0.450: PLANNED (29.0 s)
    [3] retract g1: se-gantry 530.1 / antar 483.7 mm -> CLEAR
    [4] traverse g1 0.450->0.950: CLEAR min 502.7 mm (t1_a2_right_finger_prox_link_0 <-> t2_a1_right_finger_prox_link_0)
[INFO] [1790573622.723337058] [reach_dwell_probe]: torsi RNEA+offset(per-aktuator) vs rating: 1=0.05->6.65/10, 2=2.43->10.13/14, 3=2.38->8.98/10, 4=0.36->2.34/7, 5=0.06->2.04/7, 6=0.00->1.98/7  (terketat t1_a1_joint_3 90 %)
[INFO] [1790573638.012852643] [reach_dwell_probe]: jarak antar-lengan minimum sepanjang rencana: 549.5 mm di titik 54 (t1_a1_forearm_link_0 <-> t1_a2_arm_link_0) -> CLEAR
    [5] task t1 arm_1 -> [1.4286, 0.3882, 1.16] @rail 0.950: PLANNED (15.3 s)
[INFO] [1790573638.068611313] [reach_dwell_probe]: torsi RNEA+offset(per-aktuator) vs rating: 1=0.08->6.68/10, 2=4.08->11.78/14, 3=2.40->9.00/10, 4=0.36->2.34/7, 5=0.06->2.04/7, 6=0.00->1.98/7  (terketat t1_a1_joint_3 90 %)
[INFO] [1790573652.153637890] [reach_dwell_probe]: jarak antar-lengan minimum sepanjang rencana: 484.4 mm di titik 65 (t1_a1_upper_wrist_link_0 <-> t1_a2_upper_wrist_link_0) -> CLEAR
    [6] task t5 arm_1 -> [1.1429, 0.3176, 1.0] @rail 0.950: PLANNED (14.1 s)
    [7] retract g2: sudah REST -> dilewati
    [8] traverse g2 0.000->0.100: CLEAR min 510.7 mm (t1_a2_right_finger_prox_link_0 <-> t2_a1_right_finger_prox_link_0)
[INFO] [1790573652.213912109] [reach_dwell_probe]: torsi RNEA+offset(per-aktuator) vs rating: 1=0.05->6.65/10, 2=3.14->10.84/14, 3=1.77->8.37/10, 4=0.25->2.23/7, 5=0.06->2.04/7, 6=0.00->1.98/7  (terketat t2_a1_joint_3 84 %)
[INFO] [1790573664.768206885] [reach_dwell_probe]: jarak antar-lengan minimum sepanjang rencana: 501.9 mm di titik 0 (t1_a2_right_finger_prox_link_0 <-> t2_a1_right_finger_prox_link_0) -> CLEAR
    [9] task t0 arm_3 -> [0.4286, -0.3882, 1.08] @rail 0.100: PLANNED (12.6 s)
    [10] retract g2: se-gantry 564.5 / antar 506.0 mm -> CLEAR
    [11] traverse g2 0.100->1.300: CLEAR min 500.8 mm (t1_a2_right_finger_prox_link_0 <-> t2_a1_right_finger_prox_link_0)
[INFO] [1790573677.707975669] [reach_dwell_probe]: torsi RNEA+offset(per-aktuator) vs rating: 1=0.02->6.62/10, 2=5.18->12.88/14, 3=1.63->8.23/10, 4=0.29->2.27/7, 5=0.09->2.07/7, 6=0.00->1.98/7  (terketat t2_a1_joint_2 92 %)
[INFO] [1790573703.640105241] [reach_dwell_probe]: jarak antar-lengan minimum sepanjang rencana: 622.7 mm di titik 0 (t2_a1_arm_link_0 <-> t2_a2_arm_link_0) -> CLEAR
    [12] task t2 arm_3 -> [1.7857, -0.3882, 1.16] @rail 1.300: PLANNED (26.0 s)
    [13] retract g2: se-gantry 622.7 / antar 539.7 mm -> CLEAR
    [14] traverse g2 1.300->1.550: CLEAR min 539.7 mm (t1_platform_link_0 <-> t2_a2_base_link_0)
[INFO] [1790573716.122122563] [reach_dwell_probe]: torsi RNEA+offset(per-aktuator) vs rating: 1=0.05->6.65/10, 2=0.70->8.40/14, 3=2.21->8.81/10, 4=0.33->2.31/7, 5=0.06->2.04/7, 6=0.00->1.98/7  (terketat t2_a1_joint_3 88 %)
[INFO] [1790573735.198140979] [reach_dwell_probe]: jarak antar-lengan minimum sepanjang rencana: 617.1 mm di titik 34 (t2_a1_forearm_link_0 <-> t2_a2_arm_link_0) -> CLEAR
    [15] task t4 arm_3 -> [2.0, -0.4588, 1.08] @rail 1.550: PLANNED (19.1 s)
  seed 18 sampel 2/3
    [0] retract g1: sudah REST -> dilewati
    [1] traverse g1 0.000->0.450: CLEAR min 546.1 mm (t1_platform_link_0 <-> t2_a1_shoulder_link_0)
[INFO] [1790573735.328835862] [reach_dwell_probe]: torsi RNEA+offset(per-aktuator) vs rating: 1=0.05->6.65/10, 2=2.98->10.68/14, 3=1.04->7.64/10, 4=0.21->2.19/7, 5=0.06->2.04/7, 6=0.00->1.98/7  (terketat t1_a1_joint_3 76 %)
[INFO] [1790573743.309376688] [reach_dwell_probe]: jarak antar-lengan minimum sepanjang rencana: 497.6 mm di titik 36 (t1_a1_right_finger_prox_link_0 <-> t2_a1_right_finger_prox_link_0) -> CLEAR
    [2] task t3 arm_1 -> [0.7143, 0.1765, 1.0] @rail 0.450: PLANNED (8.0 s)
    [3] retract g1: se-gantry 556.7 / antar 489.7 mm -> CLEAR
    [4] traverse g1 0.450->0.950: CLEAR min 502.7 mm (t1_a2_right_finger_prox_link_0 <-> t2_a1_right_finger_prox_link_0)
[INFO] [1790573756.255892412] [reach_dwell_probe]: torsi RNEA+offset(per-aktuator) vs rating: 1=0.01->6.61/10, 2=1.83->9.53/14, 3=2.31->8.91/10, 4=0.39->2.37/7, 5=0.06->2.04/7, 6=0.00->1.98/7  (terketat t1_a1_joint_3 89 %)
[INFO] [1790573778.809822275] [reach_dwell_probe]: jarak antar-lengan minimum sepanjang rencana: 536.5 mm di titik 127 (t1_a1_arm_link_0 <-> t1_a2_arm_link_0) -> CLEAR
    [5] task t1 arm_1 -> [1.4286, 0.3882, 1.16] @rail 0.950: PLANNED (22.6 s)
[INFO] [1790573778.863892650] [reach_dwell_probe]: torsi RNEA+offset(per-aktuator) vs rating: 1=0.06->6.66/10, 2=4.25->11.95/14, 3=2.31->8.91/10, 4=0.38->2.36/7, 5=0.06->2.04/7, 6=0.00->1.98/7  (terketat t1_a1_joint_3 89 %)
[INFO] [1790573792.959052960] [reach_dwell_probe]: jarak antar-lengan minimum sepanjang rencana: 483.6 mm di titik 68 (t1_a1_lower_wrist_link_0 <-> t1_a2_upper_wrist_link_0) -> CLEAR
    [6] task t5 arm_1 -> [1.1429, 0.3176, 1.0] @rail 0.950: PLANNED (14.1 s)
    [7] retract g2: sudah REST -> dilewati
    [8] traverse g2 0.000->0.100: CLEAR min 510.7 mm (t1_a2_right_finger_prox_link_0 <-> t2_a1_right_finger_prox_link_0)
[INFO] [1790573793.028326312] [reach_dwell_probe]: torsi RNEA+offset(per-aktuator) vs rating: 1=0.04->6.64/10, 2=3.21->10.91/14, 3=1.76->8.36/10, 4=0.25->2.23/7, 5=0.06->2.04/7, 6=0.00->1.98/7  (terketat t2_a1_joint_3 84 %)
[INFO] [1790573805.779836470] [reach_dwell_probe]: jarak antar-lengan minimum sepanjang rencana: 501.9 mm di titik 0 (t1_a2_right_finger_prox_link_0 <-> t2_a1_right_finger_prox_link_0) -> CLEAR
    [9] task t0 arm_3 -> [0.4286, -0.3882, 1.08] @rail 0.100: PLANNED (12.8 s)
    [10] retract g2: se-gantry 563.9 / antar 506.0 mm -> CLEAR
    [11] traverse g2 0.100->1.300: CLEAR min 500.8 mm (t1_a2_right_finger_prox_link_0 <-> t2_a1_right_finger_prox_link_0)
[INFO] [1790573819.034535478] [reach_dwell_probe]: torsi RNEA+offset(per-aktuator) vs rating: 1=0.00->6.60/10, 2=1.40->9.10/14, 3=2.35->8.95/10, 4=0.40->2.38/7, 5=0.06->2.04/7, 6=0.00->1.98/7  (terketat t2_a1_joint_3 89 %)
[INFO] [1790573841.500541790] [reach_dwell_probe]: jarak antar-lengan minimum sepanjang rencana: 518.8 mm di titik 126 (t2_a1_arm_link_0 <-> t2_a2_arm_link_0) -> CLEAR
    [12] task t2 arm_3 -> [1.7857, -0.3882, 1.16] @rail 1.300: PLANNED (22.5 s)
    [13] retract g2: se-gantry 518.9 / antar 539.7 mm -> CLEAR
    [14] traverse g2 1.300->1.550: CLEAR min 539.7 mm (t1_platform_link_0 <-> t2_a2_base_link_0)
[INFO] [1790573852.428318320] [reach_dwell_probe]: torsi RNEA+offset(per-aktuator) vs rating: 1=0.04->6.64/10, 2=5.09->12.79/14, 3=1.04->7.64/10, 4=0.18->2.16/7, 5=0.07->2.05/7, 6=0.00->1.98/7  (terketat t2_a1_joint_2 91 %)
[INFO] [1790573879.929424341] [reach_dwell_probe]: jarak antar-lengan minimum sepanjang rencana: 622.7 mm di titik 0 (t2_a1_arm_link_0 <-> t2_a2_arm_link_0) -> CLEAR
    [15] task t4 arm_3 -> [2.0, -0.4588, 1.08] @rail 1.550: PLANNED (27.6 s)
  seed 18 sampel 3/3
    [0] retract g1: sudah REST -> dilewati
    [1] traverse g1 0.000->0.450: CLEAR min 546.1 mm (t1_platform_link_0 <-> t2_a1_shoulder_link_0)
[INFO] [1790573880.091112581] [reach_dwell_probe]: torsi RNEA+offset(per-aktuator) vs rating: 1=0.07->6.67/10, 2=3.19->10.89/14, 3=0.92->7.52/10, 4=0.20->2.18/7, 5=0.06->2.04/7, 6=0.00->1.98/7  (terketat t1_a1_joint_2 78 %)
[INFO] [1790573887.891105562] [reach_dwell_probe]: jarak antar-lengan minimum sepanjang rencana: 495.1 mm di titik 35 (t1_a1_right_finger_prox_link_0 <-> t2_a1_right_finger_prox_link_0) -> CLEAR
    [2] task t3 arm_1 -> [0.7143, 0.1765, 1.0] @rail 0.450: PLANNED (7.9 s)
    [3] retract g1: se-gantry 555.2 / antar 493.9 mm -> CLEAR
    [4] traverse g1 0.450->0.950: CLEAR min 500.8 mm (t1_a2_right_finger_prox_link_0 <-> t2_a1_right_finger_prox_link_0)
[INFO] [1790573900.951976250] [reach_dwell_probe]: torsi RNEA+offset(per-aktuator) vs rating: 1=0.02->6.62/10, 2=4.89->12.59/14, 3=1.75->8.35/10, 4=0.30->2.28/7, 5=0.10->2.08/7, 6=0.00->1.98/7  (terketat t1_a1_joint_2 90 %)
[INFO] [1790573927.124441502] [reach_dwell_probe]: jarak antar-lengan minimum sepanjang rencana: 622.7 mm di titik 0 (t1_a1_arm_link_0 <-> t1_a2_arm_link_0) -> CLEAR
    [5] task t1 arm_1 -> [1.4286, 0.3882, 1.16] @rail 0.950: PLANNED (26.2 s)
[INFO] [1790573927.175556198] [reach_dwell_probe]: torsi RNEA+offset(per-aktuator) vs rating: 1=0.08->6.68/10, 2=4.91->12.61/14, 3=1.79->8.39/10, 4=0.29->2.27/7, 5=0.06->2.04/7, 6=0.00->1.98/7  (terketat t1_a1_joint_2 90 %)
[INFO] [1790573940.666722784] [reach_dwell_probe]: jarak antar-lengan minimum sepanjang rencana: 491.8 mm di titik 62 (t1_a1_upper_wrist_link_0 <-> t1_a2_upper_wrist_link_0) -> CLEAR
    [6] task t5 arm_1 -> [1.1429, 0.3176, 1.0] @rail 0.950: PLANNED (13.5 s)
    [7] retract g2: sudah REST -> dilewati
    [8] traverse g2 0.000->0.100: CLEAR min 506.0 mm (t1_a2_right_finger_prox_link_0 <-> t2_a1_right_finger_prox_link_0)
[INFO] [1790573940.745085754] [reach_dwell_probe]: torsi RNEA+offset(per-aktuator) vs rating: 1=0.02->6.62/10, 2=3.66->11.36/14, 3=1.51->8.11/10, 4=0.25->2.23/7, 5=0.06->2.04/7, 6=0.00->1.98/7  (terketat t2_a1_joint_2 81 %)
[INFO] [1790573965.682006408] [reach_dwell_probe]: jarak antar-lengan minimum sepanjang rencana: 494.6 mm di titik 126 (t2_a1_forearm_link_0 <-> t2_a2_arm_link_0) -> CLEAR
    [9] task t0 arm_3 -> [0.4286, -0.3882, 1.08] @rail 0.100: PLANNED (25.0 s)
    [10] retract g2: se-gantry 494.6 / antar 507.2 mm -> CLEAR
    [11] traverse g2 0.100->1.300: CLEAR min 502.7 mm (t1_a2_right_finger_prox_link_0 <-> t2_a1_right_finger_prox_link_0)
[INFO] [1790573977.717935654] [reach_dwell_probe]: torsi RNEA+offset(per-aktuator) vs rating: 1=0.12->6.72/10, 2=5.20->12.90/14, 3=1.50->8.10/10, 4=0.28->2.26/7, 5=0.06->2.04/7, 6=0.00->1.98/7  (terketat t2_a1_joint_2 92 %)
[INFO] [1790573994.416775028] [reach_dwell_probe]: jarak antar-lengan minimum sepanjang rencana: 622.7 mm di titik 0 (t2_a1_arm_link_0 <-> t2_a2_arm_link_0) -> CLEAR
    [12] task t2 arm_3 -> [1.7857, -0.3882, 1.16] @rail 1.300: PLANNED (16.7 s)
    [13] retract g2: se-gantry 622.7 / antar 539.7 mm -> CLEAR
    [14] traverse g2 1.300->1.550: CLEAR min 539.7 mm (t1_platform_link_0 <-> t2_a2_base_link_0)
[INFO] [1790574006.061171404] [reach_dwell_probe]: torsi RNEA+offset(per-aktuator) vs rating: 1=0.13->6.73/10, 2=5.11->12.81/14, 3=0.92->7.52/10, 4=0.20->2.18/7, 5=0.06->2.04/7, 6=0.00->1.98/7  (terketat t2_a1_joint_2 92 %)
[INFO] [1790574027.048372662] [reach_dwell_probe]: jarak antar-lengan minimum sepanjang rencana: 622.7 mm di titik 0 (t2_a1_arm_link_0 <-> t2_a2_arm_link_0) -> CLEAR
    [15] task t4 arm_3 -> [2.0, -0.4588, 1.08] @rail 1.550: PLANNED (21.0 s)
seed 18: PLANNED/PLANNED/PLANNED -> LOLOS
  seed 20 sampel 1/3
    [0] retract g1: sudah REST -> dilewati
    [1] traverse g1 0.000->0.100: CLEAR min 559.3 mm (t1_platform_link_0 <-> t2_a1_shoulder_link_0)
[INFO] [1790574027.126514410] [reach_dwell_probe]: torsi RNEA+offset(per-aktuator) vs rating: 1=0.07->6.67/10, 2=4.07->11.77/14, 3=1.37->7.97/10, 4=0.22->2.20/7, 5=0.05->2.03/7, 6=0.00->1.98/7  (terketat t1_a1_joint_2 84 %)
[INFO] [1790574053.721908338] [reach_dwell_probe]: jarak antar-lengan minimum sepanjang rencana: 501.8 mm di titik 62 (t1_a1_right_finger_dist_link_0 <-> t2_a1_right_finger_prox_link_0) -> CLEAR
    [2] task t5 arm_1 -> [0.5, 0.4588, 1.08] @rail 0.100: PLANNED (26.6 s)
    [3] retract g1: se-gantry 589.4 / antar 501.8 mm -> CLEAR
    [4] traverse g1 0.100->1.400: CLEAR min 502.7 mm (t1_a2_right_finger_prox_link_0 <-> t2_a1_right_finger_prox_link_0)
[INFO] [1790574066.490292397] [reach_dwell_probe]: torsi RNEA+offset(per-aktuator) vs rating: 1=0.00->6.60/10, 2=2.76->10.46/14, 3=2.42->9.02/10, 4=0.40->2.38/7, 5=0.07->2.05/7, 6=0.00->1.98/7  (terketat t1_a1_joint_3 90 %)
[INFO] [1790574089.907754724] [reach_dwell_probe]: jarak antar-lengan minimum sepanjang rencana: 471.0 mm di titik 125 (t1_a1_arm_link_0 <-> t1_a2_arm_link_0) -> CLEAR
    [5] task t3 arm_1 -> [1.8571, 0.3176, 1.24] @rail 1.400: PLANNED (23.5 s)
[INFO] [1790574089.958403437] [reach_dwell_probe]: torsi RNEA+offset(per-aktuator) vs rating: 1=0.01->6.61/10, 2=5.00->12.70/14, 3=0.89->7.49/10, 4=0.10->2.08/7, 5=0.06->2.04/7, 6=0.00->1.98/7  (terketat t1_a2_joint_2 91 %)
[INFO] [1790574117.631234776] [reach_dwell_probe]: jarak antar-lengan minimum sepanjang rencana: 471.0 mm di titik 0 (t1_a1_arm_link_0 <-> t1_a2_arm_link_0) -> CLEAR
    [6] task t4 arm_2 -> [0.7857, 0.3176, 1.0] @rail 1.400: PLANNED (27.7 s)
    [7] retract g2: sudah REST -> dilewati
    [8] traverse g2 0.000->0.950: CLEAR min 503.8 mm (t1_a2_arm_link_0 <-> t2_a1_arm_link_0)
[INFO] [1790574117.870883902] [reach_dwell_probe]: torsi RNEA+offset(per-aktuator) vs rating: 1=0.01->6.61/10, 2=0.28->7.98/14, 3=2.11->8.71/10, 4=0.35->2.33/7, 5=0.06->2.04/7, 6=0.00->1.98/7  (terketat t2_a1_joint_3 87 %)
[INFO] [1790574142.430295714] [reach_dwell_probe]: jarak antar-lengan minimum sepanjang rencana: 546.1 mm di titik 36 (t1_platform_link_0 <-> t2_a1_shoulder_link_0) -> CLEAR
    [9] task t2 arm_3 -> [1.4286, -0.4588, 1.08] @rail 0.950: PLANNED (24.6 s)
[INFO] [1790574142.472334770] [reach_dwell_probe]: torsi RNEA+offset(per-aktuator) vs rating: 1=0.02->6.62/10, 2=4.85->12.55/14, 3=1.05->7.65/10, 4=0.21->2.19/7, 5=0.06->2.04/7, 6=0.00->1.98/7  (terketat t2_a2_joint_2 90 %)
[INFO] [1790574159.372321792] [reach_dwell_probe]: jarak antar-lengan minimum sepanjang rencana: 599.8 mm di titik 0 (t2_a1_forearm_link_0 <-> t2_a2_arm_link_0) -> CLEAR
    [10] task t0 arm_4 -> [0.5714, -0.4588, 1.08] @rail 0.950: PLANNED (16.9 s)
[INFO] [1790574159.418531991] [reach_dwell_probe]: torsi RNEA+offset(per-aktuator) vs rating: 1=0.04->6.64/10, 2=4.90->12.60/14, 3=1.06->7.66/10, 4=0.22->2.20/7, 5=0.07->2.05/7, 6=0.00->1.98/7  (terketat t2_a2_joint_2 90 %)
[INFO] [1790574192.530207112] [reach_dwell_probe]: jarak antar-lengan minimum sepanjang rencana: 592.0 mm di titik 131 (t1_a2_lower_wrist_link_0 <-> t2_a2_upper_wrist_link_0) -> CLEAR
    [11] task t1 arm_4 -> [0.5, -0.3176, 1.0] @rail 0.950: PLANNED (33.2 s)
  seed 20 sampel 2/3
    [0] retract g1: sudah REST -> dilewati
    [1] traverse g1 0.000->0.100: CLEAR min 559.3 mm (t1_platform_link_0 <-> t2_a1_shoulder_link_0)
[INFO] [1790574192.590947003] [reach_dwell_probe]: torsi RNEA+offset(per-aktuator) vs rating: 1=0.01->6.61/10, 2=4.87->12.57/14, 3=1.02->7.62/10, 4=0.21->2.19/7, 5=0.06->2.04/7, 6=0.00->1.98/7  (terketat t1_a1_joint_2 90 %)
[INFO] [1790574207.231340175] [reach_dwell_probe]: jarak antar-lengan minimum sepanjang rencana: 612.1 mm di titik 68 (t1_a1_shoulder_link_0 <-> t2_a1_arm_link_0) -> CLEAR
    [2] task t5 arm_1 -> [0.5, 0.4588, 1.08] @rail 0.100: PLANNED (14.7 s)
    [3] retract g1: se-gantry 622.7 / antar 559.3 mm -> CLEAR
    [4] traverse g1 0.100->1.400: CLEAR min 502.7 mm (t1_a2_right_finger_prox_link_0 <-> t2_a1_right_finger_prox_link_0)
[INFO] [1790574220.247436776] [reach_dwell_probe]: torsi RNEA+offset(per-aktuator) vs rating: 1=0.01->6.61/10, 2=2.66->10.36/14, 3=2.42->9.02/10, 4=0.41->2.39/7, 5=0.07->2.05/7, 6=0.00->1.98/7  (terketat t1_a1_joint_3 90 %)
[INFO] [1790574242.774418892] [reach_dwell_probe]: jarak antar-lengan minimum sepanjang rencana: 475.4 mm di titik 126 (t1_a1_arm_link_0 <-> t1_a2_arm_link_0) -> CLEAR
    [5] task t3 arm_1 -> [1.8571, 0.3176, 1.24] @rail 1.400: PLANNED (22.6 s)
[INFO] [1790574242.809483157] [reach_dwell_probe]: torsi RNEA+offset(per-aktuator) vs rating: 1=0.02->6.62/10, 2=4.18->11.88/14, 3=1.56->8.16/10, 4=0.22->2.20/7, 5=0.06->2.04/7, 6=0.00->1.98/7  (terketat t1_a2_joint_2 85 %)
[INFO] [1790574256.372787405] [reach_dwell_probe]: jarak antar-lengan minimum sepanjang rencana: 475.4 mm di titik 0 (t1_a1_arm_link_0 <-> t1_a2_arm_link_0) -> CLEAR
    [6] task t4 arm_2 -> [0.7857, 0.3176, 1.0] @rail 1.400: PLANNED (13.6 s)
    [7] retract g2: sudah REST -> dilewati
    [8] traverse g2 0.000->0.950: CLEAR min 532.3 mm (t1_a2_gripper_base_link_0 <-> t2_a1_right_finger_prox_link_0)
[INFO] [1790574256.601395574] [reach_dwell_probe]: torsi RNEA+offset(per-aktuator) vs rating: 1=0.05->6.65/10, 2=4.71->12.41/14, 3=1.13->7.73/10, 4=0.17->2.15/7, 5=0.06->2.04/7, 6=0.00->1.98/7  (terketat t2_a1_joint_2 89 %)
[INFO] [1790574280.468610906] [reach_dwell_probe]: jarak antar-lengan minimum sepanjang rencana: 546.1 mm di titik 19 (t1_platform_link_0 <-> t2_a1_shoulder_link_0) -> CLEAR
    [9] task t2 arm_3 -> [1.4286, -0.4588, 1.08] @rail 0.950: PLANNED (23.9 s)
[INFO] [1790574280.511611648] [reach_dwell_probe]: torsi RNEA+offset(per-aktuator) vs rating: 1=0.03->6.63/10, 2=4.77->12.47/14, 3=1.06->7.66/10, 4=0.22->2.20/7, 5=0.06->2.04/7, 6=0.00->1.98/7  (terketat t2_a2_joint_2 89 %)
[INFO] [1790574297.348563554] [reach_dwell_probe]: jarak antar-lengan minimum sepanjang rencana: 637.7 mm di titik 67 (t2_a1_arm_link_0 <-> t2_a2_arm_link_0) -> CLEAR
    [10] task t0 arm_4 -> [0.5714, -0.4588, 1.08] @rail 0.950: PLANNED (16.9 s)
[INFO] [1790574297.416331672] [reach_dwell_probe]: torsi RNEA+offset(per-aktuator) vs rating: 1=0.03->6.63/10, 2=4.85->12.55/14, 3=1.08->7.68/10, 4=0.22->2.20/7, 5=0.06->2.04/7, 6=0.00->1.98/7  (terketat t2_a2_joint_2 90 %)
[INFO] [1790574329.538737907] [reach_dwell_probe]: jarak antar-lengan minimum sepanjang rencana: 545.4 mm di titik 134 (t1_a2_upper_wrist_link_0 <-> t2_a2_arm_link_0) -> CLEAR
    [11] task t1 arm_4 -> [0.5, -0.3176, 1.0] @rail 0.950: PLANNED (32.2 s)
  seed 20 sampel 3/3
    [0] retract g1: sudah REST -> dilewati
    [1] traverse g1 0.000->0.100: CLEAR min 559.3 mm (t1_platform_link_0 <-> t2_a1_shoulder_link_0)
[INFO] [1790574329.611307439] [reach_dwell_probe]: torsi RNEA+offset(per-aktuator) vs rating: 1=0.06->6.66/10, 2=3.71->11.41/14, 3=1.58->8.18/10, 4=0.21->2.19/7, 5=0.06->2.04/7, 6=0.00->1.98/7  (terketat t1_a1_joint_3 82 %)
[INFO] [1790574340.457945770] [reach_dwell_probe]: jarak antar-lengan minimum sepanjang rencana: 535.7 mm di titik 39 (t1_a1_forearm_link_0 <-> t1_a2_arm_link_0) -> CLEAR
    [2] task t5 arm_1 -> [0.5, 0.4588, 1.08] @rail 0.100: PLANNED (10.9 s)
    [3] retract g1: se-gantry 535.7 / antar 559.3 mm -> CLEAR
    [4] traverse g1 0.100->1.400: CLEAR min 502.7 mm (t1_a2_right_finger_prox_link_0 <-> t2_a1_right_finger_prox_link_0)
[INFO] [1790574352.113448115] [reach_dwell_probe]: torsi RNEA+offset(per-aktuator) vs rating: 1=0.02->6.62/10, 2=5.02->12.72/14, 3=2.13->8.73/10, 4=0.36->2.34/7, 5=0.11->2.09/7, 6=0.00->1.98/7  (terketat t1_a1_joint_2 91 %)
[INFO] [1790574378.507579008] [reach_dwell_probe]: jarak antar-lengan minimum sepanjang rencana: 622.7 mm di titik 0 (t1_a1_arm_link_0 <-> t1_a2_arm_link_0) -> CLEAR
    [5] task t3 arm_1 -> [1.8571, 0.3176, 1.24] @rail 1.400: PLANNED (26.4 s)
[INFO] [1790574378.568840632] [reach_dwell_probe]: torsi RNEA+offset(per-aktuator) vs rating: 1=0.01->6.61/10, 2=4.99->12.69/14, 3=0.85->7.45/10, 4=0.09->2.07/7, 5=0.06->2.04/7, 6=0.00->1.98/7  (terketat t1_a2_joint_2 91 %)
[INFO] [1790574404.455607230] [reach_dwell_probe]: jarak antar-lengan minimum sepanjang rencana: 647.0 mm di titik 124 (t1_a2_right_finger_prox_link_0 <-> t2_a1_right_finger_prox_link_0) -> CLEAR
    [6] task t4 arm_2 -> [0.7857, 0.3176, 1.0] @rail 1.400: PLANNED (25.9 s)
    [7] retract g2: sudah REST -> dilewati
    [8] traverse g2 0.000->0.950: CLEAR min 505.2 mm (t1_a2_arm_link_0 <-> t2_a1_arm_link_0)
[INFO] [1790574404.684111127] [reach_dwell_probe]: torsi RNEA+offset(per-aktuator) vs rating: 1=0.11->6.71/10, 2=5.10->12.80/14, 3=0.93->7.53/10, 4=0.20->2.18/7, 5=0.05->2.03/7, 6=0.00->1.98/7  (terketat t2_a1_joint_2 91 %)
[INFO] [1790574422.187286938] [reach_dwell_probe]: jarak antar-lengan minimum sepanjang rencana: 546.1 mm di titik 13 (t1_platform_link_0 <-> t2_a1_shoulder_link_0) -> CLEAR
    [9] task t2 arm_3 -> [1.4286, -0.4588, 1.08] @rail 0.950: PLANNED (17.5 s)
[INFO] [1790574422.248186819] [reach_dwell_probe]: torsi RNEA+offset(per-aktuator) vs rating: 1=0.07->6.67/10, 2=4.36->12.06/14, 3=1.27->7.87/10, 4=0.21->2.19/7, 5=0.06->2.04/7, 6=0.00->1.98/7  (terketat t2_a2_joint_2 86 %)
[INFO] [1790574455.893478894] [reach_dwell_probe]: jarak antar-lengan minimum sepanjang rencana: 565.9 mm di titik 71 (t1_a2_right_finger_prox_link_0 <-> t2_a2_right_finger_dist_link_0) -> CLEAR
    [10] task t0 arm_4 -> [0.5714, -0.4588, 1.08] @rail 0.950: PLANNED (33.7 s)
[INFO] [1790574455.946244894] [reach_dwell_probe]: torsi RNEA+offset(per-aktuator) vs rating: 1=0.09->6.69/10, 2=4.40->12.10/14, 3=1.30->7.90/10, 4=0.20->2.18/7, 5=0.06->2.04/7, 6=0.00->1.98/7  (terketat t2_a2_joint_2 86 %)
[INFO] [1790574481.256567232] [reach_dwell_probe]: jarak antar-lengan minimum sepanjang rencana: 575.1 mm di titik 63 (t1_a2_right_finger_prox_link_0 <-> t2_a2_right_finger_prox_link_0) -> CLEAR
    [11] task t1 arm_4 -> [0.5, -0.3176, 1.0] @rail 0.950: PLANNED (25.4 s)
seed 20: PLANNED/PLANNED/PLANNED -> LOLOS
  seed 21 sampel 1/3
    [0] retract g1: sudah REST -> dilewati
    [1] traverse g1 0.000->0.150: CLEAR min 550.9 mm (t1_platform_link_0 <-> t2_a1_shoulder_link_0)
[INFO] [1790574481.348759050] [reach_dwell_probe]: torsi RNEA+offset(per-aktuator) vs rating: 1=0.00->6.60/10, 2=3.12->10.82/14, 3=2.15->8.75/10, 4=0.36->2.34/7, 5=0.06->2.04/7, 6=0.00->1.98/7  (terketat t1_a1_joint_3 88 %)
[INFO] [1790574504.501167335] [reach_dwell_probe]: jarak antar-lengan minimum sepanjang rencana: 467.6 mm di titik 126 (t1_a1_arm_link_0 <-> t1_a2_arm_link_0) -> CLEAR
    [2] task t0 arm_1 -> [0.5714, 0.3176, 1.16] @rail 0.150: PLANNED (23.2 s)
    [3] retract g1: se-gantry 467.6 / antar 536.0 mm -> CLEAR
    [4] traverse g1 0.150->1.400: CLEAR min 502.7 mm (t1_a2_right_finger_prox_link_0 <-> t2_a1_right_finger_prox_link_0)
[INFO] [1790574515.890539168] [reach_dwell_probe]: torsi RNEA+offset(per-aktuator) vs rating: 1=0.05->6.65/10, 2=5.45->13.15/14, 3=0.74->7.34/10, 4=0.17->2.15/7, 5=0.06->2.04/7, 6=0.00->1.98/7  (terketat t1_a1_joint_2 94 %)
[INFO] [1790574530.133889674] [reach_dwell_probe]: jarak antar-lengan minimum sepanjang rencana: 622.7 mm di titik 0 (t1_a1_arm_link_0 <-> t1_a2_arm_link_0) -> CLEAR
    [5] task t5 arm_1 -> [1.9286, 0.3882, 1.08] @rail 1.400: PLANNED (14.3 s)
    [6] retract g2: sudah REST -> dilewati
    [7] traverse g2 0.000->0.450: CLEAR min 537.4 mm (t1_a2_right_finger_prox_link_0 <-> t2_a1_right_finger_prox_link_0)
[INFO] [1790574530.275070676] [reach_dwell_probe]: torsi RNEA+offset(per-aktuator) vs rating: 1=0.03->6.63/10, 2=2.88->10.58/14, 3=2.51->9.11/10, 4=0.44->2.42/7, 5=0.12->2.10/7, 6=0.00->1.98/7  (terketat t2_a1_joint_3 91 %)
[INFO] [1790574556.450285539] [reach_dwell_probe]: jarak antar-lengan minimum sepanjang rencana: 522.2 mm di titik 0 (t1_a2_right_finger_prox_link_0 <-> t2_a1_right_finger_prox_link_0) -> CLEAR
    [8] task t1 arm_3 -> [0.7857, -0.3882, 1.24] @rail 0.450: PLANNED (26.2 s)
[INFO] [1790574556.523635712] [reach_dwell_probe]: torsi RNEA+offset(per-aktuator) vs rating: 1=0.04->6.64/10, 2=2.90->10.60/14, 3=2.52->9.12/10, 4=0.43->2.41/7, 5=0.16->2.14/7, 6=0.00->1.98/7  (terketat t2_a1_joint_3 91 %)
[INFO] [1790574584.145246732] [reach_dwell_probe]: jarak antar-lengan minimum sepanjang rencana: 455.7 mm di titik 52 (t1_a2_right_finger_prox_link_0 <-> t2_a1_right_finger_dist_link_0) -> CLEAR
    [9] task t3 arm_3 -> [0.8571, -0.2471, 1.0] @rail 0.450: PLANNED (27.7 s)
    [10] retract g2: se-gantry 596.1 / antar 480.0 mm -> CLEAR
    [11] traverse g2 0.450->0.550: CLEAR min 506.0 mm (t1_a2_right_finger_prox_link_0 <-> t2_a1_right_finger_prox_link_0)
[INFO] [1790574597.255407900] [reach_dwell_probe]: torsi RNEA+offset(per-aktuator) vs rating: 1=0.03->6.63/10, 2=3.10->10.80/14, 3=2.45->9.05/10, 4=0.41->2.39/7, 5=0.06->2.04/7, 6=0.00->1.98/7  (terketat t2_a2_joint_3 90 %)
[INFO] [1790574621.915957162] [reach_dwell_probe]: jarak antar-lengan minimum sepanjang rencana: 585.9 mm di titik 70 (t2_a1_arm_link_0 <-> t2_a2_upper_wrist_link_0) -> CLEAR
    [12] task t4 arm_4 -> [0.2143, -0.3176, 1.32] @rail 0.550: PLANNED (24.7 s)
    [13] retract g2: se-gantry 585.9 / antar 506.0 mm -> CLEAR
    [14] traverse g2 0.550->0.850: CLEAR min 500.8 mm (t1_a2_right_finger_prox_link_0 <-> t2_a1_right_finger_prox_link_0)
[INFO] [1790574634.645838062] [reach_dwell_probe]: torsi RNEA+offset(per-aktuator) vs rating: 1=0.07->6.67/10, 2=4.31->12.01/14, 3=1.38->7.98/10, 4=0.19->2.17/7, 5=0.05->2.03/7, 6=0.00->1.98/7  (terketat t2_a1_joint_2 86 %)
[INFO] [1790574651.006372069] [reach_dwell_probe]: jarak antar-lengan minimum sepanjang rencana: 423.8 mm di titik 76 (t1_a2_arm_link_0 <-> t2_a1_forearm_link_0) -> CLEAR
    [15] task t2 arm_3 -> [1.2857, -0.2471, 1.08] @rail 0.850: PLANNED (16.4 s)
  seed 21 sampel 2/3
    [0] retract g1: sudah REST -> dilewati
    [1] traverse g1 0.000->0.150: CLEAR min 550.9 mm (t1_platform_link_0 <-> t2_a1_shoulder_link_0)
[INFO] [1790574651.122771314] [reach_dwell_probe]: torsi RNEA+offset(per-aktuator) vs rating: 1=0.02->6.62/10, 2=4.08->11.78/14, 3=2.01->8.61/10, 4=0.35->2.33/7, 5=0.10->2.08/7, 6=0.00->1.98/7  (terketat t1_a1_joint_3 86 %)
[INFO] [1790574676.541812974] [reach_dwell_probe]: jarak antar-lengan minimum sepanjang rencana: 593.9 mm di titik 125 (t1_a1_left_finger_dist_link_0 <-> t2_a1_right_finger_prox_link_0) -> CLEAR
    [2] task t0 arm_1 -> [0.5714, 0.3176, 1.16] @rail 0.150: PLANNED (25.5 s)
    [3] retract g1: se-gantry 622.7 / antar 550.9 mm -> CLEAR
    [4] traverse g1 0.150->1.400: CLEAR min 502.7 mm (t1_a2_right_finger_prox_link_0 <-> t2_a1_right_finger_prox_link_0)
[INFO] [1790574688.966779668] [reach_dwell_probe]: torsi RNEA+offset(per-aktuator) vs rating: 1=0.06->6.66/10, 2=5.38->13.08/14, 3=0.79->7.39/10, 4=0.17->2.15/7, 5=0.06->2.04/7, 6=0.00->1.98/7  (terketat t1_a1_joint_2 93 %)
[INFO] [1790574703.276357168] [reach_dwell_probe]: jarak antar-lengan minimum sepanjang rencana: 622.7 mm di titik 0 (t1_a1_arm_link_0 <-> t1_a2_arm_link_0) -> CLEAR
    [5] task t5 arm_1 -> [1.9286, 0.3882, 1.08] @rail 1.400: PLANNED (14.4 s)
    [6] retract g2: sudah REST -> dilewati
    [7] traverse g2 0.000->0.450: CLEAR min 537.4 mm (t1_a2_right_finger_prox_link_0 <-> t2_a1_right_finger_prox_link_0)
[INFO] [1790574703.435360943] [reach_dwell_probe]: torsi RNEA+offset(per-aktuator) vs rating: 1=0.12->6.72/10, 2=5.08->12.78/14, 3=2.07->8.67/10, 4=0.35->2.33/7, 5=0.10->2.08/7, 6=0.00->1.98/7  (terketat t2_a1_joint_2 91 %)
[INFO] [1790574731.054251174] [reach_dwell_probe]: jarak antar-lengan minimum sepanjang rencana: 511.2 mm di titik 60 (t1_a2_right_finger_prox_link_0 <-> t2_a1_right_finger_dist_link_0) -> CLEAR
    [8] task t1 arm_3 -> [0.7857, -0.3882, 1.24] @rail 0.450: PLANNED (27.7 s)
[INFO] [1790574731.109183640] [reach_dwell_probe]: torsi RNEA+offset(per-aktuator) vs rating: 1=0.04->6.64/10, 2=5.11->12.81/14, 3=2.11->8.71/10, 4=0.37->2.35/7, 5=0.09->2.07/7, 6=0.00->1.98/7  (terketat t2_a1_joint_2 91 %)
[INFO] [1790574760.780701008] [reach_dwell_probe]: jarak antar-lengan minimum sepanjang rencana: 464.2 mm di titik 76 (t1_a2_right_finger_prox_link_0 <-> t2_a1_right_finger_dist_link_0) -> CLEAR
    [9] task t3 arm_3 -> [0.8571, -0.2471, 1.0] @rail 0.450: PLANNED (29.7 s)
    [10] retract g2: se-gantry 622.7 / antar 505.7 mm -> CLEAR
    [11] traverse g2 0.450->0.550: CLEAR min 510.7 mm (t1_a2_right_finger_prox_link_0 <-> t2_a1_right_finger_prox_link_0)
[INFO] [1790574773.010645687] [reach_dwell_probe]: torsi RNEA+offset(per-aktuator) vs rating: 1=0.06->6.66/10, 2=4.38->12.08/14, 3=2.53->9.13/10, 4=0.39->2.37/7, 5=0.05->2.03/7, 6=0.00->1.98/7  (terketat t2_a2_joint_3 91 %)
[INFO] [1790574795.638486862] [reach_dwell_probe]: jarak antar-lengan minimum sepanjang rencana: 561.7 mm di titik 34 (t2_a1_arm_link_0 <-> t2_a2_arm_link_0) -> CLEAR
    [12] task t4 arm_4 -> [0.2143, -0.3176, 1.32] @rail 0.550: PLANNED (22.7 s)
    [13] retract g2: se-gantry 561.7 / antar 510.7 mm -> CLEAR
    [14] traverse g2 0.550->0.850: CLEAR min 502.7 mm (t1_a2_right_finger_prox_link_0 <-> t2_a1_right_finger_prox_link_0)
[INFO] [1790574808.448081623] [reach_dwell_probe]: torsi RNEA+offset(per-aktuator) vs rating: 1=0.08->6.68/10, 2=4.17->11.87/14, 3=1.45->8.05/10, 4=0.20->2.18/7, 5=0.06->2.04/7, 6=0.00->1.98/7  (terketat t2_a1_joint_2 85 %)
[INFO] [1790574825.871625859] [reach_dwell_probe]: jarak antar-lengan minimum sepanjang rencana: 428.1 mm di titik 78 (t1_a2_arm_link_0 <-> t2_a1_forearm_link_0) -> CLEAR
    [15] task t2 arm_3 -> [1.2857, -0.2471, 1.08] @rail 0.850: PLANNED (17.5 s)
  seed 21 sampel 3/3
    [0] retract g1: sudah REST -> dilewati
    [1] traverse g1 0.000->0.150: CLEAR min 550.9 mm (t1_platform_link_0 <-> t2_a1_shoulder_link_0)
[INFO] [1790574825.971602117] [reach_dwell_probe]: torsi RNEA+offset(per-aktuator) vs rating: 1=0.01->6.61/10, 2=2.86->10.56/14, 3=2.20->8.80/10, 4=0.37->2.35/7, 5=0.06->2.04/7, 6=0.00->1.98/7  (terketat t1_a1_joint_3 88 %)
[INFO] [1790574849.057476905] [reach_dwell_probe]: jarak antar-lengan minimum sepanjang rencana: 480.7 mm di titik 127 (t1_a1_forearm_link_0 <-> t1_a2_arm_link_0) -> CLEAR
    [2] task t0 arm_1 -> [0.5714, 0.3176, 1.16] @rail 0.150: PLANNED (23.2 s)
    [3] retract g1: se-gantry 480.7 / antar 520.0 mm -> CLEAR
    [4] traverse g1 0.150->1.400: CLEAR min 502.7 mm (t1_a2_right_finger_prox_link_0 <-> t2_a1_right_finger_prox_link_0)
[INFO] [1790574860.241428801] [reach_dwell_probe]: torsi RNEA+offset(per-aktuator) vs rating: 1=0.01->6.61/10, 2=5.39->13.09/14, 3=0.90->7.50/10, 4=0.16->2.14/7, 5=0.07->2.05/7, 6=0.00->1.98/7  (terketat t1_a1_joint_2 94 %)
[INFO] [1790574887.042872329] [reach_dwell_probe]: jarak antar-lengan minimum sepanjang rencana: 622.7 mm di titik 0 (t1_a1_arm_link_0 <-> t1_a2_arm_link_0) -> CLEAR
    [5] task t5 arm_1 -> [1.9286, 0.3882, 1.08] @rail 1.400: PLANNED (26.8 s)
    [6] retract g2: sudah REST -> dilewati
    [7] traverse g2 0.000->0.450: CLEAR min 537.4 mm (t1_a2_right_finger_prox_link_0 <-> t2_a1_right_finger_prox_link_0)
[INFO] [1790574887.178367643] [reach_dwell_probe]: torsi RNEA+offset(per-aktuator) vs rating: 1=0.07->6.67/10, 2=4.22->11.92/14, 3=2.38->8.98/10, 4=0.37->2.35/7, 5=0.06->2.04/7, 6=0.00->1.98/7  (terketat t2_a1_joint_3 90 %)
[INFO] [1790574905.625131652] [reach_dwell_probe]: jarak antar-lengan minimum sepanjang rencana: 522.2 mm di titik 0 (t1_a2_right_finger_prox_link_0 <-> t2_a1_right_finger_prox_link_0) -> CLEAR
    [8] task t1 arm_3 -> [0.7857, -0.3882, 1.24] @rail 0.450: PLANNED (18.5 s)
[INFO] [1790574905.695864335] [reach_dwell_probe]: torsi RNEA+offset(per-aktuator) vs rating: 1=0.12->6.72/10, 2=4.27->11.97/14, 3=2.40->9.00/10, 4=0.38->2.36/7, 5=0.11->2.09/7, 6=0.00->1.98/7  (terketat t2_a1_joint_3 90 %)
[INFO] [1790574936.741305320] [reach_dwell_probe]: jarak antar-lengan minimum sepanjang rencana: 448.5 mm di titik 50 (t2_a1_arm_link_0 <-> t2_a2_arm_link_0) -> CLEAR
    [9] task t3 arm_3 -> [0.8571, -0.2471, 1.0] @rail 0.450: PLANNED (31.1 s)
    [10] retract g2: se-gantry 608.2 / antar 500.2 mm -> CLEAR
    [11] traverse g2 0.450->0.550: CLEAR min 510.7 mm (t1_a2_right_finger_prox_link_0 <-> t2_a1_right_finger_prox_link_0)
[INFO] [1790574950.272828548] [reach_dwell_probe]: torsi RNEA+offset(per-aktuator) vs rating: 1=0.02->6.62/10, 2=5.53->13.23/14, 3=2.08->8.68/10, 4=0.35->2.33/7, 5=0.06->2.04/7, 6=0.00->1.98/7  (terketat t2_a2_joint_2 95 %)
[INFO] [1790574973.720273295] [reach_dwell_probe]: jarak antar-lengan minimum sepanjang rencana: 414.9 mm di titik 122 (t2_a1_arm_link_0 <-> t2_a2_forearm_link_0) -> CLEAR
    [12] task t4 arm_4 -> [0.2143, -0.3176, 1.32] @rail 0.550: PLANNED (23.5 s)
    [13] retract g2: se-gantry 414.9 / antar 510.7 mm -> CLEAR
    [14] traverse g2 0.550->0.850: CLEAR min 502.7 mm (t1_a2_right_finger_prox_link_0 <-> t2_a1_right_finger_prox_link_0)
[INFO] [1790574984.942763240] [reach_dwell_probe]: torsi RNEA+offset(per-aktuator) vs rating: 1=0.07->6.67/10, 2=1.19->8.89/14, 3=1.88->8.48/10, 4=0.34->2.32/7, 5=0.05->2.03/7, 6=0.00->1.98/7  (terketat t2_a1_joint_3 85 %)
[INFO] [1790575000.140628638] [reach_dwell_probe]: jarak antar-lengan minimum sepanjang rencana: 531.2 mm di titik 59 (t1_a2_upper_wrist_link_0 <-> t2_a1_upper_wrist_link_0) -> CLEAR
    [15] task t2 arm_3 -> [1.2857, -0.2471, 1.08] @rail 0.850: PLANNED (15.2 s)
seed 21: PLANNED/PLANNED/PLANNED -> LOLOS
  seed 22 sampel 1/3
    [0] retract g1: sudah REST -> dilewati
    [1] traverse g1 0.000->0.050: CLEAR min 571.6 mm (t1_platform_link_0 <-> t2_a1_shoulder_link_0)
[INFO] [1790575000.213085837] [reach_dwell_probe]: torsi RNEA+offset(per-aktuator) vs rating: 1=0.02->6.62/10, 2=0.60->8.30/14, 3=1.38->7.98/10, 4=0.25->2.23/7, 5=0.08->2.06/7, 6=0.00->1.98/7  (terketat t1_a1_joint_3 80 %)
[INFO] [1790575028.416439962] [reach_dwell_probe]: jarak antar-lengan minimum sepanjang rencana: 594.2 mm di titik 0 (t1_a1_base_link_0 <-> t2_platform_link_0) -> CLEAR
    [2] task t1 arm_1 -> [0.3571, 0.3882, 1.0] @rail 0.050: PLANNED (28.3 s)
[INFO] [1790575028.458061837] [reach_dwell_probe]: torsi RNEA+offset(per-aktuator) vs rating: 1=0.06->6.66/10, 2=0.81->8.51/14, 3=2.09->8.69/10, 4=0.34->2.32/7, 5=0.06->2.04/7, 6=0.00->1.98/7  (terketat t1_a1_joint_3 87 %)
[INFO] [1790575050.067215577] [reach_dwell_probe]: jarak antar-lengan minimum sepanjang rencana: 462.0 mm di titik 80 (t1_a1_left_finger_prox_link_0 <-> t2_a1_right_finger_prox_link_0) -> CLEAR
    [3] task t2 arm_1 -> [0.5, 0.2471, 1.08] @rail 0.050: PLANNED (21.7 s)
[INFO] [1790575050.122433119] [reach_dwell_probe]: torsi RNEA+offset(per-aktuator) vs rating: 1=0.06->6.66/10, 2=1.30->9.00/14, 3=2.10->8.70/10, 4=0.34->2.32/7, 5=0.06->2.04/7, 6=0.00->1.98/7  (terketat t1_a1_joint_3 87 %)
[INFO] [1790575068.457274186] [reach_dwell_probe]: jarak antar-lengan minimum sepanjang rencana: 444.3 mm di titik 24 (t1_a1_left_finger_prox_link_0 <-> t2_a1_right_finger_prox_link_0) -> CLEAR
    [4] task t5 arm_1 -> [0.2857, 0.3882, 1.0] @rail 0.050: PLANNED (18.4 s)
    [5] retract g2: sudah REST -> dilewati
    [6] traverse g2 0.000->0.650: CLEAR min 539.7 mm (t1_platform_link_0 <-> t2_a2_base_link_0)
[INFO] [1790575068.654768805] [reach_dwell_probe]: torsi RNEA+offset(per-aktuator) vs rating: 1=0.04->6.64/10, 2=4.29->11.99/14, 3=2.43->9.03/10, 4=0.41->2.39/7, 5=0.07->2.05/7, 6=0.00->1.98/7  (terketat t2_a2_joint_3 90 %)
[INFO] [1790575092.034388607] [reach_dwell_probe]: jarak antar-lengan minimum sepanjang rencana: 472.5 mm di titik 107 (t2_a1_arm_link_0 <-> t2_a2_forearm_link_0) -> CLEAR
    [7] task t3 arm_4 -> [0.2857, -0.3176, 1.32] @rail 0.650: PLANNED (23.4 s)
    [8] retract g2: se-gantry 472.6 / antar 506.5 mm -> CLEAR
    [9] traverse g2 0.650->0.950: CLEAR min 541.4 mm (t1_platform_link_0 <-> t2_a2_base_link_0)
[INFO] [1790575103.381681899] [reach_dwell_probe]: torsi RNEA+offset(per-aktuator) vs rating: 1=0.03->6.63/10, 2=4.97->12.67/14, 3=1.67->8.27/10, 4=0.27->2.25/7, 5=0.06->2.04/7, 6=0.00->1.98/7  (terketat t2_a1_joint_2 90 %)
[INFO] [1790575127.720288046] [reach_dwell_probe]: jarak antar-lengan minimum sepanjang rencana: 524.0 mm di titik 77 (t2_a1_arm_link_0 <-> t2_a2_arm_link_0) -> CLEAR
    [10] task t0 arm_3 -> [1.3571, -0.4588, 1.16] @rail 0.950: PLANNED (24.4 s)
[INFO] [1790575127.758033154] [reach_dwell_probe]: torsi RNEA+offset(per-aktuator) vs rating: 1=0.07->6.67/10, 2=3.29->10.99/14, 3=0.59->7.19/10, 4=0.06->2.04/7, 5=0.06->2.04/7, 6=0.00->1.98/7  (terketat t2_a2_joint_2 78 %)
[INFO] [1790575137.788048516] [reach_dwell_probe]: jarak antar-lengan minimum sepanjang rencana: 545.6 mm di titik 16 (t2_a1_arm_link_0 <-> t2_a2_arm_link_0) -> CLEAR
    [11] task t4 arm_4 -> [0.6429, -0.2471, 1.0] @rail 0.950: PLANNED (10.1 s)
  seed 22 sampel 2/3
    [0] retract g1: sudah REST -> dilewati
    [1] traverse g1 0.000->0.050: CLEAR min 571.6 mm (t1_platform_link_0 <-> t2_a1_shoulder_link_0)
[INFO] [1790575137.854158339] [reach_dwell_probe]: torsi RNEA+offset(per-aktuator) vs rating: 1=0.02->6.62/10, 2=3.08->10.78/14, 3=0.88->7.48/10, 4=0.10->2.08/7, 5=0.06->2.04/7, 6=0.00->1.98/7  (terketat t1_a1_joint_2 77 %)
[INFO] [1790575165.027819828] [reach_dwell_probe]: jarak antar-lengan minimum sepanjang rencana: 520.5 mm di titik 78 (t1_a1_right_finger_prox_link_0 <-> t2_a1_right_finger_prox_link_0) -> CLEAR
    [2] task t1 arm_1 -> [0.3571, 0.3882, 1.0] @rail 0.050: PLANNED (27.2 s)
[INFO] [1790575165.067030990] [reach_dwell_probe]: torsi RNEA+offset(per-aktuator) vs rating: 1=0.00->6.60/10, 2=3.13->10.83/14, 3=2.08->8.68/10, 4=0.34->2.32/7, 5=0.06->2.04/7, 6=0.00->1.98/7  (terketat t1_a1_joint_3 87 %)
[INFO] [1790575176.893498799] [reach_dwell_probe]: jarak antar-lengan minimum sepanjang rencana: 493.3 mm di titik 43 (t1_a1_right_finger_prox_link_0 <-> t2_a1_right_finger_prox_link_0) -> CLEAR
    [3] task t2 arm_1 -> [0.5, 0.2471, 1.08] @rail 0.050: PLANNED (11.9 s)
[INFO] [1790575176.951881752] [reach_dwell_probe]: torsi RNEA+offset(per-aktuator) vs rating: 1=0.05->6.65/10, 2=2.16->9.86/14, 3=2.12->8.72/10, 4=0.35->2.33/7, 5=0.08->2.06/7, 6=0.00->1.98/7  (terketat t1_a1_joint_3 87 %)
[INFO] [1790575204.962227942] [reach_dwell_probe]: jarak antar-lengan minimum sepanjang rencana: 469.6 mm di titik 13 (t1_a1_right_finger_dist_link_0 <-> t2_a1_right_finger_prox_link_0) -> CLEAR
    [4] task t5 arm_1 -> [0.2857, 0.3882, 1.0] @rail 0.050: PLANNED (28.1 s)
    [5] retract g2: sudah REST -> dilewati
    [6] traverse g2 0.000->0.650: CLEAR min 539.7 mm (t1_platform_link_0 <-> t2_a2_base_link_0)
[INFO] [1790575205.165914486] [reach_dwell_probe]: torsi RNEA+offset(per-aktuator) vs rating: 1=0.02->6.62/10, 2=3.36->11.06/14, 3=2.55->9.15/10, 4=0.46->2.44/7, 5=0.13->2.11/7, 6=0.00->1.98/7  (terketat t2_a2_joint_3 92 %)
[INFO] [1790575229.850784320] [reach_dwell_probe]: jarak antar-lengan minimum sepanjang rencana: 517.4 mm di titik 51 (t2_a1_upper_wrist_link_0 <-> t2_a2_left_finger_dist_link_0) -> CLEAR
    [7] task t3 arm_4 -> [0.2857, -0.3176, 1.32] @rail 0.650: PLANNED (24.8 s)
    [8] retract g2: se-gantry 517.5 / antar 541.4 mm -> CLEAR
    [9] traverse g2 0.650->0.950: CLEAR min 541.4 mm (t1_platform_link_0 <-> t2_a2_base_link_0)
[INFO] [1790575241.819522016] [reach_dwell_probe]: torsi RNEA+offset(per-aktuator) vs rating: 1=0.03->6.63/10, 2=4.89->12.59/14, 3=1.67->8.27/10, 4=0.27->2.25/7, 5=0.06->2.04/7, 6=0.00->1.98/7  (terketat t2_a1_joint_2 90 %)
[INFO] [1790575264.055628059] [reach_dwell_probe]: jarak antar-lengan minimum sepanjang rencana: 516.8 mm di titik 84 (t2_a1_arm_link_0 <-> t2_a2_arm_link_0) -> CLEAR
    [10] task t0 arm_3 -> [1.3571, -0.4588, 1.16] @rail 0.950: PLANNED (22.3 s)
[INFO] [1790575264.098346879] [reach_dwell_probe]: torsi RNEA+offset(per-aktuator) vs rating: 1=0.03->6.63/10, 2=0.48->8.18/14, 3=1.23->7.83/10, 4=0.24->2.22/7, 5=0.06->2.04/7, 6=0.00->1.98/7  (terketat t2_a2_joint_3 78 %)
[INFO] [1790575274.071772164] [reach_dwell_probe]: jarak antar-lengan minimum sepanjang rencana: 540.4 mm di titik 40 (t1_a1_arm_link_0 <-> t2_a2_lower_wrist_link_0) -> CLEAR
    [11] task t4 arm_4 -> [0.6429, -0.2471, 1.0] @rail 0.950: PLANNED (10.0 s)
  seed 22 sampel 3/3
    [0] retract g1: sudah REST -> dilewati
    [1] traverse g1 0.000->0.050: CLEAR min 571.6 mm (t1_platform_link_0 <-> t2_a1_shoulder_link_0)
[INFO] [1790575274.147530718] [reach_dwell_probe]: torsi RNEA+offset(per-aktuator) vs rating: 1=0.02->6.62/10, 2=0.68->8.38/14, 3=1.34->7.94/10, 4=0.23->2.21/7, 5=0.08->2.06/7, 6=0.00->1.98/7  (terketat t1_a1_joint_3 79 %)
[INFO] [1790575302.049085859] [reach_dwell_probe]: jarak antar-lengan minimum sepanjang rencana: 594.2 mm di titik 0 (t1_a1_base_link_0 <-> t2_platform_link_0) -> CLEAR
    [2] task t1 arm_1 -> [0.3571, 0.3882, 1.0] @rail 0.050: PLANNED (28.0 s)
[INFO] [1790575302.106707769] [reach_dwell_probe]: torsi RNEA+offset(per-aktuator) vs rating: 1=0.11->6.71/10, 2=4.70->12.40/14, 3=1.37->7.97/10, 4=0.23->2.21/7, 5=0.06->2.04/7, 6=0.00->1.98/7  (terketat t1_a1_joint_2 89 %)
[INFO] [1790575325.358864683] [reach_dwell_probe]: jarak antar-lengan minimum sepanjang rencana: 440.4 mm di titik 104 (t1_a1_arm_link_0 <-> t2_a1_shoulder_link_0) -> CLEAR
    [3] task t2 arm_1 -> [0.5, 0.2471, 1.08] @rail 0.050: PLANNED (23.3 s)
[INFO] [1790575325.411615091] [reach_dwell_probe]: torsi RNEA+offset(per-aktuator) vs rating: 1=0.04->6.64/10, 2=4.77->12.47/14, 3=1.16->7.76/10, 4=0.17->2.15/7, 5=0.07->2.05/7, 6=0.00->1.98/7  (terketat t1_a1_joint_2 89 %)
[INFO] [1790575352.476892016] [reach_dwell_probe]: jarak antar-lengan minimum sepanjang rencana: 440.4 mm di titik 0 (t1_a1_arm_link_0 <-> t2_a1_shoulder_link_0) -> CLEAR
    [4] task t5 arm_1 -> [0.2857, 0.3882, 1.0] @rail 0.050: PLANNED (27.1 s)
    [5] retract g2: sudah REST -> dilewati
    [6] traverse g2 0.000->0.650: CLEAR min 539.7 mm (t1_platform_link_0 <-> t2_a2_base_link_0)
[INFO] [1790575352.679813460] [reach_dwell_probe]: torsi RNEA+offset(per-aktuator) vs rating: 1=0.10->6.70/10, 2=5.00->12.70/14, 3=2.38->8.98/10, 4=0.42->2.40/7, 5=0.11->2.09/7, 6=0.00->1.98/7  (terketat t2_a2_joint_2 91 %)
[INFO] [1790575378.608901376] [reach_dwell_probe]: jarak antar-lengan minimum sepanjang rencana: 454.0 mm di titik 126 (t1_platform_link_0 <-> t2_a2_arm_link_0) -> CLEAR
    [7] task t3 arm_4 -> [0.2857, -0.3176, 1.32] @rail 0.650: PLANNED (26.0 s)
    [8] retract g2: se-gantry 622.7 / antar 424.1 mm -> CLEAR
    [9] traverse g2 0.650->0.950: CLEAR min 541.4 mm (t1_platform_link_0 <-> t2_a2_base_link_0)
[INFO] [1790575390.838277152] [reach_dwell_probe]: torsi RNEA+offset(per-aktuator) vs rating: 1=0.04->6.64/10, 2=2.34->10.04/14, 3=2.18->8.78/10, 4=0.38->2.36/7, 5=0.06->2.04/7, 6=0.00->1.98/7  (terketat t2_a1_joint_3 88 %)
[INFO] [1790575409.672202617] [reach_dwell_probe]: jarak antar-lengan minimum sepanjang rencana: 540.2 mm di titik 86 (t2_a1_arm_link_0 <-> t2_a2_arm_link_0) -> CLEAR
    [10] task t0 arm_3 -> [1.3571, -0.4588, 1.16] @rail 0.950: PLANNED (18.9 s)
[INFO] [1790575409.727745919] [reach_dwell_probe]: torsi RNEA+offset(per-aktuator) vs rating: 1=0.07->6.67/10, 2=4.42->12.12/14, 3=0.55->7.15/10, 4=0.04->2.02/7, 5=0.06->2.04/7, 6=0.00->1.98/7  (terketat t2_a2_joint_2 87 %)
[INFO] [1790575441.639655260] [reach_dwell_probe]: jarak antar-lengan minimum sepanjang rencana: 514.9 mm di titik 119 (t1_a1_forearm_link_0 <-> t2_a2_arm_link_0) -> CLEAR
    [11] task t4 arm_4 -> [0.6429, -0.2471, 1.0] @rail 0.950: PLANNED (32.0 s)
seed 22: PLANNED/PLANNED/PLANNED -> LOLOS
  seed 23 sampel 1/3
[INFO] [1790575441.707649592] [reach_dwell_probe]: torsi RNEA+offset(per-aktuator) vs rating: 1=0.01->6.61/10, 2=4.25->11.95/14, 3=0.66->7.26/10, 4=0.02->2.00/7, 5=0.06->2.04/7, 6=0.00->1.98/7  (terketat t1_a1_joint_2 85 %)
[INFO] [1790575476.674089859] [reach_dwell_probe]: jarak antar-lengan minimum sepanjang rencana: 504.8 mm di titik 160 (t1_a1_upper_wrist_link_0 <-> t1_a2_upper_wrist_link_0) -> CLEAR
    [0] task t2 arm_1 -> [0.2143, 0.3176, 1.0] @rail 0.000: PLANNED (35.0 s)
[INFO] [1790575476.715878477] [reach_dwell_probe]: torsi RNEA+offset(per-aktuator) vs rating: 1=0.08->6.68/10, 2=4.29->11.99/14, 3=2.04->8.64/10, 4=0.33->2.31/7, 5=0.06->2.04/7, 6=0.00->1.98/7  (terketat t1_a1_joint_3 86 %)
[INFO] [1790575495.773074907] [reach_dwell_probe]: jarak antar-lengan minimum sepanjang rencana: 500.7 mm di titik 10 (t1_a1_upper_wrist_link_0 <-> t1_a2_upper_wrist_link_0) -> CLEAR
    [1] task t5 arm_1 -> [0.3571, 0.4588, 1.08] @rail 0.000: PLANNED (19.1 s)
    [2] retract g1: se-gantry 622.7 / antar 502.8 mm -> CLEAR
    [3] traverse g1 0.000->1.250: CLEAR min 502.7 mm (t1_a2_right_finger_prox_link_0 <-> t2_a1_right_finger_prox_link_0)
[INFO] [1790575508.903304693] [reach_dwell_probe]: torsi RNEA+offset(per-aktuator) vs rating: 1=0.08->6.68/10, 2=3.03->10.73/14, 3=2.53->9.13/10, 4=0.40->2.38/7, 5=0.05->2.03/7, 6=0.00->1.98/7  (terketat t1_a1_joint_3 91 %)
[INFO] [1790575527.932356936] [reach_dwell_probe]: jarak antar-lengan minimum sepanjang rencana: 577.5 mm di titik 39 (t1_a1_forearm_link_0 <-> t1_a2_arm_link_0) -> CLEAR
    [4] task t4 arm_1 -> [1.7143, 0.3176, 1.24] @rail 1.250: PLANNED (19.1 s)
    [5] retract g2: sudah REST -> dilewati
    [6] traverse g2 0.000->0.400: CLEAR min 510.7 mm (t1_a2_right_finger_prox_link_0 <-> t2_a1_right_finger_prox_link_0)
[INFO] [1790575528.061265833] [reach_dwell_probe]: torsi RNEA+offset(per-aktuator) vs rating: 1=0.05->6.65/10, 2=4.53->12.23/14, 3=1.76->8.36/10, 4=0.33->2.31/7, 5=0.05->2.03/7, 6=0.00->1.98/7  (terketat t2_a1_joint_2 87 %)
[INFO] [1790575546.446428978] [reach_dwell_probe]: jarak antar-lengan minimum sepanjang rencana: 501.8 mm di titik 4 (t1_a2_right_finger_prox_link_0 <-> t2_a1_right_finger_prox_link_0) -> CLEAR
    [7] task t1 arm_3 -> [0.8571, -0.3176, 1.16] @rail 0.400: PLANNED (18.4 s)
    [8] retract g2: se-gantry 622.7 / antar 505.9 mm -> CLEAR
    [9] traverse g2 0.400->0.950: CLEAR min 500.8 mm (t1_a2_right_finger_prox_link_0 <-> t2_a1_right_finger_prox_link_0)
[INFO] [1790575558.951841967] [reach_dwell_probe]: torsi RNEA+offset(per-aktuator) vs rating: 1=0.01->6.61/10, 2=0.39->8.09/14, 3=2.13->8.73/10, 4=0.35->2.33/7, 5=0.05->2.03/7, 6=0.00->1.98/7  (terketat t2_a1_joint_3 87 %)
[INFO] [1790575583.446629969] [reach_dwell_probe]: jarak antar-lengan minimum sepanjang rencana: 546.1 mm di titik 37 (t1_platform_link_0 <-> t2_a1_shoulder_link_0) -> CLEAR
    [10] task t0 arm_3 -> [1.4286, -0.4588, 1.08] @rail 0.950: PLANNED (24.6 s)
[INFO] [1790575583.501952204] [reach_dwell_probe]: torsi RNEA+offset(per-aktuator) vs rating: 1=0.04->6.64/10, 2=3.81->11.51/14, 3=2.13->8.73/10, 4=0.35->2.33/7, 5=0.06->2.04/7, 6=0.00->1.98/7  (terketat t2_a1_joint_3 87 %)
[INFO] [1790575612.483615393] [reach_dwell_probe]: jarak antar-lengan minimum sepanjang rencana: 550.7 mm di titik 0 (t1_platform_link_0 <-> t2_a1_shoulder_link_0) -> CLEAR
    [11] task t3 arm_3 -> [1.3571, -0.4588, 1.0] @rail 0.950: PLANNED (29.0 s)
  seed 23 sampel 2/3
[INFO] [1790575612.540961829] [reach_dwell_probe]: torsi RNEA+offset(per-aktuator) vs rating: 1=0.06->6.66/10, 2=2.96->10.66/14, 3=1.51->8.11/10, 4=0.25->2.23/7, 5=0.06->2.04/7, 6=0.00->1.98/7  (terketat t1_a1_joint_3 81 %)
[INFO] [1790575641.796542852] [reach_dwell_probe]: jarak antar-lengan minimum sepanjang rencana: 368.4 mm di titik 70 (t1_a1_right_finger_dist_link_0 <-> t2_a1_right_finger_prox_link_0) -> CLEAR
    [0] task t2 arm_1 -> [0.2143, 0.3176, 1.0] @rail 0.000: PLANNED (29.3 s)
[INFO] [1790575641.851240907] [reach_dwell_probe]: torsi RNEA+offset(per-aktuator) vs rating: 1=0.06->6.66/10, 2=3.00->10.70/14, 3=2.09->8.69/10, 4=0.34->2.32/7, 5=0.06->2.04/7, 6=0.00->1.98/7  (terketat t1_a1_joint_3 87 %)
[INFO] [1790575690.102815318] [reach_dwell_probe]: jarak antar-lengan minimum sepanjang rencana: 401.5 mm di titik 49 (t1_a1_right_finger_prox_link_0 <-> t2_a1_right_finger_prox_link_0) -> CLEAR
    [1] task t5 arm_1 -> [0.3571, 0.4588, 1.08] @rail 0.000: PLANNED (48.3 s)
    [2] retract g1: se-gantry 603.5 / antar 505.5 mm -> CLEAR
    [3] traverse g1 0.000->1.250: CLEAR min 500.8 mm (t1_a2_right_finger_prox_link_0 <-> t2_a1_right_finger_prox_link_0)
[INFO] [1790575702.169039451] [reach_dwell_probe]: torsi RNEA+offset(per-aktuator) vs rating: 1=0.01->6.61/10, 2=2.32->10.02/14, 3=2.43->9.03/10, 4=0.41->2.39/7, 5=0.07->2.05/7, 6=0.00->1.98/7  (terketat t1_a1_joint_3 90 %)
[INFO] [1790575723.986475463] [reach_dwell_probe]: jarak antar-lengan minimum sepanjang rencana: 488.1 mm di titik 125 (t1_a1_arm_link_0 <-> t1_a2_arm_link_0) -> CLEAR
    [4] task t4 arm_1 -> [1.7143, 0.3176, 1.24] @rail 1.250: PLANNED (21.9 s)
    [5] retract g2: sudah REST -> dilewati
    [6] traverse g2 0.000->0.400: CLEAR min 506.0 mm (t1_a2_right_finger_prox_link_0 <-> t2_a1_right_finger_prox_link_0)
[INFO] [1790575724.120260192] [reach_dwell_probe]: torsi RNEA+offset(per-aktuator) vs rating: 1=0.06->6.66/10, 2=4.62->12.32/14, 3=1.72->8.32/10, 4=0.32->2.30/7, 5=0.06->2.04/7, 6=0.00->1.98/7  (terketat t2_a1_joint_2 88 %)
[INFO] [1790575740.734939287] [reach_dwell_probe]: jarak antar-lengan minimum sepanjang rencana: 501.5 mm di titik 7 (t1_a2_right_finger_prox_link_0 <-> t2_a1_right_finger_prox_link_0) -> CLEAR
    [7] task t1 arm_3 -> [0.8571, -0.3176, 1.16] @rail 0.400: PLANNED (16.7 s)
    [8] retract g2: se-gantry 622.7 / antar 505.2 mm -> CLEAR
    [9] traverse g2 0.400->0.950: CLEAR min 500.8 mm (t1_a2_right_finger_prox_link_0 <-> t2_a1_right_finger_prox_link_0)
[INFO] [1790575752.220714544] [reach_dwell_probe]: torsi RNEA+offset(per-aktuator) vs rating: 1=0.02->6.62/10, 2=0.96->8.66/14, 3=2.05->8.65/10, 4=0.35->2.33/7, 5=0.10->2.08/7, 6=0.00->1.98/7  (terketat t2_a1_joint_3 87 %)
[INFO] [1790575784.467163619] [reach_dwell_probe]: jarak antar-lengan minimum sepanjang rencana: 546.1 mm di titik 16 (t1_platform_link_0 <-> t2_a1_shoulder_link_0) -> CLEAR
    [10] task t0 arm_3 -> [1.4286, -0.4588, 1.08] @rail 0.950: PLANNED (32.3 s)
[INFO] [1790575784.503177485] [reach_dwell_probe]: torsi RNEA+offset(per-aktuator) vs rating: 1=0.06->6.66/10, 2=0.94->8.64/14, 3=2.08->8.68/10, 4=0.34->2.32/7, 5=0.06->2.04/7, 6=0.00->1.98/7  (terketat t2_a1_joint_3 87 %)
[INFO] [1790575791.468449203] [reach_dwell_probe]: jarak antar-lengan minimum sepanjang rencana: 546.1 mm di titik 27 (t1_platform_link_0 <-> t2_a1_shoulder_link_0) -> CLEAR
    [11] task t3 arm_3 -> [1.3571, -0.4588, 1.0] @rail 0.950: PLANNED (7.0 s)
  seed 23 sampel 3/3
[INFO] [1790575791.528032047] [reach_dwell_probe]: torsi RNEA+offset(per-aktuator) vs rating: 1=0.02->6.62/10, 2=4.18->11.88/14, 3=0.53->7.13/10, 4=0.05->2.03/7, 5=0.06->2.04/7, 6=0.00->1.98/7  (terketat t1_a1_joint_2 85 %)
[INFO] [1790575817.581370595] [reach_dwell_probe]: jarak antar-lengan minimum sepanjang rencana: 505.6 mm di titik 127 (t1_a1_gripper_base_link_0 <-> t1_a2_upper_wrist_link_0) -> CLEAR
    [0] task t2 arm_1 -> [0.2143, 0.3176, 1.0] @rail 0.000: PLANNED (26.1 s)
[INFO] [1790575817.634845938] [reach_dwell_probe]: torsi RNEA+offset(per-aktuator) vs rating: 1=0.11->6.71/10, 2=4.90->12.60/14, 3=1.13->7.73/10, 4=0.19->2.17/7, 5=0.06->2.04/7, 6=0.00->1.98/7  (terketat t1_a1_joint_2 90 %)
[INFO] [1790575840.470269372] [reach_dwell_probe]: jarak antar-lengan minimum sepanjang rencana: 483.2 mm di titik 33 (t1_a1_gripper_base_link_0 <-> t2_a1_right_finger_prox_link_0) -> CLEAR
    [1] task t5 arm_1 -> [0.3571, 0.4588, 1.08] @rail 0.000: PLANNED (22.9 s)
    [2] retract g1: se-gantry 494.5 / antar 561.3 mm -> CLEAR
    [3] traverse g1 0.000->1.250: CLEAR min 500.8 mm (t1_a2_right_finger_prox_link_0 <-> t2_a1_right_finger_prox_link_0)
[INFO] [1790575854.482317208] [reach_dwell_probe]: torsi RNEA+offset(per-aktuator) vs rating: 1=0.09->6.69/10, 2=2.88->10.58/14, 3=2.54->9.14/10, 4=0.40->2.38/7, 5=0.06->2.04/7, 6=0.00->1.98/7  (terketat t1_a1_joint_3 91 %)
[INFO] [1790575875.487318384] [reach_dwell_probe]: jarak antar-lengan minimum sepanjang rencana: 578.7 mm di titik 39 (t1_a1_forearm_link_0 <-> t1_a2_arm_link_0) -> CLEAR
    [4] task t4 arm_1 -> [1.7143, 0.3176, 1.24] @rail 1.250: PLANNED (21.0 s)
    [5] retract g2: sudah REST -> dilewati
    [6] traverse g2 0.000->0.400: CLEAR min 506.0 mm (t1_a2_right_finger_prox_link_0 <-> t2_a1_right_finger_prox_link_0)
[INFO] [1790575875.613541942] [reach_dwell_probe]: torsi RNEA+offset(per-aktuator) vs rating: 1=0.03->6.63/10, 2=2.82->10.52/14, 3=2.32->8.92/10, 4=0.35->2.33/7, 5=0.06->2.04/7, 6=0.00->1.98/7  (terketat t2_a1_joint_3 89 %)
[INFO] [1790575891.717528346] [reach_dwell_probe]: jarak antar-lengan minimum sepanjang rencana: 494.1 mm di titik 17 (t1_a2_right_finger_prox_link_0 <-> t2_a1_right_finger_prox_link_0) -> CLEAR
    [7] task t1 arm_3 -> [0.8571, -0.3176, 1.16] @rail 0.400: PLANNED (16.2 s)
    [8] retract g2: se-gantry 536.4 / antar 498.3 mm -> CLEAR
    [9] traverse g2 0.400->0.950: CLEAR min 500.8 mm (t1_a2_right_finger_prox_link_0 <-> t2_a1_right_finger_prox_link_0)
[INFO] [1790575904.207940140] [reach_dwell_probe]: torsi RNEA+offset(per-aktuator) vs rating: 1=0.04->6.64/10, 2=4.78->12.48/14, 3=1.13->7.73/10, 4=0.17->2.15/7, 5=0.06->2.04/7, 6=0.00->1.98/7  (terketat t2_a1_joint_2 89 %)
[INFO] [1790575930.604146282] [reach_dwell_probe]: jarak antar-lengan minimum sepanjang rencana: 546.1 mm di titik 7 (t1_platform_link_0 <-> t2_a1_shoulder_link_0) -> CLEAR
    [10] task t0 arm_3 -> [1.4286, -0.4588, 1.08] @rail 0.950: PLANNED (26.5 s)
[INFO] [1790575930.636174174] [reach_dwell_probe]: torsi RNEA+offset(per-aktuator) vs rating: 1=0.06->6.66/10, 2=4.82->12.52/14, 3=1.07->7.67/10, 4=0.17->2.15/7, 5=0.06->2.04/7, 6=0.00->1.98/7  (terketat t2_a1_joint_2 89 %)
[INFO] [1790575939.062877405] [reach_dwell_probe]: jarak antar-lengan minimum sepanjang rencana: 546.1 mm di titik 2 (t1_platform_link_0 <-> t2_a1_shoulder_link_0) -> CLEAR
    [11] task t3 arm_3 -> [1.3571, -0.4588, 1.0] @rail 0.950: PLANNED (8.5 s)
seed 23: PLANNED/PLANNED/PLANNED -> LOLOS
  seed 26 sampel 1/3
    [0] retract g1: sudah REST -> dilewati
    [1] traverse g1 0.000->0.750: CLEAR min 501.5 mm (t1_a2_right_finger_prox_link_0 <-> t2_a1_right_finger_prox_link_0)
[INFO] [1790575939.258169741] [reach_dwell_probe]: torsi RNEA+offset(per-aktuator) vs rating: 1=0.03->6.63/10, 2=2.82->10.52/14, 3=2.12->8.72/10, 4=0.37->2.35/7, 5=0.05->2.03/7, 6=0.00->1.98/7  (terketat t1_a2_joint_3 87 %)
[INFO] [1790575956.388928762] [reach_dwell_probe]: jarak antar-lengan minimum sepanjang rencana: 427.7 mm di titik 85 (t1_a2_arm_link_0 <-> t2_a1_arm_link_0) -> CLEAR
    [2] task t1 arm_2 -> [0.4286, 0.3882, 1.16] @rail 0.750: PLANNED (17.2 s)
[INFO] [1790575956.453766993] [reach_dwell_probe]: torsi RNEA+offset(per-aktuator) vs rating: 1=0.03->6.63/10, 2=4.05->11.75/14, 3=2.15->8.75/10, 4=0.38->2.36/7, 5=0.09->2.07/7, 6=0.00->1.98/7  (terketat t1_a2_joint_3 88 %)
[INFO] [1790575982.722235000] [reach_dwell_probe]: jarak antar-lengan minimum sepanjang rencana: 427.7 mm di titik 0 (t1_a2_arm_link_0 <-> t2_a1_arm_link_0) -> CLEAR
    [3] task t5 arm_2 -> [0.1429, 0.3176, 1.0] @rail 0.750: PLANNED (26.3 s)
    [4] retract g1: se-gantry 622.7 / antar 497.8 mm -> CLEAR
    [5] traverse g1 0.750->1.100: CLEAR min 500.8 mm (t1_a2_right_finger_prox_link_0 <-> t2_a1_right_finger_prox_link_0)
[INFO] [1790575994.887422824] [reach_dwell_probe]: torsi RNEA+offset(per-aktuator) vs rating: 1=0.06->6.66/10, 2=3.27->10.97/14, 3=0.67->7.27/10, 4=0.08->2.06/7, 5=0.05->2.03/7, 6=0.00->1.98/7  (terketat t1_a1_joint_2 78 %)
[INFO] [1790576005.260093591] [reach_dwell_probe]: jarak antar-lengan minimum sepanjang rencana: 577.6 mm di titik 22 (t1_a1_arm_link_0 <-> t1_a2_arm_link_0) -> CLEAR
    [6] task t2 arm_1 -> [1.4286, 0.2471, 1.0] @rail 1.100: PLANNED (10.4 s)
[INFO] [1790576005.315353582] [reach_dwell_probe]: torsi RNEA+offset(per-aktuator) vs rating: 1=0.15->6.75/10, 2=5.31->13.01/14, 3=1.90->8.50/10, 4=0.34->2.32/7, 5=0.06->2.04/7, 6=0.00->1.98/7  (terketat t1_a1_joint_2 93 %)
[INFO] [1790576033.175181471] [reach_dwell_probe]: jarak antar-lengan minimum sepanjang rencana: 587.2 mm di titik 20 (t1_a1_arm_link_0 <-> t1_a2_arm_link_0) -> CLEAR
    [7] task t4 arm_1 -> [1.5714, 0.3176, 1.24] @rail 1.100: PLANNED (27.9 s)
    [8] retract g2: sudah REST -> dilewati
    [9] traverse g2 0.000->0.550: CLEAR min 500.8 mm (t1_a2_right_finger_prox_link_0 <-> t2_a1_right_finger_prox_link_0)
[INFO] [1790576033.341680530] [reach_dwell_probe]: torsi RNEA+offset(per-aktuator) vs rating: 1=0.04->6.64/10, 2=2.74->10.44/14, 3=2.42->9.02/10, 4=0.41->2.39/7, 5=0.07->2.05/7, 6=0.00->1.98/7  (terketat t2_a1_joint_3 90 %)
[INFO] [1790576056.474933840] [reach_dwell_probe]: jarak antar-lengan minimum sepanjang rencana: 546.1 mm di titik 8 (t1_platform_link_0 <-> t2_a1_shoulder_link_0) -> CLEAR
    [10] task t0 arm_3 -> [1.0, -0.3176, 1.24] @rail 0.550: PLANNED (23.2 s)
[INFO] [1790576056.506371436] [reach_dwell_probe]: torsi RNEA+offset(per-aktuator) vs rating: 1=0.09->6.69/10, 2=2.77->10.47/14, 3=2.42->9.02/10, 4=0.40->2.38/7, 5=0.06->2.04/7, 6=0.00->1.98/7  (terketat t2_a1_joint_3 90 %)
[INFO] [1790576067.209153753] [reach_dwell_probe]: jarak antar-lengan minimum sepanjang rencana: 507.8 mm di titik 45 (t2_a1_arm_link_0 <-> t2_a2_arm_link_0) -> CLEAR
    [11] task t3 arm_3 -> [1.0, -0.3882, 1.08] @rail 0.550: PLANNED (10.7 s)
  seed 26 sampel 2/3
    [0] retract g1: sudah REST -> dilewati
    [1] traverse g1 0.000->0.750: CLEAR min 502.8 mm (t1_a2_right_finger_prox_link_0 <-> t2_a1_right_finger_prox_link_0)
[INFO] [1790576067.399285700] [reach_dwell_probe]: torsi RNEA+offset(per-aktuator) vs rating: 1=0.08->6.68/10, 2=1.89->9.59/14, 3=2.43->9.03/10, 4=0.37->2.35/7, 5=0.06->2.04/7, 6=0.00->1.98/7  (terketat t1_a2_joint_3 90 %)
[INFO] [1790576087.110343913] [reach_dwell_probe]: jarak antar-lengan minimum sepanjang rencana: 492.6 mm di titik 17 (t1_a2_right_finger_prox_link_0 <-> t2_a1_right_finger_prox_link_0) -> CLEAR
    [2] task t1 arm_2 -> [0.4286, 0.3882, 1.16] @rail 0.750: PLANNED (19.8 s)
[INFO] [1790576087.175022442] [reach_dwell_probe]: torsi RNEA+offset(per-aktuator) vs rating: 1=0.08->6.68/10, 2=5.05->12.75/14, 3=2.45->9.05/10, 4=0.39->2.37/7, 5=0.12->2.10/7, 6=0.00->1.98/7  (terketat t1_a2_joint_2 91 %)
[INFO] [1790576114.353122794] [reach_dwell_probe]: jarak antar-lengan minimum sepanjang rencana: 246.5 mm di titik 75 (t1_a2_right_finger_dist_link_0 <-> t2_a1_right_finger_prox_link_0) -> CLEAR
    [3] task t5 arm_2 -> [0.1429, 0.3176, 1.0] @rail 0.750: PLANNED (27.2 s)
    [4] retract g1: se-gantry 622.7 / antar 499.4 mm -> CLEAR
    [5] traverse g1 0.750->1.100: CLEAR min 500.8 mm (t1_a2_right_finger_prox_link_0 <-> t2_a1_right_finger_prox_link_0)
[INFO] [1790576126.478129003] [reach_dwell_probe]: torsi RNEA+offset(per-aktuator) vs rating: 1=0.00->6.60/10, 2=0.46->8.16/14, 3=1.44->8.04/10, 4=0.24->2.22/7, 5=0.08->2.06/7, 6=0.00->1.98/7  (terketat t1_a1_joint_3 80 %)
[INFO] [1790576154.323635258] [reach_dwell_probe]: jarak antar-lengan minimum sepanjang rencana: 591.9 mm di titik 128 (t1_a1_lower_wrist_link_0 <-> t1_a2_upper_wrist_link_0) -> CLEAR
    [6] task t2 arm_1 -> [1.4286, 0.2471, 1.0] @rail 1.100: PLANNED (27.9 s)
[INFO] [1790576154.384247205] [reach_dwell_probe]: torsi RNEA+offset(per-aktuator) vs rating: 1=0.10->6.70/10, 2=5.40->13.10/14, 3=1.87->8.47/10, 4=0.34->2.32/7, 5=0.07->2.05/7, 6=0.00->1.98/7  (terketat t1_a1_joint_2 94 %)
[INFO] [1790576179.347420859] [reach_dwell_probe]: jarak antar-lengan minimum sepanjang rencana: 558.9 mm di titik 50 (t1_a1_left_finger_dist_link_0 <-> t1_a2_upper_wrist_link_0) -> CLEAR
    [7] task t4 arm_1 -> [1.5714, 0.3176, 1.24] @rail 1.100: PLANNED (25.0 s)
    [8] retract g2: sudah REST -> dilewati
    [9] traverse g2 0.000->0.550: CLEAR min 500.8 mm (t1_a2_right_finger_prox_link_0 <-> t2_a1_right_finger_prox_link_0)
[INFO] [1790576179.508212889] [reach_dwell_probe]: torsi RNEA+offset(per-aktuator) vs rating: 1=0.10->6.70/10, 2=4.32->12.02/14, 3=2.36->8.96/10, 4=0.37->2.35/7, 5=0.05->2.03/7, 6=0.00->1.98/7  (terketat t2_a1_joint_3 90 %)
[INFO] [1790576197.267194235] [reach_dwell_probe]: jarak antar-lengan minimum sepanjang rencana: 390.6 mm di titik 90 (t1_a2_arm_link_0 <-> t2_a1_forearm_link_0) -> CLEAR
    [10] task t0 arm_3 -> [1.0, -0.3176, 1.24] @rail 0.550: PLANNED (17.8 s)
[INFO] [1790576197.336728908] [reach_dwell_probe]: torsi RNEA+offset(per-aktuator) vs rating: 1=0.06->6.66/10, 2=4.36->12.06/14, 3=2.38->8.98/10, 4=0.38->2.36/7, 5=0.09->2.07/7, 6=0.00->1.98/7  (terketat t2_a1_joint_3 90 %)
[INFO] [1790576225.147799903] [reach_dwell_probe]: jarak antar-lengan minimum sepanjang rencana: 390.6 mm di titik 0 (t1_a2_arm_link_0 <-> t2_a1_forearm_link_0) -> CLEAR
    [11] task t3 arm_3 -> [1.0, -0.3882, 1.08] @rail 0.550: PLANNED (27.9 s)
  seed 26 sampel 3/3
    [0] retract g1: sudah REST -> dilewati
    [1] traverse g1 0.000->0.750: CLEAR min 502.8 mm (t1_a2_right_finger_prox_link_0 <-> t2_a1_right_finger_prox_link_0)
[INFO] [1790576225.336378088] [reach_dwell_probe]: torsi RNEA+offset(per-aktuator) vs rating: 1=0.02->6.62/10, 2=2.66->10.36/14, 3=2.14->8.74/10, 4=0.38->2.36/7, 5=0.05->2.03/7, 6=0.00->1.98/7  (terketat t1_a2_joint_3 87 %)
[INFO] [1790576243.970432352] [reach_dwell_probe]: jarak antar-lengan minimum sepanjang rencana: 439.2 mm di titik 86 (t1_a2_arm_link_0 <-> t2_a1_arm_link_0) -> CLEAR
    [2] task t1 arm_2 -> [0.4286, 0.3882, 1.16] @rail 0.750: PLANNED (18.7 s)
[INFO] [1790576244.033417817] [reach_dwell_probe]: torsi RNEA+offset(per-aktuator) vs rating: 1=0.06->6.66/10, 2=4.01->11.71/14, 3=2.18->8.78/10, 4=0.38->2.36/7, 5=0.06->2.04/7, 6=0.00->1.98/7  (terketat t1_a2_joint_3 88 %)
[INFO] [1790576264.518889715] [reach_dwell_probe]: jarak antar-lengan minimum sepanjang rencana: 439.2 mm di titik 0 (t1_a2_arm_link_0 <-> t2_a1_arm_link_0) -> CLEAR
    [3] task t5 arm_2 -> [0.1429, 0.3176, 1.0] @rail 0.750: PLANNED (20.5 s)
    [4] retract g1: se-gantry 622.7 / antar 485.5 mm -> CLEAR
    [5] traverse g1 0.750->1.100: CLEAR min 502.7 mm (t1_a2_right_finger_prox_link_0 <-> t2_a1_right_finger_prox_link_0)
[INFO] [1790576276.845421072] [reach_dwell_probe]: torsi RNEA+offset(per-aktuator) vs rating: 1=0.02->6.62/10, 2=3.33->11.03/14, 3=0.68->7.28/10, 4=0.07->2.05/7, 5=0.05->2.03/7, 6=0.00->1.98/7  (terketat t1_a1_joint_2 79 %)
[INFO] [1790576294.029074113] [reach_dwell_probe]: jarak antar-lengan minimum sepanjang rencana: 579.2 mm di titik 35 (t1_a1_arm_link_0 <-> t1_a2_arm_link_0) -> CLEAR
    [6] task t2 arm_1 -> [1.4286, 0.2471, 1.0] @rail 1.100: PLANNED (17.2 s)
[INFO] [1790576294.079813790] [reach_dwell_probe]: torsi RNEA+offset(per-aktuator) vs rating: 1=0.08->6.68/10, 2=3.37->11.07/14, 3=2.56->9.16/10, 4=0.42->2.40/7, 5=0.06->2.04/7, 6=0.00->1.98/7  (terketat t1_a1_joint_3 92 %)
[INFO] [1790576320.845859050] [reach_dwell_probe]: jarak antar-lengan minimum sepanjang rencana: 496.9 mm di titik 52 (t1_a1_arm_link_0 <-> t1_a2_arm_link_0) -> CLEAR
    [7] task t4 arm_1 -> [1.5714, 0.3176, 1.24] @rail 1.100: PLANNED (26.8 s)
    [8] retract g2: sudah REST -> dilewati
    [9] traverse g2 0.000->0.550: CLEAR min 502.7 mm (t1_a2_right_finger_prox_link_0 <-> t2_a1_right_finger_prox_link_0)
[INFO] [1790576321.071571155] [reach_dwell_probe]: torsi RNEA+offset(per-aktuator) vs rating: 1=0.09->6.69/10, 2=3.73->11.43/14, 3=2.31->8.91/10, 4=0.40->2.38/7, 5=0.06->2.04/7, 6=0.00->1.98/7  (terketat t2_a1_joint_3 89 %)
[INFO] [1790576341.237754969] [reach_dwell_probe]: jarak antar-lengan minimum sepanjang rencana: 546.1 mm di titik 17 (t1_platform_link_0 <-> t2_a1_shoulder_link_0) -> CLEAR
    [10] task t0 arm_3 -> [1.0, -0.3176, 1.24] @rail 0.550: PLANNED (20.3 s)
[INFO] [1790576341.316400405] [reach_dwell_probe]: torsi RNEA+offset(per-aktuator) vs rating: 1=0.07->6.67/10, 2=3.78->11.48/14, 3=2.32->8.92/10, 4=0.40->2.38/7, 5=0.11->2.09/7, 6=0.00->1.98/7  (terketat t2_a1_joint_3 89 %)
[INFO] [1790576372.481225354] [reach_dwell_probe]: jarak antar-lengan minimum sepanjang rencana: 511.7 mm di titik 155 (t2_a1_arm_link_0 <-> t2_a2_arm_link_0) -> CLEAR
    [11] task t3 arm_3 -> [1.0, -0.3882, 1.08] @rail 0.550: PLANNED (31.2 s)
seed 26: PLANNED/PLANNED/PLANNED -> LOLOS
  seed 29 sampel 1/3
[INFO] [1790576372.539604778] [reach_dwell_probe]: torsi RNEA+offset(per-aktuator) vs rating: 1=0.09->6.69/10, 2=4.11->11.81/14, 3=0.40->7.00/10, 4=0.10->2.08/7, 5=0.05->2.03/7, 6=0.00->1.98/7  (terketat t1_a1_joint_2 84 %)
[INFO] [1790576395.850083157] [reach_dwell_probe]: jarak antar-lengan minimum sepanjang rencana: 448.1 mm di titik 101 (t1_a1_arm_link_0 <-> t2_a1_arm_link_0) -> CLEAR
    [0] task t1 arm_1 -> [0.4286, 0.2471, 1.0] @rail 0.000: PLANNED (23.4 s)
    [1] retract g1: se-gantry 622.7 / antar 448.2 mm -> CLEAR
    [2] traverse g1 0.000->0.550: CLEAR min 543.5 mm (t1_a2_right_finger_prox_link_0 <-> t2_a1_right_finger_prox_link_0)
[INFO] [1790576409.463653875] [reach_dwell_probe]: torsi RNEA+offset(per-aktuator) vs rating: 1=0.03->6.63/10, 2=0.47->8.17/14, 3=2.22->8.82/10, 4=0.34->2.32/7, 5=0.05->2.03/7, 6=0.00->1.98/7  (terketat t1_a1_joint_3 88 %)
[INFO] [1790576431.103312579] [reach_dwell_probe]: jarak antar-lengan minimum sepanjang rencana: 620.0 mm di titik 34 (t1_a1_forearm_link_0 <-> t1_a2_arm_link_0) -> CLEAR
    [3] task t0 arm_1 -> [1.0, 0.2471, 1.08] @rail 0.550: PLANNED (21.7 s)
[INFO] [1790576431.141591029] [reach_dwell_probe]: torsi RNEA+offset(per-aktuator) vs rating: 1=0.01->6.61/10, 2=3.85->11.55/14, 3=2.11->8.71/10, 4=0.31->2.29/7, 5=0.05->2.03/7, 6=0.00->1.98/7  (terketat t1_a2_joint_3 87 %)
[INFO] [1790576448.497687981] [reach_dwell_probe]: jarak antar-lengan minimum sepanjang rencana: 534.3 mm di titik 74 (t1_a1_shoulder_link_0 <-> t1_a2_arm_link_0) -> CLEAR
    [4] task t3 arm_2 -> [0.2143, 0.3176, 1.16] @rail 0.550: PLANNED (17.4 s)
[INFO] [1790576448.544438263] [reach_dwell_probe]: torsi RNEA+offset(per-aktuator) vs rating: 1=0.04->6.64/10, 2=3.92->11.62/14, 3=2.24->8.84/10, 4=0.35->2.33/7, 5=0.09->2.07/7, 6=0.00->1.98/7  (terketat t1_a2_joint_3 88 %)
[INFO] [1790576480.419202196] [reach_dwell_probe]: jarak antar-lengan minimum sepanjang rencana: 526.3 mm di titik 18 (t1_a2_right_finger_prox_link_0 <-> t2_a1_upper_wrist_link_0) -> CLEAR
    [5] task t4 arm_2 -> [0.0714, 0.4588, 1.08] @rail 0.550: PLANNED (31.9 s)
    [6] retract g2: sudah REST -> dilewati
    [7] traverse g2 0.000->0.750: CLEAR min 485.6 mm (t1_a1_right_finger_dist_link_0 <-> t2_a1_right_finger_prox_link_0)
[INFO] [1790576480.625174453] [reach_dwell_probe]: torsi RNEA+offset(per-aktuator) vs rating: 1=0.05->6.65/10, 2=3.05->10.75/14, 3=1.52->8.12/10, 4=0.25->2.23/7, 5=0.05->2.03/7, 6=0.00->1.98/7  (terketat t2_a1_joint_3 81 %)
[INFO] [1790576509.152578595] [reach_dwell_probe]: jarak antar-lengan minimum sepanjang rencana: 508.6 mm di titik 0 (t1_a1_right_finger_dist_link_0 <-> t2_a1_right_finger_prox_link_0) -> CLEAR
    [8] task t2 arm_3 -> [1.0714, -0.5294, 1.0] @rail 0.750: PLANNED (28.6 s)
[INFO] [1790576509.187225615] [reach_dwell_probe]: torsi RNEA+offset(per-aktuator) vs rating: 1=0.06->6.66/10, 2=4.01->11.71/14, 3=1.53->8.13/10, 4=0.24->2.22/7, 5=0.05->2.03/7, 6=0.00->1.98/7  (terketat t2_a1_joint_2 84 %)
[INFO] [1790576521.918839761] [reach_dwell_probe]: jarak antar-lengan minimum sepanjang rencana: 612.0 mm di titik 50 (t1_a1_upper_wrist_link_0 <-> t2_a1_arm_link_0) -> CLEAR
    [9] task t5 arm_3 -> [1.2857, -0.5294, 1.0] @rail 0.750: PLANNED (12.8 s)
  seed 29 sampel 2/3
[INFO] [1790576521.979425658] [reach_dwell_probe]: torsi RNEA+offset(per-aktuator) vs rating: 1=0.03->6.63/10, 2=0.94->8.64/14, 3=1.70->8.30/10, 4=0.24->2.22/7, 5=0.07->2.05/7, 6=0.00->1.98/7  (terketat t1_a1_joint_3 83 %)
[INFO] [1790576545.429220756] [reach_dwell_probe]: jarak antar-lengan minimum sepanjang rencana: 449.8 mm di titik 102 (t1_a1_left_finger_prox_link_0 <-> t2_a1_right_finger_prox_link_0) -> CLEAR
    [0] task t1 arm_1 -> [0.4286, 0.2471, 1.0] @rail 0.000: PLANNED (23.5 s)
    [1] retract g1: se-gantry 622.7 / antar 449.9 mm -> CLEAR
    [2] traverse g1 0.000->0.550: CLEAR min 543.5 mm (t1_a2_right_finger_prox_link_0 <-> t2_a1_right_finger_prox_link_0)
[INFO] [1790576559.158867019] [reach_dwell_probe]: torsi RNEA+offset(per-aktuator) vs rating: 1=0.04->6.64/10, 2=4.66->12.36/14, 3=1.15->7.75/10, 4=0.17->2.15/7, 5=0.06->2.04/7, 6=0.00->1.98/7  (terketat t1_a1_joint_2 88 %)
[INFO] [1790576583.440662942] [reach_dwell_probe]: jarak antar-lengan minimum sepanjang rencana: 563.1 mm di titik 54 (t1_a1_arm_link_0 <-> t1_a2_arm_link_0) -> CLEAR
    [3] task t0 arm_1 -> [1.0, 0.2471, 1.08] @rail 0.550: PLANNED (24.3 s)
[INFO] [1790576583.484967309] [reach_dwell_probe]: torsi RNEA+offset(per-aktuator) vs rating: 1=0.01->6.61/10, 2=3.66->11.36/14, 3=2.16->8.76/10, 4=0.32->2.30/7, 5=0.06->2.04/7, 6=0.00->1.98/7  (terketat t1_a2_joint_3 88 %)
[INFO] [1790576601.550154188] [reach_dwell_probe]: jarak antar-lengan minimum sepanjang rencana: 482.8 mm di titik 75 (t1_a1_arm_link_0 <-> t1_a2_arm_link_0) -> CLEAR
    [4] task t3 arm_2 -> [0.2143, 0.3176, 1.16] @rail 0.550: PLANNED (18.1 s)
[INFO] [1790576601.609923248] [reach_dwell_probe]: torsi RNEA+offset(per-aktuator) vs rating: 1=0.03->6.63/10, 2=3.72->11.42/14, 3=2.28->8.88/10, 4=0.36->2.34/7, 5=0.08->2.06/7, 6=0.00->1.98/7  (terketat t1_a2_joint_3 89 %)
[INFO] [1790576632.636602983] [reach_dwell_probe]: jarak antar-lengan minimum sepanjang rencana: 482.8 mm di titik 0 (t1_a1_arm_link_0 <-> t1_a2_arm_link_0) -> CLEAR
    [5] task t4 arm_2 -> [0.0714, 0.4588, 1.08] @rail 0.550: PLANNED (31.1 s)
    [6] retract g2: sudah REST -> dilewati
    [7] traverse g2 0.000->0.750: CLEAR min 384.1 mm (t1_a1_arm_link_0 <-> t2_a1_arm_link_0)
[INFO] [1790576632.840848151] [reach_dwell_probe]: torsi RNEA+offset(per-aktuator) vs rating: 1=0.00->6.60/10, 2=2.00->9.70/14, 3=1.42->8.02/10, 4=0.25->2.23/7, 5=0.09->2.07/7, 6=0.00->1.98/7  (terketat t2_a1_joint_3 80 %)
[INFO] [1790576659.033444780] [reach_dwell_probe]: jarak antar-lengan minimum sepanjang rencana: 461.2 mm di titik 0 (t1_a1_arm_link_0 <-> t2_a1_arm_link_0) -> CLEAR
    [8] task t2 arm_3 -> [1.0714, -0.5294, 1.0] @rail 0.750: PLANNED (26.2 s)
[INFO] [1790576659.078214579] [reach_dwell_probe]: torsi RNEA+offset(per-aktuator) vs rating: 1=0.07->6.67/10, 2=3.79->11.49/14, 3=1.44->8.04/10, 4=0.25->2.23/7, 5=0.06->2.04/7, 6=0.00->1.98/7  (terketat t2_a1_joint_2 82 %)
[INFO] [1790576675.602961063] [reach_dwell_probe]: jarak antar-lengan minimum sepanjang rencana: 438.2 mm di titik 23 (t1_a1_arm_link_0 <-> t2_a1_arm_link_0) -> CLEAR
    [9] task t5 arm_3 -> [1.2857, -0.5294, 1.0] @rail 0.750: PLANNED (16.6 s)
  seed 29 sampel 3/3
[INFO] [1790576675.650226758] [reach_dwell_probe]: torsi RNEA+offset(per-aktuator) vs rating: 1=0.02->6.62/10, 2=3.27->10.97/14, 3=0.83->7.43/10, 4=0.09->2.07/7, 5=0.06->2.04/7, 6=0.00->1.98/7  (terketat t1_a1_joint_2 78 %)
[INFO] [1790576702.492424283] [reach_dwell_probe]: jarak antar-lengan minimum sepanjang rencana: 480.7 mm di titik 130 (t1_a1_gripper_base_link_0 <-> t2_a1_right_finger_prox_link_0) -> CLEAR
    [0] task t1 arm_1 -> [0.4286, 0.2471, 1.0] @rail 0.000: PLANNED (26.9 s)
    [1] retract g1: se-gantry 578.8 / antar 462.7 mm -> CLEAR
    [2] traverse g1 0.000->0.550: CLEAR min 543.5 mm (t1_a2_right_finger_prox_link_0 <-> t2_a1_right_finger_prox_link_0)
[INFO] [1790576715.143155063] [reach_dwell_probe]: torsi RNEA+offset(per-aktuator) vs rating: 1=0.04->6.64/10, 2=4.64->12.34/14, 3=1.17->7.77/10, 4=0.18->2.16/7, 5=0.06->2.04/7, 6=0.00->1.98/7  (terketat t1_a1_joint_2 88 %)
[INFO] [1790576740.881517373] [reach_dwell_probe]: jarak antar-lengan minimum sepanjang rencana: 562.3 mm di titik 54 (t1_a1_arm_link_0 <-> t1_a2_arm_link_0) -> CLEAR
    [3] task t0 arm_1 -> [1.0, 0.2471, 1.08] @rail 0.550: PLANNED (25.8 s)
[INFO] [1790576740.923208315] [reach_dwell_probe]: torsi RNEA+offset(per-aktuator) vs rating: 1=0.02->6.62/10, 2=3.83->11.53/14, 3=2.12->8.72/10, 4=0.31->2.29/7, 5=0.05->2.03/7, 6=0.00->1.98/7  (terketat t1_a2_joint_3 87 %)
[INFO] [1790576760.018490445] [reach_dwell_probe]: jarak antar-lengan minimum sepanjang rencana: 490.2 mm di titik 75 (t1_a1_arm_link_0 <-> t1_a2_arm_link_0) -> CLEAR
    [4] task t3 arm_2 -> [0.2143, 0.3176, 1.16] @rail 0.550: PLANNED (19.1 s)
[INFO] [1790576760.076594815] [reach_dwell_probe]: torsi RNEA+offset(per-aktuator) vs rating: 1=0.04->6.64/10, 2=3.89->11.59/14, 3=2.25->8.85/10, 4=0.36->2.34/7, 5=0.08->2.06/7, 6=0.00->1.98/7  (terketat t1_a2_joint_3 89 %)
[INFO] [1790576790.711682678] [reach_dwell_probe]: jarak antar-lengan minimum sepanjang rencana: 487.3 mm di titik 15 (t1_a1_arm_link_0 <-> t1_a2_arm_link_0) -> CLEAR
    [5] task t4 arm_2 -> [0.0714, 0.4588, 1.08] @rail 0.550: PLANNED (30.7 s)
    [6] retract g2: sudah REST -> dilewati
    [7] traverse g2 0.000->0.750: CLEAR min 384.1 mm (t1_a1_arm_link_0 <-> t2_a1_arm_link_0)
[INFO] [1790576790.917568571] [reach_dwell_probe]: torsi RNEA+offset(per-aktuator) vs rating: 1=0.00->6.60/10, 2=1.94->9.64/14, 3=1.42->8.02/10, 4=0.25->2.23/7, 5=0.08->2.06/7, 6=0.00->1.98/7  (terketat t2_a1_joint_3 80 %)
[INFO] [1790576818.385985202] [reach_dwell_probe]: jarak antar-lengan minimum sepanjang rencana: 463.3 mm di titik 0 (t1_a1_arm_link_0 <-> t2_a1_arm_link_0) -> CLEAR
    [8] task t2 arm_3 -> [1.0714, -0.5294, 1.0] @rail 0.750: PLANNED (27.5 s)
[INFO] [1790576818.426673634] [reach_dwell_probe]: torsi RNEA+offset(per-aktuator) vs rating: 1=0.11->6.71/10, 2=4.92->12.62/14, 3=1.45->8.05/10, 4=0.24->2.22/7, 5=0.06->2.04/7, 6=0.00->1.98/7  (terketat t2_a1_joint_2 90 %)
[INFO] [1790576835.107989815] [reach_dwell_probe]: jarak antar-lengan minimum sepanjang rencana: 440.2 mm di titik 25 (t1_a1_arm_link_0 <-> t2_a1_arm_link_0) -> CLEAR
    [9] task t5 arm_3 -> [1.2857, -0.5294, 1.0] @rail 0.750: PLANNED (16.7 s)
seed 29: PLANNED/PLANNED/PLANNED -> LOLOS
  seed 33 sampel 1/3
    [0] retract g1: sudah REST -> dilewati
    [1] traverse g1 0.000->0.750: CLEAR min 502.8 mm (t1_a2_right_finger_prox_link_0 <-> t2_a1_right_finger_prox_link_0)
[INFO] [1790576835.304052055] [reach_dwell_probe]: torsi RNEA+offset(per-aktuator) vs rating: 1=0.02->6.62/10, 2=2.03->9.73/14, 3=2.35->8.95/10, 4=0.41->2.39/7, 5=0.11->2.09/7, 6=0.00->1.98/7  (terketat t1_a1_joint_3 89 %)
[INFO] [1790576862.252081540] [reach_dwell_probe]: jarak antar-lengan minimum sepanjang rencana: 577.8 mm di titik 61 (t1_a1_left_finger_prox_link_0 <-> t1_a2_upper_wrist_link_0) -> CLEAR
    [2] task t2 arm_1 -> [1.0714, 0.3176, 1.16] @rail 0.750: PLANNED (27.0 s)
[INFO] [1790576862.295775541] [reach_dwell_probe]: torsi RNEA+offset(per-aktuator) vs rating: 1=0.07->6.67/10, 2=2.24->9.94/14, 3=2.21->8.81/10, 4=0.38->2.36/7, 5=0.05->2.03/7, 6=0.00->1.98/7  (terketat t1_a2_joint_3 88 %)
[INFO] [1790576888.341741062] [reach_dwell_probe]: jarak antar-lengan minimum sepanjang rencana: 500.9 mm di titik 0 (t1_a2_right_finger_prox_link_0 <-> t2_a1_right_finger_prox_link_0) -> CLEAR
    [3] task t3 arm_2 -> [0.3571, 0.4588, 1.16] @rail 0.750: PLANNED (26.1 s)
    [4] retract g1: se-gantry 520.2 / antar 500.9 mm -> CLEAR
    [5] traverse g1 0.750->1.300: CLEAR min 498.9 mm (t1_a2_right_finger_prox_link_0 <-> t2_a1_right_finger_prox_link_0)
[INFO] [1790576904.213106309] [reach_dwell_probe]: torsi RNEA+offset(per-aktuator) vs rating: 1=0.01->6.61/10, 2=5.22->12.92/14, 3=0.69->7.29/10, 4=0.01->1.99/7, 5=0.06->2.04/7, 6=0.00->1.98/7  (terketat t1_a1_joint_2 92 %)
[INFO] [1790576922.670782209] [reach_dwell_probe]: jarak antar-lengan minimum sepanjang rencana: 622.7 mm di titik 0 (t1_a1_arm_link_0 <-> t1_a2_arm_link_0) -> CLEAR
    [6] task t1 arm_1 -> [1.8571, 0.5294, 1.0] @rail 1.300: PLANNED (18.5 s)
[INFO] [1790576922.709271261] [reach_dwell_probe]: torsi RNEA+offset(per-aktuator) vs rating: 1=0.07->6.67/10, 2=4.05->11.75/14, 3=0.38->6.98/10, 4=0.10->2.08/7, 5=0.06->2.04/7, 6=0.00->1.98/7  (terketat t2_a1_joint_2 84 %)
[INFO] [1790576933.928623071] [reach_dwell_probe]: jarak antar-lengan minimum sepanjang rencana: 564.0 mm di titik 40 (t2_a1_forearm_link_0 <-> t2_a2_arm_link_0) -> CLEAR
    [7] task t5 arm_3 -> [0.2857, -0.1765, 1.0] @rail 0.000: PLANNED (11.3 s)
    [8] retract g2: se-gantry 564.0 / antar 709.1 mm -> CLEAR
    [9] traverse g2 0.000->1.400: CLEAR min 498.9 mm (t1_a2_right_finger_prox_link_0 <-> t2_a1_right_finger_prox_link_0)
[INFO] [1790576946.507336267] [reach_dwell_probe]: torsi RNEA+offset(per-aktuator) vs rating: 1=0.06->6.66/10, 2=2.04->9.74/14, 3=1.41->8.01/10, 4=0.25->2.23/7, 5=0.08->2.06/7, 6=0.00->1.98/7  (terketat t2_a1_joint_3 80 %)
[INFO] [1790576974.335552466] [reach_dwell_probe]: jarak antar-lengan minimum sepanjang rencana: 596.8 mm di titik 126 (t1_a1_lower_wrist_link_0 <-> t2_a1_upper_wrist_link_0) -> CLEAR
    [10] task t0 arm_3 -> [1.8571, -0.1765, 1.0] @rail 1.400: PLANNED (27.9 s)
[INFO] [1790576974.396025375] [reach_dwell_probe]: torsi RNEA+offset(per-aktuator) vs rating: 1=0.06->6.66/10, 2=1.86->9.56/14, 3=2.44->9.04/10, 4=0.42->2.40/7, 5=0.07->2.05/7, 6=0.00->1.98/7  (terketat t2_a2_joint_3 90 %)
[INFO] [1790577003.936523597] [reach_dwell_probe]: jarak antar-lengan minimum sepanjang rencana: 343.5 mm di titik 61 (t1_a2_upper_wrist_link_0 <-> t2_a2_right_finger_dist_link_0) -> CLEAR
    [11] task t4 arm_4 -> [1.0714, -0.3176, 1.24] @rail 1.400: PLANNED (29.6 s)
  seed 33 sampel 2/3
    [0] retract g1: sudah REST -> dilewati
    [1] traverse g1 0.000->0.750: CLEAR min 500.9 mm (t1_a2_right_finger_prox_link_0 <-> t2_a1_right_finger_prox_link_0)
[INFO] [1790577004.143393816] [reach_dwell_probe]: torsi RNEA+offset(per-aktuator) vs rating: 1=0.02->6.62/10, 2=2.17->9.87/14, 3=2.34->8.94/10, 4=0.41->2.39/7, 5=0.11->2.09/7, 6=0.00->1.98/7  (terketat t1_a1_joint_3 89 %)
[INFO] [1790577029.465216157] [reach_dwell_probe]: jarak antar-lengan minimum sepanjang rencana: 573.9 mm di titik 60 (t1_a1_left_finger_prox_link_0 <-> t1_a2_upper_wrist_link_0) -> CLEAR
    [2] task t2 arm_1 -> [1.0714, 0.3176, 1.16] @rail 0.750: PLANNED (25.4 s)
[INFO] [1790577029.508146830] [reach_dwell_probe]: torsi RNEA+offset(per-aktuator) vs rating: 1=0.07->6.67/10, 2=2.53->10.23/14, 3=2.16->8.76/10, 4=0.38->2.36/7, 5=0.06->2.04/7, 6=0.00->1.98/7  (terketat t1_a2_joint_3 88 %)
[INFO] [1790577049.962848773] [reach_dwell_probe]: jarak antar-lengan minimum sepanjang rencana: 498.8 mm di titik 68 (t1_a2_arm_link_0 <-> t2_a1_arm_link_0) -> CLEAR
    [3] task t3 arm_2 -> [0.3571, 0.4588, 1.16] @rail 0.750: PLANNED (20.5 s)
    [4] retract g1: se-gantry 510.1 / antar 498.8 mm -> CLEAR
    [5] traverse g1 0.750->1.300: CLEAR min 498.9 mm (t1_a2_right_finger_prox_link_0 <-> t2_a1_right_finger_prox_link_0)
[INFO] [1790577064.600787397] [reach_dwell_probe]: torsi RNEA+offset(per-aktuator) vs rating: 1=0.01->6.61/10, 2=4.29->11.99/14, 3=1.54->8.14/10, 4=0.22->2.20/7, 5=0.06->2.04/7, 6=0.00->1.98/7  (terketat t1_a1_joint_2 86 %)
[INFO] [1790577077.359011488] [reach_dwell_probe]: jarak antar-lengan minimum sepanjang rencana: 622.7 mm di titik 0 (t1_a1_arm_link_0 <-> t1_a2_arm_link_0) -> CLEAR
    [6] task t1 arm_1 -> [1.8571, 0.5294, 1.0] @rail 1.300: PLANNED (12.8 s)
[INFO] [1790577077.409252013] [reach_dwell_probe]: torsi RNEA+offset(per-aktuator) vs rating: 1=0.06->6.66/10, 2=4.15->11.85/14, 3=0.69->7.29/10, 4=0.12->2.10/7, 5=0.06->2.04/7, 6=0.00->1.98/7  (terketat t2_a1_joint_2 85 %)
[INFO] [1790577106.493553019] [reach_dwell_probe]: jarak antar-lengan minimum sepanjang rencana: 591.9 mm di titik 101 (t2_a1_upper_wrist_link_0 <-> t2_a2_upper_wrist_link_0) -> CLEAR
    [7] task t5 arm_3 -> [0.2857, -0.1765, 1.0] @rail 0.000: PLANNED (29.1 s)
    [8] retract g2: se-gantry 591.9 / antar 690.1 mm -> CLEAR
    [9] traverse g2 0.000->1.400: CLEAR min 500.8 mm (t1_a2_right_finger_prox_link_0 <-> t2_a1_right_finger_prox_link_0)
[INFO] [1790577120.294228904] [reach_dwell_probe]: torsi RNEA+offset(per-aktuator) vs rating: 1=0.05->6.65/10, 2=1.50->9.20/14, 3=1.24->7.84/10, 4=0.24->2.22/7, 5=0.06->2.04/7, 6=0.00->1.98/7  (terketat t2_a1_joint_3 78 %)
[INFO] [1790577138.241512797] [reach_dwell_probe]: jarak antar-lengan minimum sepanjang rencana: 577.3 mm di titik 84 (t1_a1_forearm_link_0 <-> t2_a1_lower_wrist_link_0) -> CLEAR
    [10] task t0 arm_3 -> [1.8571, -0.1765, 1.0] @rail 1.400: PLANNED (18.0 s)
[INFO] [1790577138.299575168] [reach_dwell_probe]: torsi RNEA+offset(per-aktuator) vs rating: 1=0.02->6.62/10, 2=2.70->10.40/14, 3=2.51->9.11/10, 4=0.45->2.43/7, 5=0.12->2.10/7, 6=0.00->1.98/7  (terketat t2_a2_joint_3 91 %)
[INFO] [1790577170.071876583] [reach_dwell_probe]: jarak antar-lengan minimum sepanjang rencana: 548.6 mm di titik 0 (t1_platform_link_0 <-> t2_a2_base_link_0) -> CLEAR
    [11] task t4 arm_4 -> [1.0714, -0.3176, 1.24] @rail 1.400: PLANNED (31.8 s)
  seed 33 sampel 3/3
    [0] retract g1: sudah REST -> dilewati
    [1] traverse g1 0.000->0.750: CLEAR min 501.5 mm (t1_a2_right_finger_prox_link_0 <-> t2_a1_right_finger_prox_link_0)
[INFO] [1790577170.278336410] [reach_dwell_probe]: torsi RNEA+offset(per-aktuator) vs rating: 1=0.04->6.64/10, 2=2.95->10.65/14, 3=2.11->8.71/10, 4=0.37->2.35/7, 5=0.06->2.04/7, 6=0.00->1.98/7  (terketat t1_a1_joint_3 87 %)
[INFO] [1790577188.761313745] [reach_dwell_probe]: jarak antar-lengan minimum sepanjang rencana: 601.8 mm di titik 77 (t1_a1_right_finger_prox_link_0 <-> t1_a2_upper_wrist_link_0) -> CLEAR
    [2] task t2 arm_1 -> [1.0714, 0.3176, 1.16] @rail 0.750: PLANNED (18.5 s)
[INFO] [1790577188.803924942] [reach_dwell_probe]: torsi RNEA+offset(per-aktuator) vs rating: 1=0.07->6.67/10, 2=2.44->10.14/14, 3=2.17->8.77/10, 4=0.38->2.36/7, 5=0.06->2.04/7, 6=0.00->1.98/7  (terketat t1_a2_joint_3 88 %)
[INFO] [1790577211.561870085] [reach_dwell_probe]: jarak antar-lengan minimum sepanjang rencana: 500.9 mm di titik 0 (t1_a2_right_finger_prox_link_0 <-> t2_a1_right_finger_prox_link_0) -> CLEAR
    [3] task t3 arm_2 -> [0.3571, 0.4588, 1.16] @rail 0.750: PLANNED (22.8 s)
    [4] retract g1: se-gantry 538.7 / antar 500.9 mm -> CLEAR
    [5] traverse g1 0.750->1.300: CLEAR min 498.9 mm (t1_a2_right_finger_prox_link_0 <-> t2_a1_right_finger_prox_link_0)
[INFO] [1790577227.749778117] [reach_dwell_probe]: torsi RNEA+offset(per-aktuator) vs rating: 1=0.01->6.61/10, 2=4.25->11.95/14, 3=1.28->7.88/10, 4=0.20->2.18/7, 5=0.06->2.04/7, 6=0.00->1.98/7  (terketat t1_a1_joint_2 85 %)
[INFO] [1790577253.182229226] [reach_dwell_probe]: jarak antar-lengan minimum sepanjang rencana: 622.7 mm di titik 0 (t1_a1_arm_link_0 <-> t1_a2_arm_link_0) -> CLEAR
    [6] task t1 arm_1 -> [1.8571, 0.5294, 1.0] @rail 1.300: PLANNED (25.5 s)
[INFO] [1790577253.225504644] [reach_dwell_probe]: torsi RNEA+offset(per-aktuator) vs rating: 1=0.04->6.64/10, 2=2.47->10.17/14, 3=1.14->7.74/10, 4=0.23->2.21/7, 5=0.06->2.04/7, 6=0.00->1.98/7  (terketat t2_a1_joint_3 77 %)
[INFO] [1790577263.670606090] [reach_dwell_probe]: jarak antar-lengan minimum sepanjang rencana: 564.4 mm di titik 40 (t2_a1_lower_wrist_link_0 <-> t2_a2_upper_wrist_link_0) -> CLEAR
    [7] task t5 arm_3 -> [0.2857, -0.1765, 1.0] @rail 0.000: PLANNED (10.5 s)
    [8] retract g2: se-gantry 564.4 / antar 716.8 mm -> CLEAR
    [9] traverse g2 0.000->1.400: CLEAR min 498.9 mm (t1_a2_right_finger_prox_link_0 <-> t2_a1_right_finger_prox_link_0)
[INFO] [1790577275.936576555] [reach_dwell_probe]: torsi RNEA+offset(per-aktuator) vs rating: 1=0.06->6.66/10, 2=2.22->9.92/14, 3=1.40->8.00/10, 4=0.25->2.23/7, 5=0.09->2.07/7, 6=0.00->1.98/7  (terketat t2_a1_joint_3 80 %)
[INFO] [1790577303.823693840] [reach_dwell_probe]: jarak antar-lengan minimum sepanjang rencana: 609.8 mm di titik 6 (t1_a1_shoulder_link_0 <-> t2_a1_arm_link_0) -> CLEAR
    [10] task t0 arm_3 -> [1.8571, -0.1765, 1.0] @rail 1.400: PLANNED (27.9 s)
[INFO] [1790577303.873815628] [reach_dwell_probe]: torsi RNEA+offset(per-aktuator) vs rating: 1=0.06->6.66/10, 2=1.94->9.64/14, 3=2.44->9.04/10, 4=0.42->2.40/7, 5=0.07->2.05/7, 6=0.00->1.98/7  (terketat t2_a2_joint_3 90 %)
[INFO] [1790577334.329284100] [reach_dwell_probe]: jarak antar-lengan minimum sepanjang rencana: 345.5 mm di titik 60 (t1_a2_upper_wrist_link_0 <-> t2_a2_right_finger_dist_link_0) -> CLEAR
    [11] task t4 arm_4 -> [1.0714, -0.3176, 1.24] @rail 1.400: PLANNED (30.5 s)
seed 33: PLANNED/PLANNED/PLANNED -> LOLOS
  seed 35 sampel 1/3
    [0] retract g1: sudah REST -> dilewati
    [1] traverse g1 0.000->0.150: CLEAR min 550.9 mm (t1_platform_link_0 <-> t2_a1_shoulder_link_0)
[INFO] [1790577334.424193353] [reach_dwell_probe]: torsi RNEA+offset(per-aktuator) vs rating: 1=0.01->6.61/10, 2=5.32->13.02/14, 3=1.58->8.18/10, 4=0.28->2.26/7, 5=0.09->2.07/7, 6=0.00->1.98/7  (terketat t1_a1_joint_2 93 %)
[INFO] [1790577360.544578367] [reach_dwell_probe]: jarak antar-lengan minimum sepanjang rencana: 621.6 mm di titik 0 (t1_a1_lower_wrist_link_0 <-> t2_a1_right_finger_prox_link_0) -> CLEAR
    [2] task t0 arm_1 -> [0.6429, 0.3882, 1.16] @rail 0.150: PLANNED (26.2 s)
    [3] retract g1: se-gantry 622.7 / antar 550.9 mm -> CLEAR
    [4] traverse g1 0.150->0.500: CLEAR min 546.1 mm (t1_platform_link_0 <-> t2_a1_shoulder_link_0)
[INFO] [1790577372.633837976] [reach_dwell_probe]: torsi RNEA+offset(per-aktuator) vs rating: 1=0.02->6.62/10, 2=4.64->12.34/14, 3=0.40->7.00/10, 4=0.04->2.02/7, 5=0.06->2.04/7, 6=0.00->1.98/7  (terketat t1_a2_joint_2 88 %)
[INFO] [1790577381.223215502] [reach_dwell_probe]: jarak antar-lengan minimum sepanjang rencana: 546.1 mm di titik 26 (t1_a2_shoulder_link_0 <-> t2_platform_link_0) -> CLEAR
    [5] task t3 arm_2 -> [0.0, 0.2471, 1.0] @rail 0.500: PLANNED (8.6 s)
[INFO] [1790577381.286683421] [reach_dwell_probe]: torsi RNEA+offset(per-aktuator) vs rating: 1=0.10->6.70/10, 2=5.25->12.95/14, 3=2.18->8.78/10, 4=0.39->2.37/7, 5=0.12->2.10/7, 6=0.00->1.98/7  (terketat t1_a2_joint_2 93 %)
[INFO] [1790577408.030204700] [reach_dwell_probe]: jarak antar-lengan minimum sepanjang rencana: 546.1 mm di titik 15 (t1_a2_shoulder_link_0 <-> t2_platform_link_0) -> CLEAR
    [6] task t4 arm_2 -> [0.1429, 0.3882, 1.24] @rail 0.500: PLANNED (26.8 s)
[INFO] [1790577408.081354542] [reach_dwell_probe]: torsi RNEA+offset(per-aktuator) vs rating: 1=0.03->6.63/10, 2=4.58->12.28/14, 3=0.63->7.23/10, 4=0.01->1.99/7, 5=0.05->2.03/7, 6=0.00->1.98/7  (terketat t2_a1_joint_2 88 %)
[INFO] [1790577439.609455203] [reach_dwell_probe]: jarak antar-lengan minimum sepanjang rencana: 546.1 mm di titik 41 (t1_platform_link_0 <-> t2_a1_shoulder_link_0) -> CLEAR
    [7] task t2 arm_3 -> [0.5, -0.4588, 1.0] @rail 0.000: PLANNED (31.6 s)
    [8] retract g2: se-gantry 622.7 / antar 546.1 mm -> CLEAR
    [9] traverse g2 0.000->1.350: CLEAR min 539.7 mm (t1_platform_link_0 <-> t2_a2_base_link_0)
[INFO] [1790577452.971589659] [reach_dwell_probe]: torsi RNEA+offset(per-aktuator) vs rating: 1=0.08->6.68/10, 2=3.23->10.93/14, 3=1.67->8.27/10, 4=0.24->2.22/7, 5=0.06->2.04/7, 6=0.00->1.98/7  (terketat t2_a1_joint_3 83 %)
[INFO] [1790577465.411932716] [reach_dwell_probe]: jarak antar-lengan minimum sepanjang rencana: 622.7 mm di titik 0 (t2_a1_arm_link_0 <-> t2_a2_arm_link_0) -> CLEAR
    [10] task t1 arm_3 -> [1.9286, -0.4588, 1.0] @rail 1.350: PLANNED (12.5 s)
[INFO] [1790577465.458864632] [reach_dwell_probe]: torsi RNEA+offset(per-aktuator) vs rating: 1=0.04->6.64/10, 2=3.34->11.04/14, 3=1.68->8.28/10, 4=0.24->2.22/7, 5=0.06->2.04/7, 6=0.00->1.98/7  (terketat t2_a2_joint_3 83 %)
[INFO] [1790577484.369198704] [reach_dwell_probe]: jarak antar-lengan minimum sepanjang rencana: 607.2 mm di titik 0 (t1_platform_link_0 <-> t2_a2_shoulder_link_0) -> CLEAR
    [11] task t5 arm_4 -> [1.0714, -0.5294, 1.0] @rail 1.350: PLANNED (19.0 s)
  seed 35 sampel 2/3
    [0] retract g1: sudah REST -> dilewati
    [1] traverse g1 0.000->0.150: CLEAR min 550.9 mm (t1_platform_link_0 <-> t2_a1_shoulder_link_0)
[INFO] [1790577484.467790238] [reach_dwell_probe]: torsi RNEA+offset(per-aktuator) vs rating: 1=0.11->6.71/10, 2=4.58->12.28/14, 3=1.91->8.51/10, 4=0.28->2.26/7, 5=0.05->2.03/7, 6=0.00->1.98/7  (terketat t1_a1_joint_2 88 %)
[INFO] [1790577507.227876620] [reach_dwell_probe]: jarak antar-lengan minimum sepanjang rencana: 572.1 mm di titik 38 (t1_a1_forearm_link_0 <-> t1_a2_arm_link_0) -> CLEAR
    [2] task t0 arm_1 -> [0.6429, 0.3882, 1.16] @rail 0.150: PLANNED (22.8 s)
    [3] retract g1: se-gantry 572.1 / antar 550.9 mm -> CLEAR
    [4] traverse g1 0.150->0.500: CLEAR min 546.1 mm (t1_platform_link_0 <-> t2_a1_shoulder_link_0)
[INFO] [1790577519.997497176] [reach_dwell_probe]: torsi RNEA+offset(per-aktuator) vs rating: 1=0.01->6.61/10, 2=1.64->9.34/14, 3=1.70->8.30/10, 4=0.25->2.23/7, 5=0.06->2.04/7, 6=0.00->1.98/7  (terketat t1_a2_joint_3 83 %)
[INFO] [1790577527.740640386] [reach_dwell_probe]: jarak antar-lengan minimum sepanjang rencana: 546.1 mm di titik 38 (t1_a2_shoulder_link_0 <-> t2_platform_link_0) -> CLEAR
    [5] task t3 arm_2 -> [0.0, 0.2471, 1.0] @rail 0.500: PLANNED (7.8 s)
[INFO] [1790577527.812485754] [reach_dwell_probe]: torsi RNEA+offset(per-aktuator) vs rating: 1=0.04->6.64/10, 2=3.50->11.20/14, 3=2.46->9.06/10, 4=0.42->2.40/7, 5=0.16->2.14/7, 6=0.00->1.98/7  (terketat t1_a2_joint_3 91 %)
[INFO] [1790577556.960471938] [reach_dwell_probe]: jarak antar-lengan minimum sepanjang rencana: 459.4 mm di titik 53 (t1_a2_right_finger_dist_link_0 <-> t2_a1_right_finger_prox_link_0) -> CLEAR
    [6] task t4 arm_2 -> [0.1429, 0.3882, 1.24] @rail 0.500: PLANNED (29.2 s)
[INFO] [1790577557.019250575] [reach_dwell_probe]: torsi RNEA+offset(per-aktuator) vs rating: 1=0.03->6.63/10, 2=4.45->12.15/14, 3=0.51->7.11/10, 4=0.06->2.04/7, 5=0.06->2.04/7, 6=0.00->1.98/7  (terketat t2_a1_joint_2 87 %)
[INFO] [1790577583.980650966] [reach_dwell_probe]: jarak antar-lengan minimum sepanjang rencana: 546.1 mm di titik 36 (t1_platform_link_0 <-> t2_a1_shoulder_link_0) -> CLEAR
    [7] task t2 arm_3 -> [0.5, -0.4588, 1.0] @rail 0.000: PLANNED (27.0 s)
    [8] retract g2: se-gantry 622.7 / antar 546.1 mm -> CLEAR
    [9] traverse g2 0.000->1.350: CLEAR min 539.7 mm (t1_platform_link_0 <-> t2_a2_base_link_0)
[INFO] [1790577597.577652116] [reach_dwell_probe]: torsi RNEA+offset(per-aktuator) vs rating: 1=0.12->6.72/10, 2=5.07->12.77/14, 3=0.50->7.10/10, 4=0.02->2.00/7, 5=0.06->2.04/7, 6=0.00->1.98/7  (terketat t2_a1_joint_2 91 %)
[INFO] [1790577609.458571696] [reach_dwell_probe]: jarak antar-lengan minimum sepanjang rencana: 622.7 mm di titik 0 (t2_a1_arm_link_0 <-> t2_a2_arm_link_0) -> CLEAR
    [10] task t1 arm_3 -> [1.9286, -0.4588, 1.0] @rail 1.350: PLANNED (11.9 s)
[INFO] [1790577609.512309432] [reach_dwell_probe]: torsi RNEA+offset(per-aktuator) vs rating: 1=0.03->6.63/10, 2=4.08->11.78/14, 3=0.38->6.98/10, 4=0.08->2.06/7, 5=0.06->2.04/7, 6=0.00->1.98/7  (terketat t2_a2_joint_2 84 %)
[INFO] [1790577622.078505637] [reach_dwell_probe]: jarak antar-lengan minimum sepanjang rencana: 607.2 mm di titik 2 (t1_platform_link_0 <-> t2_a2_shoulder_link_0) -> CLEAR
    [11] task t5 arm_4 -> [1.0714, -0.5294, 1.0] @rail 1.350: PLANNED (12.6 s)
  seed 35 sampel 3/3
    [0] retract g1: sudah REST -> dilewati
    [1] traverse g1 0.000->0.150: CLEAR min 550.9 mm (t1_platform_link_0 <-> t2_a1_shoulder_link_0)
[INFO] [1790577622.162546711] [reach_dwell_probe]: torsi RNEA+offset(per-aktuator) vs rating: 1=0.01->6.61/10, 2=5.29->12.99/14, 3=1.59->8.19/10, 4=0.28->2.26/7, 5=0.09->2.07/7, 6=0.00->1.98/7  (terketat t1_a1_joint_2 93 %)
[INFO] [1790577648.662877227] [reach_dwell_probe]: jarak antar-lengan minimum sepanjang rencana: 621.6 mm di titik 0 (t1_a1_lower_wrist_link_0 <-> t2_a1_right_finger_prox_link_0) -> CLEAR
    [2] task t0 arm_1 -> [0.6429, 0.3882, 1.16] @rail 0.150: PLANNED (26.6 s)
    [3] retract g1: se-gantry 622.7 / antar 550.9 mm -> CLEAR
    [4] traverse g1 0.150->0.500: CLEAR min 546.1 mm (t1_platform_link_0 <-> t2_a1_shoulder_link_0)
[INFO] [1790577661.146803394] [reach_dwell_probe]: torsi RNEA+offset(per-aktuator) vs rating: 1=0.03->6.63/10, 2=4.48->12.18/14, 3=0.42->7.02/10, 4=0.06->2.04/7, 5=0.06->2.04/7, 6=0.00->1.98/7  (terketat t1_a2_joint_2 87 %)
[INFO] [1790577669.689984977] [reach_dwell_probe]: jarak antar-lengan minimum sepanjang rencana: 546.1 mm di titik 39 (t1_a2_shoulder_link_0 <-> t2_platform_link_0) -> CLEAR
    [5] task t3 arm_2 -> [0.0, 0.2471, 1.0] @rail 0.500: PLANNED (8.6 s)
[INFO] [1790577669.746473498] [reach_dwell_probe]: torsi RNEA+offset(per-aktuator) vs rating: 1=0.04->6.64/10, 2=4.66->12.36/14, 3=2.25->8.85/10, 4=0.37->2.35/7, 5=0.06->2.04/7, 6=0.00->1.98/7  (terketat t1_a2_joint_3 89 %)
[INFO] [1790577694.974697732] [reach_dwell_probe]: jarak antar-lengan minimum sepanjang rencana: 485.6 mm di titik 127 (t1_a2_arm_link_0 <-> t2_a1_shoulder_link_0) -> CLEAR
    [6] task t4 arm_2 -> [0.1429, 0.3882, 1.24] @rail 0.500: PLANNED (25.3 s)
[INFO] [1790577695.022536081] [reach_dwell_probe]: torsi RNEA+offset(per-aktuator) vs rating: 1=0.04->6.64/10, 2=1.15->8.85/14, 3=1.68->8.28/10, 4=0.23->2.21/7, 5=0.06->2.04/7, 6=0.00->1.98/7  (terketat t2_a1_joint_3 83 %)
[INFO] [1790577711.866873004] [reach_dwell_probe]: jarak antar-lengan minimum sepanjang rencana: 452.0 mm di titik 60 (t1_a2_arm_link_0 <-> t2_a1_forearm_link_0) -> CLEAR
    [7] task t2 arm_3 -> [0.5, -0.4588, 1.0] @rail 0.000: PLANNED (16.9 s)
    [8] retract g2: se-gantry 622.7 / antar 418.1 mm -> CLEAR
    [9] traverse g2 0.000->1.350: CLEAR min 437.7 mm (t1_a2_arm_link_0 <-> t2_a1_arm_link_0)
[INFO] [1790577725.099089904] [reach_dwell_probe]: torsi RNEA+offset(per-aktuator) vs rating: 1=0.05->6.65/10, 2=3.41->11.11/14, 3=1.64->8.24/10, 4=0.22->2.20/7, 5=0.06->2.04/7, 6=0.00->1.98/7  (terketat t2_a1_joint_3 82 %)
[INFO] [1790577737.473930083] [reach_dwell_probe]: jarak antar-lengan minimum sepanjang rencana: 622.7 mm di titik 0 (t2_a1_arm_link_0 <-> t2_a2_arm_link_0) -> CLEAR
    [10] task t1 arm_3 -> [1.9286, -0.4588, 1.0] @rail 1.350: PLANNED (12.4 s)
[INFO] [1790577737.507426383] [reach_dwell_probe]: torsi RNEA+offset(per-aktuator) vs rating: 1=0.07->6.67/10, 2=4.02->11.72/14, 3=0.38->6.98/10, 4=0.08->2.06/7, 5=0.06->2.04/7, 6=0.00->1.98/7  (terketat t2_a2_joint_2 84 %)
[INFO] [1790577749.038466698] [reach_dwell_probe]: jarak antar-lengan minimum sepanjang rencana: 607.2 mm di titik 1 (t1_platform_link_0 <-> t2_a2_shoulder_link_0) -> CLEAR
    [11] task t5 arm_4 -> [1.0714, -0.5294, 1.0] @rail 1.350: PLANNED (11.6 s)
seed 35: PLANNED/PLANNED/PLANNED -> LOLOS
  seed 36 sampel 1/3
    [0] retract g1: sudah REST -> dilewati
    [1] traverse g1 0.000->0.900: CLEAR min 502.7 mm (t1_a2_right_finger_prox_link_0 <-> t2_a1_right_finger_prox_link_0)
[INFO] [1790577749.290412641] [reach_dwell_probe]: torsi RNEA+offset(per-aktuator) vs rating: 1=0.04->6.64/10, 2=2.91->10.61/14, 3=2.54->9.14/10, 4=0.41->2.39/7, 5=0.06->2.04/7, 6=0.00->1.98/7  (terketat t1_a1_joint_3 91 %)
[INFO] [1790577767.235408351] [reach_dwell_probe]: jarak antar-lengan minimum sepanjang rencana: 520.0 mm di titik 74 (t1_a1_forearm_link_0 <-> t1_a2_arm_link_0) -> CLEAR
    [2] task t4 arm_1 -> [1.3571, 0.3882, 1.24] @rail 0.900: PLANNED (18.0 s)
    [3] retract g1: se-gantry 520.0 / antar 521.8 mm -> CLEAR
    [4] traverse g1 0.900->1.350: CLEAR min 521.8 mm (t1_a2_right_finger_prox_link_0 <-> t2_a1_right_finger_prox_link_0)
[INFO] [1790577779.491346458] [reach_dwell_probe]: torsi RNEA+offset(per-aktuator) vs rating: 1=0.03->6.63/10, 2=1.10->8.80/14, 3=2.03->8.63/10, 4=0.35->2.33/7, 5=0.10->2.08/7, 6=0.00->1.98/7  (terketat t1_a1_joint_3 86 %)
[INFO] [1790577808.740353010] [reach_dwell_probe]: jarak antar-lengan minimum sepanjang rencana: 572.9 mm di titik 128 (t1_a1_arm_link_0 <-> t1_a2_arm_link_0) -> CLEAR
    [5] task t3 arm_1 -> [1.8571, 0.3176, 1.08] @rail 1.350: PLANNED (29.3 s)
[INFO] [1790577808.805195666] [reach_dwell_probe]: torsi RNEA+offset(per-aktuator) vs rating: 1=0.06->6.66/10, 2=2.63->10.33/14, 3=1.82->8.42/10, 4=0.31->2.29/7, 5=0.09->2.07/7, 6=0.00->1.98/7  (terketat t2_a1_joint_3 84 %)
[INFO] [1790577836.565413791] [reach_dwell_probe]: jarak antar-lengan minimum sepanjang rencana: 622.7 mm di titik 0 (t2_a1_arm_link_0 <-> t2_a2_arm_link_0) -> CLEAR
    [6] task t1 arm_3 -> [0.3571, -0.3176, 1.08] @rail 0.000: PLANNED (27.8 s)
    [7] retract g2: se-gantry 622.7 / antar 723.5 mm -> CLEAR
    [8] traverse g2 0.000->0.200: CLEAR min 636.2 mm (t1_a2_right_finger_prox_link_0 <-> t2_a1_right_finger_prox_link_0)
[INFO] [1790577849.778140692] [reach_dwell_probe]: torsi RNEA+offset(per-aktuator) vs rating: 1=0.13->6.73/10, 2=5.09->12.79/14, 3=0.56->7.16/10, 4=0.02->2.00/7, 5=0.07->2.05/7, 6=0.00->1.98/7  (terketat t2_a1_joint_2 91 %)
[INFO] [1790577859.894350394] [reach_dwell_probe]: jarak antar-lengan minimum sepanjang rencana: 567.5 mm di titik 17 (t1_a2_right_finger_prox_link_0 <-> t2_a1_right_finger_prox_link_0) -> CLEAR
    [9] task t0 arm_3 -> [0.7857, -0.4588, 1.0] @rail 0.200: PLANNED (10.2 s)
    [10] retract g2: se-gantry 622.7 / antar 568.8 mm -> CLEAR
    [11] traverse g2 0.200->1.450: CLEAR min 500.8 mm (t1_a2_right_finger_prox_link_0 <-> t2_a1_right_finger_prox_link_0)
[INFO] [1790577872.293630438] [reach_dwell_probe]: torsi RNEA+offset(per-aktuator) vs rating: 1=0.07->6.67/10, 2=4.93->12.63/14, 3=1.60->8.20/10, 4=0.30->2.28/7, 5=0.06->2.04/7, 6=0.00->1.98/7  (terketat t2_a1_joint_2 90 %)
[INFO] [1790577890.600049673] [reach_dwell_probe]: jarak antar-lengan minimum sepanjang rencana: 523.1 mm di titik 38 (t1_a1_lower_wrist_link_0 <-> t2_a1_upper_wrist_link_0) -> CLEAR
    [12] task t2 arm_3 -> [1.9286, -0.3176, 1.16] @rail 1.450: PLANNED (18.3 s)
[INFO] [1790577890.649196381] [reach_dwell_probe]: torsi RNEA+offset(per-aktuator) vs rating: 1=0.06->6.66/10, 2=3.64->11.34/14, 3=0.48->7.08/10, 4=0.04->2.02/7, 5=0.06->2.04/7, 6=0.00->1.98/7  (terketat t2_a2_joint_2 81 %)
[INFO] [1790577919.201321056] [reach_dwell_probe]: jarak antar-lengan minimum sepanjang rencana: 548.6 mm di titik 0 (t1_platform_link_0 <-> t2_a2_base_link_0) -> CLEAR
    [13] task t5 arm_4 -> [0.9286, -0.4588, 1.0] @rail 1.450: PLANNED (28.6 s)
  seed 36 sampel 2/3
    [0] retract g1: sudah REST -> dilewati
    [1] traverse g1 0.000->0.900: CLEAR min 500.8 mm (t1_a2_right_finger_prox_link_0 <-> t2_a1_right_finger_prox_link_0)
[INFO] [1790577919.454854012] [reach_dwell_probe]: torsi RNEA+offset(per-aktuator) vs rating: 1=0.02->6.62/10, 2=2.66->10.36/14, 3=2.42->9.02/10, 4=0.41->2.39/7, 5=0.06->2.04/7, 6=0.00->1.98/7  (terketat t1_a1_joint_3 90 %)
[INFO] [1790577942.745818715] [reach_dwell_probe]: jarak antar-lengan minimum sepanjang rencana: 545.1 mm di titik 88 (t1_a1_arm_link_0 <-> t1_a2_arm_link_0) -> CLEAR
    [2] task t4 arm_1 -> [1.3571, 0.3882, 1.24] @rail 0.900: PLANNED (23.4 s)
    [3] retract g1: se-gantry 545.1 / antar 515.5 mm -> CLEAR
    [4] traverse g1 0.900->1.350: CLEAR min 515.5 mm (t1_a2_right_finger_prox_link_0 <-> t2_a1_right_finger_prox_link_0)
[INFO] [1790577954.136392887] [reach_dwell_probe]: torsi RNEA+offset(per-aktuator) vs rating: 1=0.00->6.60/10, 2=0.24->7.94/14, 3=2.10->8.70/10, 4=0.35->2.33/7, 5=0.05->2.03/7, 6=0.00->1.98/7  (terketat t1_a1_joint_3 87 %)
[INFO] [1790577978.458962520] [reach_dwell_probe]: jarak antar-lengan minimum sepanjang rencana: 573.4 mm di titik 125 (t1_a1_arm_link_0 <-> t1_a2_arm_link_0) -> CLEAR
    [5] task t3 arm_1 -> [1.8571, 0.3176, 1.08] @rail 1.350: PLANNED (24.4 s)
[INFO] [1790577978.539194457] [reach_dwell_probe]: torsi RNEA+offset(per-aktuator) vs rating: 1=0.05->6.65/10, 2=3.54->11.24/14, 3=1.54->8.14/10, 4=0.25->2.23/7, 5=0.06->2.04/7, 6=0.00->1.98/7  (terketat t2_a1_joint_3 81 %)
[INFO] [1790578005.300536293] [reach_dwell_probe]: jarak antar-lengan minimum sepanjang rencana: 580.9 mm di titik 55 (t2_a1_forearm_link_0 <-> t2_a2_arm_link_0) -> CLEAR
    [6] task t1 arm_3 -> [0.3571, -0.3176, 1.08] @rail 0.000: PLANNED (26.8 s)
    [7] retract g2: se-gantry 581.0 / antar 677.7 mm -> CLEAR
    [8] traverse g2 0.000->0.200: CLEAR min 623.9 mm (t1_a2_right_finger_prox_link_0 <-> t2_a1_right_finger_prox_link_0)
[INFO] [1790578017.966719015] [reach_dwell_probe]: torsi RNEA+offset(per-aktuator) vs rating: 1=0.05->6.65/10, 2=5.00->12.70/14, 3=0.64->7.24/10, 4=0.02->2.00/7, 5=0.06->2.04/7, 6=0.00->1.98/7  (terketat t2_a1_joint_2 91 %)
[INFO] [1790578037.671759752] [reach_dwell_probe]: jarak antar-lengan minimum sepanjang rencana: 574.7 mm di titik 22 (t1_a2_right_finger_prox_link_0 <-> t2_a1_right_finger_prox_link_0) -> CLEAR
    [9] task t0 arm_3 -> [0.7857, -0.4588, 1.0] @rail 0.200: PLANNED (19.8 s)
    [10] retract g2: se-gantry 622.7 / antar 570.1 mm -> CLEAR
    [11] traverse g2 0.200->1.450: CLEAR min 500.8 mm (t1_a2_right_finger_prox_link_0 <-> t2_a1_right_finger_prox_link_0)
[INFO] [1790578050.734358999] [reach_dwell_probe]: torsi RNEA+offset(per-aktuator) vs rating: 1=0.06->6.66/10, 2=5.12->12.82/14, 3=1.56->8.16/10, 4=0.29->2.27/7, 5=0.06->2.04/7, 6=0.00->1.98/7  (terketat t2_a1_joint_2 92 %)
[INFO] [1790578069.153396752] [reach_dwell_probe]: jarak antar-lengan minimum sepanjang rencana: 534.1 mm di titik 30 (t1_a1_right_finger_prox_link_0 <-> t2_a1_upper_wrist_link_0) -> CLEAR
    [12] task t2 arm_3 -> [1.9286, -0.3176, 1.16] @rail 1.450: PLANNED (18.5 s)
[INFO] [1790578069.197036851] [reach_dwell_probe]: torsi RNEA+offset(per-aktuator) vs rating: 1=0.02->6.62/10, 2=4.65->12.35/14, 3=0.40->7.00/10, 4=0.05->2.03/7, 5=0.06->2.04/7, 6=0.00->1.98/7  (terketat t2_a2_joint_2 88 %)
[INFO] [1790578083.268312402] [reach_dwell_probe]: jarak antar-lengan minimum sepanjang rencana: 548.6 mm di titik 0 (t1_platform_link_0 <-> t2_a2_base_link_0) -> CLEAR
    [13] task t5 arm_4 -> [0.9286, -0.4588, 1.0] @rail 1.450: PLANNED (14.1 s)
  seed 36 sampel 3/3
    [0] retract g1: sudah REST -> dilewati
    [1] traverse g1 0.000->0.900: CLEAR min 500.8 mm (t1_a2_right_finger_prox_link_0 <-> t2_a1_right_finger_prox_link_0)
[INFO] [1790578083.507853076] [reach_dwell_probe]: torsi RNEA+offset(per-aktuator) vs rating: 1=0.03->6.63/10, 2=2.63->10.33/14, 3=2.43->9.03/10, 4=0.41->2.39/7, 5=0.07->2.05/7, 6=0.00->1.98/7  (terketat t1_a1_joint_3 90 %)
[INFO] [1790578107.441405903] [reach_dwell_probe]: jarak antar-lengan minimum sepanjang rencana: 557.9 mm di titik 71 (t1_a1_arm_link_0 <-> t1_a2_arm_link_0) -> CLEAR
    [2] task t4 arm_1 -> [1.3571, 0.3882, 1.24] @rail 0.900: PLANNED (24.0 s)
    [3] retract g1: se-gantry 557.9 / antar 515.5 mm -> CLEAR
    [4] traverse g1 0.900->1.350: CLEAR min 515.5 mm (t1_a2_right_finger_prox_link_0 <-> t2_a1_right_finger_prox_link_0)
[INFO] [1790578119.094064350] [reach_dwell_probe]: torsi RNEA+offset(per-aktuator) vs rating: 1=0.03->6.63/10, 2=0.36->8.06/14, 3=2.22->8.82/10, 4=0.35->2.33/7, 5=0.06->2.04/7, 6=0.00->1.98/7  (terketat t1_a1_joint_3 88 %)
[INFO] [1790578130.969799396] [reach_dwell_probe]: jarak antar-lengan minimum sepanjang rencana: 605.3 mm di titik 40 (t1_a1_forearm_link_0 <-> t1_a2_arm_link_0) -> CLEAR
    [5] task t3 arm_1 -> [1.8571, 0.3176, 1.08] @rail 1.350: PLANNED (11.9 s)
[INFO] [1790578131.031374364] [reach_dwell_probe]: torsi RNEA+offset(per-aktuator) vs rating: 1=0.06->6.66/10, 2=2.62->10.32/14, 3=1.82->8.42/10, 4=0.32->2.30/7, 5=0.10->2.08/7, 6=0.00->1.98/7  (terketat t2_a1_joint_3 84 %)
[INFO] [1790578158.102851526] [reach_dwell_probe]: jarak antar-lengan minimum sepanjang rencana: 622.7 mm di titik 0 (t2_a1_arm_link_0 <-> t2_a2_arm_link_0) -> CLEAR
    [6] task t1 arm_3 -> [0.3571, -0.3176, 1.08] @rail 0.000: PLANNED (27.1 s)
    [7] retract g2: se-gantry 622.7 / antar 724.6 mm -> CLEAR
    [8] traverse g2 0.000->0.200: CLEAR min 623.9 mm (t1_a2_right_finger_prox_link_0 <-> t2_a1_right_finger_prox_link_0)
[INFO] [1790578171.211196614] [reach_dwell_probe]: torsi RNEA+offset(per-aktuator) vs rating: 1=0.02->6.62/10, 2=3.52->11.22/14, 3=1.47->8.07/10, 4=0.24->2.22/7, 5=0.06->2.04/7, 6=0.00->1.98/7  (terketat t2_a1_joint_3 81 %)
[INFO] [1790578197.562575134] [reach_dwell_probe]: jarak antar-lengan minimum sepanjang rencana: 559.6 mm di titik 27 (t1_a2_right_finger_prox_link_0 <-> t2_a1_right_finger_prox_link_0) -> CLEAR
    [9] task t0 arm_3 -> [0.7857, -0.4588, 1.0] @rail 0.200: PLANNED (26.4 s)
    [10] retract g2: se-gantry 622.7 / antar 559.6 mm -> CLEAR
    [11] traverse g2 0.200->1.450: CLEAR min 500.8 mm (t1_a2_right_finger_prox_link_0 <-> t2_a1_right_finger_prox_link_0)
[INFO] [1790578210.023755194] [reach_dwell_probe]: torsi RNEA+offset(per-aktuator) vs rating: 1=0.02->6.62/10, 2=5.25->12.95/14, 3=1.60->8.20/10, 4=0.28->2.26/7, 5=0.09->2.07/7, 6=0.00->1.98/7  (terketat t2_a1_joint_2 92 %)
[INFO] [1790578235.181061151] [reach_dwell_probe]: jarak antar-lengan minimum sepanjang rencana: 437.4 mm di titik 122 (t1_a1_lower_wrist_link_0 <-> t2_a1_arm_link_0) -> CLEAR
    [12] task t2 arm_3 -> [1.9286, -0.3176, 1.16] @rail 1.450: PLANNED (25.2 s)
[INFO] [1790578235.243046604] [reach_dwell_probe]: torsi RNEA+offset(per-aktuator) vs rating: 1=0.01->6.61/10, 2=4.53->12.23/14, 3=0.53->7.13/10, 4=0.05->2.03/7, 5=0.06->2.04/7, 6=0.00->1.98/7  (terketat t2_a2_joint_2 87 %)
[INFO] [1790578259.046976475] [reach_dwell_probe]: jarak antar-lengan minimum sepanjang rencana: 548.6 mm di titik 0 (t1_platform_link_0 <-> t2_a2_base_link_0) -> CLEAR
    [13] task t5 arm_4 -> [0.9286, -0.4588, 1.0] @rail 1.450: PLANNED (23.9 s)
seed 36: PLANNED/PLANNED/PLANNED -> LOLOS
  seed 40 sampel 1/3
    [0] retract g1: sudah REST -> dilewati
    [1] traverse g1 0.000->0.300: CLEAR min 546.1 mm (t1_platform_link_0 <-> t2_a1_shoulder_link_0)
[INFO] [1790578259.149823185] [reach_dwell_probe]: torsi RNEA+offset(per-aktuator) vs rating: 1=0.07->6.67/10, 2=4.07->11.77/14, 3=0.38->6.98/10, 4=0.09->2.07/7, 5=0.05->2.03/7, 6=0.00->1.98/7  (terketat t1_a2_joint_2 84 %)
[INFO] [1790578270.416445475] [reach_dwell_probe]: jarak antar-lengan minimum sepanjang rencana: 526.7 mm di titik 53 (t1_a2_right_finger_prox_link_0 <-> t2_a1_right_finger_prox_link_0) -> CLEAR
    [2] task t2 arm_2 -> [0.0, 0.1765, 1.0] @rail 0.300: PLANNED (11.3 s)
[INFO] [1790578270.451054693] [reach_dwell_probe]: torsi RNEA+offset(per-aktuator) vs rating: 1=0.03->6.63/10, 2=4.16->11.86/14, 3=1.25->7.85/10, 4=0.25->2.23/7, 5=0.06->2.04/7, 6=0.00->1.98/7  (terketat t1_a2_joint_2 85 %)
[INFO] [1790578281.137832908] [reach_dwell_probe]: jarak antar-lengan minimum sepanjang rencana: 522.6 mm di titik 7 (t1_a2_right_finger_prox_link_0 <-> t2_a1_right_finger_prox_link_0) -> CLEAR
    [3] task t3 arm_2 -> [0.0714, 0.3176, 1.0] @rail 0.300: PLANNED (10.7 s)
    [4] retract g1: se-gantry 532.4 / antar 546.1 mm -> CLEAR
    [5] traverse g1 0.300->1.400: CLEAR min 498.9 mm (t1_a2_right_finger_prox_link_0 <-> t2_a1_right_finger_prox_link_0)
[INFO] [1790578293.986392676] [reach_dwell_probe]: torsi RNEA+offset(per-aktuator) vs rating: 1=0.09->6.69/10, 2=3.71->11.41/14, 3=2.18->8.78/10, 4=0.33->2.31/7, 5=0.05->2.03/7, 6=0.00->1.98/7  (terketat t1_a1_joint_3 88 %)
[INFO] [1790578318.677554681] [reach_dwell_probe]: jarak antar-lengan minimum sepanjang rencana: 591.1 mm di titik 37 (t1_a1_forearm_link_0 <-> t1_a2_arm_link_0) -> CLEAR
    [6] task t5 arm_1 -> [1.8571, 0.3176, 1.16] @rail 1.400: PLANNED (24.7 s)
    [7] retract g2: sudah REST -> dilewati
    [8] traverse g2 0.000->0.550: CLEAR min 501.9 mm (t1_a2_right_finger_prox_link_0 <-> t2_a1_right_finger_prox_link_0)
[INFO] [1790578318.841130114] [reach_dwell_probe]: torsi RNEA+offset(per-aktuator) vs rating: 1=0.01->6.61/10, 2=5.09->12.79/14, 3=0.67->7.27/10, 4=0.01->1.99/7, 5=0.06->2.04/7, 6=0.00->1.98/7  (terketat t2_a1_joint_2 91 %)
[INFO] [1790578338.471438763] [reach_dwell_probe]: jarak antar-lengan minimum sepanjang rencana: 473.1 mm di titik 91 (t1_a2_right_finger_prox_link_0 <-> t2_a1_right_finger_prox_link_0) -> CLEAR
    [9] task t0 arm_3 -> [1.1429, -0.2471, 1.0] @rail 0.550: PLANNED (19.7 s)
[INFO] [1790578338.526052925] [reach_dwell_probe]: torsi RNEA+offset(per-aktuator) vs rating: 1=0.02->6.62/10, 2=0.54->8.24/14, 3=2.08->8.68/10, 4=0.35->2.33/7, 5=0.05->2.03/7, 6=0.00->1.98/7  (terketat t2_a2_joint_3 87 %)
[INFO] [1790578367.013608718] [reach_dwell_probe]: jarak antar-lengan minimum sepanjang rencana: 643.0 mm di titik 61 (t2_a1_arm_link_0 <-> t2_a2_arm_link_0) -> CLEAR
    [10] task t4 arm_4 -> [0.1429, -0.4588, 1.08] @rail 0.550: PLANNED (28.5 s)
    [11] retract g2: se-gantry 622.7 / antar 473.1 mm -> CLEAR
    [12] traverse g2 0.550->0.900: CLEAR min 498.9 mm (t1_a2_right_finger_prox_link_0 <-> t2_a1_right_finger_prox_link_0)
[INFO] [1790578380.045222952] [reach_dwell_probe]: torsi RNEA+offset(per-aktuator) vs rating: 1=0.03->6.63/10, 2=5.03->12.73/14, 3=0.61->7.21/10, 4=0.02->2.00/7, 5=0.06->2.04/7, 6=0.00->1.98/7  (terketat t2_a1_joint_2 91 %)
[INFO] [1790578399.601747350] [reach_dwell_probe]: jarak antar-lengan minimum sepanjang rencana: 546.1 mm di titik 55 (t1_platform_link_0 <-> t2_a1_shoulder_link_0) -> CLEAR
    [13] task t1 arm_3 -> [1.5, -0.3882, 1.0] @rail 0.900: PLANNED (19.6 s)
  seed 40 sampel 2/3
    [0] retract g1: sudah REST -> dilewati
    [1] traverse g1 0.000->0.300: CLEAR min 546.1 mm (t1_platform_link_0 <-> t2_a1_shoulder_link_0)
[INFO] [1790578399.712272309] [reach_dwell_probe]: torsi RNEA+offset(per-aktuator) vs rating: 1=0.09->6.69/10, 2=5.09->12.79/14, 3=0.53->7.13/10, 4=0.01->1.99/7, 5=0.05->2.03/7, 6=0.00->1.98/7  (terketat t1_a2_joint_2 91 %)
[INFO] [1790578413.974379564] [reach_dwell_probe]: jarak antar-lengan minimum sepanjang rencana: 541.6 mm di titik 62 (t1_a2_upper_wrist_link_0 <-> t2_a1_upper_wrist_link_0) -> CLEAR
    [2] task t2 arm_2 -> [0.0, 0.1765, 1.0] @rail 0.300: PLANNED (14.3 s)
[INFO] [1790578414.019177696] [reach_dwell_probe]: torsi RNEA+offset(per-aktuator) vs rating: 1=0.11->6.71/10, 2=5.20->12.90/14, 3=1.41->8.01/10, 4=0.24->2.22/7, 5=0.08->2.06/7, 6=0.00->1.98/7  (terketat t1_a2_joint_2 92 %)
[INFO] [1790578438.215680700] [reach_dwell_probe]: jarak antar-lengan minimum sepanjang rencana: 531.6 mm di titik 105 (t1_a1_upper_wrist_link_0 <-> t1_a2_gripper_base_link_0) -> CLEAR
    [3] task t3 arm_2 -> [0.0714, 0.3176, 1.0] @rail 0.300: PLANNED (24.2 s)
    [4] retract g1: se-gantry 531.9 / antar 546.1 mm -> CLEAR
    [5] traverse g1 0.300->1.400: CLEAR min 500.8 mm (t1_a2_right_finger_prox_link_0 <-> t2_a1_right_finger_prox_link_0)
[INFO] [1790578451.056318556] [reach_dwell_probe]: torsi RNEA+offset(per-aktuator) vs rating: 1=0.03->6.63/10, 2=4.78->12.48/14, 3=1.80->8.40/10, 4=0.32->2.30/7, 5=0.10->2.08/7, 6=0.00->1.98/7  (terketat t1_a1_joint_2 89 %)
[INFO] [1790578475.987463754] [reach_dwell_probe]: jarak antar-lengan minimum sepanjang rencana: 622.7 mm di titik 0 (t1_a1_arm_link_0 <-> t1_a2_arm_link_0) -> CLEAR
    [6] task t5 arm_1 -> [1.8571, 0.3176, 1.16] @rail 1.400: PLANNED (25.0 s)
    [7] retract g2: sudah REST -> dilewati
    [8] traverse g2 0.000->0.550: CLEAR min 506.0 mm (t1_a2_right_finger_prox_link_0 <-> t2_a1_right_finger_prox_link_0)
[INFO] [1790578476.143669608] [reach_dwell_probe]: torsi RNEA+offset(per-aktuator) vs rating: 1=0.02->6.62/10, 2=3.97->11.67/14, 3=1.60->8.20/10, 4=0.22->2.20/7, 5=0.06->2.04/7, 6=0.00->1.98/7  (terketat t2_a1_joint_2 83 %)
[INFO] [1790578487.841487287] [reach_dwell_probe]: jarak antar-lengan minimum sepanjang rencana: 474.6 mm di titik 21 (t1_a2_right_finger_prox_link_0 <-> t2_a1_right_finger_prox_link_0) -> CLEAR
    [9] task t0 arm_3 -> [1.1429, -0.2471, 1.0] @rail 0.550: PLANNED (11.7 s)
[INFO] [1790578487.879808349] [reach_dwell_probe]: torsi RNEA+offset(per-aktuator) vs rating: 1=0.04->6.64/10, 2=3.83->11.53/14, 3=1.55->8.15/10, 4=0.21->2.19/7, 5=0.05->2.03/7, 6=0.00->1.98/7  (terketat t2_a2_joint_2 82 %)
[INFO] [1790578501.240620728] [reach_dwell_probe]: jarak antar-lengan minimum sepanjang rencana: 620.0 mm di titik 42 (t2_a1_arm_link_0 <-> t2_a2_forearm_link_0) -> CLEAR
    [10] task t4 arm_4 -> [0.1429, -0.4588, 1.08] @rail 0.550: PLANNED (13.4 s)
    [11] retract g2: se-gantry 604.1 / antar 477.4 mm -> CLEAR
    [12] traverse g2 0.550->0.900: CLEAR min 500.8 mm (t1_a2_right_finger_prox_link_0 <-> t2_a1_right_finger_prox_link_0)
[INFO] [1790578514.952943135] [reach_dwell_probe]: torsi RNEA+offset(per-aktuator) vs rating: 1=0.01->6.61/10, 2=3.29->10.99/14, 3=1.48->8.08/10, 4=0.24->2.22/7, 5=0.06->2.04/7, 6=0.00->1.98/7  (terketat t2_a1_joint_3 81 %)
[INFO] [1790578542.325460658] [reach_dwell_probe]: jarak antar-lengan minimum sepanjang rencana: 546.1 mm di titik 89 (t1_platform_link_0 <-> t2_a1_shoulder_link_0) -> CLEAR
    [13] task t1 arm_3 -> [1.5, -0.3882, 1.0] @rail 0.900: PLANNED (27.4 s)
  seed 40 sampel 3/3
    [0] retract g1: sudah REST -> dilewati
    [1] traverse g1 0.000->0.300: CLEAR min 546.1 mm (t1_platform_link_0 <-> t2_a1_shoulder_link_0)
[INFO] [1790578542.423573400] [reach_dwell_probe]: torsi RNEA+offset(per-aktuator) vs rating: 1=0.03->6.63/10, 2=3.43->11.13/14, 3=1.66->8.26/10, 4=0.24->2.22/7, 5=0.06->2.04/7, 6=0.00->1.98/7  (terketat t1_a2_joint_3 83 %)
[INFO] [1790578557.483329979] [reach_dwell_probe]: jarak antar-lengan minimum sepanjang rencana: 543.5 mm di titik 66 (t1_a2_left_finger_prox_link_0 <-> t2_a1_right_finger_prox_link_0) -> CLEAR
    [2] task t2 arm_2 -> [0.0, 0.1765, 1.0] @rail 0.300: PLANNED (15.1 s)
[INFO] [1790578557.539018860] [reach_dwell_probe]: torsi RNEA+offset(per-aktuator) vs rating: 1=0.05->6.65/10, 2=3.47->11.17/14, 3=1.68->8.28/10, 4=0.26->2.24/7, 5=0.14->2.12/7, 6=0.00->1.98/7  (terketat t1_a2_joint_3 83 %)
[INFO] [1790578586.025719420] [reach_dwell_probe]: jarak antar-lengan minimum sepanjang rencana: 527.9 mm di titik 133 (t1_a1_upper_wrist_link_0 <-> t1_a2_upper_wrist_link_0) -> CLEAR
    [3] task t3 arm_2 -> [0.0714, 0.3176, 1.0] @rail 0.300: PLANNED (28.5 s)
    [4] retract g1: se-gantry 528.0 / antar 546.1 mm -> CLEAR
    [5] traverse g1 0.300->1.400: CLEAR min 500.8 mm (t1_a2_right_finger_prox_link_0 <-> t2_a1_right_finger_prox_link_0)
[INFO] [1790578598.745595011] [reach_dwell_probe]: torsi RNEA+offset(per-aktuator) vs rating: 1=0.01->6.61/10, 2=4.85->12.55/14, 3=1.78->8.38/10, 4=0.31->2.29/7, 5=0.09->2.07/7, 6=0.00->1.98/7  (terketat t1_a1_joint_2 90 %)
[INFO] [1790578629.932872183] [reach_dwell_probe]: jarak antar-lengan minimum sepanjang rencana: 622.7 mm di titik 0 (t1_a1_arm_link_0 <-> t1_a2_arm_link_0) -> CLEAR
    [6] task t5 arm_1 -> [1.8571, 0.3176, 1.16] @rail 1.400: PLANNED (31.2 s)
    [7] retract g2: sudah REST -> dilewati
    [8] traverse g2 0.000->0.550: CLEAR min 506.0 mm (t1_a2_right_finger_prox_link_0 <-> t2_a1_right_finger_prox_link_0)
[INFO] [1790578630.075787419] [reach_dwell_probe]: torsi RNEA+offset(per-aktuator) vs rating: 1=0.02->6.62/10, 2=5.17->12.87/14, 3=0.64->7.24/10, 4=0.02->2.00/7, 5=0.05->2.03/7, 6=0.00->1.98/7  (terketat t2_a1_joint_2 92 %)
[INFO] [1790578645.455163946] [reach_dwell_probe]: jarak antar-lengan minimum sepanjang rencana: 481.3 mm di titik 72 (t1_a2_arm_link_0 <-> t2_a1_arm_link_0) -> CLEAR
    [9] task t0 arm_3 -> [1.1429, -0.2471, 1.0] @rail 0.550: PLANNED (15.4 s)
[INFO] [1790578645.499544628] [reach_dwell_probe]: torsi RNEA+offset(per-aktuator) vs rating: 1=0.01->6.61/10, 2=1.01->8.71/14, 3=2.16->8.76/10, 4=0.33->2.31/7, 5=0.05->2.03/7, 6=0.00->1.98/7  (terketat t2_a2_joint_3 88 %)
[INFO] [1790578662.874934444] [reach_dwell_probe]: jarak antar-lengan minimum sepanjang rencana: 610.4 mm di titik 58 (t2_a1_arm_link_0 <-> t2_a2_arm_link_0) -> CLEAR
    [10] task t4 arm_4 -> [0.1429, -0.4588, 1.08] @rail 0.550: PLANNED (17.4 s)
    [11] retract g2: se-gantry 610.5 / antar 480.9 mm -> CLEAR
    [12] traverse g2 0.550->0.900: CLEAR min 500.8 mm (t1_a2_right_finger_prox_link_0 <-> t2_a1_right_finger_prox_link_0)
[INFO] [1790578676.943817574] [reach_dwell_probe]: torsi RNEA+offset(per-aktuator) vs rating: 1=0.03->6.63/10, 2=5.21->12.91/14, 3=0.52->7.12/10, 4=0.01->1.99/7, 5=0.06->2.04/7, 6=0.00->1.98/7  (terketat t2_a1_joint_2 92 %)
[INFO] [1790578693.564476669] [reach_dwell_probe]: jarak antar-lengan minimum sepanjang rencana: 546.1 mm di titik 27 (t1_platform_link_0 <-> t2_a1_shoulder_link_0) -> CLEAR
    [13] task t1 arm_3 -> [1.5, -0.3882, 1.0] @rail 0.900: PLANNED (16.7 s)
seed 40: PLANNED/PLANNED/PLANNED -> LOLOS
  seed 42 sampel 1/3
[INFO] [1790578693.616309469] [reach_dwell_probe]: torsi RNEA+offset(per-aktuator) vs rating: 1=0.02->6.62/10, 2=0.63->8.33/14, 3=2.21->8.81/10, 4=0.34->2.32/7, 5=0.06->2.04/7, 6=0.00->1.98/7  (terketat t1_a1_joint_3 88 %)
[INFO] [1790578706.557972711] [reach_dwell_probe]: jarak antar-lengan minimum sepanjang rencana: 528.9 mm di titik 58 (t1_a1_arm_link_0 <-> t2_a1_arm_link_0) -> CLEAR
    [0] task t2 arm_1 -> [0.3571, 0.4588, 1.08] @rail 0.000: PLANNED (13.0 s)
    [1] retract g1: se-gantry 586.1 / antar 504.3 mm -> CLEAR
    [2] traverse g1 0.000->0.350: CLEAR min 546.1 mm (t1_platform_link_0 <-> t2_a1_shoulder_link_0)
[INFO] [1790578719.795711788] [reach_dwell_probe]: torsi RNEA+offset(per-aktuator) vs rating: 1=0.01->6.61/10, 2=0.78->8.48/14, 3=1.52->8.12/10, 4=0.25->2.23/7, 5=0.06->2.04/7, 6=0.00->1.98/7  (terketat t1_a1_joint_3 81 %)
[INFO] [1790578744.842590037] [reach_dwell_probe]: jarak antar-lengan minimum sepanjang rencana: 622.7 mm di titik 0 (t1_a1_arm_link_0 <-> t1_a2_arm_link_0) -> CLEAR
    [3] task t0 arm_1 -> [0.8571, 0.3176, 1.0] @rail 0.350: PLANNED (25.1 s)
[INFO] [1790578744.892831085] [reach_dwell_probe]: torsi RNEA+offset(per-aktuator) vs rating: 1=0.02->6.62/10, 2=4.21->11.91/14, 3=0.64->7.24/10, 4=0.01->1.99/7, 5=0.05->2.03/7, 6=0.00->1.98/7  (terketat t1_a2_joint_2 85 %)
[INFO] [1790578788.228157919] [reach_dwell_probe]: jarak antar-lengan minimum sepanjang rencana: 535.2 mm di titik 157 (t1_a1_forearm_link_0 <-> t1_a2_upper_wrist_link_0) -> CLEAR
    [4] task t3 arm_2 -> [0.1429, 0.3176, 1.0] @rail 0.350: PLANNED (43.4 s)
    [5] retract g2: sudah REST -> dilewati
    [6] traverse g2 0.000->0.650: CLEAR min 523.0 mm (t1_a1_left_finger_prox_link_0 <-> t2_a1_right_finger_prox_link_0)
[INFO] [1790578788.432509351] [reach_dwell_probe]: torsi RNEA+offset(per-aktuator) vs rating: 1=0.10->6.70/10, 2=4.77->12.47/14, 3=2.45->9.05/10, 4=0.43->2.41/7, 5=0.12->2.10/7, 6=0.00->1.98/7  (terketat t2_a1_joint_3 91 %)
[INFO] [1790578817.977086360] [reach_dwell_probe]: jarak antar-lengan minimum sepanjang rencana: 497.5 mm di titik 95 (t1_a1_upper_wrist_link_0 <-> t2_a1_forearm_link_0) -> CLEAR
    [7] task t4 arm_3 -> [1.0714, -0.3176, 1.32] @rail 0.650: PLANNED (29.6 s)
    [8] retract g2: se-gantry 501.1 / antar 498.2 mm -> CLEAR
    [9] traverse g2 0.650->0.800: CLEAR min 539.7 mm (t1_platform_link_0 <-> t2_a2_base_link_0)
[INFO] [1790578831.905230630] [reach_dwell_probe]: torsi RNEA+offset(per-aktuator) vs rating: 1=0.01->6.61/10, 2=4.34->12.04/14, 3=1.31->7.91/10, 4=0.21->2.19/7, 5=0.06->2.04/7, 6=0.00->1.98/7  (terketat t2_a1_joint_2 86 %)
[INFO] [1790578857.700744219] [reach_dwell_probe]: jarak antar-lengan minimum sepanjang rencana: 620.4 mm di titik 0 (t1_a1_left_finger_prox_link_0 <-> t2_a1_right_finger_prox_link_0) -> CLEAR
    [10] task t1 arm_3 -> [1.4286, -0.3176, 1.0] @rail 0.800: PLANNED (25.9 s)
    [11] retract g2: se-gantry 622.7 / antar 539.7 mm -> CLEAR
    [12] traverse g2 0.800->1.550: CLEAR min 539.7 mm (t1_platform_link_0 <-> t2_a2_base_link_0)
[INFO] [1790578869.734581334] [reach_dwell_probe]: torsi RNEA+offset(per-aktuator) vs rating: 1=0.00->6.60/10, 2=0.28->7.98/14, 3=2.23->8.83/10, 4=0.33->2.31/7, 5=0.06->2.04/7, 6=0.00->1.98/7  (terketat t2_a1_joint_3 88 %)
[INFO] [1790578881.879606433] [reach_dwell_probe]: jarak antar-lengan minimum sepanjang rencana: 555.0 mm di titik 59 (t2_a1_arm_link_0 <-> t2_a2_arm_link_0) -> CLEAR
    [13] task t5 arm_3 -> [2.0, -0.2471, 1.08] @rail 1.550: PLANNED (12.2 s)
  seed 42 sampel 2/3
[INFO] [1790578881.923590389] [reach_dwell_probe]: torsi RNEA+offset(per-aktuator) vs rating: 1=0.04->6.64/10, 2=3.98->11.68/14, 3=1.48->8.08/10, 4=0.20->2.18/7, 5=0.06->2.04/7, 6=0.00->1.98/7  (terketat t1_a1_joint_2 83 %)
[INFO] [1790578892.970422774] [reach_dwell_probe]: jarak antar-lengan minimum sepanjang rencana: 504.2 mm di titik 49 (t1_a1_forearm_link_0 <-> t1_a2_arm_link_0) -> CLEAR
    [0] task t2 arm_1 -> [0.3571, 0.4588, 1.08] @rail 0.000: PLANNED (11.1 s)
    [1] retract g1: se-gantry 504.2 / antar 575.1 mm -> CLEAR
    [2] traverse g1 0.000->0.350: CLEAR min 546.1 mm (t1_platform_link_0 <-> t2_a1_shoulder_link_0)
[INFO] [1790578904.696891960] [reach_dwell_probe]: torsi RNEA+offset(per-aktuator) vs rating: 1=0.02->6.62/10, 2=0.82->8.52/14, 3=1.71->8.31/10, 4=0.25->2.23/7, 5=0.06->2.04/7, 6=0.00->1.98/7  (terketat t1_a1_joint_3 83 %)
[INFO] [1790578918.158777667] [reach_dwell_probe]: jarak antar-lengan minimum sepanjang rencana: 622.7 mm di titik 0 (t1_a1_arm_link_0 <-> t1_a2_arm_link_0) -> CLEAR
    [3] task t0 arm_1 -> [0.8571, 0.3176, 1.0] @rail 0.350: PLANNED (13.5 s)
[INFO] [1790578918.210412635] [reach_dwell_probe]: torsi RNEA+offset(per-aktuator) vs rating: 1=0.01->6.61/10, 2=2.10->9.80/14, 3=1.16->7.76/10, 4=0.23->2.21/7, 5=0.05->2.03/7, 6=0.00->1.98/7  (terketat t1_a2_joint_3 78 %)
[INFO] [1790578928.123450760] [reach_dwell_probe]: jarak antar-lengan minimum sepanjang rencana: 546.1 mm di titik 27 (t1_a2_shoulder_link_0 <-> t2_platform_link_0) -> CLEAR
    [4] task t3 arm_2 -> [0.1429, 0.3176, 1.0] @rail 0.350: PLANNED (10.0 s)
    [5] retract g2: sudah REST -> dilewati
    [6] traverse g2 0.000->0.650: CLEAR min 534.3 mm (t1_a1_lower_wrist_link_0 <-> t2_a1_upper_wrist_link_0)
[INFO] [1790578928.313969791] [reach_dwell_probe]: torsi RNEA+offset(per-aktuator) vs rating: 1=0.10->6.70/10, 2=4.50->12.20/14, 3=2.50->9.10/10, 4=0.44->2.42/7, 5=0.12->2.10/7, 6=0.00->1.98/7  (terketat t2_a1_joint_3 91 %)
[INFO] [1790578955.391423032] [reach_dwell_probe]: jarak antar-lengan minimum sepanjang rencana: 462.7 mm di titik 126 (t2_a1_arm_link_0 <-> t2_a2_arm_link_0) -> CLEAR
    [7] task t4 arm_3 -> [1.0714, -0.3176, 1.32] @rail 0.650: PLANNED (27.1 s)
    [8] retract g2: se-gantry 463.0 / antar 490.5 mm -> CLEAR
    [9] traverse g2 0.650->0.800: CLEAR min 539.7 mm (t1_platform_link_0 <-> t2_a2_base_link_0)
[INFO] [1790578968.066736477] [reach_dwell_probe]: torsi RNEA+offset(per-aktuator) vs rating: 1=0.07->6.67/10, 2=3.32->11.02/14, 3=0.98->7.58/10, 4=0.20->2.18/7, 5=0.06->2.04/7, 6=0.00->1.98/7  (terketat t2_a1_joint_2 79 %)
[INFO] [1790578998.428516913] [reach_dwell_probe]: jarak antar-lengan minimum sepanjang rencana: 557.1 mm di titik 75 (t1_a1_lower_wrist_link_0 <-> t2_a1_lower_wrist_link_0) -> CLEAR
    [10] task t1 arm_3 -> [1.4286, -0.3176, 1.0] @rail 0.800: PLANNED (30.4 s)
    [11] retract g2: se-gantry 622.7 / antar 539.7 mm -> CLEAR
    [12] traverse g2 0.800->1.550: CLEAR min 539.7 mm (t1_platform_link_0 <-> t2_a2_base_link_0)
[INFO] [1790579012.273199082] [reach_dwell_probe]: torsi RNEA+offset(per-aktuator) vs rating: 1=0.01->6.61/10, 2=5.05->12.75/14, 3=0.93->7.53/10, 4=0.19->2.17/7, 5=0.05->2.03/7, 6=0.00->1.98/7  (terketat t2_a1_joint_2 91 %)
[INFO] [1790579026.316177397] [reach_dwell_probe]: jarak antar-lengan minimum sepanjang rencana: 622.7 mm di titik 0 (t2_a1_arm_link_0 <-> t2_a2_arm_link_0) -> CLEAR
    [13] task t5 arm_3 -> [2.0, -0.2471, 1.08] @rail 1.550: PLANNED (14.1 s)
  seed 42 sampel 3/3
[INFO] [1790579026.368509745] [reach_dwell_probe]: torsi RNEA+offset(per-aktuator) vs rating: 1=0.07->6.67/10, 2=4.89->12.59/14, 3=1.13->7.73/10, 4=0.20->2.18/7, 5=0.08->2.06/7, 6=0.00->1.98/7  (terketat t1_a1_joint_2 90 %)
[INFO] [1790579053.658317275] [reach_dwell_probe]: jarak antar-lengan minimum sepanjang rencana: 496.1 mm di titik 126 (t1_a1_arm_link_0 <-> t1_a2_arm_link_0) -> CLEAR
    [0] task t2 arm_1 -> [0.3571, 0.4588, 1.08] @rail 0.000: PLANNED (27.3 s)
    [1] retract g1: se-gantry 496.4 / antar 561.4 mm -> CLEAR
    [2] traverse g1 0.000->0.350: CLEAR min 546.1 mm (t1_platform_link_0 <-> t2_a1_shoulder_link_0)
[INFO] [1790579066.190943149] [reach_dwell_probe]: torsi RNEA+offset(per-aktuator) vs rating: 1=0.02->6.62/10, 2=0.52->8.22/14, 3=1.65->8.25/10, 4=0.22->2.20/7, 5=0.06->2.04/7, 6=0.00->1.98/7  (terketat t1_a1_joint_3 82 %)
[INFO] [1790579080.251439054] [reach_dwell_probe]: jarak antar-lengan minimum sepanjang rencana: 622.7 mm di titik 0 (t1_a1_arm_link_0 <-> t1_a2_arm_link_0) -> CLEAR
    [3] task t0 arm_1 -> [0.8571, 0.3176, 1.0] @rail 0.350: PLANNED (14.1 s)
[INFO] [1790579080.288252117] [reach_dwell_probe]: torsi RNEA+offset(per-aktuator) vs rating: 1=0.01->6.61/10, 2=2.29->9.99/14, 3=1.15->7.75/10, 4=0.23->2.21/7, 5=0.05->2.03/7, 6=0.00->1.98/7  (terketat t1_a2_joint_3 77 %)
[INFO] [1790579090.682390927] [reach_dwell_probe]: jarak antar-lengan minimum sepanjang rencana: 546.1 mm di titik 18 (t1_a2_shoulder_link_0 <-> t2_platform_link_0) -> CLEAR
    [4] task t3 arm_2 -> [0.1429, 0.3176, 1.0] @rail 0.350: PLANNED (10.4 s)
    [5] retract g2: sudah REST -> dilewati
    [6] traverse g2 0.000->0.650: CLEAR min 525.1 mm (t1_a1_left_finger_prox_link_0 <-> t2_a1_right_finger_prox_link_0)
[INFO] [1790579090.886093493] [reach_dwell_probe]: torsi RNEA+offset(per-aktuator) vs rating: 1=0.08->6.68/10, 2=4.85->12.55/14, 3=2.44->9.04/10, 4=0.43->2.41/7, 5=0.12->2.10/7, 6=0.00->1.98/7  (terketat t2_a1_joint_3 90 %)
[INFO] [1790579118.580471863] [reach_dwell_probe]: jarak antar-lengan minimum sepanjang rencana: 461.9 mm di titik 123 (t1_a1_shoulder_link_0 <-> t2_a1_arm_link_0) -> CLEAR
    [7] task t4 arm_3 -> [1.0714, -0.3176, 1.32] @rail 0.650: PLANNED (27.8 s)
    [8] retract g2: se-gantry 562.5 / antar 461.9 mm -> CLEAR
    [9] traverse g2 0.650->0.800: CLEAR min 539.7 mm (t1_platform_link_0 <-> t2_a2_base_link_0)
[INFO] [1790579131.643763495] [reach_dwell_probe]: torsi RNEA+offset(per-aktuator) vs rating: 1=0.14->6.74/10, 2=4.82->12.52/14, 3=1.08->7.68/10, 4=0.14->2.12/7, 5=0.06->2.04/7, 6=0.00->1.98/7  (terketat t2_a1_joint_2 89 %)
[INFO] [1790579137.697318569] [reach_dwell_probe]: jarak antar-lengan minimum sepanjang rencana: 613.5 mm di titik 0 (t1_a1_left_finger_prox_link_0 <-> t2_a1_right_finger_prox_link_0) -> CLEAR
    [10] task t1 arm_3 -> [1.4286, -0.3176, 1.0] @rail 0.800: PLANNED (6.1 s)
    [11] retract g2: se-gantry 622.7 / antar 539.7 mm -> CLEAR
    [12] traverse g2 0.800->1.550: CLEAR min 539.7 mm (t1_platform_link_0 <-> t2_a2_base_link_0)
[INFO] [1790579150.063245192] [reach_dwell_probe]: torsi RNEA+offset(per-aktuator) vs rating: 1=0.00->6.60/10, 2=0.41->8.11/14, 3=2.23->8.83/10, 4=0.33->2.31/7, 5=0.06->2.04/7, 6=0.00->1.98/7  (terketat t2_a1_joint_3 88 %)
[INFO] [1790579161.769382132] [reach_dwell_probe]: jarak antar-lengan minimum sepanjang rencana: 550.9 mm di titik 57 (t2_a1_arm_link_0 <-> t2_a2_arm_link_0) -> CLEAR
    [13] task t5 arm_3 -> [2.0, -0.2471, 1.08] @rail 1.550: PLANNED (11.7 s)
seed 42: PLANNED/PLANNED/PLANNED -> LOLOS
