[INFO] [1790570985.790773644] [reach_dwell_probe]: torsi RNEA+offset(per-aktuator) vs rating: 1=0.04->6.64/10, 2=7.14->14.84/14, 3=0.87->7.47/10, 4=0.19->2.17/7, 5=0.06->2.04/7, 6=0.00->1.98/7  (terketat t2_a2_joint_2 106 %)
[ERROR] [1790570985.791311489] [reach_dwell_probe]: A6/S3: rencana DITOLAK SEBELUM GERAK -- t2_a2_joint_2 diperkirakan 14.84 N.m > rating 14. Pose ini menuntut torsi di atas rating sendi; itu sifat POSE, bukan sifat penjaga. (Penyaring sengaja konservatif: pada kalibrasi G16 ia menolak 1 dari 4 pose yang ternyata aman.)
KD1 lulus: 61 tuple = 41 z1.40 tolak + 20 z1.32 terima; rel dalam [0, 1.6]
KD2 lulus: /tmp/reach_dwell_live.urdf sha f02e7c532cdb
KD3 lulus: offset joint_2 = 7.7
[ 0] s1 arm_4 z1.40 @0.60 oracle4 F: TORQUE-UNSAFE (0.1 s) RNEA j2 7.14 @ 81/117 statis-akhir 5.51
[INFO] [1790570985.865550613] [reach_dwell_probe]: torsi RNEA+offset(per-aktuator) vs rating: 1=0.03->6.63/10, 2=7.19->14.89/14, 3=1.15->7.75/10, 4=0.20->2.18/7, 5=0.08->2.06/7, 6=0.00->1.98/7  (terketat t2_a2_joint_2 106 %)
[ERROR] [1790570985.865959279] [reach_dwell_probe]: A6/S3: rencana DITOLAK SEBELUM GERAK -- t2_a2_joint_2 diperkirakan 14.89 N.m > rating 14. Pose ini menuntut torsi di atas rating sendi; itu sifat POSE, bukan sifat penjaga. (Penyaring sengaja konservatif: pada kalibrasi G16 ia menolak 1 dari 4 pose yang ternyata aman.)
[ 0] s2 arm_4 z1.40 @0.60 oracle4 F: TORQUE-UNSAFE (0.1 s) RNEA j2 7.19 @ 87/129 statis-akhir 5.34
[INFO] [1790570985.953086046] [reach_dwell_probe]: torsi RNEA+offset(per-aktuator) vs rating: 1=0.03->6.63/10, 2=7.34->15.04/14, 3=1.01->7.61/10, 4=0.17->2.15/7, 5=0.07->2.05/7, 6=0.00->1.98/7  (terketat t2_a2_joint_2 107 %)
[ERROR] [1790570985.953428750] [reach_dwell_probe]: A6/S3: rencana DITOLAK SEBELUM GERAK -- t2_a2_joint_2 diperkirakan 15.04 N.m > rating 14. Pose ini menuntut torsi di atas rating sendi; itu sifat POSE, bukan sifat penjaga. (Penyaring sengaja konservatif: pada kalibrasi G16 ia menolak 1 dari 4 pose yang ternyata aman.)
[ 0] s3 arm_4 z1.40 @0.60 oracle4 F: TORQUE-UNSAFE (0.1 s) RNEA j2 7.34 @ 86/129 statis-akhir 5.33
[INFO] [1790570986.034108630] [reach_dwell_probe]: torsi RNEA+offset(per-aktuator) vs rating: 1=0.03->6.63/10, 2=7.27->14.97/14, 3=1.07->7.67/10, 4=0.19->2.17/7, 5=0.07->2.05/7, 6=0.00->1.98/7  (terketat t1_a2_joint_2 107 %)
[ERROR] [1790570986.034455829] [reach_dwell_probe]: A6/S3: rencana DITOLAK SEBELUM GERAK -- t1_a2_joint_2 diperkirakan 14.97 N.m > rating 14. Pose ini menuntut torsi di atas rating sendi; itu sifat POSE, bukan sifat penjaga. (Penyaring sengaja konservatif: pada kalibrasi G16 ia menolak 1 dari 4 pose yang ternyata aman.)
[ 1] s1 arm_2 z1.40 @0.60 oracle4 F: TORQUE-UNSAFE (0.1 s) RNEA j2 7.27 @ 86/127 statis-akhir 5.35
[INFO] [1790570986.107925781] [reach_dwell_probe]: torsi RNEA+offset(per-aktuator) vs rating: 1=0.09->6.69/10, 2=6.43->14.13/14, 3=1.25->7.85/10, 4=0.19->2.17/7, 5=0.06->2.04/7, 6=0.00->1.98/7  (terketat t1_a2_joint_2 101 %)
[ERROR] [1790570986.108304260] [reach_dwell_probe]: A6/S3: rencana DITOLAK SEBELUM GERAK -- t1_a2_joint_2 diperkirakan 14.13 N.m > rating 14. Pose ini menuntut torsi di atas rating sendi; itu sifat POSE, bukan sifat penjaga. (Penyaring sengaja konservatif: pada kalibrasi G16 ia menolak 1 dari 4 pose yang ternyata aman.)
[ 1] s2 arm_2 z1.40 @0.60 oracle4 F: TORQUE-UNSAFE (0.1 s) RNEA j2 6.43 @ 93/124 statis-akhir 5.60
[INFO] [1790570986.197611459] [reach_dwell_probe]: torsi RNEA+offset(per-aktuator) vs rating: 1=0.03->6.63/10, 2=7.24->14.94/14, 3=1.11->7.71/10, 4=0.20->2.18/7, 5=0.08->2.06/7, 6=0.00->1.98/7  (terketat t1_a2_joint_2 107 %)
[ERROR] [1790570986.198037471] [reach_dwell_probe]: A6/S3: rencana DITOLAK SEBELUM GERAK -- t1_a2_joint_2 diperkirakan 14.94 N.m > rating 14. Pose ini menuntut torsi di atas rating sendi; itu sifat POSE, bukan sifat penjaga. (Penyaring sengaja konservatif: pada kalibrasi G16 ia menolak 1 dari 4 pose yang ternyata aman.)
[ 1] s3 arm_2 z1.40 @0.60 oracle4 F: TORQUE-UNSAFE (0.1 s) RNEA j2 7.24 @ 83/124 statis-akhir 5.30
[INFO] [1790570986.292341549] [reach_dwell_probe]: torsi RNEA+offset(per-aktuator) vs rating: 1=0.03->6.63/10, 2=7.13->14.83/14, 3=0.87->7.47/10, 4=0.19->2.17/7, 5=0.06->2.04/7, 6=0.00->1.98/7  (terketat t1_a2_joint_2 106 %)
[ERROR] [1790570986.292742578] [reach_dwell_probe]: A6/S3: rencana DITOLAK SEBELUM GERAK -- t1_a2_joint_2 diperkirakan 14.83 N.m > rating 14. Pose ini menuntut torsi di atas rating sendi; itu sifat POSE, bukan sifat penjaga. (Penyaring sengaja konservatif: pada kalibrasi G16 ia menolak 1 dari 4 pose yang ternyata aman.)
[ 2] s1 arm_2 z1.40 @0.75 oracle4 F: TORQUE-UNSAFE (0.1 s) RNEA j2 7.13 @ 81/116 statis-akhir 5.52
[INFO] [1790570986.371860368] [reach_dwell_probe]: torsi RNEA+offset(per-aktuator) vs rating: 1=0.03->6.63/10, 2=7.15->14.85/14, 3=0.86->7.46/10, 4=0.19->2.17/7, 5=0.06->2.04/7, 6=0.00->1.98/7  (terketat t1_a2_joint_2 106 %)
[ERROR] [1790570986.372300946] [reach_dwell_probe]: A6/S3: rencana DITOLAK SEBELUM GERAK -- t1_a2_joint_2 diperkirakan 14.85 N.m > rating 14. Pose ini menuntut torsi di atas rating sendi; itu sifat POSE, bukan sifat penjaga. (Penyaring sengaja konservatif: pada kalibrasi G16 ia menolak 1 dari 4 pose yang ternyata aman.)
[ 2] s2 arm_2 z1.40 @0.75 oracle4 F: TORQUE-UNSAFE (0.1 s) RNEA j2 7.15 @ 81/116 statis-akhir 5.52
[INFO] [1790570986.442313979] [reach_dwell_probe]: torsi RNEA+offset(per-aktuator) vs rating: 1=0.03->6.63/10, 2=7.12->14.82/14, 3=0.90->7.50/10, 4=0.19->2.17/7, 5=0.06->2.04/7, 6=0.00->1.98/7  (terketat t1_a2_joint_2 106 %)
[ERROR] [1790570986.442781762] [reach_dwell_probe]: A6/S3: rencana DITOLAK SEBELUM GERAK -- t1_a2_joint_2 diperkirakan 14.82 N.m > rating 14. Pose ini menuntut torsi di atas rating sendi; itu sifat POSE, bukan sifat penjaga. (Penyaring sengaja konservatif: pada kalibrasi G16 ia menolak 1 dari 4 pose yang ternyata aman.)
[ 2] s3 arm_2 z1.40 @0.75 oracle4 F: TORQUE-UNSAFE (0.1 s) RNEA j2 7.12 @ 81/117 statis-akhir 5.50
[INFO] [1790570986.540799972] [reach_dwell_probe]: torsi RNEA+offset(per-aktuator) vs rating: 1=0.04->6.64/10, 2=7.33->15.03/14, 3=1.00->7.60/10, 4=0.18->2.16/7, 5=0.07->2.05/7, 6=0.00->1.98/7  (terketat t1_a2_joint_2 107 %)
[ERROR] [1790570986.541154019] [reach_dwell_probe]: A6/S3: rencana DITOLAK SEBELUM GERAK -- t1_a2_joint_2 diperkirakan 15.03 N.m > rating 14. Pose ini menuntut torsi di atas rating sendi; itu sifat POSE, bukan sifat penjaga. (Penyaring sengaja konservatif: pada kalibrasi G16 ia menolak 1 dari 4 pose yang ternyata aman.)
[ 3] s1 arm_2 z1.40 @0.70 oracle4 F: TORQUE-UNSAFE (0.1 s) RNEA j2 7.33 @ 84/125 statis-akhir 5.37
[INFO] [1790570986.641181187] [reach_dwell_probe]: torsi RNEA+offset(per-aktuator) vs rating: 1=0.06->6.66/10, 2=6.39->14.09/14, 3=1.30->7.90/10, 4=0.20->2.18/7, 5=0.06->2.04/7, 6=0.00->1.98/7  (terketat t1_a2_joint_2 101 %)
[ERROR] [1790570986.641591801] [reach_dwell_probe]: A6/S3: rencana DITOLAK SEBELUM GERAK -- t1_a2_joint_2 diperkirakan 14.09 N.m > rating 14. Pose ini menuntut torsi di atas rating sendi; itu sifat POSE, bukan sifat penjaga. (Penyaring sengaja konservatif: pada kalibrasi G16 ia menolak 1 dari 4 pose yang ternyata aman.)
[ 3] s2 arm_2 z1.40 @0.70 oracle4 F: TORQUE-UNSAFE (0.1 s) RNEA j2 6.39 @ 94/125 statis-akhir 5.54
[INFO] [1790570986.718898112] [reach_dwell_probe]: torsi RNEA+offset(per-aktuator) vs rating: 1=0.04->6.64/10, 2=7.31->15.01/14, 3=1.04->7.64/10, 4=0.18->2.16/7, 5=0.07->2.05/7, 6=0.00->1.98/7  (terketat t1_a2_joint_2 107 %)
[ERROR] [1790570986.719313002] [reach_dwell_probe]: A6/S3: rencana DITOLAK SEBELUM GERAK -- t1_a2_joint_2 diperkirakan 15.01 N.m > rating 14. Pose ini menuntut torsi di atas rating sendi; itu sifat POSE, bukan sifat penjaga. (Penyaring sengaja konservatif: pada kalibrasi G16 ia menolak 1 dari 4 pose yang ternyata aman.)
[ 3] s3 arm_2 z1.40 @0.70 oracle4 F: TORQUE-UNSAFE (0.1 s) RNEA j2 7.31 @ 85/127 statis-akhir 5.33
[INFO] [1790570986.792310398] [reach_dwell_probe]: torsi RNEA+offset(per-aktuator) vs rating: 1=0.03->6.63/10, 2=7.14->14.84/14, 3=0.86->7.46/10, 4=0.18->2.16/7, 5=0.06->2.04/7, 6=0.00->1.98/7  (terketat t1_a2_joint_2 106 %)
[ERROR] [1790570986.792691018] [reach_dwell_probe]: A6/S3: rencana DITOLAK SEBELUM GERAK -- t1_a2_joint_2 diperkirakan 14.84 N.m > rating 14. Pose ini menuntut torsi di atas rating sendi; itu sifat POSE, bukan sifat penjaga. (Penyaring sengaja konservatif: pada kalibrasi G16 ia menolak 1 dari 4 pose yang ternyata aman.)
[ 4] s1 arm_2 z1.40 @0.90 oracle4 F: TORQUE-UNSAFE (0.1 s) RNEA j2 7.14 @ 81/115 statis-akhir 5.56
[INFO] [1790570986.875496117] [reach_dwell_probe]: torsi RNEA+offset(per-aktuator) vs rating: 1=0.14->6.74/10, 2=6.52->14.22/14, 3=1.39->7.99/10, 4=0.17->2.15/7, 5=0.06->2.04/7, 6=0.00->1.98/7  (terketat t1_a2_joint_2 102 %)
[ERROR] [1790570986.875852256] [reach_dwell_probe]: A6/S3: rencana DITOLAK SEBELUM GERAK -- t1_a2_joint_2 diperkirakan 14.22 N.m > rating 14. Pose ini menuntut torsi di atas rating sendi; itu sifat POSE, bukan sifat penjaga. (Penyaring sengaja konservatif: pada kalibrasi G16 ia menolak 1 dari 4 pose yang ternyata aman.)
[ 4] s2 arm_2 z1.40 @0.90 oracle4 F: TORQUE-UNSAFE (0.1 s) RNEA j2 6.52 @ 86/119 statis-akhir 5.39
[INFO] [1790570986.943278004] [reach_dwell_probe]: torsi RNEA+offset(per-aktuator) vs rating: 1=0.15->6.75/10, 2=6.54->14.24/14, 3=1.37->7.97/10, 4=0.17->2.15/7, 5=0.06->2.04/7, 6=0.00->1.98/7  (terketat t1_a2_joint_2 102 %)
[ERROR] [1790570986.943670846] [reach_dwell_probe]: A6/S3: rencana DITOLAK SEBELUM GERAK -- t1_a2_joint_2 diperkirakan 14.24 N.m > rating 14. Pose ini menuntut torsi di atas rating sendi; itu sifat POSE, bukan sifat penjaga. (Penyaring sengaja konservatif: pada kalibrasi G16 ia menolak 1 dari 4 pose yang ternyata aman.)
[ 4] s3 arm_2 z1.40 @0.90 oracle4 F: TORQUE-UNSAFE (0.1 s) RNEA j2 6.54 @ 85/119 statis-akhir 5.37
[INFO] [1790570987.051239523] [reach_dwell_probe]: torsi RNEA+offset(per-aktuator) vs rating: 1=0.02->6.62/10, 2=6.37->14.07/14, 3=1.31->7.91/10, 4=0.20->2.18/7, 5=0.05->2.03/7, 6=0.00->1.98/7  (terketat t1_a1_joint_2 101 %)
[ERROR] [1790570987.051685393] [reach_dwell_probe]: A6/S3: rencana DITOLAK SEBELUM GERAK -- t1_a1_joint_2 diperkirakan 14.07 N.m > rating 14. Pose ini menuntut torsi di atas rating sendi; itu sifat POSE, bukan sifat penjaga. (Penyaring sengaja konservatif: pada kalibrasi G16 ia menolak 1 dari 4 pose yang ternyata aman.)
[ 5] s1 arm_1 z1.40 @0.10 oracle4 F: TORQUE-UNSAFE (0.1 s) RNEA j2 6.37 @ 93/125 statis-akhir 5.54
[INFO] [1790570987.128352442] [reach_dwell_probe]: torsi RNEA+offset(per-aktuator) vs rating: 1=0.02->6.62/10, 2=6.38->14.08/14, 3=1.31->7.91/10, 4=0.20->2.18/7, 5=0.06->2.04/7, 6=0.00->1.98/7  (terketat t1_a1_joint_2 101 %)
[ERROR] [1790570987.128833178] [reach_dwell_probe]: A6/S3: rencana DITOLAK SEBELUM GERAK -- t1_a1_joint_2 diperkirakan 14.08 N.m > rating 14. Pose ini menuntut torsi di atas rating sendi; itu sifat POSE, bukan sifat penjaga. (Penyaring sengaja konservatif: pada kalibrasi G16 ia menolak 1 dari 4 pose yang ternyata aman.)
[ 5] s2 arm_1 z1.40 @0.10 oracle4 F: TORQUE-UNSAFE (0.1 s) RNEA j2 6.38 @ 94/124 statis-akhir 5.57
[INFO] [1790570987.259935831] [reach_dwell_probe]: torsi RNEA+offset(per-aktuator) vs rating: 1=0.10->6.70/10, 2=7.33->15.03/14, 3=0.99->7.59/10, 4=0.19->2.17/7, 5=0.07->2.05/7, 6=0.00->1.98/7  (terketat t1_a1_joint_2 107 %)
[ERROR] [1790570987.260345110] [reach_dwell_probe]: A6/S3: rencana DITOLAK SEBELUM GERAK -- t1_a1_joint_2 diperkirakan 15.03 N.m > rating 14. Pose ini menuntut torsi di atas rating sendi; itu sifat POSE, bukan sifat penjaga. (Penyaring sengaja konservatif: pada kalibrasi G16 ia menolak 1 dari 4 pose yang ternyata aman.)
[ 5] s3 arm_1 z1.40 @0.10 oracle4 F: TORQUE-UNSAFE (0.1 s) RNEA j2 7.33 @ 83/123 statis-akhir 5.34
[INFO] [1790570987.344458809] [reach_dwell_probe]: torsi RNEA+offset(per-aktuator) vs rating: 1=0.07->6.67/10, 2=6.52->14.22/14, 3=1.39->7.99/10, 4=0.19->2.17/7, 5=0.06->2.04/7, 6=0.00->1.98/7  (terketat t1_a2_joint_2 102 %)
[ERROR] [1790570987.344882616] [reach_dwell_probe]: A6/S3: rencana DITOLAK SEBELUM GERAK -- t1_a2_joint_2 diperkirakan 14.22 N.m > rating 14. Pose ini menuntut torsi di atas rating sendi; itu sifat POSE, bukan sifat penjaga. (Penyaring sengaja konservatif: pada kalibrasi G16 ia menolak 1 dari 4 pose yang ternyata aman.)
[ 6] s1 arm_2 z1.40 @0.75 oracle4 F: TORQUE-UNSAFE (0.1 s) RNEA j2 6.52 @ 76/106 statis-akhir 5.38
[INFO] [1790570987.454069992] [reach_dwell_probe]: torsi RNEA+offset(per-aktuator) vs rating: 1=0.09->6.69/10, 2=6.52->14.22/14, 3=1.16->7.76/10, 4=0.17->2.15/7, 5=0.06->2.04/7, 6=0.00->1.98/7  (terketat t1_a2_joint_2 102 %)
[ERROR] [1790570987.454464565] [reach_dwell_probe]: A6/S3: rencana DITOLAK SEBELUM GERAK -- t1_a2_joint_2 diperkirakan 14.22 N.m > rating 14. Pose ini menuntut torsi di atas rating sendi; itu sifat POSE, bukan sifat penjaga. (Penyaring sengaja konservatif: pada kalibrasi G16 ia menolak 1 dari 4 pose yang ternyata aman.)
[ 6] s2 arm_2 z1.40 @0.75 oracle4 F: TORQUE-UNSAFE (0.1 s) RNEA j2 6.52 @ 94/127 statis-akhir 5.60
[INFO] [1790570987.522676700] [reach_dwell_probe]: torsi RNEA+offset(per-aktuator) vs rating: 1=0.08->6.68/10, 2=7.08->14.78/14, 3=0.93->7.53/10, 4=0.20->2.18/7, 5=0.06->2.04/7, 6=0.00->1.98/7  (terketat t1_a2_joint_2 106 %)
[ERROR] [1790570987.523029538] [reach_dwell_probe]: A6/S3: rencana DITOLAK SEBELUM GERAK -- t1_a2_joint_2 diperkirakan 14.78 N.m > rating 14. Pose ini menuntut torsi di atas rating sendi; itu sifat POSE, bukan sifat penjaga. (Penyaring sengaja konservatif: pada kalibrasi G16 ia menolak 1 dari 4 pose yang ternyata aman.)
[ 6] s3 arm_2 z1.40 @0.75 oracle4 F: TORQUE-UNSAFE (0.1 s) RNEA j2 7.08 @ 82/117 statis-akhir 5.53
[INFO] [1790570987.635194706] [reach_dwell_probe]: torsi RNEA+offset(per-aktuator) vs rating: 1=0.05->6.65/10, 2=7.28->14.98/14, 3=1.06->7.66/10, 4=0.18->2.16/7, 5=0.07->2.05/7, 6=0.00->1.98/7  (terketat t1_a2_joint_2 107 %)
[ERROR] [1790570987.635518517] [reach_dwell_probe]: A6/S3: rencana DITOLAK SEBELUM GERAK -- t1_a2_joint_2 diperkirakan 14.98 N.m > rating 14. Pose ini menuntut torsi di atas rating sendi; itu sifat POSE, bukan sifat penjaga. (Penyaring sengaja konservatif: pada kalibrasi G16 ia menolak 1 dari 4 pose yang ternyata aman.)
[ 7] s1 arm_2 z1.40 @0.90 oracle4 F: TORQUE-UNSAFE (0.1 s) RNEA j2 7.28 @ 87/129 statis-akhir 5.34
[INFO] [1790570987.709748378] [reach_dwell_probe]: torsi RNEA+offset(per-aktuator) vs rating: 1=0.03->6.63/10, 2=7.05->14.75/14, 3=0.97->7.57/10, 4=0.20->2.18/7, 5=0.06->2.04/7, 6=0.00->1.98/7  (terketat t1_a2_joint_2 105 %)
[ERROR] [1790570987.710133703] [reach_dwell_probe]: A6/S3: rencana DITOLAK SEBELUM GERAK -- t1_a2_joint_2 diperkirakan 14.75 N.m > rating 14. Pose ini menuntut torsi di atas rating sendi; itu sifat POSE, bukan sifat penjaga. (Penyaring sengaja konservatif: pada kalibrasi G16 ia menolak 1 dari 4 pose yang ternyata aman.)
[ 7] s2 arm_2 z1.40 @0.90 oracle4 F: TORQUE-UNSAFE (0.1 s) RNEA j2 7.05 @ 82/117 statis-akhir 5.54
[INFO] [1790570987.797420688] [reach_dwell_probe]: torsi RNEA+offset(per-aktuator) vs rating: 1=0.05->6.65/10, 2=7.23->14.93/14, 3=1.12->7.72/10, 4=0.19->2.17/7, 5=0.08->2.06/7, 6=0.00->1.98/7  (terketat t1_a2_joint_2 107 %)
[ERROR] [1790570987.797740925] [reach_dwell_probe]: A6/S3: rencana DITOLAK SEBELUM GERAK -- t1_a2_joint_2 diperkirakan 14.93 N.m > rating 14. Pose ini menuntut torsi di atas rating sendi; itu sifat POSE, bukan sifat penjaga. (Penyaring sengaja konservatif: pada kalibrasi G16 ia menolak 1 dari 4 pose yang ternyata aman.)
[ 7] s3 arm_2 z1.40 @0.90 oracle4 F: TORQUE-UNSAFE (0.1 s) RNEA j2 7.23 @ 86/128 statis-akhir 5.29
[INFO] [1790570987.881759018] [reach_dwell_probe]: torsi RNEA+offset(per-aktuator) vs rating: 1=0.03->6.63/10, 2=7.58->15.28/14, 3=0.71->7.31/10, 4=0.13->2.11/7, 5=0.07->2.05/7, 6=0.00->1.98/7  (terketat t2_a2_joint_2 109 %)
[ERROR] [1790570987.882132196] [reach_dwell_probe]: A6/S3: rencana DITOLAK SEBELUM GERAK -- t2_a2_joint_2 diperkirakan 15.28 N.m > rating 14. Pose ini menuntut torsi di atas rating sendi; itu sifat POSE, bukan sifat penjaga. (Penyaring sengaja konservatif: pada kalibrasi G16 ia menolak 1 dari 4 pose yang ternyata aman.)
[ 8] s1 arm_4 z1.40 @1.05 oracle4 F: TORQUE-UNSAFE (0.1 s) RNEA j2 7.58 @ 83/125 statis-akhir 5.40
[INFO] [1790570987.946364712] [reach_dwell_probe]: torsi RNEA+offset(per-aktuator) vs rating: 1=0.03->6.63/10, 2=7.48->15.18/14, 3=0.83->7.43/10, 4=0.14->2.12/7, 5=0.07->2.05/7, 6=0.00->1.98/7  (terketat t2_a2_joint_2 108 %)
[ERROR] [1790570987.946749351] [reach_dwell_probe]: A6/S3: rencana DITOLAK SEBELUM GERAK -- t2_a2_joint_2 diperkirakan 15.18 N.m > rating 14. Pose ini menuntut torsi di atas rating sendi; itu sifat POSE, bukan sifat penjaga. (Penyaring sengaja konservatif: pada kalibrasi G16 ia menolak 1 dari 4 pose yang ternyata aman.)
[ 8] s2 arm_4 z1.40 @1.05 oracle4 F: TORQUE-UNSAFE (0.1 s) RNEA j2 7.48 @ 87/130 statis-akhir 5.38
[INFO] [1790570988.013943283] [reach_dwell_probe]: torsi RNEA+offset(per-aktuator) vs rating: 1=0.03->6.63/10, 2=7.52->15.22/14, 3=0.76->7.36/10, 4=0.15->2.13/7, 5=0.07->2.05/7, 6=0.00->1.98/7  (terketat t2_a2_joint_2 109 %)
[ERROR] [1790570988.014540716] [reach_dwell_probe]: A6/S3: rencana DITOLAK SEBELUM GERAK -- t2_a2_joint_2 diperkirakan 15.22 N.m > rating 14. Pose ini menuntut torsi di atas rating sendi; itu sifat POSE, bukan sifat penjaga. (Penyaring sengaja konservatif: pada kalibrasi G16 ia menolak 1 dari 4 pose yang ternyata aman.)
[ 8] s3 arm_4 z1.40 @1.05 oracle4 F: TORQUE-UNSAFE (0.1 s) RNEA j2 7.52 @ 83/125 statis-akhir 5.37
[INFO] [1790570988.082877327] [reach_dwell_probe]: torsi RNEA+offset(per-aktuator) vs rating: 1=0.03->6.63/10, 2=7.58->15.28/14, 3=0.70->7.30/10, 4=0.14->2.12/7, 5=0.07->2.05/7, 6=0.00->1.98/7  (terketat t1_a2_joint_2 109 %)
[ERROR] [1790570988.083246818] [reach_dwell_probe]: A6/S3: rencana DITOLAK SEBELUM GERAK -- t1_a2_joint_2 diperkirakan 15.28 N.m > rating 14. Pose ini menuntut torsi di atas rating sendi; itu sifat POSE, bukan sifat penjaga. (Penyaring sengaja konservatif: pada kalibrasi G16 ia menolak 1 dari 4 pose yang ternyata aman.)
[ 9] s1 arm_2 z1.40 @1.05 oracle4 F: TORQUE-UNSAFE (0.1 s) RNEA j2 7.58 @ 82/123 statis-akhir 5.40
[INFO] [1790570988.157362734] [reach_dwell_probe]: torsi RNEA+offset(per-aktuator) vs rating: 1=0.03->6.63/10, 2=7.55->15.25/14, 3=0.73->7.33/10, 4=0.15->2.13/7, 5=0.07->2.05/7, 6=0.00->1.98/7  (terketat t1_a2_joint_2 109 %)
[ERROR] [1790570988.157887206] [reach_dwell_probe]: A6/S3: rencana DITOLAK SEBELUM GERAK -- t1_a2_joint_2 diperkirakan 15.25 N.m > rating 14. Pose ini menuntut torsi di atas rating sendi; itu sifat POSE, bukan sifat penjaga. (Penyaring sengaja konservatif: pada kalibrasi G16 ia menolak 1 dari 4 pose yang ternyata aman.)
[ 9] s2 arm_2 z1.40 @1.05 oracle4 F: TORQUE-UNSAFE (0.1 s) RNEA j2 7.55 @ 81/121 statis-akhir 5.41
[INFO] [1790570988.238814333] [reach_dwell_probe]: torsi RNEA+offset(per-aktuator) vs rating: 1=0.12->6.72/10, 2=6.63->14.33/14, 3=1.26->7.86/10, 4=0.17->2.15/7, 5=0.06->2.04/7, 6=0.00->1.98/7  (terketat t1_a2_joint_2 102 %)
[ERROR] [1790570988.239240759] [reach_dwell_probe]: A6/S3: rencana DITOLAK SEBELUM GERAK -- t1_a2_joint_2 diperkirakan 14.33 N.m > rating 14. Pose ini menuntut torsi di atas rating sendi; itu sifat POSE, bukan sifat penjaga. (Penyaring sengaja konservatif: pada kalibrasi G16 ia menolak 1 dari 4 pose yang ternyata aman.)
[ 9] s3 arm_2 z1.40 @1.05 oracle4 F: TORQUE-UNSAFE (0.1 s) RNEA j2 6.63 @ 89/125 statis-akhir 5.37
[INFO] [1790570988.318410268] [reach_dwell_probe]: torsi RNEA+offset(per-aktuator) vs rating: 1=0.03->6.63/10, 2=7.34->15.04/14, 3=0.61->7.21/10, 4=0.14->2.12/7, 5=0.06->2.04/7, 6=0.00->1.98/7  (terketat t1_a1_joint_2 107 %)
[ERROR] [1790570988.318777473] [reach_dwell_probe]: A6/S3: rencana DITOLAK SEBELUM GERAK -- t1_a1_joint_2 diperkirakan 15.04 N.m > rating 14. Pose ini menuntut torsi di atas rating sendi; itu sifat POSE, bukan sifat penjaga. (Penyaring sengaja konservatif: pada kalibrasi G16 ia menolak 1 dari 4 pose yang ternyata aman.)
[10] s1 arm_1 z1.40 @0.05 oracle4 F: TORQUE-UNSAFE (0.1 s) RNEA j2 7.34 @ 78/113 statis-akhir 5.60
[INFO] [1790570988.402937562] [reach_dwell_probe]: torsi RNEA+offset(per-aktuator) vs rating: 1=0.03->6.63/10, 2=7.51->15.21/14, 3=0.78->7.38/10, 4=0.15->2.13/7, 5=0.07->2.05/7, 6=0.00->1.98/7  (terketat t1_a1_joint_2 109 %)
[ERROR] [1790570988.403221092] [reach_dwell_probe]: A6/S3: rencana DITOLAK SEBELUM GERAK -- t1_a1_joint_2 diperkirakan 15.21 N.m > rating 14. Pose ini menuntut torsi di atas rating sendi; itu sifat POSE, bukan sifat penjaga. (Penyaring sengaja konservatif: pada kalibrasi G16 ia menolak 1 dari 4 pose yang ternyata aman.)
[10] s2 arm_1 z1.40 @0.05 oracle4 F: TORQUE-UNSAFE (0.1 s) RNEA j2 7.51 @ 84/126 statis-akhir 5.38
[INFO] [1790570988.468129281] [reach_dwell_probe]: torsi RNEA+offset(per-aktuator) vs rating: 1=0.03->6.63/10, 2=7.34->15.04/14, 3=0.61->7.21/10, 4=0.15->2.13/7, 5=0.06->2.04/7, 6=0.00->1.98/7  (terketat t1_a1_joint_2 107 %)
[ERROR] [1790570988.468510041] [reach_dwell_probe]: A6/S3: rencana DITOLAK SEBELUM GERAK -- t1_a1_joint_2 diperkirakan 15.04 N.m > rating 14. Pose ini menuntut torsi di atas rating sendi; itu sifat POSE, bukan sifat penjaga. (Penyaring sengaja konservatif: pada kalibrasi G16 ia menolak 1 dari 4 pose yang ternyata aman.)
[10] s3 arm_1 z1.40 @0.05 oracle4 F: TORQUE-UNSAFE (0.1 s) RNEA j2 7.34 @ 78/114 statis-akhir 5.60
[INFO] [1790570988.594622186] [reach_dwell_probe]: torsi RNEA+offset(per-aktuator) vs rating: 1=0.08->6.68/10, 2=6.46->14.16/14, 3=1.22->7.82/10, 4=0.19->2.17/7, 5=0.06->2.04/7, 6=0.00->1.98/7  (terketat t2_a2_joint_2 101 %)
[ERROR] [1790570988.595069557] [reach_dwell_probe]: A6/S3: rencana DITOLAK SEBELUM GERAK -- t2_a2_joint_2 diperkirakan 14.16 N.m > rating 14. Pose ini menuntut torsi di atas rating sendi; itu sifat POSE, bukan sifat penjaga. (Penyaring sengaja konservatif: pada kalibrasi G16 ia menolak 1 dari 4 pose yang ternyata aman.)
[11] s1 arm_4 z1.40 @0.95 oracle4 F: TORQUE-UNSAFE (0.1 s) RNEA j2 6.46 @ 94/127 statis-akhir 5.55
[INFO] [1790570988.666333138] [reach_dwell_probe]: torsi RNEA+offset(per-aktuator) vs rating: 1=0.11->6.71/10, 2=7.28->14.98/14, 3=1.06->7.66/10, 4=0.19->2.17/7, 5=0.08->2.06/7, 6=0.00->1.98/7  (terketat t2_a2_joint_2 107 %)
[ERROR] [1790570988.666689163] [reach_dwell_probe]: A6/S3: rencana DITOLAK SEBELUM GERAK -- t2_a2_joint_2 diperkirakan 14.98 N.m > rating 14. Pose ini menuntut torsi di atas rating sendi; itu sifat POSE, bukan sifat penjaga. (Penyaring sengaja konservatif: pada kalibrasi G16 ia menolak 1 dari 4 pose yang ternyata aman.)
[11] s2 arm_4 z1.40 @0.95 oracle4 F: TORQUE-UNSAFE (0.1 s) RNEA j2 7.28 @ 84/125 statis-akhir 5.30
[INFO] [1790570988.731657913] [reach_dwell_probe]: torsi RNEA+offset(per-aktuator) vs rating: 1=0.05->6.65/10, 2=6.46->14.16/14, 3=1.46->8.06/10, 4=0.20->2.18/7, 5=0.05->2.03/7, 6=0.00->1.98/7  (terketat t2_a2_joint_2 101 %)
[ERROR] [1790570988.732058133] [reach_dwell_probe]: A6/S3: rencana DITOLAK SEBELUM GERAK -- t2_a2_joint_2 diperkirakan 14.16 N.m > rating 14. Pose ini menuntut torsi di atas rating sendi; itu sifat POSE, bukan sifat penjaga. (Penyaring sengaja konservatif: pada kalibrasi G16 ia menolak 1 dari 4 pose yang ternyata aman.)
[11] s3 arm_4 z1.40 @0.95 oracle4 F: TORQUE-UNSAFE (0.1 s) RNEA j2 6.46 @ 76/106 statis-akhir 5.35
[INFO] [1790570988.793659793] [reach_dwell_probe]: torsi RNEA+offset(per-aktuator) vs rating: 1=0.04->6.64/10, 2=7.40->15.10/14, 3=0.92->7.52/10, 4=0.16->2.14/7, 5=0.07->2.05/7, 6=0.00->1.98/7  (terketat t2_a2_joint_2 108 %)
[ERROR] [1790570988.794108305] [reach_dwell_probe]: A6/S3: rencana DITOLAK SEBELUM GERAK -- t2_a2_joint_2 diperkirakan 15.10 N.m > rating 14. Pose ini menuntut torsi di atas rating sendi; itu sifat POSE, bukan sifat penjaga. (Penyaring sengaja konservatif: pada kalibrasi G16 ia menolak 1 dari 4 pose yang ternyata aman.)
[12] s1 arm_4 z1.40 @1.15 oracle4 F: TORQUE-UNSAFE (0.1 s) RNEA j2 7.40 @ 87/130 statis-akhir 5.38
[INFO] [1790570988.856379725] [reach_dwell_probe]: torsi RNEA+offset(per-aktuator) vs rating: 1=0.03->6.63/10, 2=7.36->15.06/14, 3=0.97->7.57/10, 4=0.17->2.15/7, 5=0.07->2.05/7, 6=0.00->1.98/7  (terketat t2_a2_joint_2 108 %)
[ERROR] [1790570988.856861710] [reach_dwell_probe]: A6/S3: rencana DITOLAK SEBELUM GERAK -- t2_a2_joint_2 diperkirakan 15.06 N.m > rating 14. Pose ini menuntut torsi di atas rating sendi; itu sifat POSE, bukan sifat penjaga. (Penyaring sengaja konservatif: pada kalibrasi G16 ia menolak 1 dari 4 pose yang ternyata aman.)
[12] s2 arm_4 z1.40 @1.15 oracle4 F: TORQUE-UNSAFE (0.1 s) RNEA j2 7.36 @ 86/128 statis-akhir 5.36
[INFO] [1790570988.930584186] [reach_dwell_probe]: torsi RNEA+offset(per-aktuator) vs rating: 1=0.14->6.74/10, 2=6.57->14.27/14, 3=1.34->7.94/10, 4=0.18->2.16/7, 5=0.06->2.04/7, 6=0.00->1.98/7  (terketat t2_a2_joint_2 102 %)
[ERROR] [1790570988.930979113] [reach_dwell_probe]: A6/S3: rencana DITOLAK SEBELUM GERAK -- t2_a2_joint_2 diperkirakan 14.27 N.m > rating 14. Pose ini menuntut torsi di atas rating sendi; itu sifat POSE, bukan sifat penjaga. (Penyaring sengaja konservatif: pada kalibrasi G16 ia menolak 1 dari 4 pose yang ternyata aman.)
[12] s3 arm_4 z1.40 @1.15 oracle4 F: TORQUE-UNSAFE (0.1 s) RNEA j2 6.57 @ 75/105 statis-akhir 5.38
[INFO] [1790570988.998540426] [reach_dwell_probe]: torsi RNEA+offset(per-aktuator) vs rating: 1=0.04->6.64/10, 2=7.38->15.08/14, 3=0.94->7.54/10, 4=0.18->2.16/7, 5=0.07->2.05/7, 6=0.00->1.98/7  (terketat t2_a1_joint_2 108 %)
[ERROR] [1790570988.998903166] [reach_dwell_probe]: A6/S3: rencana DITOLAK SEBELUM GERAK -- t2_a1_joint_2 diperkirakan 15.08 N.m > rating 14. Pose ini menuntut torsi di atas rating sendi; itu sifat POSE, bukan sifat penjaga. (Penyaring sengaja konservatif: pada kalibrasi G16 ia menolak 1 dari 4 pose yang ternyata aman.)
[13] s1 arm_3 z1.40 @0.45 oracle4 F: TORQUE-UNSAFE (0.1 s) RNEA j2 7.38 @ 83/124 statis-akhir 5.33
[INFO] [1790570989.088717619] [reach_dwell_probe]: torsi RNEA+offset(per-aktuator) vs rating: 1=0.14->6.74/10, 2=6.46->14.16/14, 3=1.22->7.82/10, 4=0.18->2.16/7, 5=0.06->2.04/7, 6=0.00->1.98/7  (terketat t2_a1_joint_2 101 %)
[ERROR] [1790570989.089131032] [reach_dwell_probe]: A6/S3: rencana DITOLAK SEBELUM GERAK -- t2_a1_joint_2 diperkirakan 14.16 N.m > rating 14. Pose ini menuntut torsi di atas rating sendi; itu sifat POSE, bukan sifat penjaga. (Penyaring sengaja konservatif: pada kalibrasi G16 ia menolak 1 dari 4 pose yang ternyata aman.)
[13] s2 arm_3 z1.40 @0.45 oracle4 F: TORQUE-UNSAFE (0.1 s) RNEA j2 6.46 @ 98/130 statis-akhir 5.61
[INFO] [1790570989.192167504] [reach_dwell_probe]: torsi RNEA+offset(per-aktuator) vs rating: 1=0.04->6.64/10, 2=7.39->15.09/14, 3=0.94->7.54/10, 4=0.17->2.15/7, 5=0.07->2.05/7, 6=0.00->1.98/7  (terketat t2_a1_joint_2 108 %)
[ERROR] [1790570989.192538761] [reach_dwell_probe]: A6/S3: rencana DITOLAK SEBELUM GERAK -- t2_a1_joint_2 diperkirakan 15.09 N.m > rating 14. Pose ini menuntut torsi di atas rating sendi; itu sifat POSE, bukan sifat penjaga. (Penyaring sengaja konservatif: pada kalibrasi G16 ia menolak 1 dari 4 pose yang ternyata aman.)
[13] s3 arm_3 z1.40 @0.45 oracle4 F: TORQUE-UNSAFE (0.1 s) RNEA j2 7.39 @ 84/125 statis-akhir 5.35
[INFO] [1790570989.317805724] [reach_dwell_probe]: torsi RNEA+offset(per-aktuator) vs rating: 1=0.10->6.70/10, 2=7.18->14.88/14, 3=1.17->7.77/10, 4=0.20->2.18/7, 5=0.08->2.06/7, 6=0.00->1.98/7  (terketat t2_a1_joint_2 106 %)
[ERROR] [1790570989.318225210] [reach_dwell_probe]: A6/S3: rencana DITOLAK SEBELUM GERAK -- t2_a1_joint_2 diperkirakan 14.88 N.m > rating 14. Pose ini menuntut torsi di atas rating sendi; itu sifat POSE, bukan sifat penjaga. (Penyaring sengaja konservatif: pada kalibrasi G16 ia menolak 1 dari 4 pose yang ternyata aman.)
[14] s1 arm_3 z1.40 @0.60 oracle4 F: TORQUE-UNSAFE (0.1 s) RNEA j2 7.18 @ 86/128 statis-akhir 5.31
[INFO] [1790570989.396929715] [reach_dwell_probe]: torsi RNEA+offset(per-aktuator) vs rating: 1=0.09->6.69/10, 2=6.50->14.20/14, 3=1.18->7.78/10, 4=0.18->2.16/7, 5=0.06->2.04/7, 6=0.00->1.98/7  (terketat t2_a1_joint_2 101 %)
[ERROR] [1790570989.397322526] [reach_dwell_probe]: A6/S3: rencana DITOLAK SEBELUM GERAK -- t2_a1_joint_2 diperkirakan 14.20 N.m > rating 14. Pose ini menuntut torsi di atas rating sendi; itu sifat POSE, bukan sifat penjaga. (Penyaring sengaja konservatif: pada kalibrasi G16 ia menolak 1 dari 4 pose yang ternyata aman.)
[14] s2 arm_3 z1.40 @0.60 oracle4 F: TORQUE-UNSAFE (0.1 s) RNEA j2 6.50 @ 93/125 statis-akhir 5.58
[INFO] [1790570989.488351878] [reach_dwell_probe]: torsi RNEA+offset(per-aktuator) vs rating: 1=0.02->6.62/10, 2=2.20->9.90/14, 3=2.48->9.08/10, 4=0.26->2.24/7, 5=0.11->2.09/7, 6=0.00->1.98/7  (terketat t2_a1_joint_3 91 %)
/home/user1/Documents/ceiling_arm/scripts/interarm_collision.py:66: UserWarning: You passed package dir(s) via argument geometry_model and provided package_dirs.
  self.geom = pin.buildGeomFromUrdf(
/home/user1/Documents/ceiling_arm/scripts/interarm_collision.py:168: UserWarning: You passed package dir(s) via argument geometry_model and provided package_dirs.
  self.geom = pin.buildGeomFromUrdf(
[INFO] [1790571018.867136236] [reach_dwell_probe]: jarak antar-lengan minimum sepanjang rencana: 589.1 mm di titik 112 (t2_a1_lower_wrist_link_0 <-> t2_a2_arm_link_0) -> CLEAR
[14] s3 arm_3 z1.40 @0.60 oracle4 F: PLANNED (29.5 s) RNEA j2 2.20 @ 70/124 statis-akhir 1.11
[INFO] [1790571018.936074258] [reach_dwell_probe]: torsi RNEA+offset(per-aktuator) vs rating: 1=0.02->6.62/10, 2=6.47->14.17/14, 3=1.21->7.81/10, 4=0.18->2.16/7, 5=0.06->2.04/7, 6=0.00->1.98/7  (terketat t2_a2_joint_2 101 %)
[ERROR] [1790571018.936529716] [reach_dwell_probe]: A6/S3: rencana DITOLAK SEBELUM GERAK -- t2_a2_joint_2 diperkirakan 14.17 N.m > rating 14. Pose ini menuntut torsi di atas rating sendi; itu sifat POSE, bukan sifat penjaga. (Penyaring sengaja konservatif: pada kalibrasi G16 ia menolak 1 dari 4 pose yang ternyata aman.)
[15] s1 arm_4 z1.40 @1.25 oracle4 F: TORQUE-UNSAFE (0.1 s) RNEA j2 6.47 @ 92/124 statis-akhir 5.59
[INFO] [1790571019.018229588] [reach_dwell_probe]: torsi RNEA+offset(per-aktuator) vs rating: 1=0.02->6.62/10, 2=6.50->14.20/14, 3=1.18->7.78/10, 4=0.18->2.16/7, 5=0.06->2.04/7, 6=0.00->1.98/7  (terketat t2_a2_joint_2 101 %)
[ERROR] [1790571019.018554663] [reach_dwell_probe]: A6/S3: rencana DITOLAK SEBELUM GERAK -- t2_a2_joint_2 diperkirakan 14.20 N.m > rating 14. Pose ini menuntut torsi di atas rating sendi; itu sifat POSE, bukan sifat penjaga. (Penyaring sengaja konservatif: pada kalibrasi G16 ia menolak 1 dari 4 pose yang ternyata aman.)
[15] s2 arm_4 z1.40 @1.25 oracle4 F: TORQUE-UNSAFE (0.1 s) RNEA j2 6.50 @ 94/127 statis-akhir 5.60
[INFO] [1790571019.086763074] [reach_dwell_probe]: torsi RNEA+offset(per-aktuator) vs rating: 1=0.02->6.62/10, 2=6.43->14.13/14, 3=1.26->7.86/10, 4=0.19->2.17/7, 5=0.06->2.04/7, 6=0.00->1.98/7  (terketat t2_a2_joint_2 101 %)
[ERROR] [1790571019.087185668] [reach_dwell_probe]: A6/S3: rencana DITOLAK SEBELUM GERAK -- t2_a2_joint_2 diperkirakan 14.13 N.m > rating 14. Pose ini menuntut torsi di atas rating sendi; itu sifat POSE, bukan sifat penjaga. (Penyaring sengaja konservatif: pada kalibrasi G16 ia menolak 1 dari 4 pose yang ternyata aman.)
[15] s3 arm_4 z1.40 @1.25 oracle4 F: TORQUE-UNSAFE (0.1 s) RNEA j2 6.43 @ 94/125 statis-akhir 5.57
[INFO] [1790571019.177397553] [reach_dwell_probe]: torsi RNEA+offset(per-aktuator) vs rating: 1=0.05->6.65/10, 2=6.50->14.20/14, 3=1.18->7.78/10, 4=0.18->2.16/7, 5=0.06->2.04/7, 6=0.00->1.98/7  (terketat t2_a2_joint_2 101 %)
[ERROR] [1790571019.177691615] [reach_dwell_probe]: A6/S3: rencana DITOLAK SEBELUM GERAK -- t2_a2_joint_2 diperkirakan 14.20 N.m > rating 14. Pose ini menuntut torsi di atas rating sendi; itu sifat POSE, bukan sifat penjaga. (Penyaring sengaja konservatif: pada kalibrasi G16 ia menolak 1 dari 4 pose yang ternyata aman.)
[16] s1 arm_4 z1.40 @1.40 oracle4 F: TORQUE-UNSAFE (0.1 s) RNEA j2 6.50 @ 96/129 statis-akhir 5.59
[INFO] [1790571019.267537467] [reach_dwell_probe]: torsi RNEA+offset(per-aktuator) vs rating: 1=0.08->6.68/10, 2=7.12->14.82/14, 3=0.90->7.50/10, 4=0.19->2.17/7, 5=0.06->2.04/7, 6=0.00->1.98/7  (terketat t2_a2_joint_2 106 %)
[ERROR] [1790571019.267951036] [reach_dwell_probe]: A6/S3: rencana DITOLAK SEBELUM GERAK -- t2_a2_joint_2 diperkirakan 14.82 N.m > rating 14. Pose ini menuntut torsi di atas rating sendi; itu sifat POSE, bukan sifat penjaga. (Penyaring sengaja konservatif: pada kalibrasi G16 ia menolak 1 dari 4 pose yang ternyata aman.)
[16] s2 arm_4 z1.40 @1.40 oracle4 F: TORQUE-UNSAFE (0.1 s) RNEA j2 7.12 @ 81/117 statis-akhir 5.51
[INFO] [1790571019.334462710] [reach_dwell_probe]: torsi RNEA+offset(per-aktuator) vs rating: 1=0.09->6.69/10, 2=7.04->14.74/14, 3=0.99->7.59/10, 4=0.20->2.18/7, 5=0.06->2.04/7, 6=0.00->1.98/7  (terketat t2_a2_joint_2 105 %)
[ERROR] [1790571019.334883060] [reach_dwell_probe]: A6/S3: rencana DITOLAK SEBELUM GERAK -- t2_a2_joint_2 diperkirakan 14.74 N.m > rating 14. Pose ini menuntut torsi di atas rating sendi; itu sifat POSE, bukan sifat penjaga. (Penyaring sengaja konservatif: pada kalibrasi G16 ia menolak 1 dari 4 pose yang ternyata aman.)
[16] s3 arm_4 z1.40 @1.40 oracle4 F: TORQUE-UNSAFE (0.1 s) RNEA j2 7.04 @ 82/117 statis-akhir 5.51
[INFO] [1790571019.388040139] [reach_dwell_probe]: torsi RNEA+offset(per-aktuator) vs rating: 1=0.14->6.74/10, 2=6.56->14.26/14, 3=1.34->7.94/10, 4=0.17->2.15/7, 5=0.06->2.04/7, 6=0.00->1.98/7  (terketat t1_a1_joint_2 102 %)
[ERROR] [1790571019.388380482] [reach_dwell_probe]: A6/S3: rencana DITOLAK SEBELUM GERAK -- t1_a1_joint_2 diperkirakan 14.26 N.m > rating 14. Pose ini menuntut torsi di atas rating sendi; itu sifat POSE, bukan sifat penjaga. (Penyaring sengaja konservatif: pada kalibrasi G16 ia menolak 1 dari 4 pose yang ternyata aman.)
[17] s1 arm_1 z1.40 @0.50 oracle4 F: TORQUE-UNSAFE (0.0 s) RNEA j2 6.56 @ 74/104 statis-akhir 5.38
[INFO] [1790571019.443386922] [reach_dwell_probe]: torsi RNEA+offset(per-aktuator) vs rating: 1=0.03->6.63/10, 2=7.09->14.79/14, 3=0.93->7.53/10, 4=0.20->2.18/7, 5=0.05->2.03/7, 6=0.00->1.98/7  (terketat t1_a1_joint_2 106 %)
[ERROR] [1790571019.443863567] [reach_dwell_probe]: A6/S3: rencana DITOLAK SEBELUM GERAK -- t1_a1_joint_2 diperkirakan 14.79 N.m > rating 14. Pose ini menuntut torsi di atas rating sendi; itu sifat POSE, bukan sifat penjaga. (Penyaring sengaja konservatif: pada kalibrasi G16 ia menolak 1 dari 4 pose yang ternyata aman.)
[17] s2 arm_1 z1.40 @0.50 oracle4 F: TORQUE-UNSAFE (0.1 s) RNEA j2 7.09 @ 82/117 statis-akhir 5.51
[INFO] [1790571019.520789885] [reach_dwell_probe]: torsi RNEA+offset(per-aktuator) vs rating: 1=0.04->6.64/10, 2=7.32->15.02/14, 3=1.03->7.63/10, 4=0.18->2.16/7, 5=0.07->2.05/7, 6=0.00->1.98/7  (terketat t1_a1_joint_2 107 %)
[ERROR] [1790571019.521144334] [reach_dwell_probe]: A6/S3: rencana DITOLAK SEBELUM GERAK -- t1_a1_joint_2 diperkirakan 15.02 N.m > rating 14. Pose ini menuntut torsi di atas rating sendi; itu sifat POSE, bukan sifat penjaga. (Penyaring sengaja konservatif: pada kalibrasi G16 ia menolak 1 dari 4 pose yang ternyata aman.)
[17] s3 arm_1 z1.40 @0.50 oracle4 F: TORQUE-UNSAFE (0.1 s) RNEA j2 7.32 @ 86/128 statis-akhir 5.33
[INFO] [1790571019.706946780] [reach_dwell_probe]: torsi RNEA+offset(per-aktuator) vs rating: 1=0.14->6.74/10, 2=6.41->14.11/14, 3=1.27->7.87/10, 4=0.19->2.17/7, 5=0.06->2.04/7, 6=0.00->1.98/7  (terketat t2_a1_joint_2 101 %)
[ERROR] [1790571019.707378753] [reach_dwell_probe]: A6/S3: rencana DITOLAK SEBELUM GERAK -- t2_a1_joint_2 diperkirakan 14.11 N.m > rating 14. Pose ini menuntut torsi di atas rating sendi; itu sifat POSE, bukan sifat penjaga. (Penyaring sengaja konservatif: pada kalibrasi G16 ia menolak 1 dari 4 pose yang ternyata aman.)
[18] s1 arm_3 z1.40 @0.60 oracle4 F: TORQUE-UNSAFE (0.2 s) RNEA j2 6.41 @ 95/127 statis-akhir 5.57
[INFO] [1790571019.802170892] [reach_dwell_probe]: torsi RNEA+offset(per-aktuator) vs rating: 1=0.12->6.72/10, 2=6.44->14.14/14, 3=1.48->8.08/10, 4=0.20->2.18/7, 5=0.05->2.03/7, 6=0.00->1.98/7  (terketat t2_a1_joint_2 101 %)
[ERROR] [1790571019.802519608] [reach_dwell_probe]: A6/S3: rencana DITOLAK SEBELUM GERAK -- t2_a1_joint_2 diperkirakan 14.14 N.m > rating 14. Pose ini menuntut torsi di atas rating sendi; itu sifat POSE, bukan sifat penjaga. (Penyaring sengaja konservatif: pada kalibrasi G16 ia menolak 1 dari 4 pose yang ternyata aman.)
[18] s2 arm_3 z1.40 @0.60 oracle4 F: TORQUE-UNSAFE (0.1 s) RNEA j2 6.44 @ 76/106 statis-akhir 5.35
[INFO] [1790571019.880393959] [reach_dwell_probe]: torsi RNEA+offset(per-aktuator) vs rating: 1=0.03->6.63/10, 2=7.08->14.78/14, 3=0.93->7.53/10, 4=0.20->2.18/7, 5=0.06->2.04/7, 6=0.00->1.98/7  (terketat t2_a1_joint_2 106 %)
[ERROR] [1790571019.880808632] [reach_dwell_probe]: A6/S3: rencana DITOLAK SEBELUM GERAK -- t2_a1_joint_2 diperkirakan 14.78 N.m > rating 14. Pose ini menuntut torsi di atas rating sendi; itu sifat POSE, bukan sifat penjaga. (Penyaring sengaja konservatif: pada kalibrasi G16 ia menolak 1 dari 4 pose yang ternyata aman.)
[18] s3 arm_3 z1.40 @0.60 oracle4 F: TORQUE-UNSAFE (0.1 s) RNEA j2 7.08 @ 82/117 statis-akhir 5.52
[INFO] [1790571019.981722256] [reach_dwell_probe]: torsi RNEA+offset(per-aktuator) vs rating: 1=0.02->6.62/10, 2=2.25->9.95/14, 3=2.48->9.08/10, 4=0.26->2.24/7, 5=0.11->2.09/7, 6=0.00->1.98/7  (terketat t2_a1_joint_3 91 %)
[INFO] [1790571042.734357008] [reach_dwell_probe]: jarak antar-lengan minimum sepanjang rencana: 583.3 mm di titik 112 (t2_a1_lower_wrist_link_0 <-> t2_a2_arm_link_0) -> CLEAR
[19] s1 arm_3 z1.40 @0.75 oracle4 F: PLANNED (22.8 s) RNEA j2 2.25 @ 70/124 statis-akhir 1.19
[INFO] [1790571042.836736522] [reach_dwell_probe]: torsi RNEA+offset(per-aktuator) vs rating: 1=0.09->6.69/10, 2=6.52->14.22/14, 3=1.16->7.76/10, 4=0.17->2.15/7, 5=0.06->2.04/7, 6=0.00->1.98/7  (terketat t2_a1_joint_2 102 %)
[ERROR] [1790571042.837147230] [reach_dwell_probe]: A6/S3: rencana DITOLAK SEBELUM GERAK -- t2_a1_joint_2 diperkirakan 14.22 N.m > rating 14. Pose ini menuntut torsi di atas rating sendi; itu sifat POSE, bukan sifat penjaga. (Penyaring sengaja konservatif: pada kalibrasi G16 ia menolak 1 dari 4 pose yang ternyata aman.)
[19] s2 arm_3 z1.40 @0.75 oracle4 F: TORQUE-UNSAFE (0.1 s) RNEA j2 6.52 @ 92/124 statis-akhir 5.58
[INFO] [1790571042.952246456] [reach_dwell_probe]: torsi RNEA+offset(per-aktuator) vs rating: 1=0.02->6.62/10, 2=2.23->9.93/14, 3=2.48->9.08/10, 4=0.27->2.25/7, 5=0.11->2.09/7, 6=0.00->1.98/7  (terketat t2_a1_joint_3 91 %)
[INFO] [1790571066.064702055] [reach_dwell_probe]: jarak antar-lengan minimum sepanjang rencana: 590.0 mm di titik 114 (t2_a1_lower_wrist_link_0 <-> t2_a2_arm_link_0) -> CLEAR
[19] s3 arm_3 z1.40 @0.75 oracle4 F: PLANNED (23.2 s) RNEA j2 2.23 @ 71/126 statis-akhir 1.16
[INFO] [1790571066.180281102] [reach_dwell_probe]: torsi RNEA+offset(per-aktuator) vs rating: 1=0.10->6.70/10, 2=7.33->15.03/14, 3=1.00->7.60/10, 4=0.19->2.17/7, 5=0.07->2.05/7, 6=0.00->1.98/7  (terketat t2_a2_joint_2 107 %)
[ERROR] [1790571066.180684425] [reach_dwell_probe]: A6/S3: rencana DITOLAK SEBELUM GERAK -- t2_a2_joint_2 diperkirakan 15.03 N.m > rating 14. Pose ini menuntut torsi di atas rating sendi; itu sifat POSE, bukan sifat penjaga. (Penyaring sengaja konservatif: pada kalibrasi G16 ia menolak 1 dari 4 pose yang ternyata aman.)
[20] s1 arm_4 z1.40 @1.40 oracle4 F: TORQUE-UNSAFE (0.1 s) RNEA j2 7.33 @ 83/124 statis-akhir 5.31
[INFO] [1790571066.284865574] [reach_dwell_probe]: torsi RNEA+offset(per-aktuator) vs rating: 1=0.13->6.73/10, 2=7.13->14.83/14, 3=0.88->7.48/10, 4=0.19->2.17/7, 5=0.06->2.04/7, 6=0.00->1.98/7  (terketat t2_a2_joint_2 106 %)
[ERROR] [1790571066.285278287] [reach_dwell_probe]: A6/S3: rencana DITOLAK SEBELUM GERAK -- t2_a2_joint_2 diperkirakan 14.83 N.m > rating 14. Pose ini menuntut torsi di atas rating sendi; itu sifat POSE, bukan sifat penjaga. (Penyaring sengaja konservatif: pada kalibrasi G16 ia menolak 1 dari 4 pose yang ternyata aman.)
[20] s2 arm_4 z1.40 @1.40 oracle4 F: TORQUE-UNSAFE (0.1 s) RNEA j2 7.13 @ 92/132 statis-akhir 5.53
[INFO] [1790571066.391840893] [reach_dwell_probe]: torsi RNEA+offset(per-aktuator) vs rating: 1=0.11->6.71/10, 2=7.18->14.88/14, 3=1.16->7.76/10, 4=0.21->2.19/7, 5=0.08->2.06/7, 6=0.00->1.98/7  (terketat t2_a2_joint_2 106 %)
[ERROR] [1790571066.392232114] [reach_dwell_probe]: A6/S3: rencana DITOLAK SEBELUM GERAK -- t2_a2_joint_2 diperkirakan 14.88 N.m > rating 14. Pose ini menuntut torsi di atas rating sendi; itu sifat POSE, bukan sifat penjaga. (Penyaring sengaja konservatif: pada kalibrasi G16 ia menolak 1 dari 4 pose yang ternyata aman.)
[20] s3 arm_4 z1.40 @1.40 oracle4 F: TORQUE-UNSAFE (0.1 s) RNEA j2 7.18 @ 84/125 statis-akhir 5.33
[INFO] [1790571066.470820756] [reach_dwell_probe]: torsi RNEA+offset(per-aktuator) vs rating: 1=0.04->6.64/10, 2=7.22->14.92/14, 3=1.13->7.73/10, 4=0.19->2.17/7, 5=0.08->2.06/7, 6=0.00->1.98/7  (terketat t2_a2_joint_2 107 %)
[ERROR] [1790571066.471476964] [reach_dwell_probe]: A6/S3: rencana DITOLAK SEBELUM GERAK -- t2_a2_joint_2 diperkirakan 14.92 N.m > rating 14. Pose ini menuntut torsi di atas rating sendi; itu sifat POSE, bukan sifat penjaga. (Penyaring sengaja konservatif: pada kalibrasi G16 ia menolak 1 dari 4 pose yang ternyata aman.)
[21] s1 arm_4 z1.40 @1.55 oracle4 F: TORQUE-UNSAFE (0.1 s) RNEA j2 7.22 @ 87/129 statis-akhir 5.32
[INFO] [1790571066.566596579] [reach_dwell_probe]: torsi RNEA+offset(per-aktuator) vs rating: 1=0.05->6.65/10, 2=7.32->15.02/14, 3=1.02->7.62/10, 4=0.18->2.16/7, 5=0.07->2.05/7, 6=0.00->1.98/7  (terketat t2_a2_joint_2 107 %)
[ERROR] [1790571066.567029596] [reach_dwell_probe]: A6/S3: rencana DITOLAK SEBELUM GERAK -- t2_a2_joint_2 diperkirakan 15.02 N.m > rating 14. Pose ini menuntut torsi di atas rating sendi; itu sifat POSE, bukan sifat penjaga. (Penyaring sengaja konservatif: pada kalibrasi G16 ia menolak 1 dari 4 pose yang ternyata aman.)
[21] s2 arm_4 z1.40 @1.55 oracle4 F: TORQUE-UNSAFE (0.1 s) RNEA j2 7.32 @ 84/125 statis-akhir 5.31
[INFO] [1790571066.643771527] [reach_dwell_probe]: torsi RNEA+offset(per-aktuator) vs rating: 1=0.04->6.64/10, 2=6.45->14.15/14, 3=1.23->7.83/10, 4=0.19->2.17/7, 5=0.05->2.03/7, 6=0.00->1.98/7  (terketat t2_a2_joint_2 101 %)
[ERROR] [1790571066.644188139] [reach_dwell_probe]: A6/S3: rencana DITOLAK SEBELUM GERAK -- t2_a2_joint_2 diperkirakan 14.15 N.m > rating 14. Pose ini menuntut torsi di atas rating sendi; itu sifat POSE, bukan sifat penjaga. (Penyaring sengaja konservatif: pada kalibrasi G16 ia menolak 1 dari 4 pose yang ternyata aman.)
[21] s3 arm_4 z1.40 @1.55 oracle4 F: TORQUE-UNSAFE (0.1 s) RNEA j2 6.45 @ 97/130 statis-akhir 5.55
[INFO] [1790571066.714034123] [reach_dwell_probe]: torsi RNEA+offset(per-aktuator) vs rating: 1=0.03->6.63/10, 2=7.50->15.20/14, 3=0.80->7.40/10, 4=0.16->2.14/7, 5=0.07->2.05/7, 6=0.00->1.98/7  (terketat t2_a1_joint_2 109 %)
[ERROR] [1790571066.714511323] [reach_dwell_probe]: A6/S3: rencana DITOLAK SEBELUM GERAK -- t2_a1_joint_2 diperkirakan 15.20 N.m > rating 14. Pose ini menuntut torsi di atas rating sendi; itu sifat POSE, bukan sifat penjaga. (Penyaring sengaja konservatif: pada kalibrasi G16 ia menolak 1 dari 4 pose yang ternyata aman.)
[22] s1 arm_3 z1.40 @0.60 oracle4 F: TORQUE-UNSAFE (0.1 s) RNEA j2 7.50 @ 82/123 statis-akhir 5.37
[INFO] [1790571066.771093285] [reach_dwell_probe]: torsi RNEA+offset(per-aktuator) vs rating: 1=0.03->6.63/10, 2=7.27->14.97/14, 3=0.70->7.30/10, 4=0.16->2.14/7, 5=0.06->2.04/7, 6=0.00->1.98/7  (terketat t2_a1_joint_2 107 %)
[ERROR] [1790571066.771476426] [reach_dwell_probe]: A6/S3: rencana DITOLAK SEBELUM GERAK -- t2_a1_joint_2 diperkirakan 14.97 N.m > rating 14. Pose ini menuntut torsi di atas rating sendi; itu sifat POSE, bukan sifat penjaga. (Penyaring sengaja konservatif: pada kalibrasi G16 ia menolak 1 dari 4 pose yang ternyata aman.)
[22] s2 arm_3 z1.40 @0.60 oracle4 F: TORQUE-UNSAFE (0.1 s) RNEA j2 7.27 @ 79/114 statis-akhir 5.57
[INFO] [1790571066.843447568] [reach_dwell_probe]: torsi RNEA+offset(per-aktuator) vs rating: 1=0.03->6.63/10, 2=7.22->14.92/14, 3=0.76->7.36/10, 4=0.17->2.15/7, 5=0.06->2.04/7, 6=0.00->1.98/7  (terketat t2_a1_joint_2 107 %)
[ERROR] [1790571066.843811399] [reach_dwell_probe]: A6/S3: rencana DITOLAK SEBELUM GERAK -- t2_a1_joint_2 diperkirakan 14.92 N.m > rating 14. Pose ini menuntut torsi di atas rating sendi; itu sifat POSE, bukan sifat penjaga. (Penyaring sengaja konservatif: pada kalibrasi G16 ia menolak 1 dari 4 pose yang ternyata aman.)
[22] s3 arm_3 z1.40 @0.60 oracle4 F: TORQUE-UNSAFE (0.1 s) RNEA j2 7.22 @ 80/115 statis-akhir 5.54
[INFO] [1790571066.921767375] [reach_dwell_probe]: torsi RNEA+offset(per-aktuator) vs rating: 1=0.11->6.71/10, 2=7.18->14.88/14, 3=1.16->7.76/10, 4=0.21->2.19/7, 5=0.08->2.06/7, 6=0.00->1.98/7  (terketat t1_a2_joint_2 106 %)
[ERROR] [1790571066.922198503] [reach_dwell_probe]: A6/S3: rencana DITOLAK SEBELUM GERAK -- t1_a2_joint_2 diperkirakan 14.88 N.m > rating 14. Pose ini menuntut torsi di atas rating sendi; itu sifat POSE, bukan sifat penjaga. (Penyaring sengaja konservatif: pada kalibrasi G16 ia menolak 1 dari 4 pose yang ternyata aman.)
[23] s1 arm_2 z1.40 @1.45 oracle4 F: TORQUE-UNSAFE (0.1 s) RNEA j2 7.18 @ 85/126 statis-akhir 5.32
[INFO] [1790571066.985197852] [reach_dwell_probe]: torsi RNEA+offset(per-aktuator) vs rating: 1=0.02->6.62/10, 2=6.51->14.21/14, 3=1.17->7.77/10, 4=0.18->2.16/7, 5=0.06->2.04/7, 6=0.00->1.98/7  (terketat t1_a2_joint_2 102 %)
[ERROR] [1790571066.985620425] [reach_dwell_probe]: A6/S3: rencana DITOLAK SEBELUM GERAK -- t1_a2_joint_2 diperkirakan 14.21 N.m > rating 14. Pose ini menuntut torsi di atas rating sendi; itu sifat POSE, bukan sifat penjaga. (Penyaring sengaja konservatif: pada kalibrasi G16 ia menolak 1 dari 4 pose yang ternyata aman.)
[23] s2 arm_2 z1.40 @1.45 oracle4 F: TORQUE-UNSAFE (0.1 s) RNEA j2 6.51 @ 94/126 statis-akhir 5.58
[INFO] [1790571067.063720363] [reach_dwell_probe]: torsi RNEA+offset(per-aktuator) vs rating: 1=0.02->6.62/10, 2=6.49->14.19/14, 3=1.19->7.79/10, 4=0.18->2.16/7, 5=0.06->2.04/7, 6=0.00->1.98/7  (terketat t1_a2_joint_2 101 %)
[ERROR] [1790571067.064097664] [reach_dwell_probe]: A6/S3: rencana DITOLAK SEBELUM GERAK -- t1_a2_joint_2 diperkirakan 14.19 N.m > rating 14. Pose ini menuntut torsi di atas rating sendi; itu sifat POSE, bukan sifat penjaga. (Penyaring sengaja konservatif: pada kalibrasi G16 ia menolak 1 dari 4 pose yang ternyata aman.)
[23] s3 arm_2 z1.40 @1.45 oracle4 F: TORQUE-UNSAFE (0.1 s) RNEA j2 6.49 @ 96/129 statis-akhir 5.57
[INFO] [1790571067.143269241] [reach_dwell_probe]: torsi RNEA+offset(per-aktuator) vs rating: 1=0.03->6.63/10, 2=6.54->14.24/14, 3=1.14->7.74/10, 4=0.17->2.15/7, 5=0.06->2.04/7, 6=0.00->1.98/7  (terketat t1_a2_joint_2 102 %)
[ERROR] [1790571067.143678376] [reach_dwell_probe]: A6/S3: rencana DITOLAK SEBELUM GERAK -- t1_a2_joint_2 diperkirakan 14.24 N.m > rating 14. Pose ini menuntut torsi di atas rating sendi; itu sifat POSE, bukan sifat penjaga. (Penyaring sengaja konservatif: pada kalibrasi G16 ia menolak 1 dari 4 pose yang ternyata aman.)
[24] s1 arm_2 z1.40 @1.55 oracle4 F: TORQUE-UNSAFE (0.1 s) RNEA j2 6.54 @ 92/124 statis-akhir 5.59
[INFO] [1790571067.198816982] [reach_dwell_probe]: torsi RNEA+offset(per-aktuator) vs rating: 1=0.03->6.63/10, 2=6.54->14.24/14, 3=1.37->7.97/10, 4=0.18->2.16/7, 5=0.05->2.03/7, 6=0.00->1.98/7  (terketat t1_a2_joint_2 102 %)
[ERROR] [1790571067.199224177] [reach_dwell_probe]: A6/S3: rencana DITOLAK SEBELUM GERAK -- t1_a2_joint_2 diperkirakan 14.24 N.m > rating 14. Pose ini menuntut torsi di atas rating sendi; itu sifat POSE, bukan sifat penjaga. (Penyaring sengaja konservatif: pada kalibrasi G16 ia menolak 1 dari 4 pose yang ternyata aman.)
[24] s2 arm_2 z1.40 @1.55 oracle4 F: TORQUE-UNSAFE (0.0 s) RNEA j2 6.54 @ 75/105 statis-akhir 5.38
[INFO] [1790571067.288678272] [reach_dwell_probe]: torsi RNEA+offset(per-aktuator) vs rating: 1=0.13->6.73/10, 2=7.23->14.93/14, 3=1.13->7.73/10, 4=0.19->2.17/7, 5=0.07->2.05/7, 6=0.00->1.98/7  (terketat t1_a2_joint_2 107 %)
[ERROR] [1790571067.289065661] [reach_dwell_probe]: A6/S3: rencana DITOLAK SEBELUM GERAK -- t1_a2_joint_2 diperkirakan 14.93 N.m > rating 14. Pose ini menuntut torsi di atas rating sendi; itu sifat POSE, bukan sifat penjaga. (Penyaring sengaja konservatif: pada kalibrasi G16 ia menolak 1 dari 4 pose yang ternyata aman.)
[24] s3 arm_2 z1.40 @1.55 oracle4 F: TORQUE-UNSAFE (0.1 s) RNEA j2 7.23 @ 87/129 statis-akhir 5.33
[INFO] [1790571067.399226057] [reach_dwell_probe]: torsi RNEA+offset(per-aktuator) vs rating: 1=0.04->6.64/10, 2=7.23->14.93/14, 3=1.13->7.73/10, 4=0.19->2.17/7, 5=0.07->2.05/7, 6=0.00->1.98/7  (terketat t1_a1_joint_2 107 %)
[ERROR] [1790571067.399720093] [reach_dwell_probe]: A6/S3: rencana DITOLAK SEBELUM GERAK -- t1_a1_joint_2 diperkirakan 14.93 N.m > rating 14. Pose ini menuntut torsi di atas rating sendi; itu sifat POSE, bukan sifat penjaga. (Penyaring sengaja konservatif: pada kalibrasi G16 ia menolak 1 dari 4 pose yang ternyata aman.)
[25] s1 arm_1 z1.40 @0.80 oracle4 F: TORQUE-UNSAFE (0.1 s) RNEA j2 7.23 @ 87/129 statis-akhir 5.32
[INFO] [1790571067.611716070] [reach_dwell_probe]: torsi RNEA+offset(per-aktuator) vs rating: 1=0.04->6.64/10, 2=7.26->14.96/14, 3=1.06->7.66/10, 4=0.20->2.18/7, 5=0.08->2.06/7, 6=0.00->1.98/7  (terketat t1_a1_joint_2 107 %)
[ERROR] [1790571067.612153206] [reach_dwell_probe]: A6/S3: rencana DITOLAK SEBELUM GERAK -- t1_a1_joint_2 diperkirakan 14.96 N.m > rating 14. Pose ini menuntut torsi di atas rating sendi; itu sifat POSE, bukan sifat penjaga. (Penyaring sengaja konservatif: pada kalibrasi G16 ia menolak 1 dari 4 pose yang ternyata aman.)
[25] s2 arm_1 z1.40 @0.80 oracle4 F: TORQUE-UNSAFE (0.2 s) RNEA j2 7.26 @ 83/124 statis-akhir 5.35
[INFO] [1790571067.765936209] [reach_dwell_probe]: torsi RNEA+offset(per-aktuator) vs rating: 1=0.14->6.74/10, 2=6.46->14.16/14, 3=1.22->7.82/10, 4=0.19->2.17/7, 5=0.06->2.04/7, 6=0.00->1.98/7  (terketat t1_a1_joint_2 101 %)
[ERROR] [1790571067.766325288] [reach_dwell_probe]: A6/S3: rencana DITOLAK SEBELUM GERAK -- t1_a1_joint_2 diperkirakan 14.16 N.m > rating 14. Pose ini menuntut torsi di atas rating sendi; itu sifat POSE, bukan sifat penjaga. (Penyaring sengaja konservatif: pada kalibrasi G16 ia menolak 1 dari 4 pose yang ternyata aman.)
[25] s3 arm_1 z1.40 @0.80 oracle4 F: TORQUE-UNSAFE (0.1 s) RNEA j2 6.46 @ 98/131 statis-akhir 5.56
[INFO] [1790571067.877324591] [reach_dwell_probe]: torsi RNEA+offset(per-aktuator) vs rating: 1=0.09->6.69/10, 2=7.23->14.93/14, 3=1.10->7.70/10, 4=0.19->2.17/7, 5=0.08->2.06/7, 6=0.00->1.98/7  (terketat t1_a2_joint_2 107 %)
[ERROR] [1790571067.877746637] [reach_dwell_probe]: A6/S3: rencana DITOLAK SEBELUM GERAK -- t1_a2_joint_2 diperkirakan 14.93 N.m > rating 14. Pose ini menuntut torsi di atas rating sendi; itu sifat POSE, bukan sifat penjaga. (Penyaring sengaja konservatif: pada kalibrasi G16 ia menolak 1 dari 4 pose yang ternyata aman.)
[26] s1 arm_2 z1.40 @1.60 oracle4 F: TORQUE-UNSAFE (0.1 s) RNEA j2 7.23 @ 87/129 statis-akhir 5.34
[INFO] [1790571068.006854968] [reach_dwell_probe]: torsi RNEA+offset(per-aktuator) vs rating: 1=0.02->6.62/10, 2=6.43->14.13/14, 3=1.25->7.85/10, 4=0.19->2.17/7, 5=0.06->2.04/7, 6=0.00->1.98/7  (terketat t1_a2_joint_2 101 %)
[ERROR] [1790571068.007219539] [reach_dwell_probe]: A6/S3: rencana DITOLAK SEBELUM GERAK -- t1_a2_joint_2 diperkirakan 14.13 N.m > rating 14. Pose ini menuntut torsi di atas rating sendi; itu sifat POSE, bukan sifat penjaga. (Penyaring sengaja konservatif: pada kalibrasi G16 ia menolak 1 dari 4 pose yang ternyata aman.)
[26] s2 arm_2 z1.40 @1.60 oracle4 F: TORQUE-UNSAFE (0.1 s) RNEA j2 6.43 @ 94/126 statis-akhir 5.55
[INFO] [1790571068.110548291] [reach_dwell_probe]: torsi RNEA+offset(per-aktuator) vs rating: 1=0.01->6.61/10, 2=6.45->14.15/14, 3=1.23->7.83/10, 4=0.19->2.17/7, 5=0.06->2.04/7, 6=0.00->1.98/7  (terketat t1_a2_joint_2 101 %)
[ERROR] [1790571068.111142135] [reach_dwell_probe]: A6/S3: rencana DITOLAK SEBELUM GERAK -- t1_a2_joint_2 diperkirakan 14.15 N.m > rating 14. Pose ini menuntut torsi di atas rating sendi; itu sifat POSE, bukan sifat penjaga. (Penyaring sengaja konservatif: pada kalibrasi G16 ia menolak 1 dari 4 pose yang ternyata aman.)
[26] s3 arm_2 z1.40 @1.60 oracle4 F: TORQUE-UNSAFE (0.1 s) RNEA j2 6.45 @ 95/129 statis-akhir 5.55
[INFO] [1790571068.226971214] [reach_dwell_probe]: torsi RNEA+offset(per-aktuator) vs rating: 1=0.02->6.62/10, 2=7.22->14.92/14, 3=1.12->7.72/10, 4=0.20->2.18/7, 5=0.08->2.06/7, 6=0.00->1.98/7  (terketat t2_a1_joint_2 107 %)
[ERROR] [1790571068.227597145] [reach_dwell_probe]: A6/S3: rencana DITOLAK SEBELUM GERAK -- t2_a1_joint_2 diperkirakan 14.92 N.m > rating 14. Pose ini menuntut torsi di atas rating sendi; itu sifat POSE, bukan sifat penjaga. (Penyaring sengaja konservatif: pada kalibrasi G16 ia menolak 1 dari 4 pose yang ternyata aman.)
[27] s1 arm_3 z1.40 @0.90 oracle4 F: TORQUE-UNSAFE (0.1 s) RNEA j2 7.22 @ 86/129 statis-akhir 5.31
[INFO] [1790571068.380461919] [reach_dwell_probe]: torsi RNEA+offset(per-aktuator) vs rating: 1=0.05->6.65/10, 2=7.05->14.75/14, 3=0.96->7.56/10, 4=0.20->2.18/7, 5=0.06->2.04/7, 6=0.00->1.98/7  (terketat t2_a1_joint_2 105 %)
[ERROR] [1790571068.380891363] [reach_dwell_probe]: A6/S3: rencana DITOLAK SEBELUM GERAK -- t2_a1_joint_2 diperkirakan 14.75 N.m > rating 14. Pose ini menuntut torsi di atas rating sendi; itu sifat POSE, bukan sifat penjaga. (Penyaring sengaja konservatif: pada kalibrasi G16 ia menolak 1 dari 4 pose yang ternyata aman.)
[27] s2 arm_3 z1.40 @0.90 oracle4 F: TORQUE-UNSAFE (0.1 s) RNEA j2 7.05 @ 82/117 statis-akhir 5.53
[INFO] [1790571068.455898170] [reach_dwell_probe]: torsi RNEA+offset(per-aktuator) vs rating: 1=0.03->6.63/10, 2=7.28->14.98/14, 3=1.06->7.66/10, 4=0.19->2.17/7, 5=0.08->2.06/7, 6=0.00->1.98/7  (terketat t2_a1_joint_2 107 %)
[ERROR] [1790571068.456313328] [reach_dwell_probe]: A6/S3: rencana DITOLAK SEBELUM GERAK -- t2_a1_joint_2 diperkirakan 14.98 N.m > rating 14. Pose ini menuntut torsi di atas rating sendi; itu sifat POSE, bukan sifat penjaga. (Penyaring sengaja konservatif: pada kalibrasi G16 ia menolak 1 dari 4 pose yang ternyata aman.)
[27] s3 arm_3 z1.40 @0.90 oracle4 F: TORQUE-UNSAFE (0.1 s) RNEA j2 7.28 @ 84/126 statis-akhir 5.32
[INFO] [1790571068.552763680] [reach_dwell_probe]: torsi RNEA+offset(per-aktuator) vs rating: 1=0.01->6.61/10, 2=2.18->9.88/14, 3=2.48->9.08/10, 4=0.27->2.25/7, 5=0.11->2.09/7, 6=0.00->1.98/7  (terketat t1_a1_joint_3 91 %)
[INFO] [1790571094.010320389] [reach_dwell_probe]: jarak antar-lengan minimum sepanjang rencana: 622.7 mm di titik 0 (t1_a1_arm_link_0 <-> t1_a2_arm_link_0) -> CLEAR
[28] s1 arm_1 z1.40 @0.90 oracle4 F: PLANNED (25.5 s) RNEA j2 2.18 @ 70/126 statis-akhir 1.08
[INFO] [1790571094.093402482] [reach_dwell_probe]: torsi RNEA+offset(per-aktuator) vs rating: 1=0.09->6.69/10, 2=6.52->14.22/14, 3=1.16->7.76/10, 4=0.17->2.15/7, 5=0.06->2.04/7, 6=0.00->1.98/7  (terketat t1_a1_joint_2 102 %)
[ERROR] [1790571094.093736602] [reach_dwell_probe]: A6/S3: rencana DITOLAK SEBELUM GERAK -- t1_a1_joint_2 diperkirakan 14.22 N.m > rating 14. Pose ini menuntut torsi di atas rating sendi; itu sifat POSE, bukan sifat penjaga. (Penyaring sengaja konservatif: pada kalibrasi G16 ia menolak 1 dari 4 pose yang ternyata aman.)
[28] s2 arm_1 z1.40 @0.90 oracle4 F: TORQUE-UNSAFE (0.1 s) RNEA j2 6.52 @ 92/124 statis-akhir 5.58
[INFO] [1790571094.177559458] [reach_dwell_probe]: torsi RNEA+offset(per-aktuator) vs rating: 1=0.05->6.65/10, 2=7.11->14.81/14, 3=0.90->7.50/10, 4=0.19->2.17/7, 5=0.06->2.04/7, 6=0.00->1.98/7  (terketat t1_a1_joint_2 106 %)
[ERROR] [1790571094.177970808] [reach_dwell_probe]: A6/S3: rencana DITOLAK SEBELUM GERAK -- t1_a1_joint_2 diperkirakan 14.81 N.m > rating 14. Pose ini menuntut torsi di atas rating sendi; itu sifat POSE, bukan sifat penjaga. (Penyaring sengaja konservatif: pada kalibrasi G16 ia menolak 1 dari 4 pose yang ternyata aman.)
[28] s3 arm_1 z1.40 @0.90 oracle4 F: TORQUE-UNSAFE (0.1 s) RNEA j2 7.11 @ 81/116 statis-akhir 5.53
[INFO] [1790571094.317120562] [reach_dwell_probe]: torsi RNEA+offset(per-aktuator) vs rating: 1=0.03->6.63/10, 2=7.16->14.86/14, 3=1.20->7.80/10, 4=0.21->2.19/7, 5=0.08->2.06/7, 6=0.00->1.98/7  (terketat t1_a1_joint_2 106 %)
[ERROR] [1790571094.317551684] [reach_dwell_probe]: A6/S3: rencana DITOLAK SEBELUM GERAK -- t1_a1_joint_2 diperkirakan 14.86 N.m > rating 14. Pose ini menuntut torsi di atas rating sendi; itu sifat POSE, bukan sifat penjaga. (Penyaring sengaja konservatif: pada kalibrasi G16 ia menolak 1 dari 4 pose yang ternyata aman.)
[29] s1 arm_1 z1.40 @0.90 oracle4 F: TORQUE-UNSAFE (0.1 s) RNEA j2 7.16 @ 87/128 statis-akhir 5.31
[INFO] [1790571094.463278793] [reach_dwell_probe]: torsi RNEA+offset(per-aktuator) vs rating: 1=0.15->6.75/10, 2=6.48->14.18/14, 3=1.43->8.03/10, 4=0.20->2.18/7, 5=0.05->2.03/7, 6=0.00->1.98/7  (terketat t1_a1_joint_2 101 %)
[ERROR] [1790571094.463603152] [reach_dwell_probe]: A6/S3: rencana DITOLAK SEBELUM GERAK -- t1_a1_joint_2 diperkirakan 14.18 N.m > rating 14. Pose ini menuntut torsi di atas rating sendi; itu sifat POSE, bukan sifat penjaga. (Penyaring sengaja konservatif: pada kalibrasi G16 ia menolak 1 dari 4 pose yang ternyata aman.)
[29] s2 arm_1 z1.40 @0.90 oracle4 F: TORQUE-UNSAFE (0.1 s) RNEA j2 6.48 @ 88/123 statis-akhir 5.36
[INFO] [1790571094.574122884] [reach_dwell_probe]: torsi RNEA+offset(per-aktuator) vs rating: 1=0.11->6.71/10, 2=6.43->14.13/14, 3=1.49->8.09/10, 4=0.20->2.18/7, 5=0.05->2.03/7, 6=0.00->1.98/7  (terketat t1_a1_joint_2 101 %)
[ERROR] [1790571094.574535349] [reach_dwell_probe]: A6/S3: rencana DITOLAK SEBELUM GERAK -- t1_a1_joint_2 diperkirakan 14.13 N.m > rating 14. Pose ini menuntut torsi di atas rating sendi; itu sifat POSE, bukan sifat penjaga. (Penyaring sengaja konservatif: pada kalibrasi G16 ia menolak 1 dari 4 pose yang ternyata aman.)
[29] s3 arm_1 z1.40 @0.90 oracle4 F: TORQUE-UNSAFE (0.1 s) RNEA j2 6.43 @ 88/122 statis-akhir 5.37
[INFO] [1790571094.690788063] [reach_dwell_probe]: torsi RNEA+offset(per-aktuator) vs rating: 1=0.01->6.61/10, 2=2.26->9.96/14, 3=2.59->9.19/10, 4=0.41->2.39/7, 5=0.14->2.12/7, 6=0.00->1.98/7  (terketat t2_a1_joint_3 92 %)
[INFO] [1790571118.758147198] [reach_dwell_probe]: jarak antar-lengan minimum sepanjang rencana: 404.3 mm di titik 39 (t2_a1_left_finger_dist_link_0 <-> t2_a2_lower_wrist_link_0) -> CLEAR
[30] s1 arm_3 z1.40 @1.30 oracle4 F: PLANNED (24.2 s) RNEA j2 2.26 @ 81/128 statis-akhir 0.80
[INFO] [1790571118.859907924] [reach_dwell_probe]: torsi RNEA+offset(per-aktuator) vs rating: 1=0.06->6.66/10, 2=6.42->14.12/14, 3=1.26->7.86/10, 4=0.19->2.17/7, 5=0.05->2.03/7, 6=0.00->1.98/7  (terketat t2_a1_joint_2 101 %)
[ERROR] [1790571118.860302282] [reach_dwell_probe]: A6/S3: rencana DITOLAK SEBELUM GERAK -- t2_a1_joint_2 diperkirakan 14.12 N.m > rating 14. Pose ini menuntut torsi di atas rating sendi; itu sifat POSE, bukan sifat penjaga. (Penyaring sengaja konservatif: pada kalibrasi G16 ia menolak 1 dari 4 pose yang ternyata aman.)
[30] s2 arm_3 z1.40 @1.30 oracle4 F: TORQUE-UNSAFE (0.1 s) RNEA j2 6.42 @ 95/126 statis-akhir 5.57
[INFO] [1790571118.960046069] [reach_dwell_probe]: torsi RNEA+offset(per-aktuator) vs rating: 1=0.05->6.65/10, 2=6.49->14.19/14, 3=1.19->7.79/10, 4=0.18->2.16/7, 5=0.05->2.03/7, 6=0.00->1.98/7  (terketat t2_a1_joint_2 101 %)
[ERROR] [1790571118.960407330] [reach_dwell_probe]: A6/S3: rencana DITOLAK SEBELUM GERAK -- t2_a1_joint_2 diperkirakan 14.19 N.m > rating 14. Pose ini menuntut torsi di atas rating sendi; itu sifat POSE, bukan sifat penjaga. (Penyaring sengaja konservatif: pada kalibrasi G16 ia menolak 1 dari 4 pose yang ternyata aman.)
[30] s3 arm_3 z1.40 @1.30 oracle4 F: TORQUE-UNSAFE (0.1 s) RNEA j2 6.49 @ 96/129 statis-akhir 5.59
[INFO] [1790571119.028898146] [reach_dwell_probe]: torsi RNEA+offset(per-aktuator) vs rating: 1=0.03->6.63/10, 2=7.05->14.75/14, 3=0.97->7.57/10, 4=0.20->2.18/7, 5=0.06->2.04/7, 6=0.00->1.98/7  (terketat t2_a1_joint_2 105 %)
[ERROR] [1790571119.029275449] [reach_dwell_probe]: A6/S3: rencana DITOLAK SEBELUM GERAK -- t2_a1_joint_2 diperkirakan 14.75 N.m > rating 14. Pose ini menuntut torsi di atas rating sendi; itu sifat POSE, bukan sifat penjaga. (Penyaring sengaja konservatif: pada kalibrasi G16 ia menolak 1 dari 4 pose yang ternyata aman.)
[31] s1 arm_3 z1.40 @1.10 oracle4 F: TORQUE-UNSAFE (0.1 s) RNEA j2 7.05 @ 82/117 statis-akhir 5.53
[INFO] [1790571119.149383565] [reach_dwell_probe]: torsi RNEA+offset(per-aktuator) vs rating: 1=0.05->6.65/10, 2=7.19->14.89/14, 3=1.16->7.76/10, 4=0.20->2.18/7, 5=0.08->2.06/7, 6=0.00->1.98/7  (terketat t2_a1_joint_2 106 %)
[ERROR] [1790571119.149823606] [reach_dwell_probe]: A6/S3: rencana DITOLAK SEBELUM GERAK -- t2_a1_joint_2 diperkirakan 14.89 N.m > rating 14. Pose ini menuntut torsi di atas rating sendi; itu sifat POSE, bukan sifat penjaga. (Penyaring sengaja konservatif: pada kalibrasi G16 ia menolak 1 dari 4 pose yang ternyata aman.)
[31] s2 arm_3 z1.40 @1.10 oracle4 F: TORQUE-UNSAFE (0.1 s) RNEA j2 7.19 @ 86/127 statis-akhir 5.32
[INFO] [1790571119.225106941] [reach_dwell_probe]: torsi RNEA+offset(per-aktuator) vs rating: 1=0.03->6.63/10, 2=7.02->14.72/14, 3=1.00->7.60/10, 4=0.21->2.19/7, 5=0.06->2.04/7, 6=0.00->1.98/7  (terketat t2_a1_joint_2 105 %)
[ERROR] [1790571119.225447608] [reach_dwell_probe]: A6/S3: rencana DITOLAK SEBELUM GERAK -- t2_a1_joint_2 diperkirakan 14.72 N.m > rating 14. Pose ini menuntut torsi di atas rating sendi; itu sifat POSE, bukan sifat penjaga. (Penyaring sengaja konservatif: pada kalibrasi G16 ia menolak 1 dari 4 pose yang ternyata aman.)
[31] s3 arm_3 z1.40 @1.10 oracle4 F: TORQUE-UNSAFE (0.1 s) RNEA j2 7.02 @ 82/117 statis-akhir 5.53
[INFO] [1790571119.304481706] [reach_dwell_probe]: torsi RNEA+offset(per-aktuator) vs rating: 1=0.09->6.69/10, 2=6.53->14.23/14, 3=1.15->7.75/10, 4=0.17->2.15/7, 5=0.06->2.04/7, 6=0.00->1.98/7  (terketat t2_a1_joint_2 102 %)
[ERROR] [1790571119.304862492] [reach_dwell_probe]: A6/S3: rencana DITOLAK SEBELUM GERAK -- t2_a1_joint_2 diperkirakan 14.23 N.m > rating 14. Pose ini menuntut torsi di atas rating sendi; itu sifat POSE, bukan sifat penjaga. (Penyaring sengaja konservatif: pada kalibrasi G16 ia menolak 1 dari 4 pose yang ternyata aman.)
[32] s1 arm_3 z1.40 @1.25 oracle4 F: TORQUE-UNSAFE (0.1 s) RNEA j2 6.53 @ 92/124 statis-akhir 5.61
[INFO] [1790571119.389922220] [reach_dwell_probe]: torsi RNEA+offset(per-aktuator) vs rating: 1=0.09->6.69/10, 2=6.53->14.23/14, 3=1.15->7.75/10, 4=0.17->2.15/7, 5=0.06->2.04/7, 6=0.00->1.98/7  (terketat t2_a1_joint_2 102 %)
[ERROR] [1790571119.390404509] [reach_dwell_probe]: A6/S3: rencana DITOLAK SEBELUM GERAK -- t2_a1_joint_2 diperkirakan 14.23 N.m > rating 14. Pose ini menuntut torsi di atas rating sendi; itu sifat POSE, bukan sifat penjaga. (Penyaring sengaja konservatif: pada kalibrasi G16 ia menolak 1 dari 4 pose yang ternyata aman.)
[32] s2 arm_3 z1.40 @1.25 oracle4 F: TORQUE-UNSAFE (0.1 s) RNEA j2 6.53 @ 93/125 statis-akhir 5.58
[INFO] [1790571119.481371678] [reach_dwell_probe]: torsi RNEA+offset(per-aktuator) vs rating: 1=0.10->6.70/10, 2=7.27->14.97/14, 3=1.06->7.66/10, 4=0.19->2.17/7, 5=0.08->2.06/7, 6=0.00->1.98/7  (terketat t2_a1_joint_2 107 %)
[ERROR] [1790571119.481779762] [reach_dwell_probe]: A6/S3: rencana DITOLAK SEBELUM GERAK -- t2_a1_joint_2 diperkirakan 14.97 N.m > rating 14. Pose ini menuntut torsi di atas rating sendi; itu sifat POSE, bukan sifat penjaga. (Penyaring sengaja konservatif: pada kalibrasi G16 ia menolak 1 dari 4 pose yang ternyata aman.)
[32] s3 arm_3 z1.40 @1.25 oracle4 F: TORQUE-UNSAFE (0.1 s) RNEA j2 7.27 @ 85/126 statis-akhir 5.33
[INFO] [1790571119.569365784] [reach_dwell_probe]: torsi RNEA+offset(per-aktuator) vs rating: 1=0.02->6.62/10, 2=6.47->14.17/14, 3=1.21->7.81/10, 4=0.18->2.16/7, 5=0.06->2.04/7, 6=0.00->1.98/7  (terketat t2_a1_joint_2 101 %)
[ERROR] [1790571119.569831383] [reach_dwell_probe]: A6/S3: rencana DITOLAK SEBELUM GERAK -- t2_a1_joint_2 diperkirakan 14.17 N.m > rating 14. Pose ini menuntut torsi di atas rating sendi; itu sifat POSE, bukan sifat penjaga. (Penyaring sengaja konservatif: pada kalibrasi G16 ia menolak 1 dari 4 pose yang ternyata aman.)
[33] s1 arm_3 z1.40 @1.40 oracle4 F: TORQUE-UNSAFE (0.1 s) RNEA j2 6.47 @ 93/125 statis-akhir 5.56
[INFO] [1790571119.687941215] [reach_dwell_probe]: torsi RNEA+offset(per-aktuator) vs rating: 1=0.02->6.62/10, 2=6.41->14.11/14, 3=1.28->7.88/10, 4=0.20->2.18/7, 5=0.06->2.04/7, 6=0.00->1.98/7  (terketat t2_a1_joint_2 101 %)
[ERROR] [1790571119.688321763] [reach_dwell_probe]: A6/S3: rencana DITOLAK SEBELUM GERAK -- t2_a1_joint_2 diperkirakan 14.11 N.m > rating 14. Pose ini menuntut torsi di atas rating sendi; itu sifat POSE, bukan sifat penjaga. (Penyaring sengaja konservatif: pada kalibrasi G16 ia menolak 1 dari 4 pose yang ternyata aman.)
[33] s2 arm_3 z1.40 @1.40 oracle4 F: TORQUE-UNSAFE (0.1 s) RNEA j2 6.41 @ 94/125 statis-akhir 5.58
[INFO] [1790571119.800607288] [reach_dwell_probe]: torsi RNEA+offset(per-aktuator) vs rating: 1=0.02->6.62/10, 2=6.41->14.11/14, 3=1.27->7.87/10, 4=0.20->2.18/7, 5=0.06->2.04/7, 6=0.00->1.98/7  (terketat t2_a1_joint_2 101 %)
[ERROR] [1790571119.800955388] [reach_dwell_probe]: A6/S3: rencana DITOLAK SEBELUM GERAK -- t2_a1_joint_2 diperkirakan 14.11 N.m > rating 14. Pose ini menuntut torsi di atas rating sendi; itu sifat POSE, bukan sifat penjaga. (Penyaring sengaja konservatif: pada kalibrasi G16 ia menolak 1 dari 4 pose yang ternyata aman.)
[33] s3 arm_3 z1.40 @1.40 oracle4 F: TORQUE-UNSAFE (0.1 s) RNEA j2 6.41 @ 94/125 statis-akhir 5.56
[INFO] [1790571119.928632304] [reach_dwell_probe]: torsi RNEA+offset(per-aktuator) vs rating: 1=0.03->6.63/10, 2=6.56->14.26/14, 3=1.12->7.72/10, 4=0.17->2.15/7, 5=0.06->2.04/7, 6=0.00->1.98/7  (terketat t2_a1_joint_2 102 %)
[ERROR] [1790571119.929005828] [reach_dwell_probe]: A6/S3: rencana DITOLAK SEBELUM GERAK -- t2_a1_joint_2 diperkirakan 14.26 N.m > rating 14. Pose ini menuntut torsi di atas rating sendi; itu sifat POSE, bukan sifat penjaga. (Penyaring sengaja konservatif: pada kalibrasi G16 ia menolak 1 dari 4 pose yang ternyata aman.)
[34] s1 arm_3 z1.40 @1.45 oracle4 F: TORQUE-UNSAFE (0.1 s) RNEA j2 6.56 @ 96/130 statis-akhir 5.58
[INFO] [1790571120.008634084] [reach_dwell_probe]: torsi RNEA+offset(per-aktuator) vs rating: 1=0.03->6.63/10, 2=6.50->14.20/14, 3=1.41->8.01/10, 4=0.19->2.17/7, 5=0.05->2.03/7, 6=0.00->1.98/7  (terketat t2_a1_joint_2 101 %)
[ERROR] [1790571120.009075285] [reach_dwell_probe]: A6/S3: rencana DITOLAK SEBELUM GERAK -- t2_a1_joint_2 diperkirakan 14.20 N.m > rating 14. Pose ini menuntut torsi di atas rating sendi; itu sifat POSE, bukan sifat penjaga. (Penyaring sengaja konservatif: pada kalibrasi G16 ia menolak 1 dari 4 pose yang ternyata aman.)
[34] s2 arm_3 z1.40 @1.45 oracle4 F: TORQUE-UNSAFE (0.1 s) RNEA j2 6.50 @ 75/106 statis-akhir 5.34
[INFO] [1790571120.089503974] [reach_dwell_probe]: torsi RNEA+offset(per-aktuator) vs rating: 1=0.03->6.63/10, 2=6.54->14.24/14, 3=1.14->7.74/10, 4=0.16->2.14/7, 5=0.06->2.04/7, 6=0.00->1.98/7  (terketat t2_a1_joint_2 102 %)
[ERROR] [1790571120.089840466] [reach_dwell_probe]: A6/S3: rencana DITOLAK SEBELUM GERAK -- t2_a1_joint_2 diperkirakan 14.24 N.m > rating 14. Pose ini menuntut torsi di atas rating sendi; itu sifat POSE, bukan sifat penjaga. (Penyaring sengaja konservatif: pada kalibrasi G16 ia menolak 1 dari 4 pose yang ternyata aman.)
[34] s3 arm_3 z1.40 @1.45 oracle4 F: TORQUE-UNSAFE (0.1 s) RNEA j2 6.54 @ 91/124 statis-akhir 5.60
[INFO] [1790571120.172526667] [reach_dwell_probe]: torsi RNEA+offset(per-aktuator) vs rating: 1=0.06->6.66/10, 2=6.41->14.11/14, 3=1.27->7.87/10, 4=0.20->2.18/7, 5=0.05->2.03/7, 6=0.00->1.98/7  (terketat t2_a1_joint_2 101 %)
[ERROR] [1790571120.172938754] [reach_dwell_probe]: A6/S3: rencana DITOLAK SEBELUM GERAK -- t2_a1_joint_2 diperkirakan 14.11 N.m > rating 14. Pose ini menuntut torsi di atas rating sendi; itu sifat POSE, bukan sifat penjaga. (Penyaring sengaja konservatif: pada kalibrasi G16 ia menolak 1 dari 4 pose yang ternyata aman.)
[35] s1 arm_3 z1.40 @1.30 oracle4 F: TORQUE-UNSAFE (0.1 s) RNEA j2 6.41 @ 97/129 statis-akhir 5.56
[INFO] [1790571120.276327643] [reach_dwell_probe]: torsi RNEA+offset(per-aktuator) vs rating: 1=0.04->6.64/10, 2=7.27->14.97/14, 3=1.09->7.69/10, 4=0.19->2.17/7, 5=0.07->2.05/7, 6=0.00->1.98/7  (terketat t2_a1_joint_2 107 %)
[ERROR] [1790571120.276728568] [reach_dwell_probe]: A6/S3: rencana DITOLAK SEBELUM GERAK -- t2_a1_joint_2 diperkirakan 14.97 N.m > rating 14. Pose ini menuntut torsi di atas rating sendi; itu sifat POSE, bukan sifat penjaga. (Penyaring sengaja konservatif: pada kalibrasi G16 ia menolak 1 dari 4 pose yang ternyata aman.)
[35] s2 arm_3 z1.40 @1.30 oracle4 F: TORQUE-UNSAFE (0.1 s) RNEA j2 7.27 @ 85/127 statis-akhir 5.30
[INFO] [1790571120.359783766] [reach_dwell_probe]: torsi RNEA+offset(per-aktuator) vs rating: 1=0.06->6.66/10, 2=6.37->14.07/14, 3=1.32->7.92/10, 4=0.20->2.18/7, 5=0.06->2.04/7, 6=0.00->1.98/7  (terketat t2_a1_joint_2 100 %)
[ERROR] [1790571120.360230011] [reach_dwell_probe]: A6/S3: rencana DITOLAK SEBELUM GERAK -- t2_a1_joint_2 diperkirakan 14.07 N.m > rating 14. Pose ini menuntut torsi di atas rating sendi; itu sifat POSE, bukan sifat penjaga. (Penyaring sengaja konservatif: pada kalibrasi G16 ia menolak 1 dari 4 pose yang ternyata aman.)
[35] s3 arm_3 z1.40 @1.30 oracle4 F: TORQUE-UNSAFE (0.1 s) RNEA j2 6.37 @ 94/124 statis-akhir 5.56
[INFO] [1790571120.429558439] [reach_dwell_probe]: torsi RNEA+offset(per-aktuator) vs rating: 1=0.02->6.62/10, 2=6.55->14.25/14, 3=1.13->7.73/10, 4=0.17->2.15/7, 5=0.06->2.04/7, 6=0.00->1.98/7  (terketat t2_a1_joint_2 102 %)
[ERROR] [1790571120.429927987] [reach_dwell_probe]: A6/S3: rencana DITOLAK SEBELUM GERAK -- t2_a1_joint_2 diperkirakan 14.25 N.m > rating 14. Pose ini menuntut torsi di atas rating sendi; itu sifat POSE, bukan sifat penjaga. (Penyaring sengaja konservatif: pada kalibrasi G16 ia menolak 1 dari 4 pose yang ternyata aman.)
[36] s1 arm_3 z1.40 @1.55 oracle4 F: TORQUE-UNSAFE (0.1 s) RNEA j2 6.55 @ 94/128 statis-akhir 5.59
[INFO] [1790571120.510364592] [reach_dwell_probe]: torsi RNEA+offset(per-aktuator) vs rating: 1=0.02->6.62/10, 2=6.53->14.23/14, 3=1.15->7.75/10, 4=0.17->2.15/7, 5=0.06->2.04/7, 6=0.00->1.98/7  (terketat t2_a1_joint_2 102 %)
[ERROR] [1790571120.510814300] [reach_dwell_probe]: A6/S3: rencana DITOLAK SEBELUM GERAK -- t2_a1_joint_2 diperkirakan 14.23 N.m > rating 14. Pose ini menuntut torsi di atas rating sendi; itu sifat POSE, bukan sifat penjaga. (Penyaring sengaja konservatif: pada kalibrasi G16 ia menolak 1 dari 4 pose yang ternyata aman.)
[36] s2 arm_3 z1.40 @1.55 oracle4 F: TORQUE-UNSAFE (0.1 s) RNEA j2 6.53 @ 95/128 statis-akhir 5.58
[INFO] [1790571120.606503562] [reach_dwell_probe]: torsi RNEA+offset(per-aktuator) vs rating: 1=0.11->6.71/10, 2=7.33->15.03/14, 3=1.00->7.60/10, 4=0.19->2.17/7, 5=0.07->2.05/7, 6=0.00->1.98/7  (terketat t2_a1_joint_2 107 %)
[ERROR] [1790571120.606792967] [reach_dwell_probe]: A6/S3: rencana DITOLAK SEBELUM GERAK -- t2_a1_joint_2 diperkirakan 15.03 N.m > rating 14. Pose ini menuntut torsi di atas rating sendi; itu sifat POSE, bukan sifat penjaga. (Penyaring sengaja konservatif: pada kalibrasi G16 ia menolak 1 dari 4 pose yang ternyata aman.)
[36] s3 arm_3 z1.40 @1.55 oracle4 F: TORQUE-UNSAFE (0.1 s) RNEA j2 7.33 @ 83/123 statis-akhir 5.31
[INFO] [1790571120.685311285] [reach_dwell_probe]: torsi RNEA+offset(per-aktuator) vs rating: 1=0.14->6.74/10, 2=6.52->14.22/14, 3=1.39->7.99/10, 4=0.19->2.17/7, 5=0.06->2.04/7, 6=0.00->1.98/7  (terketat t1_a1_joint_2 102 %)
[ERROR] [1790571120.685723927] [reach_dwell_probe]: A6/S3: rencana DITOLAK SEBELUM GERAK -- t1_a1_joint_2 diperkirakan 14.22 N.m > rating 14. Pose ini menuntut torsi di atas rating sendi; itu sifat POSE, bukan sifat penjaga. (Penyaring sengaja konservatif: pada kalibrasi G16 ia menolak 1 dari 4 pose yang ternyata aman.)
[37] s1 arm_1 z1.40 @1.35 oracle4 F: TORQUE-UNSAFE (0.1 s) RNEA j2 6.52 @ 75/106 statis-akhir 5.36
[INFO] [1790571120.763280684] [reach_dwell_probe]: torsi RNEA+offset(per-aktuator) vs rating: 1=0.03->6.63/10, 2=7.44->15.14/14, 3=0.87->7.47/10, 4=0.15->2.13/7, 5=0.07->2.05/7, 6=0.00->1.98/7  (terketat t1_a1_joint_2 108 %)
[ERROR] [1790571120.763670381] [reach_dwell_probe]: A6/S3: rencana DITOLAK SEBELUM GERAK -- t1_a1_joint_2 diperkirakan 15.14 N.m > rating 14. Pose ini menuntut torsi di atas rating sendi; itu sifat POSE, bukan sifat penjaga. (Penyaring sengaja konservatif: pada kalibrasi G16 ia menolak 1 dari 4 pose yang ternyata aman.)
[37] s2 arm_1 z1.40 @1.35 oracle4 F: TORQUE-UNSAFE (0.1 s) RNEA j2 7.44 @ 85/128 statis-akhir 5.36
[INFO] [1790571120.848566408] [reach_dwell_probe]: torsi RNEA+offset(per-aktuator) vs rating: 1=0.03->6.63/10, 2=7.40->15.10/14, 3=0.91->7.51/10, 4=0.17->2.15/7, 5=0.07->2.05/7, 6=0.00->1.98/7  (terketat t1_a1_joint_2 108 %)
[ERROR] [1790571120.848913854] [reach_dwell_probe]: A6/S3: rencana DITOLAK SEBELUM GERAK -- t1_a1_joint_2 diperkirakan 15.10 N.m > rating 14. Pose ini menuntut torsi di atas rating sendi; itu sifat POSE, bukan sifat penjaga. (Penyaring sengaja konservatif: pada kalibrasi G16 ia menolak 1 dari 4 pose yang ternyata aman.)
[37] s3 arm_1 z1.40 @1.35 oracle4 F: TORQUE-UNSAFE (0.1 s) RNEA j2 7.40 @ 83/123 statis-akhir 5.36
[INFO] [1790571120.941794703] [reach_dwell_probe]: torsi RNEA+offset(per-aktuator) vs rating: 1=0.08->6.68/10, 2=6.40->14.10/14, 3=1.28->7.88/10, 4=0.20->2.18/7, 5=0.05->2.03/7, 6=0.00->1.98/7  (terketat t1_a1_joint_2 101 %)
[ERROR] [1790571120.942230072] [reach_dwell_probe]: A6/S3: rencana DITOLAK SEBELUM GERAK -- t1_a1_joint_2 diperkirakan 14.10 N.m > rating 14. Pose ini menuntut torsi di atas rating sendi; itu sifat POSE, bukan sifat penjaga. (Penyaring sengaja konservatif: pada kalibrasi G16 ia menolak 1 dari 4 pose yang ternyata aman.)
[38] s1 arm_1 z1.40 @1.55 oracle4 F: TORQUE-UNSAFE (0.1 s) RNEA j2 6.40 @ 93/124 statis-akhir 5.57
[INFO] [1790571121.037388267] [reach_dwell_probe]: torsi RNEA+offset(per-aktuator) vs rating: 1=0.08->6.68/10, 2=6.47->14.17/14, 3=1.21->7.81/10, 4=0.18->2.16/7, 5=0.06->2.04/7, 6=0.00->1.98/7  (terketat t1_a1_joint_2 101 %)
[ERROR] [1790571121.037786421] [reach_dwell_probe]: A6/S3: rencana DITOLAK SEBELUM GERAK -- t1_a1_joint_2 diperkirakan 14.17 N.m > rating 14. Pose ini menuntut torsi di atas rating sendi; itu sifat POSE, bukan sifat penjaga. (Penyaring sengaja konservatif: pada kalibrasi G16 ia menolak 1 dari 4 pose yang ternyata aman.)
[38] s2 arm_1 z1.40 @1.55 oracle4 F: TORQUE-UNSAFE (0.1 s) RNEA j2 6.47 @ 94/126 statis-akhir 5.55
[INFO] [1790571121.112176620] [reach_dwell_probe]: torsi RNEA+offset(per-aktuator) vs rating: 1=0.09->6.69/10, 2=7.07->14.77/14, 3=0.95->7.55/10, 4=0.20->2.18/7, 5=0.06->2.04/7, 6=0.00->1.98/7  (terketat t1_a1_joint_2 106 %)
[ERROR] [1790571121.112617308] [reach_dwell_probe]: A6/S3: rencana DITOLAK SEBELUM GERAK -- t1_a1_joint_2 diperkirakan 14.77 N.m > rating 14. Pose ini menuntut torsi di atas rating sendi; itu sifat POSE, bukan sifat penjaga. (Penyaring sengaja konservatif: pada kalibrasi G16 ia menolak 1 dari 4 pose yang ternyata aman.)
[38] s3 arm_1 z1.40 @1.55 oracle4 F: TORQUE-UNSAFE (0.1 s) RNEA j2 7.07 @ 82/117 statis-akhir 5.53
[INFO] [1790571121.198371985] [reach_dwell_probe]: torsi RNEA+offset(per-aktuator) vs rating: 1=0.03->6.63/10, 2=7.39->15.09/14, 3=0.95->7.55/10, 4=0.17->2.15/7, 5=0.08->2.06/7, 6=0.00->1.98/7  (terketat t1_a1_joint_2 108 %)
[ERROR] [1790571121.198762412] [reach_dwell_probe]: A6/S3: rencana DITOLAK SEBELUM GERAK -- t1_a1_joint_2 diperkirakan 15.09 N.m > rating 14. Pose ini menuntut torsi di atas rating sendi; itu sifat POSE, bukan sifat penjaga. (Penyaring sengaja konservatif: pada kalibrasi G16 ia menolak 1 dari 4 pose yang ternyata aman.)
[39] s1 arm_1 z1.40 @1.45 oracle4 F: TORQUE-UNSAFE (0.1 s) RNEA j2 7.39 @ 84/126 statis-akhir 5.33
[INFO] [1790571121.265327458] [reach_dwell_probe]: torsi RNEA+offset(per-aktuator) vs rating: 1=0.03->6.63/10, 2=7.41->15.11/14, 3=0.91->7.51/10, 4=0.16->2.14/7, 5=0.07->2.05/7, 6=0.00->1.98/7  (terketat t1_a1_joint_2 108 %)
[ERROR] [1790571121.265763408] [reach_dwell_probe]: A6/S3: rencana DITOLAK SEBELUM GERAK -- t1_a1_joint_2 diperkirakan 15.11 N.m > rating 14. Pose ini menuntut torsi di atas rating sendi; itu sifat POSE, bukan sifat penjaga. (Penyaring sengaja konservatif: pada kalibrasi G16 ia menolak 1 dari 4 pose yang ternyata aman.)
[39] s2 arm_1 z1.40 @1.45 oracle4 F: TORQUE-UNSAFE (0.1 s) RNEA j2 7.41 @ 85/127 statis-akhir 5.35
[INFO] [1790571121.337935549] [reach_dwell_probe]: torsi RNEA+offset(per-aktuator) vs rating: 1=0.03->6.63/10, 2=7.42->15.12/14, 3=0.90->7.50/10, 4=0.17->2.15/7, 5=0.07->2.05/7, 6=0.00->1.98/7  (terketat t1_a1_joint_2 108 %)
[ERROR] [1790571121.338337685] [reach_dwell_probe]: A6/S3: rencana DITOLAK SEBELUM GERAK -- t1_a1_joint_2 diperkirakan 15.12 N.m > rating 14. Pose ini menuntut torsi di atas rating sendi; itu sifat POSE, bukan sifat penjaga. (Penyaring sengaja konservatif: pada kalibrasi G16 ia menolak 1 dari 4 pose yang ternyata aman.)
[39] s3 arm_1 z1.40 @1.45 oracle4 F: TORQUE-UNSAFE (0.1 s) RNEA j2 7.42 @ 84/125 statis-akhir 5.36
[INFO] [1790571121.401228538] [reach_dwell_probe]: torsi RNEA+offset(per-aktuator) vs rating: 1=0.11->6.71/10, 2=6.51->14.21/14, 3=1.39->7.99/10, 4=0.18->2.16/7, 5=0.05->2.03/7, 6=0.00->1.98/7  (terketat t1_a1_joint_2 101 %)
[ERROR] [1790571121.401571256] [reach_dwell_probe]: A6/S3: rencana DITOLAK SEBELUM GERAK -- t1_a1_joint_2 diperkirakan 14.21 N.m > rating 14. Pose ini menuntut torsi di atas rating sendi; itu sifat POSE, bukan sifat penjaga. (Penyaring sengaja konservatif: pada kalibrasi G16 ia menolak 1 dari 4 pose yang ternyata aman.)
[40] s1 arm_1 z1.40 @1.50 oracle4 F: TORQUE-UNSAFE (0.1 s) RNEA j2 6.51 @ 76/106 statis-akhir 5.39
[INFO] [1790571121.485316809] [reach_dwell_probe]: torsi RNEA+offset(per-aktuator) vs rating: 1=0.03->6.63/10, 2=7.12->14.82/14, 3=0.89->7.49/10, 4=0.19->2.17/7, 5=0.06->2.04/7, 6=0.00->1.98/7  (terketat t1_a1_joint_2 106 %)
[ERROR] [1790571121.485698631] [reach_dwell_probe]: A6/S3: rencana DITOLAK SEBELUM GERAK -- t1_a1_joint_2 diperkirakan 14.82 N.m > rating 14. Pose ini menuntut torsi di atas rating sendi; itu sifat POSE, bukan sifat penjaga. (Penyaring sengaja konservatif: pada kalibrasi G16 ia menolak 1 dari 4 pose yang ternyata aman.)
[40] s2 arm_1 z1.40 @1.50 oracle4 F: TORQUE-UNSAFE (0.1 s) RNEA j2 7.12 @ 81/116 statis-akhir 5.54
[INFO] [1790571121.557704553] [reach_dwell_probe]: torsi RNEA+offset(per-aktuator) vs rating: 1=0.03->6.63/10, 2=7.15->14.85/14, 3=0.85->7.45/10, 4=0.19->2.17/7, 5=0.06->2.04/7, 6=0.00->1.98/7  (terketat t1_a1_joint_2 106 %)
[ERROR] [1790571121.558087877] [reach_dwell_probe]: A6/S3: rencana DITOLAK SEBELUM GERAK -- t1_a1_joint_2 diperkirakan 14.85 N.m > rating 14. Pose ini menuntut torsi di atas rating sendi; itu sifat POSE, bukan sifat penjaga. (Penyaring sengaja konservatif: pada kalibrasi G16 ia menolak 1 dari 4 pose yang ternyata aman.)
[40] s3 arm_1 z1.40 @1.50 oracle4 F: TORQUE-UNSAFE (0.1 s) RNEA j2 7.15 @ 81/116 statis-akhir 5.52
[INFO] [1790571121.641072236] [reach_dwell_probe]: torsi RNEA+offset(per-aktuator) vs rating: 1=0.08->6.68/10, 2=4.39->12.09/14, 3=2.42->9.02/10, 4=0.41->2.39/7, 5=0.06->2.04/7, 6=0.00->1.98/7  (terketat t2_a2_joint_3 90 %)
[INFO] [1790571145.034186085] [reach_dwell_probe]: jarak antar-lengan minimum sepanjang rencana: 466.7 mm di titik 125 (t1_a2_arm_link_0 <-> t2_a2_arm_link_0) -> CLEAR
[41] s1 arm_4 z1.32 @0.45 oracle4 T: PLANNED (23.5 s) RNEA j2 4.39 @ 125/125 statis-akhir 4.44
[INFO] [1790571145.102517701] [reach_dwell_probe]: torsi RNEA+offset(per-aktuator) vs rating: 1=0.05->6.65/10, 2=5.17->12.87/14, 3=2.31->8.91/10, 4=0.40->2.38/7, 5=0.11->2.09/7, 6=0.00->1.98/7  (terketat t2_a2_joint_2 92 %)
[INFO] [1790571169.933439757] [reach_dwell_probe]: jarak antar-lengan minimum sepanjang rencana: 539.7 mm di titik 0 (t1_platform_link_0 <-> t2_a2_base_link_0) -> CLEAR
[41] s2 arm_4 z1.32 @0.45 oracle4 T: PLANNED (24.9 s) RNEA j2 5.17 @ 122/126 statis-akhir 5.18
[INFO] [1790571169.998574091] [reach_dwell_probe]: torsi RNEA+offset(per-aktuator) vs rating: 1=0.04->6.64/10, 2=5.08->12.78/14, 3=2.35->8.95/10, 4=0.41->2.39/7, 5=0.11->2.09/7, 6=0.00->1.98/7  (terketat t2_a2_joint_2 91 %)
[INFO] [1790571196.057609322] [reach_dwell_probe]: jarak antar-lengan minimum sepanjang rencana: 539.7 mm di titik 0 (t1_platform_link_0 <-> t2_a2_base_link_0) -> CLEAR
[41] s3 arm_4 z1.32 @0.45 oracle4 T: PLANNED (26.1 s) RNEA j2 5.08 @ 121/125 statis-akhir 5.10
[INFO] [1790571196.127939207] [reach_dwell_probe]: torsi RNEA+offset(per-aktuator) vs rating: 1=0.03->6.63/10, 2=4.89->12.59/14, 3=2.34->8.94/10, 4=0.40->2.38/7, 5=0.06->2.04/7, 6=0.00->1.98/7  (terketat t1_a2_joint_2 90 %)
[INFO] [1790571218.718084767] [reach_dwell_probe]: jarak antar-lengan minimum sepanjang rencana: 448.4 mm di titik 109 (t1_a1_arm_link_0 <-> t1_a2_forearm_link_0) -> CLEAR
[42] s1 arm_2 z1.32 @0.50 oracle4 T: PLANNED (22.7 s) RNEA j2 4.89 @ 124/128 statis-akhir 4.93
[INFO] [1790571218.793529483] [reach_dwell_probe]: torsi RNEA+offset(per-aktuator) vs rating: 1=0.10->6.70/10, 2=4.74->12.44/14, 3=2.46->9.06/10, 4=0.43->2.41/7, 5=0.12->2.10/7, 6=0.00->1.98/7  (terketat t1_a2_joint_3 91 %)
[INFO] [1790571243.469873634] [reach_dwell_probe]: jarak antar-lengan minimum sepanjang rencana: 499.9 mm di titik 51 (t1_a2_left_finger_dist_link_0 <-> t2_a1_right_finger_prox_link_0) -> CLEAR
[42] s2 arm_2 z1.32 @0.50 oracle4 T: PLANNED (24.7 s) RNEA j2 4.74 @ 122/125 statis-akhir 4.77
[INFO] [1790571243.565424399] [reach_dwell_probe]: torsi RNEA+offset(per-aktuator) vs rating: 1=0.12->6.72/10, 2=5.11->12.81/14, 3=2.35->8.95/10, 4=0.41->2.39/7, 5=0.11->2.09/7, 6=0.00->1.98/7  (terketat t1_a2_joint_2 92 %)
[INFO] [1790571269.239834570] [reach_dwell_probe]: jarak antar-lengan minimum sepanjang rencana: 538.2 mm di titik 50 (t1_a2_left_finger_dist_link_0 <-> t2_a1_right_finger_prox_link_0) -> CLEAR
[42] s3 arm_2 z1.32 @0.50 oracle4 T: PLANNED (25.8 s) RNEA j2 5.11 @ 122/125 statis-akhir 5.12
[INFO] [1790571269.298982374] [reach_dwell_probe]: torsi RNEA+offset(per-aktuator) vs rating: 1=0.09->6.69/10, 2=5.02->12.72/14, 3=2.38->8.98/10, 4=0.42->2.40/7, 5=0.11->2.09/7, 6=0.00->1.98/7  (terketat t2_a2_joint_2 91 %)
[INFO] [1790571295.407336655] [reach_dwell_probe]: jarak antar-lengan minimum sepanjang rencana: 547.7 mm di titik 0 (t1_platform_link_0 <-> t2_a2_base_link_0) -> CLEAR
[43] s1 arm_4 z1.32 @0.65 oracle4 T: PLANNED (26.2 s) RNEA j2 5.02 @ 123/126 statis-akhir 5.04
[INFO] [1790571295.477284014] [reach_dwell_probe]: torsi RNEA+offset(per-aktuator) vs rating: 1=0.03->6.63/10, 2=4.59->12.29/14, 3=2.40->9.00/10, 4=0.40->2.38/7, 5=0.06->2.04/7, 6=0.00->1.98/7  (terketat t2_a2_joint_3 90 %)
[INFO] [1790571318.604554944] [reach_dwell_probe]: jarak antar-lengan minimum sepanjang rencana: 447.4 mm di titik 116 (t2_a1_arm_link_0 <-> t2_a2_forearm_link_0) -> CLEAR
[43] s2 arm_4 z1.32 @0.65 oracle4 T: PLANNED (23.2 s) RNEA j2 4.59 @ 126/126 statis-akhir 4.63
[INFO] [1790571318.678763869] [reach_dwell_probe]: torsi RNEA+offset(per-aktuator) vs rating: 1=0.05->6.65/10, 2=3.52->11.22/14, 3=2.45->9.05/10, 4=0.41->2.39/7, 5=0.08->2.06/7, 6=0.00->1.98/7  (terketat t2_a2_joint_3 91 %)
[INFO] [1790571342.705932165] [reach_dwell_probe]: jarak antar-lengan minimum sepanjang rencana: 446.9 mm di titik 80 (t1_a1_forearm_link_0 <-> t2_a2_right_finger_dist_link_0) -> CLEAR
[43] s3 arm_4 z1.32 @0.65 oracle4 T: PLANNED (24.1 s) RNEA j2 3.52 @ 125/125 statis-akhir 3.55
[INFO] [1790571342.776498118] [reach_dwell_probe]: torsi RNEA+offset(per-aktuator) vs rating: 1=0.06->6.66/10, 2=3.57->11.27/14, 3=2.45->9.05/10, 4=0.41->2.39/7, 5=0.08->2.06/7, 6=0.00->1.98/7  (terketat t2_a1_joint_3 90 %)
[INFO] [1790571366.324088598] [reach_dwell_probe]: jarak antar-lengan minimum sepanjang rencana: 430.8 mm di titik 126 (t1_a1_forearm_link_0 <-> t2_a1_forearm_link_0) -> CLEAR
[44] s1 arm_3 z1.32 @0.00 oracle4 T: PLANNED (23.6 s) RNEA j2 3.57 @ 126/126 statis-akhir 3.60
[INFO] [1790571366.409733283] [reach_dwell_probe]: torsi RNEA+offset(per-aktuator) vs rating: 1=0.03->6.63/10, 2=4.92->12.62/14, 3=2.33->8.93/10, 4=0.40->2.38/7, 5=0.06->2.04/7, 6=0.00->1.98/7  (terketat t2_a1_joint_2 90 %)
[INFO] [1790571388.558484159] [reach_dwell_probe]: jarak antar-lengan minimum sepanjang rencana: 446.4 mm di titik 110 (t2_a1_forearm_link_0 <-> t2_a2_arm_link_0) -> CLEAR
[44] s2 arm_3 z1.32 @0.00 oracle4 T: PLANNED (22.2 s) RNEA j2 4.92 @ 124/127 statis-akhir 4.96
[INFO] [1790571388.632055674] [reach_dwell_probe]: torsi RNEA+offset(per-aktuator) vs rating: 1=0.06->6.66/10, 2=3.33->11.03/14, 3=2.45->9.05/10, 4=0.41->2.39/7, 5=0.08->2.06/7, 6=0.00->1.98/7  (terketat t2_a1_joint_3 91 %)
[INFO] [1790571413.761153900] [reach_dwell_probe]: jarak antar-lengan minimum sepanjang rencana: 432.3 mm di titik 126 (t1_a1_forearm_link_0 <-> t2_a1_forearm_link_0) -> CLEAR
[44] s3 arm_3 z1.32 @0.00 oracle4 T: PLANNED (25.2 s) RNEA j2 3.33 @ 126/126 statis-akhir 3.35
[INFO] [1790571413.833666574] [reach_dwell_probe]: torsi RNEA+offset(per-aktuator) vs rating: 1=0.05->6.65/10, 2=5.04->12.74/14, 3=2.37->8.97/10, 4=0.42->2.40/7, 5=0.12->2.10/7, 6=0.00->1.98/7  (terketat t1_a1_joint_2 91 %)
[INFO] [1790571439.088150892] [reach_dwell_probe]: jarak antar-lengan minimum sepanjang rencana: 585.2 mm di titik 66 (t1_a1_right_finger_dist_link_0 <-> t1_a2_upper_wrist_link_0) -> CLEAR
[45] s1 arm_1 z1.32 @0.05 oracle4 T: PLANNED (25.3 s) RNEA j2 5.04 @ 122/126 statis-akhir 5.05
[INFO] [1790571439.176026650] [reach_dwell_probe]: torsi RNEA+offset(per-aktuator) vs rating: 1=0.03->6.63/10, 2=3.54->11.24/14, 3=2.45->9.05/10, 4=0.41->2.39/7, 5=0.07->2.05/7, 6=0.00->1.98/7  (terketat t1_a1_joint_3 90 %)
[INFO] [1790571463.377224649] [reach_dwell_probe]: jarak antar-lengan minimum sepanjang rencana: 386.4 mm di titik 126 (t1_a1_arm_link_0 <-> t2_a1_arm_link_0) -> CLEAR
[45] s2 arm_1 z1.32 @0.05 oracle4 T: PLANNED (24.3 s) RNEA j2 3.54 @ 126/126 statis-akhir 3.56
[INFO] [1790571463.440922677] [reach_dwell_probe]: torsi RNEA+offset(per-aktuator) vs rating: 1=0.06->6.66/10, 2=4.65->12.35/14, 3=2.48->9.08/10, 4=0.43->2.41/7, 5=0.12->2.10/7, 6=0.00->1.98/7  (terketat t1_a1_joint_3 91 %)
[INFO] [1790571488.809877160] [reach_dwell_probe]: jarak antar-lengan minimum sepanjang rencana: 550.2 mm di titik 65 (t1_a1_left_finger_dist_link_0 <-> t1_a2_upper_wrist_link_0) -> CLEAR
[45] s3 arm_1 z1.32 @0.05 oracle4 T: PLANNED (25.4 s) RNEA j2 4.65 @ 124/127 statis-akhir 4.68
[INFO] [1790571488.887643662] [reach_dwell_probe]: torsi RNEA+offset(per-aktuator) vs rating: 1=0.07->6.67/10, 2=3.47->11.17/14, 3=2.55->9.15/10, 4=0.46->2.44/7, 5=0.13->2.11/7, 6=0.00->1.98/7  (terketat t1_a1_joint_3 91 %)
[INFO] [1790571515.795289023] [reach_dwell_probe]: jarak antar-lengan minimum sepanjang rencana: 462.9 mm di titik 126 (t1_a1_arm_link_0 <-> t2_a1_arm_link_0) -> CLEAR
[46] s1 arm_1 z1.32 @0.15 oracle4 T: PLANNED (27.0 s) RNEA j2 3.47 @ 126/126 statis-akhir 3.50
[INFO] [1790571515.880939656] [reach_dwell_probe]: torsi RNEA+offset(per-aktuator) vs rating: 1=0.06->6.66/10, 2=3.42->11.12/14, 3=2.55->9.15/10, 4=0.46->2.44/7, 5=0.13->2.11/7, 6=0.00->1.98/7  (terketat t1_a1_joint_3 91 %)
[INFO] [1790571541.336161087] [reach_dwell_probe]: jarak antar-lengan minimum sepanjang rencana: 542.1 mm di titik 127 (t1_a1_forearm_link_0 <-> t2_a1_upper_wrist_link_0) -> CLEAR
[46] s2 arm_1 z1.32 @0.15 oracle4 T: PLANNED (25.5 s) RNEA j2 3.42 @ 127/127 statis-akhir 3.45
[INFO] [1790571541.398782491] [reach_dwell_probe]: torsi RNEA+offset(per-aktuator) vs rating: 1=0.09->6.69/10, 2=4.97->12.67/14, 3=2.32->8.92/10, 4=0.39->2.37/7, 5=0.06->2.04/7, 6=0.00->1.98/7  (terketat t1_a1_joint_2 91 %)
[INFO] [1790571566.781873138] [reach_dwell_probe]: jarak antar-lengan minimum sepanjang rencana: 456.0 mm di titik 73 (t1_a1_right_finger_dist_link_0 <-> t2_a1_upper_wrist_link_0) -> CLEAR
[46] s3 arm_1 z1.32 @0.15 oracle4 T: PLANNED (25.4 s) RNEA j2 4.97 @ 123/127 statis-akhir 5.01
[INFO] [1790571566.851328877] [reach_dwell_probe]: torsi RNEA+offset(per-aktuator) vs rating: 1=0.04->6.64/10, 2=3.24->10.94/14, 3=2.56->9.16/10, 4=0.46->2.44/7, 5=0.13->2.11/7, 6=0.00->1.98/7  (terketat t1_a2_joint_3 92 %)
[INFO] [1790571592.699418636] [reach_dwell_probe]: jarak antar-lengan minimum sepanjang rencana: 461.7 mm di titik 122 (t1_a2_arm_link_0 <-> t2_a1_arm_link_0) -> CLEAR
[47] s1 arm_2 z1.32 @0.95 oracle4 T: PLANNED (25.9 s) RNEA j2 3.24 @ 126/126 statis-akhir 3.26
[INFO] [1790571592.786109401] [reach_dwell_probe]: torsi RNEA+offset(per-aktuator) vs rating: 1=0.00->6.60/10, 2=2.90->10.60/14, 3=2.46->9.06/10, 4=0.41->2.39/7, 5=0.08->2.06/7, 6=0.00->1.98/7  (terketat t1_a2_joint_3 91 %)
[INFO] [1790571615.898108000] [reach_dwell_probe]: jarak antar-lengan minimum sepanjang rencana: 470.6 mm di titik 126 (t1_a1_arm_link_0 <-> t1_a2_arm_link_0) -> CLEAR
[47] s2 arm_2 z1.32 @0.95 oracle4 T: PLANNED (23.2 s) RNEA j2 2.90 @ 126/126 statis-akhir 2.92
[INFO] [1790571615.960848901] [reach_dwell_probe]: torsi RNEA+offset(per-aktuator) vs rating: 1=0.00->6.60/10, 2=3.01->10.71/14, 3=2.46->9.06/10, 4=0.41->2.39/7, 5=0.08->2.06/7, 6=0.00->1.98/7  (terketat t1_a2_joint_3 91 %)
[INFO] [1790571639.564067799] [reach_dwell_probe]: jarak antar-lengan minimum sepanjang rencana: 468.7 mm di titik 126 (t1_a1_arm_link_0 <-> t1_a2_arm_link_0) -> CLEAR
[47] s3 arm_2 z1.32 @0.95 oracle4 T: PLANNED (23.7 s) RNEA j2 3.01 @ 126/126 statis-akhir 3.04
[INFO] [1790571639.622718797] [reach_dwell_probe]: torsi RNEA+offset(per-aktuator) vs rating: 1=0.02->6.62/10, 2=4.94->12.64/14, 3=2.43->9.03/10, 4=0.37->2.35/7, 5=0.05->2.03/7, 6=0.00->1.98/7  (terketat t2_a2_joint_3 90 %)
[INFO] [1790571659.814790432] [reach_dwell_probe]: jarak antar-lengan minimum sepanjang rencana: 459.1 mm di titik 91 (t2_a1_arm_link_0 <-> t2_a2_arm_link_0) -> CLEAR
[48] s1 arm_4 z1.32 @0.90 oracle4 T: PLANNED (20.2 s) RNEA j2 4.94 @ 100/103 statis-akhir 4.96
[INFO] [1790571659.888891138] [reach_dwell_probe]: torsi RNEA+offset(per-aktuator) vs rating: 1=0.01->6.61/10, 2=3.83->11.53/14, 3=2.44->9.04/10, 4=0.40->2.38/7, 5=0.05->2.03/7, 6=0.00->1.98/7  (terketat t2_a2_joint_3 90 %)
[INFO] [1790571682.047820847] [reach_dwell_probe]: jarak antar-lengan minimum sepanjang rencana: 594.9 mm di titik 80 (t2_a1_arm_link_0 <-> t2_a2_upper_wrist_link_0) -> CLEAR
[48] s2 arm_4 z1.32 @0.90 oracle4 T: PLANNED (22.2 s) RNEA j2 3.83 @ 114/114 statis-akhir 3.88
[INFO] [1790571682.104054061] [reach_dwell_probe]: torsi RNEA+offset(per-aktuator) vs rating: 1=0.02->6.62/10, 2=4.89->12.59/14, 3=2.43->9.03/10, 4=0.37->2.35/7, 5=0.05->2.03/7, 6=0.00->1.98/7  (terketat t2_a2_joint_3 90 %)
[INFO] [1790571704.952213967] [reach_dwell_probe]: jarak antar-lengan minimum sepanjang rencana: 464.1 mm di titik 88 (t2_a1_arm_link_0 <-> t2_a2_arm_link_0) -> CLEAR
[48] s3 arm_4 z1.32 @0.90 oracle4 T: PLANNED (22.9 s) RNEA j2 4.89 @ 99/103 statis-akhir 4.93
[INFO] [1790571705.017014433] [reach_dwell_probe]: torsi RNEA+offset(per-aktuator) vs rating: 1=0.08->6.68/10, 2=4.99->12.69/14, 3=2.38->8.98/10, 4=0.42->2.40/7, 5=0.11->2.09/7, 6=0.00->1.98/7  (terketat t1_a2_joint_2 91 %)
[INFO] [1790571734.960126771] [reach_dwell_probe]: jarak antar-lengan minimum sepanjang rencana: 463.6 mm di titik 89 (t1_a2_arm_link_0 <-> t2_a1_arm_link_0) -> CLEAR
[49] s1 arm_2 z1.32 @1.00 oracle4 T: PLANNED (30.0 s) RNEA j2 4.99 @ 122/126 statis-akhir 5.01
[INFO] [1790571735.030165664] [reach_dwell_probe]: torsi RNEA+offset(per-aktuator) vs rating: 1=0.06->6.66/10, 2=4.86->12.56/14, 3=2.42->9.02/10, 4=0.43->2.41/7, 5=0.12->2.10/7, 6=0.00->1.98/7  (terketat t1_a2_joint_3 90 %)
[INFO] [1790571762.159946575] [reach_dwell_probe]: jarak antar-lengan minimum sepanjang rencana: 460.0 mm di titik 92 (t1_a2_arm_link_0 <-> t2_a1_arm_link_0) -> CLEAR
[49] s2 arm_2 z1.32 @1.00 oracle4 T: PLANNED (27.2 s) RNEA j2 4.86 @ 122/126 statis-akhir 4.89
[INFO] [1790571762.258498572] [reach_dwell_probe]: torsi RNEA+offset(per-aktuator) vs rating: 1=0.09->6.69/10, 2=4.79->12.49/14, 3=2.44->9.04/10, 4=0.43->2.41/7, 5=0.12->2.10/7, 6=0.00->1.98/7  (terketat t1_a2_joint_3 90 %)
[INFO] [1790571790.149696090] [reach_dwell_probe]: jarak antar-lengan minimum sepanjang rencana: 497.4 mm di titik 78 (t1_a2_arm_link_0 <-> t2_a1_arm_link_0) -> CLEAR
[49] s3 arm_2 z1.32 @1.00 oracle4 T: PLANNED (28.0 s) RNEA j2 4.79 @ 123/127 statis-akhir 4.82
[INFO] [1790571790.225131320] [reach_dwell_probe]: torsi RNEA+offset(per-aktuator) vs rating: 1=0.02->6.62/10, 2=2.12->9.82/14, 3=2.47->9.07/10, 4=0.40->2.38/7, 5=0.09->2.07/7, 6=0.00->1.98/7  (terketat t1_a2_joint_3 91 %)
[INFO] [1790571815.769122105] [reach_dwell_probe]: jarak antar-lengan minimum sepanjang rencana: 543.2 mm di titik 32 (t1_a2_right_finger_dist_link_0 <-> t2_a1_right_finger_prox_link_0) -> CLEAR
[50] s1 arm_2 z1.32 @1.25 oracle4 T: PLANNED (25.6 s) RNEA j2 2.12 @ 127/127 statis-akhir 2.14
[INFO] [1790571815.841395824] [reach_dwell_probe]: torsi RNEA+offset(per-aktuator) vs rating: 1=0.04->6.64/10, 2=5.55->13.25/14, 3=2.13->8.73/10, 4=0.37->2.35/7, 5=0.10->2.08/7, 6=0.00->1.98/7  (terketat t1_a2_joint_2 95 %)
[INFO] [1790571842.742458181] [reach_dwell_probe]: jarak antar-lengan minimum sepanjang rencana: 499.1 mm di titik 117 (t1_a2_arm_link_0 <-> t2_a1_arm_link_0) -> CLEAR
[50] s2 arm_2 z1.32 @1.25 oracle4 T: PLANNED (27.0 s) RNEA j2 5.55 @ 114/126 statis-akhir 5.50
[INFO] [1790571842.822384984] [reach_dwell_probe]: torsi RNEA+offset(per-aktuator) vs rating: 1=0.08->6.68/10, 2=4.65->12.35/14, 3=2.50->9.10/10, 4=0.39->2.37/7, 5=0.06->2.04/7, 6=0.00->1.98/7  (terketat t1_a2_joint_3 91 %)
[INFO] [1790571864.002752804] [reach_dwell_probe]: jarak antar-lengan minimum sepanjang rencana: 531.1 mm di titik 49 (t1_a1_arm_link_0 <-> t1_a2_forearm_link_0) -> CLEAR
[50] s3 arm_2 z1.32 @1.25 oracle4 T: PLANNED (21.3 s) RNEA j2 4.65 @ 104/104 statis-akhir 4.69
[INFO] [1790571864.098599463] [reach_dwell_probe]: torsi RNEA+offset(per-aktuator) vs rating: 1=0.10->6.70/10, 2=3.56->11.26/14, 3=2.55->9.15/10, 4=0.46->2.44/7, 5=0.13->2.11/7, 6=0.00->1.98/7  (terketat t2_a1_joint_3 92 %)
[INFO] [1790571890.698776933] [reach_dwell_probe]: jarak antar-lengan minimum sepanjang rencana: 614.7 mm di titik 32 (t2_a1_left_finger_prox_link_0 <-> t2_a2_upper_wrist_link_0) -> CLEAR
[51] s1 arm_3 z1.32 @0.70 oracle4 T: PLANNED (26.7 s) RNEA j2 3.56 @ 125/125 statis-akhir 3.60
[INFO] [1790571890.855932337] [reach_dwell_probe]: torsi RNEA+offset(per-aktuator) vs rating: 1=0.11->6.71/10, 2=4.55->12.25/14, 3=2.40->9.00/10, 4=0.41->2.39/7, 5=0.06->2.04/7, 6=0.00->1.98/7  (terketat t2_a1_joint_3 90 %)
[INFO] [1790571915.666299460] [reach_dwell_probe]: jarak antar-lengan minimum sepanjang rencana: 533.0 mm di titik 90 (t2_a1_left_finger_dist_link_0 <-> t2_a2_upper_wrist_link_0) -> CLEAR
[51] s2 arm_3 z1.32 @0.70 oracle4 T: PLANNED (25.0 s) RNEA j2 4.55 @ 126/126 statis-akhir 4.58
[INFO] [1790571915.738722274] [reach_dwell_probe]: torsi RNEA+offset(per-aktuator) vs rating: 1=0.11->6.71/10, 2=4.52->12.22/14, 3=2.41->9.01/10, 4=0.41->2.39/7, 5=0.06->2.04/7, 6=0.00->1.98/7  (terketat t2_a1_joint_3 90 %)
[INFO] [1790571941.767202993] [reach_dwell_probe]: jarak antar-lengan minimum sepanjang rencana: 539.6 mm di titik 92 (t2_a1_left_finger_dist_link_0 <-> t2_a2_upper_wrist_link_0) -> CLEAR
[51] s3 arm_3 z1.32 @0.70 oracle4 T: PLANNED (26.1 s) RNEA j2 4.52 @ 124/127 statis-akhir 4.55
[INFO] [1790571941.853466478] [reach_dwell_probe]: torsi RNEA+offset(per-aktuator) vs rating: 1=0.02->6.62/10, 2=4.44->12.14/14, 3=2.41->9.01/10, 4=0.41->2.39/7, 5=0.06->2.04/7, 6=0.00->1.98/7  (terketat t2_a2_joint_3 90 %)
[INFO] [1790571967.218050453] [reach_dwell_probe]: jarak antar-lengan minimum sepanjang rencana: 430.5 mm di titik 127 (t2_a1_arm_link_0 <-> t2_a2_forearm_link_0) -> CLEAR
[52] s1 arm_4 z1.32 @1.45 oracle4 T: PLANNED (25.4 s) RNEA j2 4.44 @ 127/127 statis-akhir 4.49
[INFO] [1790571967.275445149] [reach_dwell_probe]: torsi RNEA+offset(per-aktuator) vs rating: 1=0.02->6.62/10, 2=4.53->12.23/14, 3=2.41->9.01/10, 4=0.41->2.39/7, 5=0.06->2.04/7, 6=0.00->1.98/7  (terketat t2_a2_joint_3 90 %)
[INFO] [1790571992.584731667] [reach_dwell_probe]: jarak antar-lengan minimum sepanjang rencana: 427.4 mm di titik 127 (t2_a1_arm_link_0 <-> t2_a2_forearm_link_0) -> CLEAR
[52] s2 arm_4 z1.32 @1.45 oracle4 T: PLANNED (25.4 s) RNEA j2 4.53 @ 124/127 statis-akhir 4.57
[INFO] [1790571992.675693043] [reach_dwell_probe]: torsi RNEA+offset(per-aktuator) vs rating: 1=0.04->6.64/10, 2=3.48->11.18/14, 3=2.45->9.05/10, 4=0.41->2.39/7, 5=0.08->2.06/7, 6=0.00->1.98/7  (terketat t2_a2_joint_3 91 %)
[INFO] [1790572016.811871250] [reach_dwell_probe]: jarak antar-lengan minimum sepanjang rencana: 520.3 mm di titik 91 (t2_a1_arm_link_0 <-> t2_a2_forearm_link_0) -> CLEAR
[52] s3 arm_4 z1.32 @1.45 oracle4 T: PLANNED (24.2 s) RNEA j2 3.48 @ 126/126 statis-akhir 3.51
[INFO] [1790572016.898307635] [reach_dwell_probe]: torsi RNEA+offset(per-aktuator) vs rating: 1=0.00->6.60/10, 2=3.73->11.43/14, 3=2.44->9.04/10, 4=0.41->2.39/7, 5=0.07->2.05/7, 6=0.00->1.98/7  (terketat t2_a2_joint_3 90 %)
[INFO] [1790572040.559892331] [reach_dwell_probe]: jarak antar-lengan minimum sepanjang rencana: 442.0 mm di titik 126 (t2_a1_arm_link_0 <-> t2_a2_arm_link_0) -> CLEAR
[53] s1 arm_4 z1.32 @1.50 oracle4 T: PLANNED (23.7 s) RNEA j2 3.73 @ 126/126 statis-akhir 3.77
[INFO] [1790572040.634656473] [reach_dwell_probe]: torsi RNEA+offset(per-aktuator) vs rating: 1=0.03->6.63/10, 2=4.89->12.59/14, 3=2.42->9.02/10, 4=0.43->2.41/7, 5=0.12->2.10/7, 6=0.00->1.98/7  (terketat t2_a2_joint_3 90 %)
[INFO] [1790572065.719166514] [reach_dwell_probe]: jarak antar-lengan minimum sepanjang rencana: 622.7 mm di titik 0 (t2_a1_arm_link_0 <-> t2_a2_arm_link_0) -> CLEAR
[53] s2 arm_4 z1.32 @1.50 oracle4 T: PLANNED (25.2 s) RNEA j2 4.89 @ 122/125 statis-akhir 4.91
[INFO] [1790572065.778843026] [reach_dwell_probe]: torsi RNEA+offset(per-aktuator) vs rating: 1=0.01->6.61/10, 2=3.10->10.80/14, 3=2.46->9.06/10, 4=0.41->2.39/7, 5=0.08->2.06/7, 6=0.00->1.98/7  (terketat t2_a2_joint_3 91 %)
[INFO] [1790572089.073049347] [reach_dwell_probe]: jarak antar-lengan minimum sepanjang rencana: 467.2 mm di titik 127 (t2_a1_arm_link_0 <-> t2_a2_forearm_link_0) -> CLEAR
[53] s3 arm_4 z1.32 @1.50 oracle4 T: PLANNED (23.3 s) RNEA j2 3.10 @ 127/127 statis-akhir 3.12
[INFO] [1790572089.167114606] [reach_dwell_probe]: torsi RNEA+offset(per-aktuator) vs rating: 1=0.02->6.62/10, 2=4.68->12.38/14, 3=2.46->9.06/10, 4=0.43->2.41/7, 5=0.12->2.10/7, 6=0.00->1.98/7  (terketat t1_a1_joint_3 91 %)
[INFO] [1790572114.821149036] [reach_dwell_probe]: jarak antar-lengan minimum sepanjang rencana: 606.5 mm di titik 51 (t1_a1_left_finger_dist_link_0 <-> t1_a2_upper_wrist_link_0) -> CLEAR
[54] s1 arm_1 z1.32 @0.65 oracle4 T: PLANNED (25.7 s) RNEA j2 4.68 @ 122/126 statis-akhir 4.72
[INFO] [1790572114.928698810] [reach_dwell_probe]: torsi RNEA+offset(per-aktuator) vs rating: 1=0.01->6.61/10, 2=3.74->11.44/14, 3=2.55->9.15/10, 4=0.46->2.44/7, 5=0.13->2.11/7, 6=0.00->1.98/7  (terketat t1_a1_joint_3 92 %)
[INFO] [1790572140.510798924] [reach_dwell_probe]: jarak antar-lengan minimum sepanjang rencana: 504.5 mm di titik 58 (t1_a1_left_finger_dist_link_0 <-> t1_a2_upper_wrist_link_0) -> CLEAR
[54] s2 arm_1 z1.32 @0.65 oracle4 T: PLANNED (25.7 s) RNEA j2 3.74 @ 126/126 statis-akhir 3.77
[INFO] [1790572140.634669997] [reach_dwell_probe]: torsi RNEA+offset(per-aktuator) vs rating: 1=0.03->6.63/10, 2=4.93->12.63/14, 3=2.42->9.02/10, 4=0.42->2.40/7, 5=0.12->2.10/7, 6=0.00->1.98/7  (terketat t1_a1_joint_2 90 %)
[INFO] [1790572166.292245415] [reach_dwell_probe]: jarak antar-lengan minimum sepanjang rencana: 622.7 mm di titik 0 (t1_a1_arm_link_0 <-> t1_a2_arm_link_0) -> CLEAR
[54] s3 arm_1 z1.32 @0.65 oracle4 T: PLANNED (25.8 s) RNEA j2 4.93 @ 122/125 statis-akhir 4.95
[INFO] [1790572166.380722362] [reach_dwell_probe]: torsi RNEA+offset(per-aktuator) vs rating: 1=0.06->6.66/10, 2=5.21->12.91/14, 3=2.24->8.84/10, 4=0.37->2.35/7, 5=0.05->2.03/7, 6=0.00->1.98/7  (terketat t1_a1_joint_2 92 %)
[INFO] [1790572190.473689102] [reach_dwell_probe]: jarak antar-lengan minimum sepanjang rencana: 550.2 mm di titik 42 (t1_a1_arm_link_0 <-> t1_a2_arm_link_0) -> CLEAR
[55] s1 arm_1 z1.32 @0.75 oracle4 T: PLANNED (24.2 s) RNEA j2 5.21 @ 122/126 statis-akhir 5.25
[INFO] [1790572190.556239365] [reach_dwell_probe]: torsi RNEA+offset(per-aktuator) vs rating: 1=0.01->6.61/10, 2=2.02->9.72/14, 3=2.47->9.07/10, 4=0.40->2.38/7, 5=0.09->2.07/7, 6=0.00->1.98/7  (terketat t1_a1_joint_3 91 %)
[INFO] [1790572214.773580566] [reach_dwell_probe]: jarak antar-lengan minimum sepanjang rencana: 505.7 mm di titik 127 (t1_a1_forearm_link_0 <-> t1_a2_arm_link_0) -> CLEAR
[55] s2 arm_1 z1.32 @0.75 oracle4 T: PLANNED (24.3 s) RNEA j2 2.02 @ 127/127 statis-akhir 2.04
[INFO] [1790572214.844691855] [reach_dwell_probe]: torsi RNEA+offset(per-aktuator) vs rating: 1=0.14->6.74/10, 2=4.69->12.39/14, 3=2.49->9.09/10, 4=0.38->2.36/7, 5=0.06->2.04/7, 6=0.00->1.98/7  (terketat t1_a1_joint_3 91 %)
[INFO] [1790572240.313217159] [reach_dwell_probe]: jarak antar-lengan minimum sepanjang rencana: 571.4 mm di titik 38 (t1_a1_forearm_link_0 <-> t1_a2_arm_link_0) -> CLEAR
[55] s3 arm_1 z1.32 @0.75 oracle4 T: PLANNED (25.5 s) RNEA j2 4.69 @ 130/130 statis-akhir 4.73
[INFO] [1790572240.392516986] [reach_dwell_probe]: torsi RNEA+offset(per-aktuator) vs rating: 1=0.03->6.63/10, 2=3.15->10.85/14, 3=2.56->9.16/10, 4=0.46->2.44/7, 5=0.13->2.11/7, 6=0.00->1.98/7  (terketat t1_a1_joint_3 92 %)
[INFO] [1790572264.983709744] [reach_dwell_probe]: jarak antar-lengan minimum sepanjang rencana: 460.5 mm di titik 61 (t1_a1_left_finger_dist_link_0 <-> t1_a2_upper_wrist_link_0) -> CLEAR
[56] s1 arm_1 z1.32 @0.85 oracle4 T: PLANNED (24.7 s) RNEA j2 3.15 @ 125/125 statis-akhir 3.18
[INFO] [1790572265.059138524] [reach_dwell_probe]: torsi RNEA+offset(per-aktuator) vs rating: 1=0.03->6.63/10, 2=4.98->12.68/14, 3=2.40->9.00/10, 4=0.42->2.40/7, 5=0.11->2.09/7, 6=0.00->1.98/7  (terketat t1_a1_joint_2 91 %)
[INFO] [1790572290.622740341] [reach_dwell_probe]: jarak antar-lengan minimum sepanjang rencana: 622.7 mm di titik 0 (t1_a1_arm_link_0 <-> t1_a2_arm_link_0) -> CLEAR
[56] s2 arm_1 z1.32 @0.85 oracle4 T: PLANNED (25.6 s) RNEA j2 4.98 @ 122/125 statis-akhir 5.00
[INFO] [1790572290.696095976] [reach_dwell_probe]: torsi RNEA+offset(per-aktuator) vs rating: 1=0.01->6.61/10, 2=3.06->10.76/14, 3=2.45->9.05/10, 4=0.41->2.39/7, 5=0.08->2.06/7, 6=0.00->1.98/7  (terketat t1_a1_joint_3 91 %)
[INFO] [1790572314.070188584] [reach_dwell_probe]: jarak antar-lengan minimum sepanjang rencana: 469.0 mm di titik 127 (t1_a1_forearm_link_0 <-> t1_a2_arm_link_0) -> CLEAR
[56] s3 arm_1 z1.32 @0.85 oracle4 T: PLANNED (23.4 s) RNEA j2 3.06 @ 127/127 statis-akhir 3.09
[INFO] [1790572314.126455329] [reach_dwell_probe]: torsi RNEA+offset(per-aktuator) vs rating: 1=0.02->6.62/10, 2=2.20->9.90/14, 3=2.47->9.07/10, 4=0.40->2.38/7, 5=0.09->2.07/7, 6=0.00->1.98/7  (terketat t2_a1_joint_3 91 %)
[INFO] [1790572336.458819588] [reach_dwell_probe]: jarak antar-lengan minimum sepanjang rencana: 566.3 mm di titik 70 (t2_a1_arm_link_0 <-> t2_a2_arm_link_0) -> CLEAR
[57] s1 arm_3 z1.32 @0.90 oracle4 T: PLANNED (22.4 s) RNEA j2 2.20 @ 126/126 statis-akhir 2.22
[INFO] [1790572336.533934807] [reach_dwell_probe]: torsi RNEA+offset(per-aktuator) vs rating: 1=0.06->6.66/10, 2=5.22->12.92/14, 3=2.21->8.81/10, 4=0.39->2.37/7, 5=0.06->2.04/7, 6=0.00->1.98/7  (terketat t2_a1_joint_2 92 %)
[INFO] [1790572358.261421532] [reach_dwell_probe]: jarak antar-lengan minimum sepanjang rencana: 622.7 mm di titik 0 (t2_a1_arm_link_0 <-> t2_a2_arm_link_0) -> CLEAR
[57] s2 arm_3 z1.32 @0.90 oracle4 T: PLANNED (21.8 s) RNEA j2 5.22 @ 111/114 statis-akhir 5.24
[INFO] [1790572358.320701641] [reach_dwell_probe]: torsi RNEA+offset(per-aktuator) vs rating: 1=0.05->6.65/10, 2=4.82->12.52/14, 3=2.32->8.92/10, 4=0.40->2.38/7, 5=0.06->2.04/7, 6=0.00->1.98/7  (terketat t2_a1_joint_2 89 %)
[INFO] [1790572382.187529472] [reach_dwell_probe]: jarak antar-lengan minimum sepanjang rencana: 622.7 mm di titik 0 (t2_a1_arm_link_0 <-> t2_a2_arm_link_0) -> CLEAR
[57] s3 arm_3 z1.32 @0.90 oracle4 T: PLANNED (23.9 s) RNEA j2 4.82 @ 116/116 statis-akhir 4.86
[INFO] [1790572382.257823301] [reach_dwell_probe]: torsi RNEA+offset(per-aktuator) vs rating: 1=0.01->6.61/10, 2=3.16->10.86/14, 3=2.45->9.05/10, 4=0.41->2.39/7, 5=0.08->2.06/7, 6=0.00->1.98/7  (terketat t1_a1_joint_3 91 %)
[INFO] [1790572404.829762613] [reach_dwell_probe]: jarak antar-lengan minimum sepanjang rencana: 465.7 mm di titik 127 (t1_a1_forearm_link_0 <-> t1_a2_arm_link_0) -> CLEAR
[58] s1 arm_1 z1.32 @1.00 oracle4 T: PLANNED (22.6 s) RNEA j2 3.16 @ 127/127 statis-akhir 3.18
[INFO] [1790572404.912362030] [reach_dwell_probe]: torsi RNEA+offset(per-aktuator) vs rating: 1=0.02->6.62/10, 2=3.49->11.19/14, 3=2.56->9.16/10, 4=0.46->2.44/7, 5=0.13->2.11/7, 6=0.00->1.98/7  (terketat t1_a1_joint_3 92 %)
[INFO] [1790572430.198234003] [reach_dwell_probe]: jarak antar-lengan minimum sepanjang rencana: 484.2 mm di titik 60 (t1_a1_left_finger_dist_link_0 <-> t1_a2_upper_wrist_link_0) -> CLEAR
[58] s2 arm_1 z1.32 @1.00 oracle4 T: PLANNED (25.4 s) RNEA j2 3.49 @ 126/126 statis-akhir 3.53
[INFO] [1790572430.269366051] [reach_dwell_probe]: torsi RNEA+offset(per-aktuator) vs rating: 1=0.01->6.61/10, 2=3.20->10.90/14, 3=2.46->9.06/10, 4=0.41->2.39/7, 5=0.08->2.06/7, 6=0.00->1.98/7  (terketat t1_a1_joint_3 91 %)
[INFO] [1790572452.728511138] [reach_dwell_probe]: jarak antar-lengan minimum sepanjang rencana: 462.0 mm di titik 127 (t1_a1_arm_link_0 <-> t1_a2_arm_link_0) -> CLEAR
[58] s3 arm_1 z1.32 @1.00 oracle4 T: PLANNED (22.5 s) RNEA j2 3.20 @ 127/127 statis-akhir 3.23
[INFO] [1790572452.782051766] [reach_dwell_probe]: torsi RNEA+offset(per-aktuator) vs rating: 1=0.06->6.66/10, 2=5.27->12.97/14, 3=2.19->8.79/10, 4=0.38->2.36/7, 5=0.06->2.04/7, 6=0.00->1.98/7  (terketat t2_a1_joint_2 93 %)
[INFO] [1790572475.759063954] [reach_dwell_probe]: jarak antar-lengan minimum sepanjang rencana: 610.7 mm di titik 114 (t2_a1_gripper_base_link_0 <-> t2_a2_arm_link_0) -> CLEAR
[59] s1 arm_3 z1.32 @1.30 oracle4 T: PLANNED (23.0 s) RNEA j2 5.27 @ 111/114 statis-akhir 5.29
[INFO] [1790572475.825328647] [reach_dwell_probe]: torsi RNEA+offset(per-aktuator) vs rating: 1=0.09->6.69/10, 2=5.18->12.88/14, 3=2.26->8.86/10, 4=0.38->2.36/7, 5=0.06->2.04/7, 6=0.00->1.98/7  (terketat t2_a1_joint_2 92 %)
[INFO] [1790572500.918514640] [reach_dwell_probe]: jarak antar-lengan minimum sepanjang rencana: 518.0 mm di titik 61 (t2_a1_forearm_link_0 <-> t2_a2_arm_link_0) -> CLEAR
[59] s2 arm_3 z1.32 @1.30 oracle4 T: PLANNED (25.2 s) RNEA j2 5.18 @ 123/127 statis-akhir 5.21
[INFO] [1790572500.971844582] [reach_dwell_probe]: torsi RNEA+offset(per-aktuator) vs rating: 1=0.01->6.61/10, 2=4.69->12.39/14, 3=2.50->9.10/10, 4=0.40->2.38/7, 5=0.06->2.04/7, 6=0.00->1.98/7  (terketat t2_a1_joint_3 91 %)
[INFO] [1790572521.508682876] [reach_dwell_probe]: jarak antar-lengan minimum sepanjang rencana: 418.9 mm di titik 104 (t2_a1_arm_link_0 <-> t2_a2_arm_link_0) -> CLEAR
[59] s3 arm_3 z1.32 @1.30 oracle4 T: PLANNED (20.6 s) RNEA j2 4.69 @ 101/104 statis-akhir 4.72
[INFO] [1790572521.598372323] [reach_dwell_probe]: torsi RNEA+offset(per-aktuator) vs rating: 1=0.06->6.66/10, 2=3.51->11.21/14, 3=2.55->9.15/10, 4=0.46->2.44/7, 5=0.13->2.11/7, 6=0.00->1.98/7  (terketat t2_a1_joint_3 91 %)
[INFO] [1790572547.507241487] [reach_dwell_probe]: jarak antar-lengan minimum sepanjang rencana: 619.4 mm di titik 38 (t2_a1_left_finger_prox_link_0 <-> t2_a2_upper_wrist_link_0) -> CLEAR
[60] s1 arm_3 z1.32 @1.50 oracle4 T: PLANNED (26.0 s) RNEA j2 3.51 @ 127/127 statis-akhir 3.54
[INFO] [1790572547.576760932] [reach_dwell_probe]: torsi RNEA+offset(per-aktuator) vs rating: 1=0.03->6.63/10, 2=3.67->11.37/14, 3=2.55->9.15/10, 4=0.41->2.39/7, 5=0.06->2.04/7, 6=0.00->1.98/7  (terketat t2_a1_joint_3 92 %)
[INFO] [1790572567.330948627] [reach_dwell_probe]: jarak antar-lengan minimum sepanjang rencana: 507.9 mm di titik 84 (t2_a1_arm_link_0 <-> t2_a2_arm_link_0) -> CLEAR
[60] s2 arm_3 z1.32 @1.50 oracle4 T: PLANNED (19.8 s) RNEA j2 3.67 @ 105/105 statis-akhir 3.71
[INFO] [1790572567.401881743] [reach_dwell_probe]: torsi RNEA+offset(per-aktuator) vs rating: 1=0.11->6.71/10, 2=4.73->12.43/14, 3=2.37->8.97/10, 4=0.39->2.37/7, 5=0.06->2.04/7, 6=0.00->1.98/7  (terketat t2_a1_joint_3 90 %)
[INFO] [1790572592.337758466] [reach_dwell_probe]: jarak antar-lengan minimum sepanjang rencana: 548.6 mm di titik 97 (t2_a1_right_finger_prox_link_0 <-> t2_a2_arm_link_0) -> CLEAR
[60] s3 arm_3 z1.32 @1.50 oracle4 T: PLANNED (25.0 s) RNEA j2 4.73 @ 125/125 statis-akhir 4.78
wall total sesi ini 1607 s
