[0.065s] DEBUG:colcon:Command line arguments: ['/usr/bin/colcon', 'build', '--cmake-args', '-DROS_EDITION=ROS2', '-DHUMBLE_ROS=humble']
[0.065s] DEBUG:colcon:Parsed command line arguments: Namespace(log_base=None, log_level=None, verb_name='build', build_base='build', install_base='install', merge_install=False, symlink_install=False, test_result_base=None, continue_on_error=False, executor='parallel', parallel_workers=16, event_handlers=None, ignore_user_meta=False, metas=['./colcon.meta'], base_paths=['.'], packages_ignore=None, packages_ignore_regex=None, paths=None, packages_up_to=None, packages_up_to_regex=None, packages_above=None, packages_above_and_dependencies=None, packages_above_depth=None, packages_select_by_dep=None, packages_skip_by_dep=None, packages_skip_up_to=None, packages_select_build_failed=False, packages_skip_build_finished=False, packages_select_test_failures=False, packages_skip_test_passed=False, packages_select=None, packages_skip=None, packages_select_regex=None, packages_skip_regex=None, packages_start=None, packages_end=None, allow_overriding=[], cmake_args=['-DROS_EDITION=ROS2', '-DHUMBLE_ROS=humble'], cmake_target=None, cmake_target_skip_unavailable=False, cmake_clean_cache=False, cmake_clean_first=False, cmake_force_configure=False, ament_cmake_args=None, catkin_cmake_args=None, catkin_skip_building_tests=False, mixin_files=None, mixin=None, verb_parser=<colcon_mixin.mixin.mixin_argument.MixinArgumentDecorator object at 0x780b7fad37f0>, verb_extension=<colcon_core.verb.build.BuildVerb object at 0x780b7fad3160>, main=<bound method BuildVerb.main of <colcon_core.verb.build.BuildVerb object at 0x780b7fad3160>>, mixin_verb=('build',))
[0.163s] Level 1:colcon.colcon_core.package_discovery:discover_packages(colcon_meta) check parameters
[0.163s] Level 1:colcon.colcon_core.package_discovery:discover_packages(recursive) check parameters
[0.163s] Level 1:colcon.colcon_core.package_discovery:discover_packages(ignore) check parameters
[0.163s] Level 1:colcon.colcon_core.package_discovery:discover_packages(path) check parameters
[0.163s] Level 1:colcon.colcon_core.package_discovery:discover_packages(colcon_meta) discover
[0.163s] Level 1:colcon.colcon_core.package_discovery:discover_packages(recursive) discover
[0.163s] INFO:colcon.colcon_core.package_discovery:Crawling recursively for packages in '/home/rama/Documents/code/Docker/moonshot_project/ros2_ws'
[0.163s] Level 1:colcon.colcon_core.package_identification:_identify(.) by extensions ['ignore', 'ignore_ament_install']
[0.163s] Level 1:colcon.colcon_core.package_identification:_identify(.) by extension 'ignore'
[0.164s] Level 1:colcon.colcon_core.package_identification:_identify(.) by extension 'ignore_ament_install'
[0.164s] Level 1:colcon.colcon_core.package_identification:_identify(.) by extensions ['colcon_pkg']
[0.164s] Level 1:colcon.colcon_core.package_identification:_identify(.) by extension 'colcon_pkg'
[0.164s] Level 1:colcon.colcon_core.package_identification:_identify(.) by extensions ['colcon_meta']
[0.164s] Level 1:colcon.colcon_core.package_identification:_identify(.) by extension 'colcon_meta'
[0.164s] Level 1:colcon.colcon_core.package_identification:_identify(.) by extensions ['ros']
[0.164s] Level 1:colcon.colcon_core.package_identification:_identify(.) by extension 'ros'
[0.170s] Level 1:colcon.colcon_core.package_identification:_identify(.) by extensions ['cmake', 'python']
[0.170s] Level 1:colcon.colcon_core.package_identification:_identify(.) by extension 'cmake'
[0.170s] Level 1:colcon.colcon_core.package_identification:_identify(.) by extension 'python'
[0.170s] Level 1:colcon.colcon_core.package_identification:_identify(.) by extensions ['python_setup_py']
[0.170s] Level 1:colcon.colcon_core.package_identification:_identify(.) by extension 'python_setup_py'
[0.170s] Level 1:colcon.colcon_core.package_identification:_identify(build) by extensions ['ignore', 'ignore_ament_install']
[0.170s] Level 1:colcon.colcon_core.package_identification:_identify(build) by extension 'ignore'
[0.170s] Level 1:colcon.colcon_core.package_identification:_identify(build) ignored
[0.171s] Level 1:colcon.colcon_core.package_identification:_identify(install) by extensions ['ignore', 'ignore_ament_install']
[0.171s] Level 1:colcon.colcon_core.package_identification:_identify(install) by extension 'ignore'
[0.171s] Level 1:colcon.colcon_core.package_identification:_identify(install) ignored
[0.171s] Level 1:colcon.colcon_core.package_identification:_identify(log) by extensions ['ignore', 'ignore_ament_install']
[0.171s] Level 1:colcon.colcon_core.package_identification:_identify(log) by extension 'ignore'
[0.171s] Level 1:colcon.colcon_core.package_identification:_identify(log) ignored
[0.171s] Level 1:colcon.colcon_core.package_identification:_identify(src) by extensions ['ignore', 'ignore_ament_install']
[0.171s] Level 1:colcon.colcon_core.package_identification:_identify(src) by extension 'ignore'
[0.171s] Level 1:colcon.colcon_core.package_identification:_identify(src) by extension 'ignore_ament_install'
[0.171s] Level 1:colcon.colcon_core.package_identification:_identify(src) by extensions ['colcon_pkg']
[0.171s] Level 1:colcon.colcon_core.package_identification:_identify(src) by extension 'colcon_pkg'
[0.171s] Level 1:colcon.colcon_core.package_identification:_identify(src) by extensions ['colcon_meta']
[0.171s] Level 1:colcon.colcon_core.package_identification:_identify(src) by extension 'colcon_meta'
[0.171s] Level 1:colcon.colcon_core.package_identification:_identify(src) by extensions ['ros']
[0.171s] Level 1:colcon.colcon_core.package_identification:_identify(src) by extension 'ros'
[0.171s] Level 1:colcon.colcon_core.package_identification:_identify(src) by extensions ['cmake', 'python']
[0.171s] Level 1:colcon.colcon_core.package_identification:_identify(src) by extension 'cmake'
[0.171s] Level 1:colcon.colcon_core.package_identification:_identify(src) by extension 'python'
[0.171s] Level 1:colcon.colcon_core.package_identification:_identify(src) by extensions ['python_setup_py']
[0.171s] Level 1:colcon.colcon_core.package_identification:_identify(src) by extension 'python_setup_py'
[0.171s] Level 1:colcon.colcon_core.package_identification:_identify(src/kinova_gen3_lite_control) by extensions ['ignore', 'ignore_ament_install']
[0.171s] Level 1:colcon.colcon_core.package_identification:_identify(src/kinova_gen3_lite_control) by extension 'ignore'
[0.171s] Level 1:colcon.colcon_core.package_identification:_identify(src/kinova_gen3_lite_control) by extension 'ignore_ament_install'
[0.171s] Level 1:colcon.colcon_core.package_identification:_identify(src/kinova_gen3_lite_control) by extensions ['colcon_pkg']
[0.171s] Level 1:colcon.colcon_core.package_identification:_identify(src/kinova_gen3_lite_control) by extension 'colcon_pkg'
[0.171s] Level 1:colcon.colcon_core.package_identification:_identify(src/kinova_gen3_lite_control) by extensions ['colcon_meta']
[0.171s] Level 1:colcon.colcon_core.package_identification:_identify(src/kinova_gen3_lite_control) by extension 'colcon_meta'
[0.171s] Level 1:colcon.colcon_core.package_identification:_identify(src/kinova_gen3_lite_control) by extensions ['ros']
[0.171s] Level 1:colcon.colcon_core.package_identification:_identify(src/kinova_gen3_lite_control) by extension 'ros'
[0.171s] Level 1:colcon.colcon_core.package_identification:_identify(src/kinova_gen3_lite_control) by extensions ['cmake', 'python']
[0.171s] Level 1:colcon.colcon_core.package_identification:_identify(src/kinova_gen3_lite_control) by extension 'cmake'
[0.171s] Level 1:colcon.colcon_core.package_identification:_identify(src/kinova_gen3_lite_control) by extension 'python'
[0.171s] Level 1:colcon.colcon_core.package_identification:_identify(src/kinova_gen3_lite_control) by extensions ['python_setup_py']
[0.171s] Level 1:colcon.colcon_core.package_identification:_identify(src/kinova_gen3_lite_control) by extension 'python_setup_py'
[0.172s] Level 1:colcon.colcon_core.package_identification:_identify(src/lidar_integration) by extensions ['ignore', 'ignore_ament_install']
[0.172s] Level 1:colcon.colcon_core.package_identification:_identify(src/lidar_integration) by extension 'ignore'
[0.172s] Level 1:colcon.colcon_core.package_identification:_identify(src/lidar_integration) by extension 'ignore_ament_install'
[0.172s] Level 1:colcon.colcon_core.package_identification:_identify(src/lidar_integration) by extensions ['colcon_pkg']
[0.172s] Level 1:colcon.colcon_core.package_identification:_identify(src/lidar_integration) by extension 'colcon_pkg'
[0.172s] Level 1:colcon.colcon_core.package_identification:_identify(src/lidar_integration) by extensions ['colcon_meta']
[0.172s] Level 1:colcon.colcon_core.package_identification:_identify(src/lidar_integration) by extension 'colcon_meta'
[0.172s] Level 1:colcon.colcon_core.package_identification:_identify(src/lidar_integration) by extensions ['ros']
[0.172s] Level 1:colcon.colcon_core.package_identification:_identify(src/lidar_integration) by extension 'ros'
[0.172s] Level 1:colcon.colcon_core.package_identification:_identify(src/lidar_integration) by extensions ['cmake', 'python']
[0.172s] Level 1:colcon.colcon_core.package_identification:_identify(src/lidar_integration) by extension 'cmake'
[0.172s] Level 1:colcon.colcon_core.package_identification:_identify(src/lidar_integration) by extension 'python'
[0.172s] Level 1:colcon.colcon_core.package_identification:_identify(src/lidar_integration) by extensions ['python_setup_py']
[0.172s] Level 1:colcon.colcon_core.package_identification:_identify(src/lidar_integration) by extension 'python_setup_py'
[0.172s] Level 1:colcon.colcon_core.package_identification:_identify(src/livox_ros_driver2) by extensions ['ignore', 'ignore_ament_install']
[0.172s] Level 1:colcon.colcon_core.package_identification:_identify(src/livox_ros_driver2) by extension 'ignore'
[0.172s] Level 1:colcon.colcon_core.package_identification:_identify(src/livox_ros_driver2) by extension 'ignore_ament_install'
[0.172s] Level 1:colcon.colcon_core.package_identification:_identify(src/livox_ros_driver2) by extensions ['colcon_pkg']
[0.172s] Level 1:colcon.colcon_core.package_identification:_identify(src/livox_ros_driver2) by extension 'colcon_pkg'
[0.172s] Level 1:colcon.colcon_core.package_identification:_identify(src/livox_ros_driver2) by extensions ['colcon_meta']
[0.172s] Level 1:colcon.colcon_core.package_identification:_identify(src/livox_ros_driver2) by extension 'colcon_meta'
[0.172s] Level 1:colcon.colcon_core.package_identification:_identify(src/livox_ros_driver2) by extensions ['ros']
[0.172s] Level 1:colcon.colcon_core.package_identification:_identify(src/livox_ros_driver2) by extension 'ros'
[0.174s] DEBUG:colcon.colcon_core.package_identification:Package 'src/livox_ros_driver2' with type 'ros.ament_cmake' and name 'livox_ros_driver2'
[0.174s] Level 1:colcon.colcon_core.package_identification:_identify(src/moving_table_interfaces) by extensions ['ignore', 'ignore_ament_install']
[0.174s] Level 1:colcon.colcon_core.package_identification:_identify(src/moving_table_interfaces) by extension 'ignore'
[0.174s] Level 1:colcon.colcon_core.package_identification:_identify(src/moving_table_interfaces) by extension 'ignore_ament_install'
[0.174s] Level 1:colcon.colcon_core.package_identification:_identify(src/moving_table_interfaces) by extensions ['colcon_pkg']
[0.174s] Level 1:colcon.colcon_core.package_identification:_identify(src/moving_table_interfaces) by extension 'colcon_pkg'
[0.174s] Level 1:colcon.colcon_core.package_identification:_identify(src/moving_table_interfaces) by extensions ['colcon_meta']
[0.174s] Level 1:colcon.colcon_core.package_identification:_identify(src/moving_table_interfaces) by extension 'colcon_meta'
[0.174s] Level 1:colcon.colcon_core.package_identification:_identify(src/moving_table_interfaces) by extensions ['ros']
[0.174s] Level 1:colcon.colcon_core.package_identification:_identify(src/moving_table_interfaces) by extension 'ros'
[0.175s] DEBUG:colcon.colcon_core.package_identification:Package 'src/moving_table_interfaces' with type 'ros.ament_cmake' and name 'moving_table_interfaces'
[0.175s] Level 1:colcon.colcon_core.package_identification:_identify(src/moving_table_pkg) by extensions ['ignore', 'ignore_ament_install']
[0.175s] Level 1:colcon.colcon_core.package_identification:_identify(src/moving_table_pkg) by extension 'ignore'
[0.175s] Level 1:colcon.colcon_core.package_identification:_identify(src/moving_table_pkg) by extension 'ignore_ament_install'
[0.175s] Level 1:colcon.colcon_core.package_identification:_identify(src/moving_table_pkg) by extensions ['colcon_pkg']
[0.175s] Level 1:colcon.colcon_core.package_identification:_identify(src/moving_table_pkg) by extension 'colcon_pkg'
[0.175s] Level 1:colcon.colcon_core.package_identification:_identify(src/moving_table_pkg) by extensions ['colcon_meta']
[0.175s] Level 1:colcon.colcon_core.package_identification:_identify(src/moving_table_pkg) by extension 'colcon_meta'
[0.175s] Level 1:colcon.colcon_core.package_identification:_identify(src/moving_table_pkg) by extensions ['ros']
[0.175s] Level 1:colcon.colcon_core.package_identification:_identify(src/moving_table_pkg) by extension 'ros'
[0.175s] DEBUG:colcon.colcon_core.package_identification:Package 'src/moving_table_pkg' with type 'ros.ament_python' and name 'moving_table_pkg'
[0.175s] Level 1:colcon.colcon_core.package_identification:_identify(src/ros2_kortex) by extensions ['ignore', 'ignore_ament_install']
[0.175s] Level 1:colcon.colcon_core.package_identification:_identify(src/ros2_kortex) by extension 'ignore'
[0.175s] Level 1:colcon.colcon_core.package_identification:_identify(src/ros2_kortex) by extension 'ignore_ament_install'
[0.175s] Level 1:colcon.colcon_core.package_identification:_identify(src/ros2_kortex) by extensions ['colcon_pkg']
[0.175s] Level 1:colcon.colcon_core.package_identification:_identify(src/ros2_kortex) by extension 'colcon_pkg'
[0.175s] Level 1:colcon.colcon_core.package_identification:_identify(src/ros2_kortex) by extensions ['colcon_meta']
[0.175s] Level 1:colcon.colcon_core.package_identification:_identify(src/ros2_kortex) by extension 'colcon_meta'
[0.175s] Level 1:colcon.colcon_core.package_identification:_identify(src/ros2_kortex) by extensions ['ros']
[0.176s] Level 1:colcon.colcon_core.package_identification:_identify(src/ros2_kortex) by extension 'ros'
[0.176s] Level 1:colcon.colcon_core.package_identification:_identify(src/ros2_kortex) by extensions ['cmake', 'python']
[0.176s] Level 1:colcon.colcon_core.package_identification:_identify(src/ros2_kortex) by extension 'cmake'
[0.176s] Level 1:colcon.colcon_core.package_identification:_identify(src/ros2_kortex) by extension 'python'
[0.176s] Level 1:colcon.colcon_core.package_identification:_identify(src/ros2_kortex) by extensions ['python_setup_py']
[0.176s] Level 1:colcon.colcon_core.package_identification:_identify(src/ros2_kortex) by extension 'python_setup_py'
[0.176s] Level 1:colcon.colcon_core.package_identification:_identify(src/ros2_kortex/3rdParty) by extensions ['ignore', 'ignore_ament_install']
[0.176s] Level 1:colcon.colcon_core.package_identification:_identify(src/ros2_kortex/3rdParty) by extension 'ignore'
[0.176s] Level 1:colcon.colcon_core.package_identification:_identify(src/ros2_kortex/3rdParty) by extension 'ignore_ament_install'
[0.176s] Level 1:colcon.colcon_core.package_identification:_identify(src/ros2_kortex/3rdParty) by extensions ['colcon_pkg']
[0.176s] Level 1:colcon.colcon_core.package_identification:_identify(src/ros2_kortex/3rdParty) by extension 'colcon_pkg'
[0.176s] Level 1:colcon.colcon_core.package_identification:_identify(src/ros2_kortex/3rdParty) by extensions ['colcon_meta']
[0.176s] Level 1:colcon.colcon_core.package_identification:_identify(src/ros2_kortex/3rdParty) by extension 'colcon_meta'
[0.176s] Level 1:colcon.colcon_core.package_identification:_identify(src/ros2_kortex/3rdParty) by extensions ['ros']
[0.176s] Level 1:colcon.colcon_core.package_identification:_identify(src/ros2_kortex/3rdParty) by extension 'ros'
[0.176s] Level 1:colcon.colcon_core.package_identification:_identify(src/ros2_kortex/3rdParty) by extensions ['cmake', 'python']
[0.176s] Level 1:colcon.colcon_core.package_identification:_identify(src/ros2_kortex/3rdParty) by extension 'cmake'
[0.176s] Level 1:colcon.colcon_core.package_identification:_identify(src/ros2_kortex/3rdParty) by extension 'python'
[0.176s] Level 1:colcon.colcon_core.package_identification:_identify(src/ros2_kortex/3rdParty) by extensions ['python_setup_py']
[0.176s] Level 1:colcon.colcon_core.package_identification:_identify(src/ros2_kortex/3rdParty) by extension 'python_setup_py'
[0.176s] Level 1:colcon.colcon_core.package_identification:_identify(src/ros2_kortex/3rdParty/Mobile_platform_integration) by extensions ['ignore', 'ignore_ament_install']
[0.176s] Level 1:colcon.colcon_core.package_identification:_identify(src/ros2_kortex/3rdParty/Mobile_platform_integration) by extension 'ignore'
[0.176s] Level 1:colcon.colcon_core.package_identification:_identify(src/ros2_kortex/3rdParty/Mobile_platform_integration) by extension 'ignore_ament_install'
[0.176s] Level 1:colcon.colcon_core.package_identification:_identify(src/ros2_kortex/3rdParty/Mobile_platform_integration) by extensions ['colcon_pkg']
[0.176s] Level 1:colcon.colcon_core.package_identification:_identify(src/ros2_kortex/3rdParty/Mobile_platform_integration) by extension 'colcon_pkg'
[0.176s] Level 1:colcon.colcon_core.package_identification:_identify(src/ros2_kortex/3rdParty/Mobile_platform_integration) by extensions ['colcon_meta']
[0.176s] Level 1:colcon.colcon_core.package_identification:_identify(src/ros2_kortex/3rdParty/Mobile_platform_integration) by extension 'colcon_meta'
[0.176s] Level 1:colcon.colcon_core.package_identification:_identify(src/ros2_kortex/3rdParty/Mobile_platform_integration) by extensions ['ros']
[0.176s] Level 1:colcon.colcon_core.package_identification:_identify(src/ros2_kortex/3rdParty/Mobile_platform_integration) by extension 'ros'
[0.176s] Level 1:colcon.colcon_core.package_identification:_identify(src/ros2_kortex/3rdParty/Mobile_platform_integration) by extensions ['cmake', 'python']
[0.176s] Level 1:colcon.colcon_core.package_identification:_identify(src/ros2_kortex/3rdParty/Mobile_platform_integration) by extension 'cmake'
[0.176s] Level 1:colcon.colcon_core.package_identification:_identify(src/ros2_kortex/3rdParty/Mobile_platform_integration) by extension 'python'
[0.176s] Level 1:colcon.colcon_core.package_identification:_identify(src/ros2_kortex/3rdParty/Mobile_platform_integration) by extensions ['python_setup_py']
[0.176s] Level 1:colcon.colcon_core.package_identification:_identify(src/ros2_kortex/3rdParty/Mobile_platform_integration) by extension 'python_setup_py'
[0.176s] Level 1:colcon.colcon_core.package_identification:_identify(src/ros2_kortex/3rdParty/Mobile_platform_integration/clearpath) by extensions ['ignore', 'ignore_ament_install']
[0.176s] Level 1:colcon.colcon_core.package_identification:_identify(src/ros2_kortex/3rdParty/Mobile_platform_integration/clearpath) by extension 'ignore'
[0.177s] Level 1:colcon.colcon_core.package_identification:_identify(src/ros2_kortex/3rdParty/Mobile_platform_integration/clearpath) by extension 'ignore_ament_install'
[0.177s] Level 1:colcon.colcon_core.package_identification:_identify(src/ros2_kortex/3rdParty/Mobile_platform_integration/clearpath) by extensions ['colcon_pkg']
[0.177s] Level 1:colcon.colcon_core.package_identification:_identify(src/ros2_kortex/3rdParty/Mobile_platform_integration/clearpath) by extension 'colcon_pkg'
[0.177s] Level 1:colcon.colcon_core.package_identification:_identify(src/ros2_kortex/3rdParty/Mobile_platform_integration/clearpath) by extensions ['colcon_meta']
[0.177s] Level 1:colcon.colcon_core.package_identification:_identify(src/ros2_kortex/3rdParty/Mobile_platform_integration/clearpath) by extension 'colcon_meta'
[0.177s] Level 1:colcon.colcon_core.package_identification:_identify(src/ros2_kortex/3rdParty/Mobile_platform_integration/clearpath) by extensions ['ros']
[0.177s] Level 1:colcon.colcon_core.package_identification:_identify(src/ros2_kortex/3rdParty/Mobile_platform_integration/clearpath) by extension 'ros'
[0.177s] Level 1:colcon.colcon_core.package_identification:_identify(src/ros2_kortex/3rdParty/Mobile_platform_integration/clearpath) by extensions ['cmake', 'python']
[0.177s] Level 1:colcon.colcon_core.package_identification:_identify(src/ros2_kortex/3rdParty/Mobile_platform_integration/clearpath) by extension 'cmake'
[0.177s] Level 1:colcon.colcon_core.package_identification:_identify(src/ros2_kortex/3rdParty/Mobile_platform_integration/clearpath) by extension 'python'
[0.177s] Level 1:colcon.colcon_core.package_identification:_identify(src/ros2_kortex/3rdParty/Mobile_platform_integration/clearpath) by extensions ['python_setup_py']
[0.177s] Level 1:colcon.colcon_core.package_identification:_identify(src/ros2_kortex/3rdParty/Mobile_platform_integration/clearpath) by extension 'python_setup_py'
[0.177s] Level 1:colcon.colcon_core.package_identification:_identify(src/ros2_kortex/doc) by extensions ['ignore', 'ignore_ament_install']
[0.177s] Level 1:colcon.colcon_core.package_identification:_identify(src/ros2_kortex/doc) by extension 'ignore'
[0.177s] Level 1:colcon.colcon_core.package_identification:_identify(src/ros2_kortex/doc) by extension 'ignore_ament_install'
[0.177s] Level 1:colcon.colcon_core.package_identification:_identify(src/ros2_kortex/doc) by extensions ['colcon_pkg']
[0.177s] Level 1:colcon.colcon_core.package_identification:_identify(src/ros2_kortex/doc) by extension 'colcon_pkg'
[0.177s] Level 1:colcon.colcon_core.package_identification:_identify(src/ros2_kortex/doc) by extensions ['colcon_meta']
[0.177s] Level 1:colcon.colcon_core.package_identification:_identify(src/ros2_kortex/doc) by extension 'colcon_meta'
[0.177s] Level 1:colcon.colcon_core.package_identification:_identify(src/ros2_kortex/doc) by extensions ['ros']
[0.177s] Level 1:colcon.colcon_core.package_identification:_identify(src/ros2_kortex/doc) by extension 'ros'
[0.177s] Level 1:colcon.colcon_core.package_identification:_identify(src/ros2_kortex/doc) by extensions ['cmake', 'python']
[0.177s] Level 1:colcon.colcon_core.package_identification:_identify(src/ros2_kortex/doc) by extension 'cmake'
[0.177s] Level 1:colcon.colcon_core.package_identification:_identify(src/ros2_kortex/doc) by extension 'python'
[0.177s] Level 1:colcon.colcon_core.package_identification:_identify(src/ros2_kortex/doc) by extensions ['python_setup_py']
[0.177s] Level 1:colcon.colcon_core.package_identification:_identify(src/ros2_kortex/doc) by extension 'python_setup_py'
[0.177s] Level 1:colcon.colcon_core.package_identification:_identify(src/ros2_kortex/doc/resources) by extensions ['ignore', 'ignore_ament_install']
[0.177s] Level 1:colcon.colcon_core.package_identification:_identify(src/ros2_kortex/doc/resources) by extension 'ignore'
[0.177s] Level 1:colcon.colcon_core.package_identification:_identify(src/ros2_kortex/doc/resources) by extension 'ignore_ament_install'
[0.177s] Level 1:colcon.colcon_core.package_identification:_identify(src/ros2_kortex/doc/resources) by extensions ['colcon_pkg']
[0.177s] Level 1:colcon.colcon_core.package_identification:_identify(src/ros2_kortex/doc/resources) by extension 'colcon_pkg'
[0.177s] Level 1:colcon.colcon_core.package_identification:_identify(src/ros2_kortex/doc/resources) by extensions ['colcon_meta']
[0.177s] Level 1:colcon.colcon_core.package_identification:_identify(src/ros2_kortex/doc/resources) by extension 'colcon_meta'
[0.177s] Level 1:colcon.colcon_core.package_identification:_identify(src/ros2_kortex/doc/resources) by extensions ['ros']
[0.177s] Level 1:colcon.colcon_core.package_identification:_identify(src/ros2_kortex/doc/resources) by extension 'ros'
[0.177s] Level 1:colcon.colcon_core.package_identification:_identify(src/ros2_kortex/doc/resources) by extensions ['cmake', 'python']
[0.177s] Level 1:colcon.colcon_core.package_identification:_identify(src/ros2_kortex/doc/resources) by extension 'cmake'
[0.177s] Level 1:colcon.colcon_core.package_identification:_identify(src/ros2_kortex/doc/resources) by extension 'python'
[0.178s] Level 1:colcon.colcon_core.package_identification:_identify(src/ros2_kortex/doc/resources) by extensions ['python_setup_py']
[0.178s] Level 1:colcon.colcon_core.package_identification:_identify(src/ros2_kortex/doc/resources) by extension 'python_setup_py'
[0.178s] Level 1:colcon.colcon_core.package_identification:_identify(src/ros2_kortex/kortex_api) by extensions ['ignore', 'ignore_ament_install']
[0.178s] Level 1:colcon.colcon_core.package_identification:_identify(src/ros2_kortex/kortex_api) by extension 'ignore'
[0.178s] Level 1:colcon.colcon_core.package_identification:_identify(src/ros2_kortex/kortex_api) by extension 'ignore_ament_install'
[0.178s] Level 1:colcon.colcon_core.package_identification:_identify(src/ros2_kortex/kortex_api) by extensions ['colcon_pkg']
[0.178s] Level 1:colcon.colcon_core.package_identification:_identify(src/ros2_kortex/kortex_api) by extension 'colcon_pkg'
[0.178s] Level 1:colcon.colcon_core.package_identification:_identify(src/ros2_kortex/kortex_api) by extensions ['colcon_meta']
[0.178s] Level 1:colcon.colcon_core.package_identification:_identify(src/ros2_kortex/kortex_api) by extension 'colcon_meta'
[0.178s] Level 1:colcon.colcon_core.package_identification:_identify(src/ros2_kortex/kortex_api) by extensions ['ros']
[0.178s] Level 1:colcon.colcon_core.package_identification:_identify(src/ros2_kortex/kortex_api) by extension 'ros'
[0.178s] DEBUG:colcon.colcon_core.package_identification:Package 'src/ros2_kortex/kortex_api' with type 'ros.ament_cmake' and name 'kortex_api'
[0.178s] Level 1:colcon.colcon_core.package_identification:_identify(src/ros2_kortex/kortex_bringup) by extensions ['ignore', 'ignore_ament_install']
[0.178s] Level 1:colcon.colcon_core.package_identification:_identify(src/ros2_kortex/kortex_bringup) by extension 'ignore'
[0.178s] Level 1:colcon.colcon_core.package_identification:_identify(src/ros2_kortex/kortex_bringup) by extension 'ignore_ament_install'
[0.178s] Level 1:colcon.colcon_core.package_identification:_identify(src/ros2_kortex/kortex_bringup) by extensions ['colcon_pkg']
[0.178s] Level 1:colcon.colcon_core.package_identification:_identify(src/ros2_kortex/kortex_bringup) by extension 'colcon_pkg'
[0.178s] Level 1:colcon.colcon_core.package_identification:_identify(src/ros2_kortex/kortex_bringup) by extensions ['colcon_meta']
[0.178s] Level 1:colcon.colcon_core.package_identification:_identify(src/ros2_kortex/kortex_bringup) by extension 'colcon_meta'
[0.178s] Level 1:colcon.colcon_core.package_identification:_identify(src/ros2_kortex/kortex_bringup) by extensions ['ros']
[0.178s] Level 1:colcon.colcon_core.package_identification:_identify(src/ros2_kortex/kortex_bringup) by extension 'ros'
[0.179s] DEBUG:colcon.colcon_core.package_identification:Package 'src/ros2_kortex/kortex_bringup' with type 'ros.ament_cmake' and name 'kortex_bringup'
[0.179s] Level 1:colcon.colcon_core.package_identification:_identify(src/ros2_kortex/kortex_description) by extensions ['ignore', 'ignore_ament_install']
[0.179s] Level 1:colcon.colcon_core.package_identification:_identify(src/ros2_kortex/kortex_description) by extension 'ignore'
[0.179s] Level 1:colcon.colcon_core.package_identification:_identify(src/ros2_kortex/kortex_description) by extension 'ignore_ament_install'
[0.179s] Level 1:colcon.colcon_core.package_identification:_identify(src/ros2_kortex/kortex_description) by extensions ['colcon_pkg']
[0.179s] Level 1:colcon.colcon_core.package_identification:_identify(src/ros2_kortex/kortex_description) by extension 'colcon_pkg'
[0.179s] Level 1:colcon.colcon_core.package_identification:_identify(src/ros2_kortex/kortex_description) by extensions ['colcon_meta']
[0.179s] Level 1:colcon.colcon_core.package_identification:_identify(src/ros2_kortex/kortex_description) by extension 'colcon_meta'
[0.179s] Level 1:colcon.colcon_core.package_identification:_identify(src/ros2_kortex/kortex_description) by extensions ['ros']
[0.179s] Level 1:colcon.colcon_core.package_identification:_identify(src/ros2_kortex/kortex_description) by extension 'ros'
[0.179s] DEBUG:colcon.colcon_core.package_identification:Package 'src/ros2_kortex/kortex_description' with type 'ros.ament_cmake' and name 'kortex_description'
[0.180s] Level 1:colcon.colcon_core.package_identification:_identify(src/ros2_kortex/kortex_driver) by extensions ['ignore', 'ignore_ament_install']
[0.180s] Level 1:colcon.colcon_core.package_identification:_identify(src/ros2_kortex/kortex_driver) by extension 'ignore'
[0.180s] Level 1:colcon.colcon_core.package_identification:_identify(src/ros2_kortex/kortex_driver) by extension 'ignore_ament_install'
[0.180s] Level 1:colcon.colcon_core.package_identification:_identify(src/ros2_kortex/kortex_driver) by extensions ['colcon_pkg']
[0.180s] Level 1:colcon.colcon_core.package_identification:_identify(src/ros2_kortex/kortex_driver) by extension 'colcon_pkg'
[0.180s] Level 1:colcon.colcon_core.package_identification:_identify(src/ros2_kortex/kortex_driver) by extensions ['colcon_meta']
[0.180s] Level 1:colcon.colcon_core.package_identification:_identify(src/ros2_kortex/kortex_driver) by extension 'colcon_meta'
[0.180s] Level 1:colcon.colcon_core.package_identification:_identify(src/ros2_kortex/kortex_driver) by extensions ['ros']
[0.180s] Level 1:colcon.colcon_core.package_identification:_identify(src/ros2_kortex/kortex_driver) by extension 'ros'
[0.180s] DEBUG:colcon.colcon_core.package_identification:Package 'src/ros2_kortex/kortex_driver' with type 'ros.ament_cmake' and name 'kortex_driver'
[0.180s] Level 1:colcon.colcon_core.package_identification:_identify(src/ros2_kortex/kortex_moveit_config) by extensions ['ignore', 'ignore_ament_install']
[0.180s] Level 1:colcon.colcon_core.package_identification:_identify(src/ros2_kortex/kortex_moveit_config) by extension 'ignore'
[0.180s] Level 1:colcon.colcon_core.package_identification:_identify(src/ros2_kortex/kortex_moveit_config) by extension 'ignore_ament_install'
[0.180s] Level 1:colcon.colcon_core.package_identification:_identify(src/ros2_kortex/kortex_moveit_config) by extensions ['colcon_pkg']
[0.180s] Level 1:colcon.colcon_core.package_identification:_identify(src/ros2_kortex/kortex_moveit_config) by extension 'colcon_pkg'
[0.180s] Level 1:colcon.colcon_core.package_identification:_identify(src/ros2_kortex/kortex_moveit_config) by extensions ['colcon_meta']
[0.180s] Level 1:colcon.colcon_core.package_identification:_identify(src/ros2_kortex/kortex_moveit_config) by extension 'colcon_meta'
[0.180s] Level 1:colcon.colcon_core.package_identification:_identify(src/ros2_kortex/kortex_moveit_config) by extensions ['ros']
[0.180s] Level 1:colcon.colcon_core.package_identification:_identify(src/ros2_kortex/kortex_moveit_config) by extension 'ros'
[0.181s] Level 1:colcon.colcon_core.package_identification:_identify(src/ros2_kortex/kortex_moveit_config) by extensions ['cmake', 'python']
[0.181s] Level 1:colcon.colcon_core.package_identification:_identify(src/ros2_kortex/kortex_moveit_config) by extension 'cmake'
[0.181s] Level 1:colcon.colcon_core.package_identification:_identify(src/ros2_kortex/kortex_moveit_config) by extension 'python'
[0.181s] Level 1:colcon.colcon_core.package_identification:_identify(src/ros2_kortex/kortex_moveit_config) by extensions ['python_setup_py']
[0.181s] Level 1:colcon.colcon_core.package_identification:_identify(src/ros2_kortex/kortex_moveit_config) by extension 'python_setup_py'
[0.181s] Level 1:colcon.colcon_core.package_identification:_identify(src/ros2_kortex/kortex_moveit_config/kinova_gen3_6dof_robotiq_2f_85_moveit_config) by extensions ['ignore', 'ignore_ament_install']
[0.181s] Level 1:colcon.colcon_core.package_identification:_identify(src/ros2_kortex/kortex_moveit_config/kinova_gen3_6dof_robotiq_2f_85_moveit_config) by extension 'ignore'
[0.181s] Level 1:colcon.colcon_core.package_identification:_identify(src/ros2_kortex/kortex_moveit_config/kinova_gen3_6dof_robotiq_2f_85_moveit_config) by extension 'ignore_ament_install'
[0.181s] Level 1:colcon.colcon_core.package_identification:_identify(src/ros2_kortex/kortex_moveit_config/kinova_gen3_6dof_robotiq_2f_85_moveit_config) by extensions ['colcon_pkg']
[0.181s] Level 1:colcon.colcon_core.package_identification:_identify(src/ros2_kortex/kortex_moveit_config/kinova_gen3_6dof_robotiq_2f_85_moveit_config) by extension 'colcon_pkg'
[0.181s] Level 1:colcon.colcon_core.package_identification:_identify(src/ros2_kortex/kortex_moveit_config/kinova_gen3_6dof_robotiq_2f_85_moveit_config) by extensions ['colcon_meta']
[0.181s] Level 1:colcon.colcon_core.package_identification:_identify(src/ros2_kortex/kortex_moveit_config/kinova_gen3_6dof_robotiq_2f_85_moveit_config) by extension 'colcon_meta'
[0.181s] Level 1:colcon.colcon_core.package_identification:_identify(src/ros2_kortex/kortex_moveit_config/kinova_gen3_6dof_robotiq_2f_85_moveit_config) by extensions ['ros']
[0.181s] Level 1:colcon.colcon_core.package_identification:_identify(src/ros2_kortex/kortex_moveit_config/kinova_gen3_6dof_robotiq_2f_85_moveit_config) by extension 'ros'
[0.181s] DEBUG:colcon.colcon_core.package_identification:Package 'src/ros2_kortex/kortex_moveit_config/kinova_gen3_6dof_robotiq_2f_85_moveit_config' with type 'ros.ament_cmake' and name 'kinova_gen3_6dof_robotiq_2f_85_moveit_config'
[0.181s] Level 1:colcon.colcon_core.package_identification:_identify(src/ros2_kortex/kortex_moveit_config/kinova_gen3_7dof_robotiq_2f_85_moveit_config) by extensions ['ignore', 'ignore_ament_install']
[0.181s] Level 1:colcon.colcon_core.package_identification:_identify(src/ros2_kortex/kortex_moveit_config/kinova_gen3_7dof_robotiq_2f_85_moveit_config) by extension 'ignore'
[0.181s] Level 1:colcon.colcon_core.package_identification:_identify(src/ros2_kortex/kortex_moveit_config/kinova_gen3_7dof_robotiq_2f_85_moveit_config) by extension 'ignore_ament_install'
[0.182s] Level 1:colcon.colcon_core.package_identification:_identify(src/ros2_kortex/kortex_moveit_config/kinova_gen3_7dof_robotiq_2f_85_moveit_config) by extensions ['colcon_pkg']
[0.182s] Level 1:colcon.colcon_core.package_identification:_identify(src/ros2_kortex/kortex_moveit_config/kinova_gen3_7dof_robotiq_2f_85_moveit_config) by extension 'colcon_pkg'
[0.182s] Level 1:colcon.colcon_core.package_identification:_identify(src/ros2_kortex/kortex_moveit_config/kinova_gen3_7dof_robotiq_2f_85_moveit_config) by extensions ['colcon_meta']
[0.182s] Level 1:colcon.colcon_core.package_identification:_identify(src/ros2_kortex/kortex_moveit_config/kinova_gen3_7dof_robotiq_2f_85_moveit_config) by extension 'colcon_meta'
[0.182s] Level 1:colcon.colcon_core.package_identification:_identify(src/ros2_kortex/kortex_moveit_config/kinova_gen3_7dof_robotiq_2f_85_moveit_config) by extensions ['ros']
[0.182s] Level 1:colcon.colcon_core.package_identification:_identify(src/ros2_kortex/kortex_moveit_config/kinova_gen3_7dof_robotiq_2f_85_moveit_config) by extension 'ros'
[0.182s] DEBUG:colcon.colcon_core.package_identification:Package 'src/ros2_kortex/kortex_moveit_config/kinova_gen3_7dof_robotiq_2f_85_moveit_config' with type 'ros.ament_cmake' and name 'kinova_gen3_7dof_robotiq_2f_85_moveit_config'
[0.182s] Level 1:colcon.colcon_core.package_identification:_identify(src/ros2_kortex/kortex_moveit_config/kinova_gen3_lite_moveit_config) by extensions ['ignore', 'ignore_ament_install']
[0.182s] Level 1:colcon.colcon_core.package_identification:_identify(src/ros2_kortex/kortex_moveit_config/kinova_gen3_lite_moveit_config) by extension 'ignore'
[0.182s] Level 1:colcon.colcon_core.package_identification:_identify(src/ros2_kortex/kortex_moveit_config/kinova_gen3_lite_moveit_config) by extension 'ignore_ament_install'
[0.182s] Level 1:colcon.colcon_core.package_identification:_identify(src/ros2_kortex/kortex_moveit_config/kinova_gen3_lite_moveit_config) by extensions ['colcon_pkg']
[0.182s] Level 1:colcon.colcon_core.package_identification:_identify(src/ros2_kortex/kortex_moveit_config/kinova_gen3_lite_moveit_config) by extension 'colcon_pkg'
[0.182s] Level 1:colcon.colcon_core.package_identification:_identify(src/ros2_kortex/kortex_moveit_config/kinova_gen3_lite_moveit_config) by extensions ['colcon_meta']
[0.182s] Level 1:colcon.colcon_core.package_identification:_identify(src/ros2_kortex/kortex_moveit_config/kinova_gen3_lite_moveit_config) by extension 'colcon_meta'
[0.182s] Level 1:colcon.colcon_core.package_identification:_identify(src/ros2_kortex/kortex_moveit_config/kinova_gen3_lite_moveit_config) by extensions ['ros']
[0.182s] Level 1:colcon.colcon_core.package_identification:_identify(src/ros2_kortex/kortex_moveit_config/kinova_gen3_lite_moveit_config) by extension 'ros'
[0.183s] DEBUG:colcon.colcon_core.package_identification:Package 'src/ros2_kortex/kortex_moveit_config/kinova_gen3_lite_moveit_config' with type 'ros.ament_cmake' and name 'kinova_gen3_lite_moveit_config'
[0.183s] Level 1:colcon.colcon_core.package_identification:_identify(src/ros2_kortex/kortex_moveit_config/launch) by extensions ['ignore', 'ignore_ament_install']
[0.183s] Level 1:colcon.colcon_core.package_identification:_identify(src/ros2_kortex/kortex_moveit_config/launch) by extension 'ignore'
[0.183s] Level 1:colcon.colcon_core.package_identification:_identify(src/ros2_kortex/kortex_moveit_config/launch) by extension 'ignore_ament_install'
[0.183s] Level 1:colcon.colcon_core.package_identification:_identify(src/ros2_kortex/kortex_moveit_config/launch) by extensions ['colcon_pkg']
[0.183s] Level 1:colcon.colcon_core.package_identification:_identify(src/ros2_kortex/kortex_moveit_config/launch) by extension 'colcon_pkg'
[0.183s] Level 1:colcon.colcon_core.package_identification:_identify(src/ros2_kortex/kortex_moveit_config/launch) by extensions ['colcon_meta']
[0.183s] Level 1:colcon.colcon_core.package_identification:_identify(src/ros2_kortex/kortex_moveit_config/launch) by extension 'colcon_meta'
[0.183s] Level 1:colcon.colcon_core.package_identification:_identify(src/ros2_kortex/kortex_moveit_config/launch) by extensions ['ros']
[0.183s] Level 1:colcon.colcon_core.package_identification:_identify(src/ros2_kortex/kortex_moveit_config/launch) by extension 'ros'
[0.183s] Level 1:colcon.colcon_core.package_identification:_identify(src/ros2_kortex/kortex_moveit_config/launch) by extensions ['cmake', 'python']
[0.183s] Level 1:colcon.colcon_core.package_identification:_identify(src/ros2_kortex/kortex_moveit_config/launch) by extension 'cmake'
[0.183s] Level 1:colcon.colcon_core.package_identification:_identify(src/ros2_kortex/kortex_moveit_config/launch) by extension 'python'
[0.183s] Level 1:colcon.colcon_core.package_identification:_identify(src/ros2_kortex/kortex_moveit_config/launch) by extensions ['python_setup_py']
[0.183s] Level 1:colcon.colcon_core.package_identification:_identify(src/ros2_kortex/kortex_moveit_config/launch) by extension 'python_setup_py'
[0.183s] Level 1:colcon.colcon_core.package_discovery:discover_packages(recursive) using defaults
[0.183s] Level 1:colcon.colcon_core.package_discovery:discover_packages(ignore) discover
[0.183s] Level 1:colcon.colcon_core.package_discovery:discover_packages(ignore) using defaults
[0.183s] Level 1:colcon.colcon_core.package_discovery:discover_packages(path) discover
[0.183s] Level 1:colcon.colcon_core.package_discovery:discover_packages(path) using defaults
[0.202s] Level 1:colcon.colcon_core.package_discovery:discover_packages(prefix_path) check parameters
[0.203s] Level 1:colcon.colcon_core.package_discovery:discover_packages(prefix_path) discover
[0.203s] WARNING:colcon.colcon_ros.prefix_path.ament:The path '/home/rama/Documents/code/Docker/moonshot_project/ros2_ws/install/moving_table_pkg' in the environment variable AMENT_PREFIX_PATH doesn't exist
[0.203s] WARNING:colcon.colcon_ros.prefix_path.ament:The path '/home/rama/Documents/code/Docker/moonshot_project/ros2_ws/install/moving_table_interfaces' in the environment variable AMENT_PREFIX_PATH doesn't exist
[0.203s] WARNING:colcon.colcon_ros.prefix_path.ament:The path '/home/rama/Documents/code/Docker/moonshot_project/ros2_ws/install/livox_ros_driver2' in the environment variable AMENT_PREFIX_PATH doesn't exist
[0.203s] WARNING:colcon.colcon_ros.prefix_path.ament:The path '/home/rama/Documents/code/Docker/moonshot_project/ros2_ws/install/kortex_bringup' in the environment variable AMENT_PREFIX_PATH doesn't exist
[0.203s] WARNING:colcon.colcon_ros.prefix_path.ament:The path '/home/rama/Documents/code/Docker/moonshot_project/ros2_ws/install/kortex_driver' in the environment variable AMENT_PREFIX_PATH doesn't exist
[0.203s] WARNING:colcon.colcon_ros.prefix_path.ament:The path '/home/rama/Documents/code/Docker/moonshot_project/ros2_ws/install/kinova_gen3_lite_moveit_config' in the environment variable AMENT_PREFIX_PATH doesn't exist
[0.203s] WARNING:colcon.colcon_ros.prefix_path.ament:The path '/home/rama/Documents/code/Docker/moonshot_project/ros2_ws/install/kinova_gen3_7dof_robotiq_2f_85_moveit_config' in the environment variable AMENT_PREFIX_PATH doesn't exist
[0.203s] WARNING:colcon.colcon_ros.prefix_path.ament:The path '/home/rama/Documents/code/Docker/moonshot_project/ros2_ws/install/kinova_gen3_6dof_robotiq_2f_85_moveit_config' in the environment variable AMENT_PREFIX_PATH doesn't exist
[0.203s] WARNING:colcon.colcon_ros.prefix_path.ament:The path '/home/rama/Documents/code/Docker/moonshot_project/ros2_ws/install/kortex_description' in the environment variable AMENT_PREFIX_PATH doesn't exist
[0.203s] WARNING:colcon.colcon_ros.prefix_path.ament:The path '/home/rama/Documents/code/Docker/moonshot_project/ros2_ws/install/kortex_api' in the environment variable AMENT_PREFIX_PATH doesn't exist
[0.203s] WARNING:colcon.colcon_ros.prefix_path.catkin:The path '/home/rama/Documents/code/Docker/moonshot_project/ros2_ws/install/moving_table_interfaces' in the environment variable CMAKE_PREFIX_PATH doesn't exist
[0.203s] WARNING:colcon.colcon_ros.prefix_path.catkin:The path '/home/rama/Documents/code/Docker/moonshot_project/ros2_ws/install/livox_ros_driver2' in the environment variable CMAKE_PREFIX_PATH doesn't exist
[0.203s] WARNING:colcon.colcon_ros.prefix_path.catkin:The path '/home/rama/Documents/code/Docker/moonshot_project/ros2_ws/install/kortex_bringup' in the environment variable CMAKE_PREFIX_PATH doesn't exist
[0.203s] WARNING:colcon.colcon_ros.prefix_path.catkin:The path '/home/rama/Documents/code/Docker/moonshot_project/ros2_ws/install/kortex_driver' in the environment variable CMAKE_PREFIX_PATH doesn't exist
[0.203s] WARNING:colcon.colcon_ros.prefix_path.catkin:The path '/home/rama/Documents/code/Docker/moonshot_project/ros2_ws/install/kinova_gen3_lite_moveit_config' in the environment variable CMAKE_PREFIX_PATH doesn't exist
[0.203s] WARNING:colcon.colcon_ros.prefix_path.catkin:The path '/home/rama/Documents/code/Docker/moonshot_project/ros2_ws/install/kinova_gen3_7dof_robotiq_2f_85_moveit_config' in the environment variable CMAKE_PREFIX_PATH doesn't exist
[0.203s] WARNING:colcon.colcon_ros.prefix_path.catkin:The path '/home/rama/Documents/code/Docker/moonshot_project/ros2_ws/install/kinova_gen3_6dof_robotiq_2f_85_moveit_config' in the environment variable CMAKE_PREFIX_PATH doesn't exist
[0.203s] WARNING:colcon.colcon_ros.prefix_path.catkin:The path '/home/rama/Documents/code/Docker/moonshot_project/ros2_ws/install/kortex_description' in the environment variable CMAKE_PREFIX_PATH doesn't exist
[0.203s] WARNING:colcon.colcon_ros.prefix_path.catkin:The path '/home/rama/Documents/code/Docker/moonshot_project/ros2_ws/install/kortex_api' in the environment variable CMAKE_PREFIX_PATH doesn't exist
[0.204s] DEBUG:colcon.colcon_installed_package_information.package_discovery:Found 0 installed packages in /home/rama/Documents/code/Docker/moonshot_project/ros2_ws/install
[0.205s] DEBUG:colcon.colcon_installed_package_information.package_discovery:Found 299 installed packages in /opt/ros/humble
[0.205s] Level 1:colcon.colcon_core.package_discovery:discover_packages(prefix_path) using defaults
[0.229s] Level 5:colcon.colcon_core.verb:set package 'kortex_api' build argument 'cmake_args' from command line to '['-DROS_EDITION=ROS2', '-DHUMBLE_ROS=humble']'
[0.229s] Level 5:colcon.colcon_core.verb:set package 'kortex_api' build argument 'cmake_target' from command line to 'None'
[0.229s] Level 5:colcon.colcon_core.verb:set package 'kortex_api' build argument 'cmake_target_skip_unavailable' from command line to 'False'
[0.229s] Level 5:colcon.colcon_core.verb:set package 'kortex_api' build argument 'cmake_clean_cache' from command line to 'False'
[0.229s] Level 5:colcon.colcon_core.verb:set package 'kortex_api' build argument 'cmake_clean_first' from command line to 'False'
[0.229s] Level 5:colcon.colcon_core.verb:set package 'kortex_api' build argument 'cmake_force_configure' from command line to 'False'
[0.229s] Level 5:colcon.colcon_core.verb:set package 'kortex_api' build argument 'ament_cmake_args' from command line to 'None'
[0.229s] Level 5:colcon.colcon_core.verb:set package 'kortex_api' build argument 'catkin_cmake_args' from command line to 'None'
[0.229s] Level 5:colcon.colcon_core.verb:set package 'kortex_api' build argument 'catkin_skip_building_tests' from command line to 'False'
[0.229s] DEBUG:colcon.colcon_core.verb:Building package 'kortex_api' with the following arguments: {'ament_cmake_args': None, 'build_base': '/home/rama/Documents/code/Docker/moonshot_project/ros2_ws/build/kortex_api', 'catkin_cmake_args': None, 'catkin_skip_building_tests': False, 'cmake_args': ['-DROS_EDITION=ROS2', '-DHUMBLE_ROS=humble'], 'cmake_clean_cache': False, 'cmake_clean_first': False, 'cmake_force_configure': False, 'cmake_target': None, 'cmake_target_skip_unavailable': False, 'install_base': '/home/rama/Documents/code/Docker/moonshot_project/ros2_ws/install/kortex_api', 'merge_install': False, 'path': '/home/rama/Documents/code/Docker/moonshot_project/ros2_ws/src/ros2_kortex/kortex_api', 'symlink_install': False, 'test_result_base': None}
[0.230s] Level 5:colcon.colcon_core.verb:set package 'kortex_description' build argument 'cmake_args' from command line to '['-DROS_EDITION=ROS2', '-DHUMBLE_ROS=humble']'
[0.230s] Level 5:colcon.colcon_core.verb:set package 'kortex_description' build argument 'cmake_target' from command line to 'None'
[0.230s] Level 5:colcon.colcon_core.verb:set package 'kortex_description' build argument 'cmake_target_skip_unavailable' from command line to 'False'
[0.230s] Level 5:colcon.colcon_core.verb:set package 'kortex_description' build argument 'cmake_clean_cache' from command line to 'False'
[0.230s] Level 5:colcon.colcon_core.verb:set package 'kortex_description' build argument 'cmake_clean_first' from command line to 'False'
[0.230s] Level 5:colcon.colcon_core.verb:set package 'kortex_description' build argument 'cmake_force_configure' from command line to 'False'
[0.230s] Level 5:colcon.colcon_core.verb:set package 'kortex_description' build argument 'ament_cmake_args' from command line to 'None'
[0.230s] Level 5:colcon.colcon_core.verb:set package 'kortex_description' build argument 'catkin_cmake_args' from command line to 'None'
[0.230s] Level 5:colcon.colcon_core.verb:set package 'kortex_description' build argument 'catkin_skip_building_tests' from command line to 'False'
[0.230s] DEBUG:colcon.colcon_core.verb:Building package 'kortex_description' with the following arguments: {'ament_cmake_args': None, 'build_base': '/home/rama/Documents/code/Docker/moonshot_project/ros2_ws/build/kortex_description', 'catkin_cmake_args': None, 'catkin_skip_building_tests': False, 'cmake_args': ['-DROS_EDITION=ROS2', '-DHUMBLE_ROS=humble'], 'cmake_clean_cache': False, 'cmake_clean_first': False, 'cmake_force_configure': False, 'cmake_target': None, 'cmake_target_skip_unavailable': False, 'install_base': '/home/rama/Documents/code/Docker/moonshot_project/ros2_ws/install/kortex_description', 'merge_install': False, 'path': '/home/rama/Documents/code/Docker/moonshot_project/ros2_ws/src/ros2_kortex/kortex_description', 'symlink_install': False, 'test_result_base': None}
[0.230s] Level 5:colcon.colcon_core.verb:set package 'livox_ros_driver2' build argument 'cmake_args' from command line to '['-DROS_EDITION=ROS2', '-DHUMBLE_ROS=humble']'
[0.230s] Level 5:colcon.colcon_core.verb:set package 'livox_ros_driver2' build argument 'cmake_target' from command line to 'None'
[0.230s] Level 5:colcon.colcon_core.verb:set package 'livox_ros_driver2' build argument 'cmake_target_skip_unavailable' from command line to 'False'
[0.230s] Level 5:colcon.colcon_core.verb:set package 'livox_ros_driver2' build argument 'cmake_clean_cache' from command line to 'False'
[0.230s] Level 5:colcon.colcon_core.verb:set package 'livox_ros_driver2' build argument 'cmake_clean_first' from command line to 'False'
[0.230s] Level 5:colcon.colcon_core.verb:set package 'livox_ros_driver2' build argument 'cmake_force_configure' from command line to 'False'
[0.230s] Level 5:colcon.colcon_core.verb:set package 'livox_ros_driver2' build argument 'ament_cmake_args' from command line to 'None'
[0.230s] Level 5:colcon.colcon_core.verb:set package 'livox_ros_driver2' build argument 'catkin_cmake_args' from command line to 'None'
[0.230s] Level 5:colcon.colcon_core.verb:set package 'livox_ros_driver2' build argument 'catkin_skip_building_tests' from command line to 'False'
[0.230s] DEBUG:colcon.colcon_core.verb:Building package 'livox_ros_driver2' with the following arguments: {'ament_cmake_args': None, 'build_base': '/home/rama/Documents/code/Docker/moonshot_project/ros2_ws/build/livox_ros_driver2', 'catkin_cmake_args': None, 'catkin_skip_building_tests': False, 'cmake_args': ['-DROS_EDITION=ROS2', '-DHUMBLE_ROS=humble'], 'cmake_clean_cache': False, 'cmake_clean_first': False, 'cmake_force_configure': False, 'cmake_target': None, 'cmake_target_skip_unavailable': False, 'install_base': '/home/rama/Documents/code/Docker/moonshot_project/ros2_ws/install/livox_ros_driver2', 'merge_install': False, 'path': '/home/rama/Documents/code/Docker/moonshot_project/ros2_ws/src/livox_ros_driver2', 'symlink_install': False, 'test_result_base': None}
[0.230s] Level 5:colcon.colcon_core.verb:set package 'moving_table_interfaces' build argument 'cmake_args' from command line to '['-DROS_EDITION=ROS2', '-DHUMBLE_ROS=humble']'
[0.230s] Level 5:colcon.colcon_core.verb:set package 'moving_table_interfaces' build argument 'cmake_target' from command line to 'None'
[0.230s] Level 5:colcon.colcon_core.verb:set package 'moving_table_interfaces' build argument 'cmake_target_skip_unavailable' from command line to 'False'
[0.230s] Level 5:colcon.colcon_core.verb:set package 'moving_table_interfaces' build argument 'cmake_clean_cache' from command line to 'False'
[0.230s] Level 5:colcon.colcon_core.verb:set package 'moving_table_interfaces' build argument 'cmake_clean_first' from command line to 'False'
[0.230s] Level 5:colcon.colcon_core.verb:set package 'moving_table_interfaces' build argument 'cmake_force_configure' from command line to 'False'
[0.230s] Level 5:colcon.colcon_core.verb:set package 'moving_table_interfaces' build argument 'ament_cmake_args' from command line to 'None'
[0.230s] Level 5:colcon.colcon_core.verb:set package 'moving_table_interfaces' build argument 'catkin_cmake_args' from command line to 'None'
[0.230s] Level 5:colcon.colcon_core.verb:set package 'moving_table_interfaces' build argument 'catkin_skip_building_tests' from command line to 'False'
[0.230s] DEBUG:colcon.colcon_core.verb:Building package 'moving_table_interfaces' with the following arguments: {'ament_cmake_args': None, 'build_base': '/home/rama/Documents/code/Docker/moonshot_project/ros2_ws/build/moving_table_interfaces', 'catkin_cmake_args': None, 'catkin_skip_building_tests': False, 'cmake_args': ['-DROS_EDITION=ROS2', '-DHUMBLE_ROS=humble'], 'cmake_clean_cache': False, 'cmake_clean_first': False, 'cmake_force_configure': False, 'cmake_target': None, 'cmake_target_skip_unavailable': False, 'install_base': '/home/rama/Documents/code/Docker/moonshot_project/ros2_ws/install/moving_table_interfaces', 'merge_install': False, 'path': '/home/rama/Documents/code/Docker/moonshot_project/ros2_ws/src/moving_table_interfaces', 'symlink_install': False, 'test_result_base': None}
[0.231s] Level 5:colcon.colcon_core.verb:set package 'moving_table_pkg' build argument 'cmake_args' from command line to '['-DROS_EDITION=ROS2', '-DHUMBLE_ROS=humble']'
[0.231s] Level 5:colcon.colcon_core.verb:set package 'moving_table_pkg' build argument 'cmake_target' from command line to 'None'
[0.231s] Level 5:colcon.colcon_core.verb:set package 'moving_table_pkg' build argument 'cmake_target_skip_unavailable' from command line to 'False'
[0.231s] Level 5:colcon.colcon_core.verb:set package 'moving_table_pkg' build argument 'cmake_clean_cache' from command line to 'False'
[0.231s] Level 5:colcon.colcon_core.verb:set package 'moving_table_pkg' build argument 'cmake_clean_first' from command line to 'False'
[0.231s] Level 5:colcon.colcon_core.verb:set package 'moving_table_pkg' build argument 'cmake_force_configure' from command line to 'False'
[0.231s] Level 5:colcon.colcon_core.verb:set package 'moving_table_pkg' build argument 'ament_cmake_args' from command line to 'None'
[0.231s] Level 5:colcon.colcon_core.verb:set package 'moving_table_pkg' build argument 'catkin_cmake_args' from command line to 'None'
[0.231s] Level 5:colcon.colcon_core.verb:set package 'moving_table_pkg' build argument 'catkin_skip_building_tests' from command line to 'False'
[0.231s] DEBUG:colcon.colcon_core.verb:Building package 'moving_table_pkg' with the following arguments: {'ament_cmake_args': None, 'build_base': '/home/rama/Documents/code/Docker/moonshot_project/ros2_ws/build/moving_table_pkg', 'catkin_cmake_args': None, 'catkin_skip_building_tests': False, 'cmake_args': ['-DROS_EDITION=ROS2', '-DHUMBLE_ROS=humble'], 'cmake_clean_cache': False, 'cmake_clean_first': False, 'cmake_force_configure': False, 'cmake_target': None, 'cmake_target_skip_unavailable': False, 'install_base': '/home/rama/Documents/code/Docker/moonshot_project/ros2_ws/install/moving_table_pkg', 'merge_install': False, 'path': '/home/rama/Documents/code/Docker/moonshot_project/ros2_ws/src/moving_table_pkg', 'symlink_install': False, 'test_result_base': None}
[0.231s] Level 5:colcon.colcon_core.verb:set package 'kinova_gen3_6dof_robotiq_2f_85_moveit_config' build argument 'cmake_args' from command line to '['-DROS_EDITION=ROS2', '-DHUMBLE_ROS=humble']'
[0.231s] Level 5:colcon.colcon_core.verb:set package 'kinova_gen3_6dof_robotiq_2f_85_moveit_config' build argument 'cmake_target' from command line to 'None'
[0.231s] Level 5:colcon.colcon_core.verb:set package 'kinova_gen3_6dof_robotiq_2f_85_moveit_config' build argument 'cmake_target_skip_unavailable' from command line to 'False'
[0.231s] Level 5:colcon.colcon_core.verb:set package 'kinova_gen3_6dof_robotiq_2f_85_moveit_config' build argument 'cmake_clean_cache' from command line to 'False'
[0.231s] Level 5:colcon.colcon_core.verb:set package 'kinova_gen3_6dof_robotiq_2f_85_moveit_config' build argument 'cmake_clean_first' from command line to 'False'
[0.231s] Level 5:colcon.colcon_core.verb:set package 'kinova_gen3_6dof_robotiq_2f_85_moveit_config' build argument 'cmake_force_configure' from command line to 'False'
[0.231s] Level 5:colcon.colcon_core.verb:set package 'kinova_gen3_6dof_robotiq_2f_85_moveit_config' build argument 'ament_cmake_args' from command line to 'None'
[0.231s] Level 5:colcon.colcon_core.verb:set package 'kinova_gen3_6dof_robotiq_2f_85_moveit_config' build argument 'catkin_cmake_args' from command line to 'None'
[0.231s] Level 5:colcon.colcon_core.verb:set package 'kinova_gen3_6dof_robotiq_2f_85_moveit_config' build argument 'catkin_skip_building_tests' from command line to 'False'
[0.231s] DEBUG:colcon.colcon_core.verb:Building package 'kinova_gen3_6dof_robotiq_2f_85_moveit_config' with the following arguments: {'ament_cmake_args': None, 'build_base': '/home/rama/Documents/code/Docker/moonshot_project/ros2_ws/build/kinova_gen3_6dof_robotiq_2f_85_moveit_config', 'catkin_cmake_args': None, 'catkin_skip_building_tests': False, 'cmake_args': ['-DROS_EDITION=ROS2', '-DHUMBLE_ROS=humble'], 'cmake_clean_cache': False, 'cmake_clean_first': False, 'cmake_force_configure': False, 'cmake_target': None, 'cmake_target_skip_unavailable': False, 'install_base': '/home/rama/Documents/code/Docker/moonshot_project/ros2_ws/install/kinova_gen3_6dof_robotiq_2f_85_moveit_config', 'merge_install': False, 'path': '/home/rama/Documents/code/Docker/moonshot_project/ros2_ws/src/ros2_kortex/kortex_moveit_config/kinova_gen3_6dof_robotiq_2f_85_moveit_config', 'symlink_install': False, 'test_result_base': None}
[0.231s] Level 5:colcon.colcon_core.verb:set package 'kinova_gen3_7dof_robotiq_2f_85_moveit_config' build argument 'cmake_args' from command line to '['-DROS_EDITION=ROS2', '-DHUMBLE_ROS=humble']'
[0.231s] Level 5:colcon.colcon_core.verb:set package 'kinova_gen3_7dof_robotiq_2f_85_moveit_config' build argument 'cmake_target' from command line to 'None'
[0.231s] Level 5:colcon.colcon_core.verb:set package 'kinova_gen3_7dof_robotiq_2f_85_moveit_config' build argument 'cmake_target_skip_unavailable' from command line to 'False'
[0.231s] Level 5:colcon.colcon_core.verb:set package 'kinova_gen3_7dof_robotiq_2f_85_moveit_config' build argument 'cmake_clean_cache' from command line to 'False'
[0.231s] Level 5:colcon.colcon_core.verb:set package 'kinova_gen3_7dof_robotiq_2f_85_moveit_config' build argument 'cmake_clean_first' from command line to 'False'
[0.231s] Level 5:colcon.colcon_core.verb:set package 'kinova_gen3_7dof_robotiq_2f_85_moveit_config' build argument 'cmake_force_configure' from command line to 'False'
[0.231s] Level 5:colcon.colcon_core.verb:set package 'kinova_gen3_7dof_robotiq_2f_85_moveit_config' build argument 'ament_cmake_args' from command line to 'None'
[0.231s] Level 5:colcon.colcon_core.verb:set package 'kinova_gen3_7dof_robotiq_2f_85_moveit_config' build argument 'catkin_cmake_args' from command line to 'None'
[0.231s] Level 5:colcon.colcon_core.verb:set package 'kinova_gen3_7dof_robotiq_2f_85_moveit_config' build argument 'catkin_skip_building_tests' from command line to 'False'
[0.231s] DEBUG:colcon.colcon_core.verb:Building package 'kinova_gen3_7dof_robotiq_2f_85_moveit_config' with the following arguments: {'ament_cmake_args': None, 'build_base': '/home/rama/Documents/code/Docker/moonshot_project/ros2_ws/build/kinova_gen3_7dof_robotiq_2f_85_moveit_config', 'catkin_cmake_args': None, 'catkin_skip_building_tests': False, 'cmake_args': ['-DROS_EDITION=ROS2', '-DHUMBLE_ROS=humble'], 'cmake_clean_cache': False, 'cmake_clean_first': False, 'cmake_force_configure': False, 'cmake_target': None, 'cmake_target_skip_unavailable': False, 'install_base': '/home/rama/Documents/code/Docker/moonshot_project/ros2_ws/install/kinova_gen3_7dof_robotiq_2f_85_moveit_config', 'merge_install': False, 'path': '/home/rama/Documents/code/Docker/moonshot_project/ros2_ws/src/ros2_kortex/kortex_moveit_config/kinova_gen3_7dof_robotiq_2f_85_moveit_config', 'symlink_install': False, 'test_result_base': None}
[0.232s] Level 5:colcon.colcon_core.verb:set package 'kinova_gen3_lite_moveit_config' build argument 'cmake_args' from command line to '['-DROS_EDITION=ROS2', '-DHUMBLE_ROS=humble']'
[0.232s] Level 5:colcon.colcon_core.verb:set package 'kinova_gen3_lite_moveit_config' build argument 'cmake_target' from command line to 'None'
[0.232s] Level 5:colcon.colcon_core.verb:set package 'kinova_gen3_lite_moveit_config' build argument 'cmake_target_skip_unavailable' from command line to 'False'
[0.232s] Level 5:colcon.colcon_core.verb:set package 'kinova_gen3_lite_moveit_config' build argument 'cmake_clean_cache' from command line to 'False'
[0.232s] Level 5:colcon.colcon_core.verb:set package 'kinova_gen3_lite_moveit_config' build argument 'cmake_clean_first' from command line to 'False'
[0.232s] Level 5:colcon.colcon_core.verb:set package 'kinova_gen3_lite_moveit_config' build argument 'cmake_force_configure' from command line to 'False'
[0.232s] Level 5:colcon.colcon_core.verb:set package 'kinova_gen3_lite_moveit_config' build argument 'ament_cmake_args' from command line to 'None'
[0.232s] Level 5:colcon.colcon_core.verb:set package 'kinova_gen3_lite_moveit_config' build argument 'catkin_cmake_args' from command line to 'None'
[0.232s] Level 5:colcon.colcon_core.verb:set package 'kinova_gen3_lite_moveit_config' build argument 'catkin_skip_building_tests' from command line to 'False'
[0.232s] DEBUG:colcon.colcon_core.verb:Building package 'kinova_gen3_lite_moveit_config' with the following arguments: {'ament_cmake_args': None, 'build_base': '/home/rama/Documents/code/Docker/moonshot_project/ros2_ws/build/kinova_gen3_lite_moveit_config', 'catkin_cmake_args': None, 'catkin_skip_building_tests': False, 'cmake_args': ['-DROS_EDITION=ROS2', '-DHUMBLE_ROS=humble'], 'cmake_clean_cache': False, 'cmake_clean_first': False, 'cmake_force_configure': False, 'cmake_target': None, 'cmake_target_skip_unavailable': False, 'install_base': '/home/rama/Documents/code/Docker/moonshot_project/ros2_ws/install/kinova_gen3_lite_moveit_config', 'merge_install': False, 'path': '/home/rama/Documents/code/Docker/moonshot_project/ros2_ws/src/ros2_kortex/kortex_moveit_config/kinova_gen3_lite_moveit_config', 'symlink_install': False, 'test_result_base': None}
[0.232s] Level 5:colcon.colcon_core.verb:set package 'kortex_driver' build argument 'cmake_args' from command line to '['-DROS_EDITION=ROS2', '-DHUMBLE_ROS=humble']'
[0.232s] Level 5:colcon.colcon_core.verb:set package 'kortex_driver' build argument 'cmake_target' from command line to 'None'
[0.232s] Level 5:colcon.colcon_core.verb:set package 'kortex_driver' build argument 'cmake_target_skip_unavailable' from command line to 'False'
[0.232s] Level 5:colcon.colcon_core.verb:set package 'kortex_driver' build argument 'cmake_clean_cache' from command line to 'False'
[0.232s] Level 5:colcon.colcon_core.verb:set package 'kortex_driver' build argument 'cmake_clean_first' from command line to 'False'
[0.232s] Level 5:colcon.colcon_core.verb:set package 'kortex_driver' build argument 'cmake_force_configure' from command line to 'False'
[0.232s] Level 5:colcon.colcon_core.verb:set package 'kortex_driver' build argument 'ament_cmake_args' from command line to 'None'
[0.232s] Level 5:colcon.colcon_core.verb:set package 'kortex_driver' build argument 'catkin_cmake_args' from command line to 'None'
[0.232s] Level 5:colcon.colcon_core.verb:set package 'kortex_driver' build argument 'catkin_skip_building_tests' from command line to 'False'
[0.232s] DEBUG:colcon.colcon_core.verb:Building package 'kortex_driver' with the following arguments: {'ament_cmake_args': None, 'build_base': '/home/rama/Documents/code/Docker/moonshot_project/ros2_ws/build/kortex_driver', 'catkin_cmake_args': None, 'catkin_skip_building_tests': False, 'cmake_args': ['-DROS_EDITION=ROS2', '-DHUMBLE_ROS=humble'], 'cmake_clean_cache': False, 'cmake_clean_first': False, 'cmake_force_configure': False, 'cmake_target': None, 'cmake_target_skip_unavailable': False, 'install_base': '/home/rama/Documents/code/Docker/moonshot_project/ros2_ws/install/kortex_driver', 'merge_install': False, 'path': '/home/rama/Documents/code/Docker/moonshot_project/ros2_ws/src/ros2_kortex/kortex_driver', 'symlink_install': False, 'test_result_base': None}
[0.232s] Level 5:colcon.colcon_core.verb:set package 'kortex_bringup' build argument 'cmake_args' from command line to '['-DROS_EDITION=ROS2', '-DHUMBLE_ROS=humble']'
[0.232s] Level 5:colcon.colcon_core.verb:set package 'kortex_bringup' build argument 'cmake_target' from command line to 'None'
[0.232s] Level 5:colcon.colcon_core.verb:set package 'kortex_bringup' build argument 'cmake_target_skip_unavailable' from command line to 'False'
[0.232s] Level 5:colcon.colcon_core.verb:set package 'kortex_bringup' build argument 'cmake_clean_cache' from command line to 'False'
[0.232s] Level 5:colcon.colcon_core.verb:set package 'kortex_bringup' build argument 'cmake_clean_first' from command line to 'False'
[0.232s] Level 5:colcon.colcon_core.verb:set package 'kortex_bringup' build argument 'cmake_force_configure' from command line to 'False'
[0.232s] Level 5:colcon.colcon_core.verb:set package 'kortex_bringup' build argument 'ament_cmake_args' from command line to 'None'
[0.232s] Level 5:colcon.colcon_core.verb:set package 'kortex_bringup' build argument 'catkin_cmake_args' from command line to 'None'
[0.232s] Level 5:colcon.colcon_core.verb:set package 'kortex_bringup' build argument 'catkin_skip_building_tests' from command line to 'False'
[0.232s] DEBUG:colcon.colcon_core.verb:Building package 'kortex_bringup' with the following arguments: {'ament_cmake_args': None, 'build_base': '/home/rama/Documents/code/Docker/moonshot_project/ros2_ws/build/kortex_bringup', 'catkin_cmake_args': None, 'catkin_skip_building_tests': False, 'cmake_args': ['-DROS_EDITION=ROS2', '-DHUMBLE_ROS=humble'], 'cmake_clean_cache': False, 'cmake_clean_first': False, 'cmake_force_configure': False, 'cmake_target': None, 'cmake_target_skip_unavailable': False, 'install_base': '/home/rama/Documents/code/Docker/moonshot_project/ros2_ws/install/kortex_bringup', 'merge_install': False, 'path': '/home/rama/Documents/code/Docker/moonshot_project/ros2_ws/src/ros2_kortex/kortex_bringup', 'symlink_install': False, 'test_result_base': None}
[0.232s] INFO:colcon.colcon_core.executor:Executing jobs using 'parallel' executor
[0.233s] DEBUG:colcon.colcon_parallel_executor.executor.parallel:run_until_complete
[0.233s] INFO:colcon.colcon_ros.task.ament_cmake.build:Building ROS package in '/home/rama/Documents/code/Docker/moonshot_project/ros2_ws/src/ros2_kortex/kortex_description' with build type 'ament_cmake'
[0.234s] INFO:colcon.colcon_cmake.task.cmake.build:Building CMake package in '/home/rama/Documents/code/Docker/moonshot_project/ros2_ws/src/ros2_kortex/kortex_description'
[0.235s] INFO:colcon.colcon_core.plugin_system:Skipping extension 'colcon_core.shell.bat': Not used on non-Windows systems
[0.235s] INFO:colcon.colcon_core.shell:Skip shell extension 'powershell' for command environment: Not usable outside of PowerShell
[0.235s] DEBUG:colcon.colcon_core.shell:Skip shell extension 'dsv' for command environment
[0.237s] INFO:colcon.colcon_ros.task.ament_cmake.build:Building ROS package in '/home/rama/Documents/code/Docker/moonshot_project/ros2_ws/src/ros2_kortex/kortex_api' with build type 'ament_cmake'
[0.237s] INFO:colcon.colcon_cmake.task.cmake.build:Building CMake package in '/home/rama/Documents/code/Docker/moonshot_project/ros2_ws/src/ros2_kortex/kortex_api'
[0.237s] INFO:colcon.colcon_core.shell:Skip shell extension 'powershell' for command environment: Not usable outside of PowerShell
[0.237s] DEBUG:colcon.colcon_core.shell:Skip shell extension 'dsv' for command environment
[0.239s] INFO:colcon.colcon_ros.task.ament_cmake.build:Building ROS package in '/home/rama/Documents/code/Docker/moonshot_project/ros2_ws/src/livox_ros_driver2' with build type 'ament_cmake'
[0.239s] INFO:colcon.colcon_cmake.task.cmake.build:Building CMake package in '/home/rama/Documents/code/Docker/moonshot_project/ros2_ws/src/livox_ros_driver2'
[0.239s] INFO:colcon.colcon_core.shell:Skip shell extension 'powershell' for command environment: Not usable outside of PowerShell
[0.239s] DEBUG:colcon.colcon_core.shell:Skip shell extension 'dsv' for command environment
[0.241s] INFO:colcon.colcon_ros.task.ament_cmake.build:Building ROS package in '/home/rama/Documents/code/Docker/moonshot_project/ros2_ws/src/moving_table_interfaces' with build type 'ament_cmake'
[0.241s] INFO:colcon.colcon_cmake.task.cmake.build:Building CMake package in '/home/rama/Documents/code/Docker/moonshot_project/ros2_ws/src/moving_table_interfaces'
[0.241s] INFO:colcon.colcon_core.shell:Skip shell extension 'powershell' for command environment: Not usable outside of PowerShell
[0.241s] DEBUG:colcon.colcon_core.shell:Skip shell extension 'dsv' for command environment
[0.243s] INFO:colcon.colcon_ros.task.ament_python.build:Building ROS package in '/home/rama/Documents/code/Docker/moonshot_project/ros2_ws/src/moving_table_pkg' with build type 'ament_python'
[0.243s] Level 1:colcon.colcon_core.shell:create_environment_hook('moving_table_pkg', 'ament_prefix_path')
[0.243s] INFO:colcon.colcon_core.shell:Creating environment hook '/home/rama/Documents/code/Docker/moonshot_project/ros2_ws/install/moving_table_pkg/share/moving_table_pkg/hook/ament_prefix_path.ps1'
[0.244s] INFO:colcon.colcon_core.shell:Creating environment descriptor '/home/rama/Documents/code/Docker/moonshot_project/ros2_ws/install/moving_table_pkg/share/moving_table_pkg/hook/ament_prefix_path.dsv'
[0.244s] INFO:colcon.colcon_core.shell:Creating environment hook '/home/rama/Documents/code/Docker/moonshot_project/ros2_ws/install/moving_table_pkg/share/moving_table_pkg/hook/ament_prefix_path.sh'
[0.244s] INFO:colcon.colcon_core.shell:Skip shell extension 'powershell' for command environment: Not usable outside of PowerShell
[0.244s] DEBUG:colcon.colcon_core.shell:Skip shell extension 'dsv' for command environment
[0.250s] DEBUG:colcon.colcon_core.event_handler.log_command:Invoking command in '/home/rama/Documents/code/Docker/moonshot_project/ros2_ws/build/kortex_description': CMAKE_PREFIX_PATH=${CMAKE_PREFIX_PATH}:/home/rama/Documents/code/Docker/moonshot_project/ros2_ws/install/moving_table_pkg:/opt/ros/humble /usr/bin/cmake /home/rama/Documents/code/Docker/moonshot_project/ros2_ws/src/ros2_kortex/kortex_description -DROS_EDITION=ROS2 -DHUMBLE_ROS=humble -DCMAKE_INSTALL_PREFIX=/home/rama/Documents/code/Docker/moonshot_project/ros2_ws/install/kortex_description
[0.251s] DEBUG:colcon.colcon_core.event_handler.log_command:Invoking command in '/home/rama/Documents/code/Docker/moonshot_project/ros2_ws/build/kortex_api': CMAKE_PREFIX_PATH=${CMAKE_PREFIX_PATH}:/home/rama/Documents/code/Docker/moonshot_project/ros2_ws/install/moving_table_pkg:/opt/ros/humble /usr/bin/cmake /home/rama/Documents/code/Docker/moonshot_project/ros2_ws/src/ros2_kortex/kortex_api -DROS_EDITION=ROS2 -DHUMBLE_ROS=humble -DCMAKE_INSTALL_PREFIX=/home/rama/Documents/code/Docker/moonshot_project/ros2_ws/install/kortex_api
[0.253s] DEBUG:colcon.colcon_core.event_handler.log_command:Invoking command in '/home/rama/Documents/code/Docker/moonshot_project/ros2_ws/build/livox_ros_driver2': CMAKE_PREFIX_PATH=${CMAKE_PREFIX_PATH}:/home/rama/Documents/code/Docker/moonshot_project/ros2_ws/install/moving_table_pkg:/opt/ros/humble /usr/bin/cmake /home/rama/Documents/code/Docker/moonshot_project/ros2_ws/src/livox_ros_driver2 -DROS_EDITION=ROS2 -DHUMBLE_ROS=humble -DCMAKE_INSTALL_PREFIX=/home/rama/Documents/code/Docker/moonshot_project/ros2_ws/install/livox_ros_driver2
[0.255s] DEBUG:colcon.colcon_core.event_handler.log_command:Invoking command in '/home/rama/Documents/code/Docker/moonshot_project/ros2_ws/build/moving_table_interfaces': CMAKE_PREFIX_PATH=${CMAKE_PREFIX_PATH}:/home/rama/Documents/code/Docker/moonshot_project/ros2_ws/install/moving_table_pkg:/opt/ros/humble /usr/bin/cmake /home/rama/Documents/code/Docker/moonshot_project/ros2_ws/src/moving_table_interfaces -DROS_EDITION=ROS2 -DHUMBLE_ROS=humble -DCMAKE_INSTALL_PREFIX=/home/rama/Documents/code/Docker/moonshot_project/ros2_ws/install/moving_table_interfaces
[0.424s] INFO:colcon.colcon_core.task.python.build:Building Python package in '/home/rama/Documents/code/Docker/moonshot_project/ros2_ws/src/moving_table_pkg'
[0.424s] INFO:colcon.colcon_core.shell:Skip shell extension 'powershell' for command environment: Not usable outside of PowerShell
[0.424s] DEBUG:colcon.colcon_core.shell:Skip shell extension 'dsv' for command environment
[0.669s] DEBUG:colcon.colcon_core.event_handler.log_command:Invoked command in '/home/rama/Documents/code/Docker/moonshot_project/ros2_ws/build/kortex_description' returned '0': CMAKE_PREFIX_PATH=${CMAKE_PREFIX_PATH}:/home/rama/Documents/code/Docker/moonshot_project/ros2_ws/install/moving_table_pkg:/opt/ros/humble /usr/bin/cmake /home/rama/Documents/code/Docker/moonshot_project/ros2_ws/src/ros2_kortex/kortex_description -DROS_EDITION=ROS2 -DHUMBLE_ROS=humble -DCMAKE_INSTALL_PREFIX=/home/rama/Documents/code/Docker/moonshot_project/ros2_ws/install/kortex_description
[0.670s] DEBUG:colcon.colcon_core.event_handler.log_command:Invoking command in '/home/rama/Documents/code/Docker/moonshot_project/ros2_ws/build/kortex_description': CMAKE_PREFIX_PATH=${CMAKE_PREFIX_PATH}:/home/rama/Documents/code/Docker/moonshot_project/ros2_ws/install/moving_table_pkg:/opt/ros/humble /usr/bin/cmake --build /home/rama/Documents/code/Docker/moonshot_project/ros2_ws/build/kortex_description -- -j16 -l16
[0.675s] DEBUG:colcon.colcon_core.event_handler.log_command:Invoking command in '/home/rama/Documents/code/Docker/moonshot_project/ros2_ws/src/moving_table_pkg': PYTHONPATH=/home/rama/Documents/code/Docker/moonshot_project/ros2_ws/build/moving_table_pkg/prefix_override:/usr/lib/python3/dist-packages/colcon_core/task/python/colcon_distutils_commands:/home/rama/Documents/code/Docker/moonshot_project/ros2_ws/install/moving_table_pkg/lib/python3.10/site-packages:${PYTHONPATH} /usr/bin/python3 -W ignore:setup.py install is deprecated -W ignore:easy_install command is deprecated setup.py egg_info --egg-base ../../build/moving_table_pkg build --build-base /home/rama/Documents/code/Docker/moonshot_project/ros2_ws/build/moving_table_pkg/build install --record /home/rama/Documents/code/Docker/moonshot_project/ros2_ws/build/moving_table_pkg/install.log --single-version-externally-managed install_data
[0.695s] DEBUG:colcon.colcon_core.event_handler.log_command:Invoked command in '/home/rama/Documents/code/Docker/moonshot_project/ros2_ws/build/kortex_description' returned '0': CMAKE_PREFIX_PATH=${CMAKE_PREFIX_PATH}:/home/rama/Documents/code/Docker/moonshot_project/ros2_ws/install/moving_table_pkg:/opt/ros/humble /usr/bin/cmake --build /home/rama/Documents/code/Docker/moonshot_project/ros2_ws/build/kortex_description -- -j16 -l16
[0.702s] DEBUG:colcon.colcon_core.event_handler.log_command:Invoking command in '/home/rama/Documents/code/Docker/moonshot_project/ros2_ws/build/kortex_description': CMAKE_PREFIX_PATH=${CMAKE_PREFIX_PATH}:/home/rama/Documents/code/Docker/moonshot_project/ros2_ws/install/moving_table_pkg:/opt/ros/humble /usr/bin/cmake --install /home/rama/Documents/code/Docker/moonshot_project/ros2_ws/build/kortex_description
[0.729s] Level 1:colcon.colcon_core.environment:create_environment_scripts_only(kortex_description)
[0.729s] DEBUG:colcon.colcon_core.event_handler.log_command:Invoked command in '/home/rama/Documents/code/Docker/moonshot_project/ros2_ws/build/kortex_description' returned '0': CMAKE_PREFIX_PATH=${CMAKE_PREFIX_PATH}:/home/rama/Documents/code/Docker/moonshot_project/ros2_ws/install/moving_table_pkg:/opt/ros/humble /usr/bin/cmake --install /home/rama/Documents/code/Docker/moonshot_project/ros2_ws/build/kortex_description
[0.731s] Level 1:colcon.colcon_core.environment:checking '/home/rama/Documents/code/Docker/moonshot_project/ros2_ws/install/kortex_description' for CMake module files
[0.731s] Level 1:colcon.colcon_core.environment:checking '/home/rama/Documents/code/Docker/moonshot_project/ros2_ws/install/kortex_description' for CMake config files
[0.731s] Level 1:colcon.colcon_core.shell:create_environment_hook('kortex_description', 'cmake_prefix_path')
[0.731s] INFO:colcon.colcon_core.shell:Creating environment hook '/home/rama/Documents/code/Docker/moonshot_project/ros2_ws/install/kortex_description/share/kortex_description/hook/cmake_prefix_path.ps1'
[0.732s] INFO:colcon.colcon_core.shell:Creating environment descriptor '/home/rama/Documents/code/Docker/moonshot_project/ros2_ws/install/kortex_description/share/kortex_description/hook/cmake_prefix_path.dsv'
[0.732s] INFO:colcon.colcon_core.shell:Creating environment hook '/home/rama/Documents/code/Docker/moonshot_project/ros2_ws/install/kortex_description/share/kortex_description/hook/cmake_prefix_path.sh'
[0.732s] Level 1:colcon.colcon_core.environment:checking '/home/rama/Documents/code/Docker/moonshot_project/ros2_ws/install/kortex_description/bin'
[0.732s] Level 1:colcon.colcon_core.environment:checking '/home/rama/Documents/code/Docker/moonshot_project/ros2_ws/install/kortex_description/lib/pkgconfig/kortex_description.pc'
[0.732s] Level 1:colcon.colcon_core.environment:checking '/home/rama/Documents/code/Docker/moonshot_project/ros2_ws/install/kortex_description/lib/python3.10/site-packages'
[0.733s] Level 1:colcon.colcon_core.environment:checking '/home/rama/Documents/code/Docker/moonshot_project/ros2_ws/install/kortex_description/bin'
[0.733s] INFO:colcon.colcon_core.shell:Creating package script '/home/rama/Documents/code/Docker/moonshot_project/ros2_ws/install/kortex_description/share/kortex_description/package.ps1'
[0.734s] INFO:colcon.colcon_core.shell:Creating package descriptor '/home/rama/Documents/code/Docker/moonshot_project/ros2_ws/install/kortex_description/share/kortex_description/package.dsv'
[0.734s] INFO:colcon.colcon_core.shell:Creating package script '/home/rama/Documents/code/Docker/moonshot_project/ros2_ws/install/kortex_description/share/kortex_description/package.sh'
[0.734s] INFO:colcon.colcon_core.shell:Creating package script '/home/rama/Documents/code/Docker/moonshot_project/ros2_ws/install/kortex_description/share/kortex_description/package.bash'
[0.735s] INFO:colcon.colcon_core.shell:Creating package script '/home/rama/Documents/code/Docker/moonshot_project/ros2_ws/install/kortex_description/share/kortex_description/package.zsh'
[0.735s] Level 1:colcon.colcon_core.environment:create_file_with_runtime_dependencies(/home/rama/Documents/code/Docker/moonshot_project/ros2_ws/install/kortex_description/share/colcon-core/packages/kortex_description)
[0.736s] Level 1:colcon.colcon_core.environment:create_environment_scripts_only(kortex_description)
[0.736s] Level 1:colcon.colcon_core.environment:checking '/home/rama/Documents/code/Docker/moonshot_project/ros2_ws/install/kortex_description' for CMake module files
[0.736s] Level 1:colcon.colcon_core.environment:checking '/home/rama/Documents/code/Docker/moonshot_project/ros2_ws/install/kortex_description' for CMake config files
[0.736s] Level 1:colcon.colcon_core.shell:create_environment_hook('kortex_description', 'cmake_prefix_path')
[0.736s] INFO:colcon.colcon_core.shell:Creating environment hook '/home/rama/Documents/code/Docker/moonshot_project/ros2_ws/install/kortex_description/share/kortex_description/hook/cmake_prefix_path.ps1'
[0.737s] INFO:colcon.colcon_core.shell:Creating environment descriptor '/home/rama/Documents/code/Docker/moonshot_project/ros2_ws/install/kortex_description/share/kortex_description/hook/cmake_prefix_path.dsv'
[0.737s] INFO:colcon.colcon_core.shell:Creating environment hook '/home/rama/Documents/code/Docker/moonshot_project/ros2_ws/install/kortex_description/share/kortex_description/hook/cmake_prefix_path.sh'
[0.737s] Level 1:colcon.colcon_core.environment:checking '/home/rama/Documents/code/Docker/moonshot_project/ros2_ws/install/kortex_description/bin'
[0.737s] Level 1:colcon.colcon_core.environment:checking '/home/rama/Documents/code/Docker/moonshot_project/ros2_ws/install/kortex_description/lib/pkgconfig/kortex_description.pc'
[0.737s] Level 1:colcon.colcon_core.environment:checking '/home/rama/Documents/code/Docker/moonshot_project/ros2_ws/install/kortex_description/lib/python3.10/site-packages'
[0.738s] Level 1:colcon.colcon_core.environment:checking '/home/rama/Documents/code/Docker/moonshot_project/ros2_ws/install/kortex_description/bin'
[0.738s] INFO:colcon.colcon_core.shell:Creating package script '/home/rama/Documents/code/Docker/moonshot_project/ros2_ws/install/kortex_description/share/kortex_description/package.ps1'
[0.738s] INFO:colcon.colcon_core.shell:Creating package descriptor '/home/rama/Documents/code/Docker/moonshot_project/ros2_ws/install/kortex_description/share/kortex_description/package.dsv'
[0.738s] INFO:colcon.colcon_core.shell:Creating package script '/home/rama/Documents/code/Docker/moonshot_project/ros2_ws/install/kortex_description/share/kortex_description/package.sh'
[0.739s] INFO:colcon.colcon_core.shell:Creating package script '/home/rama/Documents/code/Docker/moonshot_project/ros2_ws/install/kortex_description/share/kortex_description/package.bash'
[0.739s] INFO:colcon.colcon_core.shell:Creating package script '/home/rama/Documents/code/Docker/moonshot_project/ros2_ws/install/kortex_description/share/kortex_description/package.zsh'
[0.739s] Level 1:colcon.colcon_core.environment:create_file_with_runtime_dependencies(/home/rama/Documents/code/Docker/moonshot_project/ros2_ws/install/kortex_description/share/colcon-core/packages/kortex_description)
[0.739s] INFO:colcon.colcon_ros.task.ament_cmake.build:Building ROS package in '/home/rama/Documents/code/Docker/moonshot_project/ros2_ws/src/ros2_kortex/kortex_moveit_config/kinova_gen3_6dof_robotiq_2f_85_moveit_config' with build type 'ament_cmake'
[0.739s] INFO:colcon.colcon_cmake.task.cmake.build:Building CMake package in '/home/rama/Documents/code/Docker/moonshot_project/ros2_ws/src/ros2_kortex/kortex_moveit_config/kinova_gen3_6dof_robotiq_2f_85_moveit_config'
[0.739s] INFO:colcon.colcon_core.shell:Skip shell extension 'powershell' for command environment: Not usable outside of PowerShell
[0.740s] DEBUG:colcon.colcon_core.shell:Skip shell extension 'dsv' for command environment
[0.742s] INFO:colcon.colcon_ros.task.ament_cmake.build:Building ROS package in '/home/rama/Documents/code/Docker/moonshot_project/ros2_ws/src/ros2_kortex/kortex_moveit_config/kinova_gen3_7dof_robotiq_2f_85_moveit_config' with build type 'ament_cmake'
[0.742s] INFO:colcon.colcon_cmake.task.cmake.build:Building CMake package in '/home/rama/Documents/code/Docker/moonshot_project/ros2_ws/src/ros2_kortex/kortex_moveit_config/kinova_gen3_7dof_robotiq_2f_85_moveit_config'
[0.743s] INFO:colcon.colcon_core.shell:Skip shell extension 'powershell' for command environment: Not usable outside of PowerShell
[0.743s] DEBUG:colcon.colcon_core.shell:Skip shell extension 'dsv' for command environment
[0.745s] INFO:colcon.colcon_ros.task.ament_cmake.build:Building ROS package in '/home/rama/Documents/code/Docker/moonshot_project/ros2_ws/src/ros2_kortex/kortex_moveit_config/kinova_gen3_lite_moveit_config' with build type 'ament_cmake'
[0.745s] INFO:colcon.colcon_cmake.task.cmake.build:Building CMake package in '/home/rama/Documents/code/Docker/moonshot_project/ros2_ws/src/ros2_kortex/kortex_moveit_config/kinova_gen3_lite_moveit_config'
[0.745s] INFO:colcon.colcon_core.shell:Skip shell extension 'powershell' for command environment: Not usable outside of PowerShell
[0.745s] DEBUG:colcon.colcon_core.shell:Skip shell extension 'dsv' for command environment
[0.750s] DEBUG:colcon.colcon_core.event_handler.log_command:Invoking command in '/home/rama/Documents/code/Docker/moonshot_project/ros2_ws/build/kinova_gen3_6dof_robotiq_2f_85_moveit_config': CMAKE_PREFIX_PATH=/home/rama/Documents/code/Docker/moonshot_project/ros2_ws/install/kortex_description:/home/rama/Documents/code/Docker/moonshot_project/ros2_ws/install/moving_table_interfaces:/home/rama/Documents/code/Docker/moonshot_project/ros2_ws/install/livox_ros_driver2:/home/rama/Documents/code/Docker/moonshot_project/ros2_ws/install/kortex_bringup:/home/rama/Documents/code/Docker/moonshot_project/ros2_ws/install/kortex_driver:/home/rama/Documents/code/Docker/moonshot_project/ros2_ws/install/kinova_gen3_lite_moveit_config:/home/rama/Documents/code/Docker/moonshot_project/ros2_ws/install/kinova_gen3_7dof_robotiq_2f_85_moveit_config:/home/rama/Documents/code/Docker/moonshot_project/ros2_ws/install/kinova_gen3_6dof_robotiq_2f_85_moveit_config:/home/rama/Documents/code/Docker/moonshot_project/ros2_ws/install/kortex_api:/opt/openrobots:/opt/openrobots:/home/rama/Documents/code/Docker/moonshot_project/ros2_ws/install/moving_table_pkg:/opt/ros/humble /usr/bin/cmake /home/rama/Documents/code/Docker/moonshot_project/ros2_ws/src/ros2_kortex/kortex_moveit_config/kinova_gen3_6dof_robotiq_2f_85_moveit_config -DROS_EDITION=ROS2 -DHUMBLE_ROS=humble -DCMAKE_INSTALL_PREFIX=/home/rama/Documents/code/Docker/moonshot_project/ros2_ws/install/kinova_gen3_6dof_robotiq_2f_85_moveit_config
[0.752s] DEBUG:colcon.colcon_core.event_handler.log_command:Invoking command in '/home/rama/Documents/code/Docker/moonshot_project/ros2_ws/build/kinova_gen3_7dof_robotiq_2f_85_moveit_config': CMAKE_PREFIX_PATH=/home/rama/Documents/code/Docker/moonshot_project/ros2_ws/install/kortex_description:/home/rama/Documents/code/Docker/moonshot_project/ros2_ws/install/moving_table_interfaces:/home/rama/Documents/code/Docker/moonshot_project/ros2_ws/install/livox_ros_driver2:/home/rama/Documents/code/Docker/moonshot_project/ros2_ws/install/kortex_bringup:/home/rama/Documents/code/Docker/moonshot_project/ros2_ws/install/kortex_driver:/home/rama/Documents/code/Docker/moonshot_project/ros2_ws/install/kinova_gen3_lite_moveit_config:/home/rama/Documents/code/Docker/moonshot_project/ros2_ws/install/kinova_gen3_7dof_robotiq_2f_85_moveit_config:/home/rama/Documents/code/Docker/moonshot_project/ros2_ws/install/kinova_gen3_6dof_robotiq_2f_85_moveit_config:/home/rama/Documents/code/Docker/moonshot_project/ros2_ws/install/kortex_api:/opt/openrobots:/opt/openrobots:/home/rama/Documents/code/Docker/moonshot_project/ros2_ws/install/moving_table_pkg:/opt/ros/humble /usr/bin/cmake /home/rama/Documents/code/Docker/moonshot_project/ros2_ws/src/ros2_kortex/kortex_moveit_config/kinova_gen3_7dof_robotiq_2f_85_moveit_config -DROS_EDITION=ROS2 -DHUMBLE_ROS=humble -DCMAKE_INSTALL_PREFIX=/home/rama/Documents/code/Docker/moonshot_project/ros2_ws/install/kinova_gen3_7dof_robotiq_2f_85_moveit_config
[0.754s] DEBUG:colcon.colcon_core.event_handler.log_command:Invoking command in '/home/rama/Documents/code/Docker/moonshot_project/ros2_ws/build/kinova_gen3_lite_moveit_config': CMAKE_PREFIX_PATH=/home/rama/Documents/code/Docker/moonshot_project/ros2_ws/install/kortex_description:/home/rama/Documents/code/Docker/moonshot_project/ros2_ws/install/moving_table_interfaces:/home/rama/Documents/code/Docker/moonshot_project/ros2_ws/install/livox_ros_driver2:/home/rama/Documents/code/Docker/moonshot_project/ros2_ws/install/kortex_bringup:/home/rama/Documents/code/Docker/moonshot_project/ros2_ws/install/kortex_driver:/home/rama/Documents/code/Docker/moonshot_project/ros2_ws/install/kinova_gen3_lite_moveit_config:/home/rama/Documents/code/Docker/moonshot_project/ros2_ws/install/kinova_gen3_7dof_robotiq_2f_85_moveit_config:/home/rama/Documents/code/Docker/moonshot_project/ros2_ws/install/kinova_gen3_6dof_robotiq_2f_85_moveit_config:/home/rama/Documents/code/Docker/moonshot_project/ros2_ws/install/kortex_api:/opt/openrobots:/opt/openrobots:/home/rama/Documents/code/Docker/moonshot_project/ros2_ws/install/moving_table_pkg:/opt/ros/humble /usr/bin/cmake /home/rama/Documents/code/Docker/moonshot_project/ros2_ws/src/ros2_kortex/kortex_moveit_config/kinova_gen3_lite_moveit_config -DROS_EDITION=ROS2 -DHUMBLE_ROS=humble -DCMAKE_INSTALL_PREFIX=/home/rama/Documents/code/Docker/moonshot_project/ros2_ws/install/kinova_gen3_lite_moveit_config
[0.876s] Level 1:colcon.colcon_core.environment:checking '/home/rama/Documents/code/Docker/moonshot_project/ros2_ws/install/moving_table_pkg' for CMake module files
[0.877s] DEBUG:colcon.colcon_core.event_handler.log_command:Invoked command in '/home/rama/Documents/code/Docker/moonshot_project/ros2_ws/src/moving_table_pkg' returned '0': PYTHONPATH=/home/rama/Documents/code/Docker/moonshot_project/ros2_ws/build/moving_table_pkg/prefix_override:/usr/lib/python3/dist-packages/colcon_core/task/python/colcon_distutils_commands:/home/rama/Documents/code/Docker/moonshot_project/ros2_ws/install/moving_table_pkg/lib/python3.10/site-packages:${PYTHONPATH} /usr/bin/python3 -W ignore:setup.py install is deprecated -W ignore:easy_install command is deprecated setup.py egg_info --egg-base ../../build/moving_table_pkg build --build-base /home/rama/Documents/code/Docker/moonshot_project/ros2_ws/build/moving_table_pkg/build install --record /home/rama/Documents/code/Docker/moonshot_project/ros2_ws/build/moving_table_pkg/install.log --single-version-externally-managed install_data
[0.877s] Level 1:colcon.colcon_core.environment:checking '/home/rama/Documents/code/Docker/moonshot_project/ros2_ws/install/moving_table_pkg' for CMake config files
[0.877s] Level 1:colcon.colcon_core.environment:checking '/home/rama/Documents/code/Docker/moonshot_project/ros2_ws/install/moving_table_pkg/lib'
[0.877s] Level 1:colcon.colcon_core.environment:checking '/home/rama/Documents/code/Docker/moonshot_project/ros2_ws/install/moving_table_pkg/bin'
[0.877s] Level 1:colcon.colcon_core.environment:checking '/home/rama/Documents/code/Docker/moonshot_project/ros2_ws/install/moving_table_pkg/lib/pkgconfig/moving_table_pkg.pc'
[0.877s] Level 1:colcon.colcon_core.environment:checking '/home/rama/Documents/code/Docker/moonshot_project/ros2_ws/install/moving_table_pkg/lib/python3.10/site-packages'
[0.877s] Level 1:colcon.colcon_core.shell:create_environment_hook('moving_table_pkg', 'pythonpath')
[0.878s] INFO:colcon.colcon_core.shell:Creating environment hook '/home/rama/Documents/code/Docker/moonshot_project/ros2_ws/install/moving_table_pkg/share/moving_table_pkg/hook/pythonpath.ps1'
[0.878s] INFO:colcon.colcon_core.shell:Creating environment descriptor '/home/rama/Documents/code/Docker/moonshot_project/ros2_ws/install/moving_table_pkg/share/moving_table_pkg/hook/pythonpath.dsv'
[0.878s] INFO:colcon.colcon_core.shell:Creating environment hook '/home/rama/Documents/code/Docker/moonshot_project/ros2_ws/install/moving_table_pkg/share/moving_table_pkg/hook/pythonpath.sh'
[0.879s] Level 1:colcon.colcon_core.environment:checking '/home/rama/Documents/code/Docker/moonshot_project/ros2_ws/install/moving_table_pkg/bin'
[0.879s] Level 1:colcon.colcon_core.environment:create_environment_scripts_only(moving_table_pkg)
[0.879s] INFO:colcon.colcon_core.shell:Creating package script '/home/rama/Documents/code/Docker/moonshot_project/ros2_ws/install/moving_table_pkg/share/moving_table_pkg/package.ps1'
[0.879s] INFO:colcon.colcon_core.shell:Creating package descriptor '/home/rama/Documents/code/Docker/moonshot_project/ros2_ws/install/moving_table_pkg/share/moving_table_pkg/package.dsv'
[0.879s] INFO:colcon.colcon_core.shell:Creating package script '/home/rama/Documents/code/Docker/moonshot_project/ros2_ws/install/moving_table_pkg/share/moving_table_pkg/package.sh'
[0.880s] INFO:colcon.colcon_core.shell:Creating package script '/home/rama/Documents/code/Docker/moonshot_project/ros2_ws/install/moving_table_pkg/share/moving_table_pkg/package.bash'
[0.880s] INFO:colcon.colcon_core.shell:Creating package script '/home/rama/Documents/code/Docker/moonshot_project/ros2_ws/install/moving_table_pkg/share/moving_table_pkg/package.zsh'
[0.880s] Level 1:colcon.colcon_core.environment:create_file_with_runtime_dependencies(/home/rama/Documents/code/Docker/moonshot_project/ros2_ws/install/moving_table_pkg/share/colcon-core/packages/moving_table_pkg)
[1.196s] DEBUG:colcon.colcon_core.event_handler.log_command:Invoked command in '/home/rama/Documents/code/Docker/moonshot_project/ros2_ws/build/kinova_gen3_7dof_robotiq_2f_85_moveit_config' returned '0': CMAKE_PREFIX_PATH=/home/rama/Documents/code/Docker/moonshot_project/ros2_ws/install/kortex_description:/home/rama/Documents/code/Docker/moonshot_project/ros2_ws/install/moving_table_interfaces:/home/rama/Documents/code/Docker/moonshot_project/ros2_ws/install/livox_ros_driver2:/home/rama/Documents/code/Docker/moonshot_project/ros2_ws/install/kortex_bringup:/home/rama/Documents/code/Docker/moonshot_project/ros2_ws/install/kortex_driver:/home/rama/Documents/code/Docker/moonshot_project/ros2_ws/install/kinova_gen3_lite_moveit_config:/home/rama/Documents/code/Docker/moonshot_project/ros2_ws/install/kinova_gen3_7dof_robotiq_2f_85_moveit_config:/home/rama/Documents/code/Docker/moonshot_project/ros2_ws/install/kinova_gen3_6dof_robotiq_2f_85_moveit_config:/home/rama/Documents/code/Docker/moonshot_project/ros2_ws/install/kortex_api:/opt/openrobots:/opt/openrobots:/home/rama/Documents/code/Docker/moonshot_project/ros2_ws/install/moving_table_pkg:/opt/ros/humble /usr/bin/cmake /home/rama/Documents/code/Docker/moonshot_project/ros2_ws/src/ros2_kortex/kortex_moveit_config/kinova_gen3_7dof_robotiq_2f_85_moveit_config -DROS_EDITION=ROS2 -DHUMBLE_ROS=humble -DCMAKE_INSTALL_PREFIX=/home/rama/Documents/code/Docker/moonshot_project/ros2_ws/install/kinova_gen3_7dof_robotiq_2f_85_moveit_config
[1.197s] DEBUG:colcon.colcon_core.event_handler.log_command:Invoking command in '/home/rama/Documents/code/Docker/moonshot_project/ros2_ws/build/kinova_gen3_7dof_robotiq_2f_85_moveit_config': CMAKE_PREFIX_PATH=/home/rama/Documents/code/Docker/moonshot_project/ros2_ws/install/kortex_description:/home/rama/Documents/code/Docker/moonshot_project/ros2_ws/install/moving_table_interfaces:/home/rama/Documents/code/Docker/moonshot_project/ros2_ws/install/livox_ros_driver2:/home/rama/Documents/code/Docker/moonshot_project/ros2_ws/install/kortex_bringup:/home/rama/Documents/code/Docker/moonshot_project/ros2_ws/install/kortex_driver:/home/rama/Documents/code/Docker/moonshot_project/ros2_ws/install/kinova_gen3_lite_moveit_config:/home/rama/Documents/code/Docker/moonshot_project/ros2_ws/install/kinova_gen3_7dof_robotiq_2f_85_moveit_config:/home/rama/Documents/code/Docker/moonshot_project/ros2_ws/install/kinova_gen3_6dof_robotiq_2f_85_moveit_config:/home/rama/Documents/code/Docker/moonshot_project/ros2_ws/install/kortex_api:/opt/openrobots:/opt/openrobots:/home/rama/Documents/code/Docker/moonshot_project/ros2_ws/install/moving_table_pkg:/opt/ros/humble /usr/bin/cmake --build /home/rama/Documents/code/Docker/moonshot_project/ros2_ws/build/kinova_gen3_7dof_robotiq_2f_85_moveit_config -- -j16 -l16
[1.198s] DEBUG:colcon.colcon_core.event_handler.log_command:Invoked command in '/home/rama/Documents/code/Docker/moonshot_project/ros2_ws/build/kinova_gen3_lite_moveit_config' returned '0': CMAKE_PREFIX_PATH=/home/rama/Documents/code/Docker/moonshot_project/ros2_ws/install/kortex_description:/home/rama/Documents/code/Docker/moonshot_project/ros2_ws/install/moving_table_interfaces:/home/rama/Documents/code/Docker/moonshot_project/ros2_ws/install/livox_ros_driver2:/home/rama/Documents/code/Docker/moonshot_project/ros2_ws/install/kortex_bringup:/home/rama/Documents/code/Docker/moonshot_project/ros2_ws/install/kortex_driver:/home/rama/Documents/code/Docker/moonshot_project/ros2_ws/install/kinova_gen3_lite_moveit_config:/home/rama/Documents/code/Docker/moonshot_project/ros2_ws/install/kinova_gen3_7dof_robotiq_2f_85_moveit_config:/home/rama/Documents/code/Docker/moonshot_project/ros2_ws/install/kinova_gen3_6dof_robotiq_2f_85_moveit_config:/home/rama/Documents/code/Docker/moonshot_project/ros2_ws/install/kortex_api:/opt/openrobots:/opt/openrobots:/home/rama/Documents/code/Docker/moonshot_project/ros2_ws/install/moving_table_pkg:/opt/ros/humble /usr/bin/cmake /home/rama/Documents/code/Docker/moonshot_project/ros2_ws/src/ros2_kortex/kortex_moveit_config/kinova_gen3_lite_moveit_config -DROS_EDITION=ROS2 -DHUMBLE_ROS=humble -DCMAKE_INSTALL_PREFIX=/home/rama/Documents/code/Docker/moonshot_project/ros2_ws/install/kinova_gen3_lite_moveit_config
[1.200s] DEBUG:colcon.colcon_core.event_handler.log_command:Invoking command in '/home/rama/Documents/code/Docker/moonshot_project/ros2_ws/build/kinova_gen3_lite_moveit_config': CMAKE_PREFIX_PATH=/home/rama/Documents/code/Docker/moonshot_project/ros2_ws/install/kortex_description:/home/rama/Documents/code/Docker/moonshot_project/ros2_ws/install/moving_table_interfaces:/home/rama/Documents/code/Docker/moonshot_project/ros2_ws/install/livox_ros_driver2:/home/rama/Documents/code/Docker/moonshot_project/ros2_ws/install/kortex_bringup:/home/rama/Documents/code/Docker/moonshot_project/ros2_ws/install/kortex_driver:/home/rama/Documents/code/Docker/moonshot_project/ros2_ws/install/kinova_gen3_lite_moveit_config:/home/rama/Documents/code/Docker/moonshot_project/ros2_ws/install/kinova_gen3_7dof_robotiq_2f_85_moveit_config:/home/rama/Documents/code/Docker/moonshot_project/ros2_ws/install/kinova_gen3_6dof_robotiq_2f_85_moveit_config:/home/rama/Documents/code/Docker/moonshot_project/ros2_ws/install/kortex_api:/opt/openrobots:/opt/openrobots:/home/rama/Documents/code/Docker/moonshot_project/ros2_ws/install/moving_table_pkg:/opt/ros/humble /usr/bin/cmake --build /home/rama/Documents/code/Docker/moonshot_project/ros2_ws/build/kinova_gen3_lite_moveit_config -- -j16 -l16
[1.224s] DEBUG:colcon.colcon_core.event_handler.log_command:Invoked command in '/home/rama/Documents/code/Docker/moonshot_project/ros2_ws/build/kinova_gen3_6dof_robotiq_2f_85_moveit_config' returned '0': CMAKE_PREFIX_PATH=/home/rama/Documents/code/Docker/moonshot_project/ros2_ws/install/kortex_description:/home/rama/Documents/code/Docker/moonshot_project/ros2_ws/install/moving_table_interfaces:/home/rama/Documents/code/Docker/moonshot_project/ros2_ws/install/livox_ros_driver2:/home/rama/Documents/code/Docker/moonshot_project/ros2_ws/install/kortex_bringup:/home/rama/Documents/code/Docker/moonshot_project/ros2_ws/install/kortex_driver:/home/rama/Documents/code/Docker/moonshot_project/ros2_ws/install/kinova_gen3_lite_moveit_config:/home/rama/Documents/code/Docker/moonshot_project/ros2_ws/install/kinova_gen3_7dof_robotiq_2f_85_moveit_config:/home/rama/Documents/code/Docker/moonshot_project/ros2_ws/install/kinova_gen3_6dof_robotiq_2f_85_moveit_config:/home/rama/Documents/code/Docker/moonshot_project/ros2_ws/install/kortex_api:/opt/openrobots:/opt/openrobots:/home/rama/Documents/code/Docker/moonshot_project/ros2_ws/install/moving_table_pkg:/opt/ros/humble /usr/bin/cmake /home/rama/Documents/code/Docker/moonshot_project/ros2_ws/src/ros2_kortex/kortex_moveit_config/kinova_gen3_6dof_robotiq_2f_85_moveit_config -DROS_EDITION=ROS2 -DHUMBLE_ROS=humble -DCMAKE_INSTALL_PREFIX=/home/rama/Documents/code/Docker/moonshot_project/ros2_ws/install/kinova_gen3_6dof_robotiq_2f_85_moveit_config
[1.225s] DEBUG:colcon.colcon_core.event_handler.log_command:Invoking command in '/home/rama/Documents/code/Docker/moonshot_project/ros2_ws/build/kinova_gen3_6dof_robotiq_2f_85_moveit_config': CMAKE_PREFIX_PATH=/home/rama/Documents/code/Docker/moonshot_project/ros2_ws/install/kortex_description:/home/rama/Documents/code/Docker/moonshot_project/ros2_ws/install/moving_table_interfaces:/home/rama/Documents/code/Docker/moonshot_project/ros2_ws/install/livox_ros_driver2:/home/rama/Documents/code/Docker/moonshot_project/ros2_ws/install/kortex_bringup:/home/rama/Documents/code/Docker/moonshot_project/ros2_ws/install/kortex_driver:/home/rama/Documents/code/Docker/moonshot_project/ros2_ws/install/kinova_gen3_lite_moveit_config:/home/rama/Documents/code/Docker/moonshot_project/ros2_ws/install/kinova_gen3_7dof_robotiq_2f_85_moveit_config:/home/rama/Documents/code/Docker/moonshot_project/ros2_ws/install/kinova_gen3_6dof_robotiq_2f_85_moveit_config:/home/rama/Documents/code/Docker/moonshot_project/ros2_ws/install/kortex_api:/opt/openrobots:/opt/openrobots:/home/rama/Documents/code/Docker/moonshot_project/ros2_ws/install/moving_table_pkg:/opt/ros/humble /usr/bin/cmake --build /home/rama/Documents/code/Docker/moonshot_project/ros2_ws/build/kinova_gen3_6dof_robotiq_2f_85_moveit_config -- -j16 -l16
[1.232s] DEBUG:colcon.colcon_core.event_handler.log_command:Invoked command in '/home/rama/Documents/code/Docker/moonshot_project/ros2_ws/build/kinova_gen3_7dof_robotiq_2f_85_moveit_config' returned '0': CMAKE_PREFIX_PATH=/home/rama/Documents/code/Docker/moonshot_project/ros2_ws/install/kortex_description:/home/rama/Documents/code/Docker/moonshot_project/ros2_ws/install/moving_table_interfaces:/home/rama/Documents/code/Docker/moonshot_project/ros2_ws/install/livox_ros_driver2:/home/rama/Documents/code/Docker/moonshot_project/ros2_ws/install/kortex_bringup:/home/rama/Documents/code/Docker/moonshot_project/ros2_ws/install/kortex_driver:/home/rama/Documents/code/Docker/moonshot_project/ros2_ws/install/kinova_gen3_lite_moveit_config:/home/rama/Documents/code/Docker/moonshot_project/ros2_ws/install/kinova_gen3_7dof_robotiq_2f_85_moveit_config:/home/rama/Documents/code/Docker/moonshot_project/ros2_ws/install/kinova_gen3_6dof_robotiq_2f_85_moveit_config:/home/rama/Documents/code/Docker/moonshot_project/ros2_ws/install/kortex_api:/opt/openrobots:/opt/openrobots:/home/rama/Documents/code/Docker/moonshot_project/ros2_ws/install/moving_table_pkg:/opt/ros/humble /usr/bin/cmake --build /home/rama/Documents/code/Docker/moonshot_project/ros2_ws/build/kinova_gen3_7dof_robotiq_2f_85_moveit_config -- -j16 -l16
[1.233s] DEBUG:colcon.colcon_core.event_handler.log_command:Invoking command in '/home/rama/Documents/code/Docker/moonshot_project/ros2_ws/build/kinova_gen3_7dof_robotiq_2f_85_moveit_config': CMAKE_PREFIX_PATH=/home/rama/Documents/code/Docker/moonshot_project/ros2_ws/install/kortex_description:/home/rama/Documents/code/Docker/moonshot_project/ros2_ws/install/moving_table_interfaces:/home/rama/Documents/code/Docker/moonshot_project/ros2_ws/install/livox_ros_driver2:/home/rama/Documents/code/Docker/moonshot_project/ros2_ws/install/kortex_bringup:/home/rama/Documents/code/Docker/moonshot_project/ros2_ws/install/kortex_driver:/home/rama/Documents/code/Docker/moonshot_project/ros2_ws/install/kinova_gen3_lite_moveit_config:/home/rama/Documents/code/Docker/moonshot_project/ros2_ws/install/kinova_gen3_7dof_robotiq_2f_85_moveit_config:/home/rama/Documents/code/Docker/moonshot_project/ros2_ws/install/kinova_gen3_6dof_robotiq_2f_85_moveit_config:/home/rama/Documents/code/Docker/moonshot_project/ros2_ws/install/kortex_api:/opt/openrobots:/opt/openrobots:/home/rama/Documents/code/Docker/moonshot_project/ros2_ws/install/moving_table_pkg:/opt/ros/humble /usr/bin/cmake --install /home/rama/Documents/code/Docker/moonshot_project/ros2_ws/build/kinova_gen3_7dof_robotiq_2f_85_moveit_config
[1.234s] DEBUG:colcon.colcon_core.event_handler.log_command:Invoked command in '/home/rama/Documents/code/Docker/moonshot_project/ros2_ws/build/kinova_gen3_lite_moveit_config' returned '0': CMAKE_PREFIX_PATH=/home/rama/Documents/code/Docker/moonshot_project/ros2_ws/install/kortex_description:/home/rama/Documents/code/Docker/moonshot_project/ros2_ws/install/moving_table_interfaces:/home/rama/Documents/code/Docker/moonshot_project/ros2_ws/install/livox_ros_driver2:/home/rama/Documents/code/Docker/moonshot_project/ros2_ws/install/kortex_bringup:/home/rama/Documents/code/Docker/moonshot_project/ros2_ws/install/kortex_driver:/home/rama/Documents/code/Docker/moonshot_project/ros2_ws/install/kinova_gen3_lite_moveit_config:/home/rama/Documents/code/Docker/moonshot_project/ros2_ws/install/kinova_gen3_7dof_robotiq_2f_85_moveit_config:/home/rama/Documents/code/Docker/moonshot_project/ros2_ws/install/kinova_gen3_6dof_robotiq_2f_85_moveit_config:/home/rama/Documents/code/Docker/moonshot_project/ros2_ws/install/kortex_api:/opt/openrobots:/opt/openrobots:/home/rama/Documents/code/Docker/moonshot_project/ros2_ws/install/moving_table_pkg:/opt/ros/humble /usr/bin/cmake --build /home/rama/Documents/code/Docker/moonshot_project/ros2_ws/build/kinova_gen3_lite_moveit_config -- -j16 -l16
[1.235s] DEBUG:colcon.colcon_core.event_handler.log_command:Invoking command in '/home/rama/Documents/code/Docker/moonshot_project/ros2_ws/build/kinova_gen3_lite_moveit_config': CMAKE_PREFIX_PATH=/home/rama/Documents/code/Docker/moonshot_project/ros2_ws/install/kortex_description:/home/rama/Documents/code/Docker/moonshot_project/ros2_ws/install/moving_table_interfaces:/home/rama/Documents/code/Docker/moonshot_project/ros2_ws/install/livox_ros_driver2:/home/rama/Documents/code/Docker/moonshot_project/ros2_ws/install/kortex_bringup:/home/rama/Documents/code/Docker/moonshot_project/ros2_ws/install/kortex_driver:/home/rama/Documents/code/Docker/moonshot_project/ros2_ws/install/kinova_gen3_lite_moveit_config:/home/rama/Documents/code/Docker/moonshot_project/ros2_ws/install/kinova_gen3_7dof_robotiq_2f_85_moveit_config:/home/rama/Documents/code/Docker/moonshot_project/ros2_ws/install/kinova_gen3_6dof_robotiq_2f_85_moveit_config:/home/rama/Documents/code/Docker/moonshot_project/ros2_ws/install/kortex_api:/opt/openrobots:/opt/openrobots:/home/rama/Documents/code/Docker/moonshot_project/ros2_ws/install/moving_table_pkg:/opt/ros/humble /usr/bin/cmake --install /home/rama/Documents/code/Docker/moonshot_project/ros2_ws/build/kinova_gen3_lite_moveit_config
[1.245s] Level 1:colcon.colcon_core.environment:create_environment_scripts_only(kinova_gen3_7dof_robotiq_2f_85_moveit_config)
[1.246s] Level 1:colcon.colcon_core.environment:checking '/home/rama/Documents/code/Docker/moonshot_project/ros2_ws/install/kinova_gen3_7dof_robotiq_2f_85_moveit_config' for CMake module files
[1.247s] DEBUG:colcon.colcon_core.event_handler.log_command:Invoked command in '/home/rama/Documents/code/Docker/moonshot_project/ros2_ws/build/kinova_gen3_7dof_robotiq_2f_85_moveit_config' returned '0': CMAKE_PREFIX_PATH=/home/rama/Documents/code/Docker/moonshot_project/ros2_ws/install/kortex_description:/home/rama/Documents/code/Docker/moonshot_project/ros2_ws/install/moving_table_interfaces:/home/rama/Documents/code/Docker/moonshot_project/ros2_ws/install/livox_ros_driver2:/home/rama/Documents/code/Docker/moonshot_project/ros2_ws/install/kortex_bringup:/home/rama/Documents/code/Docker/moonshot_project/ros2_ws/install/kortex_driver:/home/rama/Documents/code/Docker/moonshot_project/ros2_ws/install/kinova_gen3_lite_moveit_config:/home/rama/Documents/code/Docker/moonshot_project/ros2_ws/install/kinova_gen3_7dof_robotiq_2f_85_moveit_config:/home/rama/Documents/code/Docker/moonshot_project/ros2_ws/install/kinova_gen3_6dof_robotiq_2f_85_moveit_config:/home/rama/Documents/code/Docker/moonshot_project/ros2_ws/install/kortex_api:/opt/openrobots:/opt/openrobots:/home/rama/Documents/code/Docker/moonshot_project/ros2_ws/install/moving_table_pkg:/opt/ros/humble /usr/bin/cmake --install /home/rama/Documents/code/Docker/moonshot_project/ros2_ws/build/kinova_gen3_7dof_robotiq_2f_85_moveit_config
[1.247s] Level 1:colcon.colcon_core.environment:checking '/home/rama/Documents/code/Docker/moonshot_project/ros2_ws/install/kinova_gen3_7dof_robotiq_2f_85_moveit_config' for CMake config files
[1.247s] Level 1:colcon.colcon_core.shell:create_environment_hook('kinova_gen3_7dof_robotiq_2f_85_moveit_config', 'cmake_prefix_path')
[1.248s] INFO:colcon.colcon_core.shell:Creating environment hook '/home/rama/Documents/code/Docker/moonshot_project/ros2_ws/install/kinova_gen3_7dof_robotiq_2f_85_moveit_config/share/kinova_gen3_7dof_robotiq_2f_85_moveit_config/hook/cmake_prefix_path.ps1'
[1.248s] INFO:colcon.colcon_core.shell:Creating environment descriptor '/home/rama/Documents/code/Docker/moonshot_project/ros2_ws/install/kinova_gen3_7dof_robotiq_2f_85_moveit_config/share/kinova_gen3_7dof_robotiq_2f_85_moveit_config/hook/cmake_prefix_path.dsv'
[1.248s] INFO:colcon.colcon_core.shell:Creating environment hook '/home/rama/Documents/code/Docker/moonshot_project/ros2_ws/install/kinova_gen3_7dof_robotiq_2f_85_moveit_config/share/kinova_gen3_7dof_robotiq_2f_85_moveit_config/hook/cmake_prefix_path.sh'
[1.249s] Level 1:colcon.colcon_core.environment:checking '/home/rama/Documents/code/Docker/moonshot_project/ros2_ws/install/kinova_gen3_7dof_robotiq_2f_85_moveit_config/bin'
[1.249s] Level 1:colcon.colcon_core.environment:checking '/home/rama/Documents/code/Docker/moonshot_project/ros2_ws/install/kinova_gen3_7dof_robotiq_2f_85_moveit_config/lib/pkgconfig/kinova_gen3_7dof_robotiq_2f_85_moveit_config.pc'
[1.249s] Level 1:colcon.colcon_core.environment:checking '/home/rama/Documents/code/Docker/moonshot_project/ros2_ws/install/kinova_gen3_7dof_robotiq_2f_85_moveit_config/lib/python3.10/site-packages'
[1.249s] Level 1:colcon.colcon_core.environment:checking '/home/rama/Documents/code/Docker/moonshot_project/ros2_ws/install/kinova_gen3_7dof_robotiq_2f_85_moveit_config/bin'
[1.250s] INFO:colcon.colcon_core.shell:Creating package script '/home/rama/Documents/code/Docker/moonshot_project/ros2_ws/install/kinova_gen3_7dof_robotiq_2f_85_moveit_config/share/kinova_gen3_7dof_robotiq_2f_85_moveit_config/package.ps1'
[1.250s] INFO:colcon.colcon_core.shell:Creating package descriptor '/home/rama/Documents/code/Docker/moonshot_project/ros2_ws/install/kinova_gen3_7dof_robotiq_2f_85_moveit_config/share/kinova_gen3_7dof_robotiq_2f_85_moveit_config/package.dsv'
[1.250s] INFO:colcon.colcon_core.shell:Creating package script '/home/rama/Documents/code/Docker/moonshot_project/ros2_ws/install/kinova_gen3_7dof_robotiq_2f_85_moveit_config/share/kinova_gen3_7dof_robotiq_2f_85_moveit_config/package.sh'
[1.250s] INFO:colcon.colcon_core.shell:Creating package script '/home/rama/Documents/code/Docker/moonshot_project/ros2_ws/install/kinova_gen3_7dof_robotiq_2f_85_moveit_config/share/kinova_gen3_7dof_robotiq_2f_85_moveit_config/package.bash'
[1.250s] INFO:colcon.colcon_core.shell:Creating package script '/home/rama/Documents/code/Docker/moonshot_project/ros2_ws/install/kinova_gen3_7dof_robotiq_2f_85_moveit_config/share/kinova_gen3_7dof_robotiq_2f_85_moveit_config/package.zsh'
[1.251s] Level 1:colcon.colcon_core.environment:create_file_with_runtime_dependencies(/home/rama/Documents/code/Docker/moonshot_project/ros2_ws/install/kinova_gen3_7dof_robotiq_2f_85_moveit_config/share/colcon-core/packages/kinova_gen3_7dof_robotiq_2f_85_moveit_config)
[1.251s] Level 1:colcon.colcon_core.environment:create_environment_scripts_only(kinova_gen3_7dof_robotiq_2f_85_moveit_config)
[1.251s] Level 1:colcon.colcon_core.environment:checking '/home/rama/Documents/code/Docker/moonshot_project/ros2_ws/install/kinova_gen3_7dof_robotiq_2f_85_moveit_config' for CMake module files
[1.252s] Level 1:colcon.colcon_core.environment:checking '/home/rama/Documents/code/Docker/moonshot_project/ros2_ws/install/kinova_gen3_7dof_robotiq_2f_85_moveit_config' for CMake config files
[1.252s] Level 1:colcon.colcon_core.shell:create_environment_hook('kinova_gen3_7dof_robotiq_2f_85_moveit_config', 'cmake_prefix_path')
[1.252s] INFO:colcon.colcon_core.shell:Creating environment hook '/home/rama/Documents/code/Docker/moonshot_project/ros2_ws/install/kinova_gen3_7dof_robotiq_2f_85_moveit_config/share/kinova_gen3_7dof_robotiq_2f_85_moveit_config/hook/cmake_prefix_path.ps1'
[1.252s] INFO:colcon.colcon_core.shell:Creating environment descriptor '/home/rama/Documents/code/Docker/moonshot_project/ros2_ws/install/kinova_gen3_7dof_robotiq_2f_85_moveit_config/share/kinova_gen3_7dof_robotiq_2f_85_moveit_config/hook/cmake_prefix_path.dsv'
[1.252s] INFO:colcon.colcon_core.shell:Creating environment hook '/home/rama/Documents/code/Docker/moonshot_project/ros2_ws/install/kinova_gen3_7dof_robotiq_2f_85_moveit_config/share/kinova_gen3_7dof_robotiq_2f_85_moveit_config/hook/cmake_prefix_path.sh'
[1.253s] Level 1:colcon.colcon_core.environment:checking '/home/rama/Documents/code/Docker/moonshot_project/ros2_ws/install/kinova_gen3_7dof_robotiq_2f_85_moveit_config/bin'
[1.253s] Level 1:colcon.colcon_core.environment:checking '/home/rama/Documents/code/Docker/moonshot_project/ros2_ws/install/kinova_gen3_7dof_robotiq_2f_85_moveit_config/lib/pkgconfig/kinova_gen3_7dof_robotiq_2f_85_moveit_config.pc'
[1.253s] Level 1:colcon.colcon_core.environment:checking '/home/rama/Documents/code/Docker/moonshot_project/ros2_ws/install/kinova_gen3_7dof_robotiq_2f_85_moveit_config/lib/python3.10/site-packages'
[1.253s] Level 1:colcon.colcon_core.environment:checking '/home/rama/Documents/code/Docker/moonshot_project/ros2_ws/install/kinova_gen3_7dof_robotiq_2f_85_moveit_config/bin'
[1.253s] INFO:colcon.colcon_core.shell:Creating package script '/home/rama/Documents/code/Docker/moonshot_project/ros2_ws/install/kinova_gen3_7dof_robotiq_2f_85_moveit_config/share/kinova_gen3_7dof_robotiq_2f_85_moveit_config/package.ps1'
[1.254s] INFO:colcon.colcon_core.shell:Creating package descriptor '/home/rama/Documents/code/Docker/moonshot_project/ros2_ws/install/kinova_gen3_7dof_robotiq_2f_85_moveit_config/share/kinova_gen3_7dof_robotiq_2f_85_moveit_config/package.dsv'
[1.254s] INFO:colcon.colcon_core.shell:Creating package script '/home/rama/Documents/code/Docker/moonshot_project/ros2_ws/install/kinova_gen3_7dof_robotiq_2f_85_moveit_config/share/kinova_gen3_7dof_robotiq_2f_85_moveit_config/package.sh'
[1.254s] INFO:colcon.colcon_core.shell:Creating package script '/home/rama/Documents/code/Docker/moonshot_project/ros2_ws/install/kinova_gen3_7dof_robotiq_2f_85_moveit_config/share/kinova_gen3_7dof_robotiq_2f_85_moveit_config/package.bash'
[1.255s] INFO:colcon.colcon_core.shell:Creating package script '/home/rama/Documents/code/Docker/moonshot_project/ros2_ws/install/kinova_gen3_7dof_robotiq_2f_85_moveit_config/share/kinova_gen3_7dof_robotiq_2f_85_moveit_config/package.zsh'
[1.255s] Level 1:colcon.colcon_core.environment:create_file_with_runtime_dependencies(/home/rama/Documents/code/Docker/moonshot_project/ros2_ws/install/kinova_gen3_7dof_robotiq_2f_85_moveit_config/share/colcon-core/packages/kinova_gen3_7dof_robotiq_2f_85_moveit_config)
[1.256s] Level 1:colcon.colcon_core.environment:create_environment_scripts_only(kinova_gen3_lite_moveit_config)
[1.256s] Level 1:colcon.colcon_core.environment:checking '/home/rama/Documents/code/Docker/moonshot_project/ros2_ws/install/kinova_gen3_lite_moveit_config' for CMake module files
[1.256s] Level 1:colcon.colcon_core.environment:checking '/home/rama/Documents/code/Docker/moonshot_project/ros2_ws/install/kinova_gen3_lite_moveit_config' for CMake config files
[1.257s] DEBUG:colcon.colcon_core.event_handler.log_command:Invoked command in '/home/rama/Documents/code/Docker/moonshot_project/ros2_ws/build/kinova_gen3_lite_moveit_config' returned '0': CMAKE_PREFIX_PATH=/home/rama/Documents/code/Docker/moonshot_project/ros2_ws/install/kortex_description:/home/rama/Documents/code/Docker/moonshot_project/ros2_ws/install/moving_table_interfaces:/home/rama/Documents/code/Docker/moonshot_project/ros2_ws/install/livox_ros_driver2:/home/rama/Documents/code/Docker/moonshot_project/ros2_ws/install/kortex_bringup:/home/rama/Documents/code/Docker/moonshot_project/ros2_ws/install/kortex_driver:/home/rama/Documents/code/Docker/moonshot_project/ros2_ws/install/kinova_gen3_lite_moveit_config:/home/rama/Documents/code/Docker/moonshot_project/ros2_ws/install/kinova_gen3_7dof_robotiq_2f_85_moveit_config:/home/rama/Documents/code/Docker/moonshot_project/ros2_ws/install/kinova_gen3_6dof_robotiq_2f_85_moveit_config:/home/rama/Documents/code/Docker/moonshot_project/ros2_ws/install/kortex_api:/opt/openrobots:/opt/openrobots:/home/rama/Documents/code/Docker/moonshot_project/ros2_ws/install/moving_table_pkg:/opt/ros/humble /usr/bin/cmake --install /home/rama/Documents/code/Docker/moonshot_project/ros2_ws/build/kinova_gen3_lite_moveit_config
[1.257s] Level 1:colcon.colcon_core.shell:create_environment_hook('kinova_gen3_lite_moveit_config', 'cmake_prefix_path')
[1.257s] INFO:colcon.colcon_core.shell:Creating environment hook '/home/rama/Documents/code/Docker/moonshot_project/ros2_ws/install/kinova_gen3_lite_moveit_config/share/kinova_gen3_lite_moveit_config/hook/cmake_prefix_path.ps1'
[1.257s] INFO:colcon.colcon_core.shell:Creating environment descriptor '/home/rama/Documents/code/Docker/moonshot_project/ros2_ws/install/kinova_gen3_lite_moveit_config/share/kinova_gen3_lite_moveit_config/hook/cmake_prefix_path.dsv'
[1.258s] INFO:colcon.colcon_core.shell:Creating environment hook '/home/rama/Documents/code/Docker/moonshot_project/ros2_ws/install/kinova_gen3_lite_moveit_config/share/kinova_gen3_lite_moveit_config/hook/cmake_prefix_path.sh'
[1.258s] Level 1:colcon.colcon_core.environment:checking '/home/rama/Documents/code/Docker/moonshot_project/ros2_ws/install/kinova_gen3_lite_moveit_config/bin'
[1.258s] Level 1:colcon.colcon_core.environment:checking '/home/rama/Documents/code/Docker/moonshot_project/ros2_ws/install/kinova_gen3_lite_moveit_config/lib/pkgconfig/kinova_gen3_lite_moveit_config.pc'
[1.258s] Level 1:colcon.colcon_core.environment:checking '/home/rama/Documents/code/Docker/moonshot_project/ros2_ws/install/kinova_gen3_lite_moveit_config/lib/python3.10/site-packages'
[1.259s] Level 1:colcon.colcon_core.environment:checking '/home/rama/Documents/code/Docker/moonshot_project/ros2_ws/install/kinova_gen3_lite_moveit_config/bin'
[1.259s] INFO:colcon.colcon_core.shell:Creating package script '/home/rama/Documents/code/Docker/moonshot_project/ros2_ws/install/kinova_gen3_lite_moveit_config/share/kinova_gen3_lite_moveit_config/package.ps1'
[1.260s] INFO:colcon.colcon_core.shell:Creating package descriptor '/home/rama/Documents/code/Docker/moonshot_project/ros2_ws/install/kinova_gen3_lite_moveit_config/share/kinova_gen3_lite_moveit_config/package.dsv'
[1.260s] INFO:colcon.colcon_core.shell:Creating package script '/home/rama/Documents/code/Docker/moonshot_project/ros2_ws/install/kinova_gen3_lite_moveit_config/share/kinova_gen3_lite_moveit_config/package.sh'
[1.260s] INFO:colcon.colcon_core.shell:Creating package script '/home/rama/Documents/code/Docker/moonshot_project/ros2_ws/install/kinova_gen3_lite_moveit_config/share/kinova_gen3_lite_moveit_config/package.bash'
[1.261s] INFO:colcon.colcon_core.shell:Creating package script '/home/rama/Documents/code/Docker/moonshot_project/ros2_ws/install/kinova_gen3_lite_moveit_config/share/kinova_gen3_lite_moveit_config/package.zsh'
[1.261s] Level 1:colcon.colcon_core.environment:create_file_with_runtime_dependencies(/home/rama/Documents/code/Docker/moonshot_project/ros2_ws/install/kinova_gen3_lite_moveit_config/share/colcon-core/packages/kinova_gen3_lite_moveit_config)
[1.262s] Level 1:colcon.colcon_core.environment:create_environment_scripts_only(kinova_gen3_lite_moveit_config)
[1.262s] Level 1:colcon.colcon_core.environment:checking '/home/rama/Documents/code/Docker/moonshot_project/ros2_ws/install/kinova_gen3_lite_moveit_config' for CMake module files
[1.262s] Level 1:colcon.colcon_core.environment:checking '/home/rama/Documents/code/Docker/moonshot_project/ros2_ws/install/kinova_gen3_lite_moveit_config' for CMake config files
[1.263s] Level 1:colcon.colcon_core.shell:create_environment_hook('kinova_gen3_lite_moveit_config', 'cmake_prefix_path')
[1.263s] INFO:colcon.colcon_core.shell:Creating environment hook '/home/rama/Documents/code/Docker/moonshot_project/ros2_ws/install/kinova_gen3_lite_moveit_config/share/kinova_gen3_lite_moveit_config/hook/cmake_prefix_path.ps1'
[1.263s] INFO:colcon.colcon_core.shell:Creating environment descriptor '/home/rama/Documents/code/Docker/moonshot_project/ros2_ws/install/kinova_gen3_lite_moveit_config/share/kinova_gen3_lite_moveit_config/hook/cmake_prefix_path.dsv'
[1.263s] INFO:colcon.colcon_core.shell:Creating environment hook '/home/rama/Documents/code/Docker/moonshot_project/ros2_ws/install/kinova_gen3_lite_moveit_config/share/kinova_gen3_lite_moveit_config/hook/cmake_prefix_path.sh'
[1.264s] Level 1:colcon.colcon_core.environment:checking '/home/rama/Documents/code/Docker/moonshot_project/ros2_ws/install/kinova_gen3_lite_moveit_config/bin'
[1.264s] Level 1:colcon.colcon_core.environment:checking '/home/rama/Documents/code/Docker/moonshot_project/ros2_ws/install/kinova_gen3_lite_moveit_config/lib/pkgconfig/kinova_gen3_lite_moveit_config.pc'
[1.264s] Level 1:colcon.colcon_core.environment:checking '/home/rama/Documents/code/Docker/moonshot_project/ros2_ws/install/kinova_gen3_lite_moveit_config/lib/python3.10/site-packages'
[1.264s] Level 1:colcon.colcon_core.environment:checking '/home/rama/Documents/code/Docker/moonshot_project/ros2_ws/install/kinova_gen3_lite_moveit_config/bin'
[1.265s] INFO:colcon.colcon_core.shell:Creating package script '/home/rama/Documents/code/Docker/moonshot_project/ros2_ws/install/kinova_gen3_lite_moveit_config/share/kinova_gen3_lite_moveit_config/package.ps1'
[1.265s] INFO:colcon.colcon_core.shell:Creating package descriptor '/home/rama/Documents/code/Docker/moonshot_project/ros2_ws/install/kinova_gen3_lite_moveit_config/share/kinova_gen3_lite_moveit_config/package.dsv'
[1.265s] INFO:colcon.colcon_core.shell:Creating package script '/home/rama/Documents/code/Docker/moonshot_project/ros2_ws/install/kinova_gen3_lite_moveit_config/share/kinova_gen3_lite_moveit_config/package.sh'
[1.266s] INFO:colcon.colcon_core.shell:Creating package script '/home/rama/Documents/code/Docker/moonshot_project/ros2_ws/install/kinova_gen3_lite_moveit_config/share/kinova_gen3_lite_moveit_config/package.bash'
[1.266s] INFO:colcon.colcon_core.shell:Creating package script '/home/rama/Documents/code/Docker/moonshot_project/ros2_ws/install/kinova_gen3_lite_moveit_config/share/kinova_gen3_lite_moveit_config/package.zsh'
[1.266s] Level 1:colcon.colcon_core.environment:create_file_with_runtime_dependencies(/home/rama/Documents/code/Docker/moonshot_project/ros2_ws/install/kinova_gen3_lite_moveit_config/share/colcon-core/packages/kinova_gen3_lite_moveit_config)
[1.268s] DEBUG:colcon.colcon_core.event_handler.log_command:Invoked command in '/home/rama/Documents/code/Docker/moonshot_project/ros2_ws/build/kinova_gen3_6dof_robotiq_2f_85_moveit_config' returned '0': CMAKE_PREFIX_PATH=/home/rama/Documents/code/Docker/moonshot_project/ros2_ws/install/kortex_description:/home/rama/Documents/code/Docker/moonshot_project/ros2_ws/install/moving_table_interfaces:/home/rama/Documents/code/Docker/moonshot_project/ros2_ws/install/livox_ros_driver2:/home/rama/Documents/code/Docker/moonshot_project/ros2_ws/install/kortex_bringup:/home/rama/Documents/code/Docker/moonshot_project/ros2_ws/install/kortex_driver:/home/rama/Documents/code/Docker/moonshot_project/ros2_ws/install/kinova_gen3_lite_moveit_config:/home/rama/Documents/code/Docker/moonshot_project/ros2_ws/install/kinova_gen3_7dof_robotiq_2f_85_moveit_config:/home/rama/Documents/code/Docker/moonshot_project/ros2_ws/install/kinova_gen3_6dof_robotiq_2f_85_moveit_config:/home/rama/Documents/code/Docker/moonshot_project/ros2_ws/install/kortex_api:/opt/openrobots:/opt/openrobots:/home/rama/Documents/code/Docker/moonshot_project/ros2_ws/install/moving_table_pkg:/opt/ros/humble /usr/bin/cmake --build /home/rama/Documents/code/Docker/moonshot_project/ros2_ws/build/kinova_gen3_6dof_robotiq_2f_85_moveit_config -- -j16 -l16
[1.269s] DEBUG:colcon.colcon_core.event_handler.log_command:Invoking command in '/home/rama/Documents/code/Docker/moonshot_project/ros2_ws/build/kinova_gen3_6dof_robotiq_2f_85_moveit_config': CMAKE_PREFIX_PATH=/home/rama/Documents/code/Docker/moonshot_project/ros2_ws/install/kortex_description:/home/rama/Documents/code/Docker/moonshot_project/ros2_ws/install/moving_table_interfaces:/home/rama/Documents/code/Docker/moonshot_project/ros2_ws/install/livox_ros_driver2:/home/rama/Documents/code/Docker/moonshot_project/ros2_ws/install/kortex_bringup:/home/rama/Documents/code/Docker/moonshot_project/ros2_ws/install/kortex_driver:/home/rama/Documents/code/Docker/moonshot_project/ros2_ws/install/kinova_gen3_lite_moveit_config:/home/rama/Documents/code/Docker/moonshot_project/ros2_ws/install/kinova_gen3_7dof_robotiq_2f_85_moveit_config:/home/rama/Documents/code/Docker/moonshot_project/ros2_ws/install/kinova_gen3_6dof_robotiq_2f_85_moveit_config:/home/rama/Documents/code/Docker/moonshot_project/ros2_ws/install/kortex_api:/opt/openrobots:/opt/openrobots:/home/rama/Documents/code/Docker/moonshot_project/ros2_ws/install/moving_table_pkg:/opt/ros/humble /usr/bin/cmake --install /home/rama/Documents/code/Docker/moonshot_project/ros2_ws/build/kinova_gen3_6dof_robotiq_2f_85_moveit_config
[1.279s] Level 1:colcon.colcon_core.environment:create_environment_scripts_only(kinova_gen3_6dof_robotiq_2f_85_moveit_config)
[1.279s] Level 1:colcon.colcon_core.environment:checking '/home/rama/Documents/code/Docker/moonshot_project/ros2_ws/install/kinova_gen3_6dof_robotiq_2f_85_moveit_config' for CMake module files
[1.280s] DEBUG:colcon.colcon_core.event_handler.log_command:Invoked command in '/home/rama/Documents/code/Docker/moonshot_project/ros2_ws/build/kinova_gen3_6dof_robotiq_2f_85_moveit_config' returned '0': CMAKE_PREFIX_PATH=/home/rama/Documents/code/Docker/moonshot_project/ros2_ws/install/kortex_description:/home/rama/Documents/code/Docker/moonshot_project/ros2_ws/install/moving_table_interfaces:/home/rama/Documents/code/Docker/moonshot_project/ros2_ws/install/livox_ros_driver2:/home/rama/Documents/code/Docker/moonshot_project/ros2_ws/install/kortex_bringup:/home/rama/Documents/code/Docker/moonshot_project/ros2_ws/install/kortex_driver:/home/rama/Documents/code/Docker/moonshot_project/ros2_ws/install/kinova_gen3_lite_moveit_config:/home/rama/Documents/code/Docker/moonshot_project/ros2_ws/install/kinova_gen3_7dof_robotiq_2f_85_moveit_config:/home/rama/Documents/code/Docker/moonshot_project/ros2_ws/install/kinova_gen3_6dof_robotiq_2f_85_moveit_config:/home/rama/Documents/code/Docker/moonshot_project/ros2_ws/install/kortex_api:/opt/openrobots:/opt/openrobots:/home/rama/Documents/code/Docker/moonshot_project/ros2_ws/install/moving_table_pkg:/opt/ros/humble /usr/bin/cmake --install /home/rama/Documents/code/Docker/moonshot_project/ros2_ws/build/kinova_gen3_6dof_robotiq_2f_85_moveit_config
[1.280s] Level 1:colcon.colcon_core.environment:checking '/home/rama/Documents/code/Docker/moonshot_project/ros2_ws/install/kinova_gen3_6dof_robotiq_2f_85_moveit_config' for CMake config files
[1.280s] Level 1:colcon.colcon_core.shell:create_environment_hook('kinova_gen3_6dof_robotiq_2f_85_moveit_config', 'cmake_prefix_path')
[1.280s] INFO:colcon.colcon_core.shell:Creating environment hook '/home/rama/Documents/code/Docker/moonshot_project/ros2_ws/install/kinova_gen3_6dof_robotiq_2f_85_moveit_config/share/kinova_gen3_6dof_robotiq_2f_85_moveit_config/hook/cmake_prefix_path.ps1'
[1.281s] INFO:colcon.colcon_core.shell:Creating environment descriptor '/home/rama/Documents/code/Docker/moonshot_project/ros2_ws/install/kinova_gen3_6dof_robotiq_2f_85_moveit_config/share/kinova_gen3_6dof_robotiq_2f_85_moveit_config/hook/cmake_prefix_path.dsv'
[1.281s] INFO:colcon.colcon_core.shell:Creating environment hook '/home/rama/Documents/code/Docker/moonshot_project/ros2_ws/install/kinova_gen3_6dof_robotiq_2f_85_moveit_config/share/kinova_gen3_6dof_robotiq_2f_85_moveit_config/hook/cmake_prefix_path.sh'
[1.281s] Level 1:colcon.colcon_core.environment:checking '/home/rama/Documents/code/Docker/moonshot_project/ros2_ws/install/kinova_gen3_6dof_robotiq_2f_85_moveit_config/bin'
[1.281s] Level 1:colcon.colcon_core.environment:checking '/home/rama/Documents/code/Docker/moonshot_project/ros2_ws/install/kinova_gen3_6dof_robotiq_2f_85_moveit_config/lib/pkgconfig/kinova_gen3_6dof_robotiq_2f_85_moveit_config.pc'
[1.281s] Level 1:colcon.colcon_core.environment:checking '/home/rama/Documents/code/Docker/moonshot_project/ros2_ws/install/kinova_gen3_6dof_robotiq_2f_85_moveit_config/lib/python3.10/site-packages'
[1.282s] Level 1:colcon.colcon_core.environment:checking '/home/rama/Documents/code/Docker/moonshot_project/ros2_ws/install/kinova_gen3_6dof_robotiq_2f_85_moveit_config/bin'
[1.282s] INFO:colcon.colcon_core.shell:Creating package script '/home/rama/Documents/code/Docker/moonshot_project/ros2_ws/install/kinova_gen3_6dof_robotiq_2f_85_moveit_config/share/kinova_gen3_6dof_robotiq_2f_85_moveit_config/package.ps1'
[1.282s] INFO:colcon.colcon_core.shell:Creating package descriptor '/home/rama/Documents/code/Docker/moonshot_project/ros2_ws/install/kinova_gen3_6dof_robotiq_2f_85_moveit_config/share/kinova_gen3_6dof_robotiq_2f_85_moveit_config/package.dsv'
[1.283s] INFO:colcon.colcon_core.shell:Creating package script '/home/rama/Documents/code/Docker/moonshot_project/ros2_ws/install/kinova_gen3_6dof_robotiq_2f_85_moveit_config/share/kinova_gen3_6dof_robotiq_2f_85_moveit_config/package.sh'
[1.283s] INFO:colcon.colcon_core.shell:Creating package script '/home/rama/Documents/code/Docker/moonshot_project/ros2_ws/install/kinova_gen3_6dof_robotiq_2f_85_moveit_config/share/kinova_gen3_6dof_robotiq_2f_85_moveit_config/package.bash'
[1.283s] INFO:colcon.colcon_core.shell:Creating package script '/home/rama/Documents/code/Docker/moonshot_project/ros2_ws/install/kinova_gen3_6dof_robotiq_2f_85_moveit_config/share/kinova_gen3_6dof_robotiq_2f_85_moveit_config/package.zsh'
[1.283s] Level 1:colcon.colcon_core.environment:create_file_with_runtime_dependencies(/home/rama/Documents/code/Docker/moonshot_project/ros2_ws/install/kinova_gen3_6dof_robotiq_2f_85_moveit_config/share/colcon-core/packages/kinova_gen3_6dof_robotiq_2f_85_moveit_config)
[1.284s] Level 1:colcon.colcon_core.environment:create_environment_scripts_only(kinova_gen3_6dof_robotiq_2f_85_moveit_config)
[1.284s] Level 1:colcon.colcon_core.environment:checking '/home/rama/Documents/code/Docker/moonshot_project/ros2_ws/install/kinova_gen3_6dof_robotiq_2f_85_moveit_config' for CMake module files
[1.284s] Level 1:colcon.colcon_core.environment:checking '/home/rama/Documents/code/Docker/moonshot_project/ros2_ws/install/kinova_gen3_6dof_robotiq_2f_85_moveit_config' for CMake config files
[1.284s] Level 1:colcon.colcon_core.shell:create_environment_hook('kinova_gen3_6dof_robotiq_2f_85_moveit_config', 'cmake_prefix_path')
[1.285s] INFO:colcon.colcon_core.shell:Creating environment hook '/home/rama/Documents/code/Docker/moonshot_project/ros2_ws/install/kinova_gen3_6dof_robotiq_2f_85_moveit_config/share/kinova_gen3_6dof_robotiq_2f_85_moveit_config/hook/cmake_prefix_path.ps1'
[1.285s] INFO:colcon.colcon_core.shell:Creating environment descriptor '/home/rama/Documents/code/Docker/moonshot_project/ros2_ws/install/kinova_gen3_6dof_robotiq_2f_85_moveit_config/share/kinova_gen3_6dof_robotiq_2f_85_moveit_config/hook/cmake_prefix_path.dsv'
[1.285s] INFO:colcon.colcon_core.shell:Creating environment hook '/home/rama/Documents/code/Docker/moonshot_project/ros2_ws/install/kinova_gen3_6dof_robotiq_2f_85_moveit_config/share/kinova_gen3_6dof_robotiq_2f_85_moveit_config/hook/cmake_prefix_path.sh'
[1.286s] Level 1:colcon.colcon_core.environment:checking '/home/rama/Documents/code/Docker/moonshot_project/ros2_ws/install/kinova_gen3_6dof_robotiq_2f_85_moveit_config/bin'
[1.286s] Level 1:colcon.colcon_core.environment:checking '/home/rama/Documents/code/Docker/moonshot_project/ros2_ws/install/kinova_gen3_6dof_robotiq_2f_85_moveit_config/lib/pkgconfig/kinova_gen3_6dof_robotiq_2f_85_moveit_config.pc'
[1.286s] Level 1:colcon.colcon_core.environment:checking '/home/rama/Documents/code/Docker/moonshot_project/ros2_ws/install/kinova_gen3_6dof_robotiq_2f_85_moveit_config/lib/python3.10/site-packages'
[1.286s] Level 1:colcon.colcon_core.environment:checking '/home/rama/Documents/code/Docker/moonshot_project/ros2_ws/install/kinova_gen3_6dof_robotiq_2f_85_moveit_config/bin'
[1.286s] INFO:colcon.colcon_core.shell:Creating package script '/home/rama/Documents/code/Docker/moonshot_project/ros2_ws/install/kinova_gen3_6dof_robotiq_2f_85_moveit_config/share/kinova_gen3_6dof_robotiq_2f_85_moveit_config/package.ps1'
[1.287s] INFO:colcon.colcon_core.shell:Creating package descriptor '/home/rama/Documents/code/Docker/moonshot_project/ros2_ws/install/kinova_gen3_6dof_robotiq_2f_85_moveit_config/share/kinova_gen3_6dof_robotiq_2f_85_moveit_config/package.dsv'
[1.287s] INFO:colcon.colcon_core.shell:Creating package script '/home/rama/Documents/code/Docker/moonshot_project/ros2_ws/install/kinova_gen3_6dof_robotiq_2f_85_moveit_config/share/kinova_gen3_6dof_robotiq_2f_85_moveit_config/package.sh'
[1.288s] INFO:colcon.colcon_core.shell:Creating package script '/home/rama/Documents/code/Docker/moonshot_project/ros2_ws/install/kinova_gen3_6dof_robotiq_2f_85_moveit_config/share/kinova_gen3_6dof_robotiq_2f_85_moveit_config/package.bash'
[1.288s] INFO:colcon.colcon_core.shell:Creating package script '/home/rama/Documents/code/Docker/moonshot_project/ros2_ws/install/kinova_gen3_6dof_robotiq_2f_85_moveit_config/share/kinova_gen3_6dof_robotiq_2f_85_moveit_config/package.zsh'
[1.288s] Level 1:colcon.colcon_core.environment:create_file_with_runtime_dependencies(/home/rama/Documents/code/Docker/moonshot_project/ros2_ws/install/kinova_gen3_6dof_robotiq_2f_85_moveit_config/share/colcon-core/packages/kinova_gen3_6dof_robotiq_2f_85_moveit_config)
[1.331s] DEBUG:colcon.colcon_core.event_handler.log_command:Invoked command in '/home/rama/Documents/code/Docker/moonshot_project/ros2_ws/build/moving_table_interfaces' returned '0': CMAKE_PREFIX_PATH=${CMAKE_PREFIX_PATH}:/home/rama/Documents/code/Docker/moonshot_project/ros2_ws/install/moving_table_pkg:/opt/ros/humble /usr/bin/cmake /home/rama/Documents/code/Docker/moonshot_project/ros2_ws/src/moving_table_interfaces -DROS_EDITION=ROS2 -DHUMBLE_ROS=humble -DCMAKE_INSTALL_PREFIX=/home/rama/Documents/code/Docker/moonshot_project/ros2_ws/install/moving_table_interfaces
[1.332s] DEBUG:colcon.colcon_core.event_handler.log_command:Invoking command in '/home/rama/Documents/code/Docker/moonshot_project/ros2_ws/build/moving_table_interfaces': CMAKE_PREFIX_PATH=${CMAKE_PREFIX_PATH}:/home/rama/Documents/code/Docker/moonshot_project/ros2_ws/install/moving_table_pkg:/opt/ros/humble /usr/bin/cmake --build /home/rama/Documents/code/Docker/moonshot_project/ros2_ws/build/moving_table_interfaces -- -j16 -l16
[2.849s] DEBUG:colcon.colcon_core.event_handler.log_command:Invoked command in '/home/rama/Documents/code/Docker/moonshot_project/ros2_ws/build/moving_table_interfaces' returned '0': CMAKE_PREFIX_PATH=${CMAKE_PREFIX_PATH}:/home/rama/Documents/code/Docker/moonshot_project/ros2_ws/install/moving_table_pkg:/opt/ros/humble /usr/bin/cmake --build /home/rama/Documents/code/Docker/moonshot_project/ros2_ws/build/moving_table_interfaces -- -j16 -l16
[2.850s] DEBUG:colcon.colcon_core.event_handler.log_command:Invoking command in '/home/rama/Documents/code/Docker/moonshot_project/ros2_ws/build/moving_table_interfaces': CMAKE_PREFIX_PATH=${CMAKE_PREFIX_PATH}:/home/rama/Documents/code/Docker/moonshot_project/ros2_ws/install/moving_table_pkg:/opt/ros/humble /usr/bin/cmake --install /home/rama/Documents/code/Docker/moonshot_project/ros2_ws/build/moving_table_interfaces
[2.893s] Level 1:colcon.colcon_core.environment:create_environment_scripts_only(moving_table_interfaces)
[2.893s] Level 1:colcon.colcon_core.environment:checking '/home/rama/Documents/code/Docker/moonshot_project/ros2_ws/install/moving_table_interfaces' for CMake module files
[2.893s] DEBUG:colcon.colcon_core.event_handler.log_command:Invoked command in '/home/rama/Documents/code/Docker/moonshot_project/ros2_ws/build/moving_table_interfaces' returned '0': CMAKE_PREFIX_PATH=${CMAKE_PREFIX_PATH}:/home/rama/Documents/code/Docker/moonshot_project/ros2_ws/install/moving_table_pkg:/opt/ros/humble /usr/bin/cmake --install /home/rama/Documents/code/Docker/moonshot_project/ros2_ws/build/moving_table_interfaces
[2.893s] Level 1:colcon.colcon_core.environment:checking '/home/rama/Documents/code/Docker/moonshot_project/ros2_ws/install/moving_table_interfaces' for CMake config files
[2.894s] Level 1:colcon.colcon_core.shell:create_environment_hook('moving_table_interfaces', 'cmake_prefix_path')
[2.894s] INFO:colcon.colcon_core.shell:Creating environment hook '/home/rama/Documents/code/Docker/moonshot_project/ros2_ws/install/moving_table_interfaces/share/moving_table_interfaces/hook/cmake_prefix_path.ps1'
[2.894s] INFO:colcon.colcon_core.shell:Creating environment descriptor '/home/rama/Documents/code/Docker/moonshot_project/ros2_ws/install/moving_table_interfaces/share/moving_table_interfaces/hook/cmake_prefix_path.dsv'
[2.895s] INFO:colcon.colcon_core.shell:Creating environment hook '/home/rama/Documents/code/Docker/moonshot_project/ros2_ws/install/moving_table_interfaces/share/moving_table_interfaces/hook/cmake_prefix_path.sh'
[2.895s] Level 1:colcon.colcon_core.environment:checking '/home/rama/Documents/code/Docker/moonshot_project/ros2_ws/install/moving_table_interfaces/lib'
[2.895s] Level 1:colcon.colcon_core.shell:create_environment_hook('moving_table_interfaces', 'ld_library_path_lib')
[2.895s] INFO:colcon.colcon_core.shell:Creating environment hook '/home/rama/Documents/code/Docker/moonshot_project/ros2_ws/install/moving_table_interfaces/share/moving_table_interfaces/hook/ld_library_path_lib.ps1'
[2.895s] INFO:colcon.colcon_core.shell:Creating environment descriptor '/home/rama/Documents/code/Docker/moonshot_project/ros2_ws/install/moving_table_interfaces/share/moving_table_interfaces/hook/ld_library_path_lib.dsv'
[2.895s] INFO:colcon.colcon_core.shell:Creating environment hook '/home/rama/Documents/code/Docker/moonshot_project/ros2_ws/install/moving_table_interfaces/share/moving_table_interfaces/hook/ld_library_path_lib.sh'
[2.896s] Level 1:colcon.colcon_core.environment:checking '/home/rama/Documents/code/Docker/moonshot_project/ros2_ws/install/moving_table_interfaces/bin'
[2.896s] Level 1:colcon.colcon_core.environment:checking '/home/rama/Documents/code/Docker/moonshot_project/ros2_ws/install/moving_table_interfaces/lib/pkgconfig/moving_table_interfaces.pc'
[2.896s] Level 1:colcon.colcon_core.environment:checking '/home/rama/Documents/code/Docker/moonshot_project/ros2_ws/install/moving_table_interfaces/lib/python3.10/site-packages'
[2.896s] Level 1:colcon.colcon_core.environment:checking '/home/rama/Documents/code/Docker/moonshot_project/ros2_ws/install/moving_table_interfaces/bin'
[2.896s] INFO:colcon.colcon_core.shell:Creating package script '/home/rama/Documents/code/Docker/moonshot_project/ros2_ws/install/moving_table_interfaces/share/moving_table_interfaces/package.ps1'
[2.896s] INFO:colcon.colcon_core.shell:Creating package descriptor '/home/rama/Documents/code/Docker/moonshot_project/ros2_ws/install/moving_table_interfaces/share/moving_table_interfaces/package.dsv'
[2.897s] INFO:colcon.colcon_core.shell:Creating package script '/home/rama/Documents/code/Docker/moonshot_project/ros2_ws/install/moving_table_interfaces/share/moving_table_interfaces/package.sh'
[2.897s] INFO:colcon.colcon_core.shell:Creating package script '/home/rama/Documents/code/Docker/moonshot_project/ros2_ws/install/moving_table_interfaces/share/moving_table_interfaces/package.bash'
[2.897s] INFO:colcon.colcon_core.shell:Creating package script '/home/rama/Documents/code/Docker/moonshot_project/ros2_ws/install/moving_table_interfaces/share/moving_table_interfaces/package.zsh'
[2.897s] Level 1:colcon.colcon_core.environment:create_file_with_runtime_dependencies(/home/rama/Documents/code/Docker/moonshot_project/ros2_ws/install/moving_table_interfaces/share/colcon-core/packages/moving_table_interfaces)
[2.898s] Level 1:colcon.colcon_core.environment:create_environment_scripts_only(moving_table_interfaces)
[2.898s] Level 1:colcon.colcon_core.environment:checking '/home/rama/Documents/code/Docker/moonshot_project/ros2_ws/install/moving_table_interfaces' for CMake module files
[2.898s] Level 1:colcon.colcon_core.environment:checking '/home/rama/Documents/code/Docker/moonshot_project/ros2_ws/install/moving_table_interfaces' for CMake config files
[2.899s] Level 1:colcon.colcon_core.shell:create_environment_hook('moving_table_interfaces', 'cmake_prefix_path')
[2.899s] INFO:colcon.colcon_core.shell:Creating environment hook '/home/rama/Documents/code/Docker/moonshot_project/ros2_ws/install/moving_table_interfaces/share/moving_table_interfaces/hook/cmake_prefix_path.ps1'
[2.899s] INFO:colcon.colcon_core.shell:Creating environment descriptor '/home/rama/Documents/code/Docker/moonshot_project/ros2_ws/install/moving_table_interfaces/share/moving_table_interfaces/hook/cmake_prefix_path.dsv'
[2.899s] INFO:colcon.colcon_core.shell:Creating environment hook '/home/rama/Documents/code/Docker/moonshot_project/ros2_ws/install/moving_table_interfaces/share/moving_table_interfaces/hook/cmake_prefix_path.sh'
[2.899s] Level 1:colcon.colcon_core.environment:checking '/home/rama/Documents/code/Docker/moonshot_project/ros2_ws/install/moving_table_interfaces/lib'
[2.900s] Level 1:colcon.colcon_core.shell:create_environment_hook('moving_table_interfaces', 'ld_library_path_lib')
[2.900s] INFO:colcon.colcon_core.shell:Creating environment hook '/home/rama/Documents/code/Docker/moonshot_project/ros2_ws/install/moving_table_interfaces/share/moving_table_interfaces/hook/ld_library_path_lib.ps1'
[2.900s] INFO:colcon.colcon_core.shell:Creating environment descriptor '/home/rama/Documents/code/Docker/moonshot_project/ros2_ws/install/moving_table_interfaces/share/moving_table_interfaces/hook/ld_library_path_lib.dsv'
[2.900s] INFO:colcon.colcon_core.shell:Creating environment hook '/home/rama/Documents/code/Docker/moonshot_project/ros2_ws/install/moving_table_interfaces/share/moving_table_interfaces/hook/ld_library_path_lib.sh'
[2.900s] Level 1:colcon.colcon_core.environment:checking '/home/rama/Documents/code/Docker/moonshot_project/ros2_ws/install/moving_table_interfaces/bin'
[2.900s] Level 1:colcon.colcon_core.environment:checking '/home/rama/Documents/code/Docker/moonshot_project/ros2_ws/install/moving_table_interfaces/lib/pkgconfig/moving_table_interfaces.pc'
[2.900s] Level 1:colcon.colcon_core.environment:checking '/home/rama/Documents/code/Docker/moonshot_project/ros2_ws/install/moving_table_interfaces/lib/python3.10/site-packages'
[2.901s] Level 1:colcon.colcon_core.environment:checking '/home/rama/Documents/code/Docker/moonshot_project/ros2_ws/install/moving_table_interfaces/bin'
[2.901s] INFO:colcon.colcon_core.shell:Creating package script '/home/rama/Documents/code/Docker/moonshot_project/ros2_ws/install/moving_table_interfaces/share/moving_table_interfaces/package.ps1'
[2.901s] INFO:colcon.colcon_core.shell:Creating package descriptor '/home/rama/Documents/code/Docker/moonshot_project/ros2_ws/install/moving_table_interfaces/share/moving_table_interfaces/package.dsv'
[2.901s] INFO:colcon.colcon_core.shell:Creating package script '/home/rama/Documents/code/Docker/moonshot_project/ros2_ws/install/moving_table_interfaces/share/moving_table_interfaces/package.sh'
[2.902s] INFO:colcon.colcon_core.shell:Creating package script '/home/rama/Documents/code/Docker/moonshot_project/ros2_ws/install/moving_table_interfaces/share/moving_table_interfaces/package.bash'
[2.902s] INFO:colcon.colcon_core.shell:Creating package script '/home/rama/Documents/code/Docker/moonshot_project/ros2_ws/install/moving_table_interfaces/share/moving_table_interfaces/package.zsh'
[2.902s] Level 1:colcon.colcon_core.environment:create_file_with_runtime_dependencies(/home/rama/Documents/code/Docker/moonshot_project/ros2_ws/install/moving_table_interfaces/share/colcon-core/packages/moving_table_interfaces)
[3.367s] DEBUG:colcon.colcon_core.event_handler.log_command:Invoked command in '/home/rama/Documents/code/Docker/moonshot_project/ros2_ws/build/livox_ros_driver2' returned '0': CMAKE_PREFIX_PATH=${CMAKE_PREFIX_PATH}:/home/rama/Documents/code/Docker/moonshot_project/ros2_ws/install/moving_table_pkg:/opt/ros/humble /usr/bin/cmake /home/rama/Documents/code/Docker/moonshot_project/ros2_ws/src/livox_ros_driver2 -DROS_EDITION=ROS2 -DHUMBLE_ROS=humble -DCMAKE_INSTALL_PREFIX=/home/rama/Documents/code/Docker/moonshot_project/ros2_ws/install/livox_ros_driver2
[3.369s] DEBUG:colcon.colcon_core.event_handler.log_command:Invoking command in '/home/rama/Documents/code/Docker/moonshot_project/ros2_ws/build/livox_ros_driver2': CMAKE_PREFIX_PATH=${CMAKE_PREFIX_PATH}:/home/rama/Documents/code/Docker/moonshot_project/ros2_ws/install/moving_table_pkg:/opt/ros/humble /usr/bin/cmake --build /home/rama/Documents/code/Docker/moonshot_project/ros2_ws/build/livox_ros_driver2 -- -j16 -l16
[10.999s] DEBUG:colcon.colcon_core.event_handler.log_command:Invoked command in '/home/rama/Documents/code/Docker/moonshot_project/ros2_ws/build/livox_ros_driver2' returned '0': CMAKE_PREFIX_PATH=${CMAKE_PREFIX_PATH}:/home/rama/Documents/code/Docker/moonshot_project/ros2_ws/install/moving_table_pkg:/opt/ros/humble /usr/bin/cmake --build /home/rama/Documents/code/Docker/moonshot_project/ros2_ws/build/livox_ros_driver2 -- -j16 -l16
[11.000s] DEBUG:colcon.colcon_core.event_handler.log_command:Invoking command in '/home/rama/Documents/code/Docker/moonshot_project/ros2_ws/build/livox_ros_driver2': CMAKE_PREFIX_PATH=${CMAKE_PREFIX_PATH}:/home/rama/Documents/code/Docker/moonshot_project/ros2_ws/install/moving_table_pkg:/opt/ros/humble /usr/bin/cmake --install /home/rama/Documents/code/Docker/moonshot_project/ros2_ws/build/livox_ros_driver2
[11.046s] Level 1:colcon.colcon_core.environment:create_environment_scripts_only(livox_ros_driver2)
[11.046s] Level 1:colcon.colcon_core.environment:checking '/home/rama/Documents/code/Docker/moonshot_project/ros2_ws/install/livox_ros_driver2' for CMake module files
[11.046s] DEBUG:colcon.colcon_core.event_handler.log_command:Invoked command in '/home/rama/Documents/code/Docker/moonshot_project/ros2_ws/build/livox_ros_driver2' returned '0': CMAKE_PREFIX_PATH=${CMAKE_PREFIX_PATH}:/home/rama/Documents/code/Docker/moonshot_project/ros2_ws/install/moving_table_pkg:/opt/ros/humble /usr/bin/cmake --install /home/rama/Documents/code/Docker/moonshot_project/ros2_ws/build/livox_ros_driver2
[11.046s] Level 1:colcon.colcon_core.environment:checking '/home/rama/Documents/code/Docker/moonshot_project/ros2_ws/install/livox_ros_driver2' for CMake config files
[11.047s] Level 1:colcon.colcon_core.shell:create_environment_hook('livox_ros_driver2', 'cmake_prefix_path')
[11.047s] INFO:colcon.colcon_core.shell:Creating environment hook '/home/rama/Documents/code/Docker/moonshot_project/ros2_ws/install/livox_ros_driver2/share/livox_ros_driver2/hook/cmake_prefix_path.ps1'
[11.047s] INFO:colcon.colcon_core.shell:Creating environment descriptor '/home/rama/Documents/code/Docker/moonshot_project/ros2_ws/install/livox_ros_driver2/share/livox_ros_driver2/hook/cmake_prefix_path.dsv'
[11.047s] INFO:colcon.colcon_core.shell:Creating environment hook '/home/rama/Documents/code/Docker/moonshot_project/ros2_ws/install/livox_ros_driver2/share/livox_ros_driver2/hook/cmake_prefix_path.sh'
[11.048s] Level 1:colcon.colcon_core.environment:checking '/home/rama/Documents/code/Docker/moonshot_project/ros2_ws/install/livox_ros_driver2/lib'
[11.048s] Level 1:colcon.colcon_core.shell:create_environment_hook('livox_ros_driver2', 'ld_library_path_lib')
[11.048s] INFO:colcon.colcon_core.shell:Creating environment hook '/home/rama/Documents/code/Docker/moonshot_project/ros2_ws/install/livox_ros_driver2/share/livox_ros_driver2/hook/ld_library_path_lib.ps1'
[11.048s] INFO:colcon.colcon_core.shell:Creating environment descriptor '/home/rama/Documents/code/Docker/moonshot_project/ros2_ws/install/livox_ros_driver2/share/livox_ros_driver2/hook/ld_library_path_lib.dsv'
[11.048s] INFO:colcon.colcon_core.shell:Creating environment hook '/home/rama/Documents/code/Docker/moonshot_project/ros2_ws/install/livox_ros_driver2/share/livox_ros_driver2/hook/ld_library_path_lib.sh'
[11.048s] Level 1:colcon.colcon_core.environment:checking '/home/rama/Documents/code/Docker/moonshot_project/ros2_ws/install/livox_ros_driver2/bin'
[11.048s] Level 1:colcon.colcon_core.environment:checking '/home/rama/Documents/code/Docker/moonshot_project/ros2_ws/install/livox_ros_driver2/lib/pkgconfig/livox_ros_driver2.pc'
[11.049s] Level 1:colcon.colcon_core.environment:checking '/home/rama/Documents/code/Docker/moonshot_project/ros2_ws/install/livox_ros_driver2/lib/python3.10/site-packages'
[11.049s] Level 1:colcon.colcon_core.environment:checking '/home/rama/Documents/code/Docker/moonshot_project/ros2_ws/install/livox_ros_driver2/bin'
[11.049s] INFO:colcon.colcon_core.shell:Creating package script '/home/rama/Documents/code/Docker/moonshot_project/ros2_ws/install/livox_ros_driver2/share/livox_ros_driver2/package.ps1'
[11.049s] INFO:colcon.colcon_core.shell:Creating package descriptor '/home/rama/Documents/code/Docker/moonshot_project/ros2_ws/install/livox_ros_driver2/share/livox_ros_driver2/package.dsv'
[11.050s] INFO:colcon.colcon_core.shell:Creating package script '/home/rama/Documents/code/Docker/moonshot_project/ros2_ws/install/livox_ros_driver2/share/livox_ros_driver2/package.sh'
[11.050s] INFO:colcon.colcon_core.shell:Creating package script '/home/rama/Documents/code/Docker/moonshot_project/ros2_ws/install/livox_ros_driver2/share/livox_ros_driver2/package.bash'
[11.050s] INFO:colcon.colcon_core.shell:Creating package script '/home/rama/Documents/code/Docker/moonshot_project/ros2_ws/install/livox_ros_driver2/share/livox_ros_driver2/package.zsh'
[11.050s] Level 1:colcon.colcon_core.environment:create_file_with_runtime_dependencies(/home/rama/Documents/code/Docker/moonshot_project/ros2_ws/install/livox_ros_driver2/share/colcon-core/packages/livox_ros_driver2)
[11.050s] Level 1:colcon.colcon_core.environment:create_environment_scripts_only(livox_ros_driver2)
[11.051s] Level 1:colcon.colcon_core.environment:checking '/home/rama/Documents/code/Docker/moonshot_project/ros2_ws/install/livox_ros_driver2' for CMake module files
[11.051s] Level 1:colcon.colcon_core.environment:checking '/home/rama/Documents/code/Docker/moonshot_project/ros2_ws/install/livox_ros_driver2' for CMake config files
[11.051s] Level 1:colcon.colcon_core.shell:create_environment_hook('livox_ros_driver2', 'cmake_prefix_path')
[11.051s] INFO:colcon.colcon_core.shell:Creating environment hook '/home/rama/Documents/code/Docker/moonshot_project/ros2_ws/install/livox_ros_driver2/share/livox_ros_driver2/hook/cmake_prefix_path.ps1'
[11.052s] INFO:colcon.colcon_core.shell:Creating environment descriptor '/home/rama/Documents/code/Docker/moonshot_project/ros2_ws/install/livox_ros_driver2/share/livox_ros_driver2/hook/cmake_prefix_path.dsv'
[11.052s] INFO:colcon.colcon_core.shell:Creating environment hook '/home/rama/Documents/code/Docker/moonshot_project/ros2_ws/install/livox_ros_driver2/share/livox_ros_driver2/hook/cmake_prefix_path.sh'
[11.052s] Level 1:colcon.colcon_core.environment:checking '/home/rama/Documents/code/Docker/moonshot_project/ros2_ws/install/livox_ros_driver2/lib'
[11.052s] Level 1:colcon.colcon_core.shell:create_environment_hook('livox_ros_driver2', 'ld_library_path_lib')
[11.052s] INFO:colcon.colcon_core.shell:Creating environment hook '/home/rama/Documents/code/Docker/moonshot_project/ros2_ws/install/livox_ros_driver2/share/livox_ros_driver2/hook/ld_library_path_lib.ps1'
[11.052s] INFO:colcon.colcon_core.shell:Creating environment descriptor '/home/rama/Documents/code/Docker/moonshot_project/ros2_ws/install/livox_ros_driver2/share/livox_ros_driver2/hook/ld_library_path_lib.dsv'
[11.053s] INFO:colcon.colcon_core.shell:Creating environment hook '/home/rama/Documents/code/Docker/moonshot_project/ros2_ws/install/livox_ros_driver2/share/livox_ros_driver2/hook/ld_library_path_lib.sh'
[11.053s] Level 1:colcon.colcon_core.environment:checking '/home/rama/Documents/code/Docker/moonshot_project/ros2_ws/install/livox_ros_driver2/bin'
[11.053s] Level 1:colcon.colcon_core.environment:checking '/home/rama/Documents/code/Docker/moonshot_project/ros2_ws/install/livox_ros_driver2/lib/pkgconfig/livox_ros_driver2.pc'
[11.053s] Level 1:colcon.colcon_core.environment:checking '/home/rama/Documents/code/Docker/moonshot_project/ros2_ws/install/livox_ros_driver2/lib/python3.10/site-packages'
[11.053s] Level 1:colcon.colcon_core.environment:checking '/home/rama/Documents/code/Docker/moonshot_project/ros2_ws/install/livox_ros_driver2/bin'
[11.053s] INFO:colcon.colcon_core.shell:Creating package script '/home/rama/Documents/code/Docker/moonshot_project/ros2_ws/install/livox_ros_driver2/share/livox_ros_driver2/package.ps1'
[11.054s] INFO:colcon.colcon_core.shell:Creating package descriptor '/home/rama/Documents/code/Docker/moonshot_project/ros2_ws/install/livox_ros_driver2/share/livox_ros_driver2/package.dsv'
[11.054s] INFO:colcon.colcon_core.shell:Creating package script '/home/rama/Documents/code/Docker/moonshot_project/ros2_ws/install/livox_ros_driver2/share/livox_ros_driver2/package.sh'
[11.054s] INFO:colcon.colcon_core.shell:Creating package script '/home/rama/Documents/code/Docker/moonshot_project/ros2_ws/install/livox_ros_driver2/share/livox_ros_driver2/package.bash'
[11.054s] INFO:colcon.colcon_core.shell:Creating package script '/home/rama/Documents/code/Docker/moonshot_project/ros2_ws/install/livox_ros_driver2/share/livox_ros_driver2/package.zsh'
[11.055s] Level 1:colcon.colcon_core.environment:create_file_with_runtime_dependencies(/home/rama/Documents/code/Docker/moonshot_project/ros2_ws/install/livox_ros_driver2/share/colcon-core/packages/livox_ros_driver2)
[14.236s] DEBUG:colcon.colcon_core.event_handler.log_command:Invoked command in '/home/rama/Documents/code/Docker/moonshot_project/ros2_ws/build/kortex_api' returned '0': CMAKE_PREFIX_PATH=${CMAKE_PREFIX_PATH}:/home/rama/Documents/code/Docker/moonshot_project/ros2_ws/install/moving_table_pkg:/opt/ros/humble /usr/bin/cmake /home/rama/Documents/code/Docker/moonshot_project/ros2_ws/src/ros2_kortex/kortex_api -DROS_EDITION=ROS2 -DHUMBLE_ROS=humble -DCMAKE_INSTALL_PREFIX=/home/rama/Documents/code/Docker/moonshot_project/ros2_ws/install/kortex_api
[14.236s] DEBUG:colcon.colcon_core.event_handler.log_command:Invoking command in '/home/rama/Documents/code/Docker/moonshot_project/ros2_ws/build/kortex_api': CMAKE_PREFIX_PATH=${CMAKE_PREFIX_PATH}:/home/rama/Documents/code/Docker/moonshot_project/ros2_ws/install/moving_table_pkg:/opt/ros/humble /usr/bin/cmake --build /home/rama/Documents/code/Docker/moonshot_project/ros2_ws/build/kortex_api -- -j16 -l16
[14.266s] DEBUG:colcon.colcon_core.event_handler.log_command:Invoked command in '/home/rama/Documents/code/Docker/moonshot_project/ros2_ws/build/kortex_api' returned '0': CMAKE_PREFIX_PATH=${CMAKE_PREFIX_PATH}:/home/rama/Documents/code/Docker/moonshot_project/ros2_ws/install/moving_table_pkg:/opt/ros/humble /usr/bin/cmake --build /home/rama/Documents/code/Docker/moonshot_project/ros2_ws/build/kortex_api -- -j16 -l16
[14.267s] DEBUG:colcon.colcon_core.event_handler.log_command:Invoking command in '/home/rama/Documents/code/Docker/moonshot_project/ros2_ws/build/kortex_api': CMAKE_PREFIX_PATH=${CMAKE_PREFIX_PATH}:/home/rama/Documents/code/Docker/moonshot_project/ros2_ws/install/moving_table_pkg:/opt/ros/humble /usr/bin/cmake --install /home/rama/Documents/code/Docker/moonshot_project/ros2_ws/build/kortex_api
[14.287s] Level 1:colcon.colcon_core.environment:create_environment_scripts_only(kortex_api)
[14.288s] Level 1:colcon.colcon_core.environment:checking '/home/rama/Documents/code/Docker/moonshot_project/ros2_ws/install/kortex_api' for CMake module files
[14.288s] DEBUG:colcon.colcon_core.event_handler.log_command:Invoked command in '/home/rama/Documents/code/Docker/moonshot_project/ros2_ws/build/kortex_api' returned '0': CMAKE_PREFIX_PATH=${CMAKE_PREFIX_PATH}:/home/rama/Documents/code/Docker/moonshot_project/ros2_ws/install/moving_table_pkg:/opt/ros/humble /usr/bin/cmake --install /home/rama/Documents/code/Docker/moonshot_project/ros2_ws/build/kortex_api
[14.288s] Level 1:colcon.colcon_core.environment:checking '/home/rama/Documents/code/Docker/moonshot_project/ros2_ws/install/kortex_api' for CMake config files
[14.289s] Level 1:colcon.colcon_core.shell:create_environment_hook('kortex_api', 'cmake_prefix_path')
[14.289s] INFO:colcon.colcon_core.shell:Creating environment hook '/home/rama/Documents/code/Docker/moonshot_project/ros2_ws/install/kortex_api/share/kortex_api/hook/cmake_prefix_path.ps1'
[14.289s] INFO:colcon.colcon_core.shell:Creating environment descriptor '/home/rama/Documents/code/Docker/moonshot_project/ros2_ws/install/kortex_api/share/kortex_api/hook/cmake_prefix_path.dsv'
[14.289s] INFO:colcon.colcon_core.shell:Creating environment hook '/home/rama/Documents/code/Docker/moonshot_project/ros2_ws/install/kortex_api/share/kortex_api/hook/cmake_prefix_path.sh'
[14.290s] Level 1:colcon.colcon_core.environment:checking '/home/rama/Documents/code/Docker/moonshot_project/ros2_ws/install/kortex_api/bin'
[14.290s] Level 1:colcon.colcon_core.environment:checking '/home/rama/Documents/code/Docker/moonshot_project/ros2_ws/install/kortex_api/lib/pkgconfig/kortex_api.pc'
[14.290s] Level 1:colcon.colcon_core.environment:checking '/home/rama/Documents/code/Docker/moonshot_project/ros2_ws/install/kortex_api/lib/python3.10/site-packages'
[14.290s] Level 1:colcon.colcon_core.environment:checking '/home/rama/Documents/code/Docker/moonshot_project/ros2_ws/install/kortex_api/bin'
[14.290s] INFO:colcon.colcon_core.shell:Creating package script '/home/rama/Documents/code/Docker/moonshot_project/ros2_ws/install/kortex_api/share/kortex_api/package.ps1'
[14.291s] INFO:colcon.colcon_core.shell:Creating package descriptor '/home/rama/Documents/code/Docker/moonshot_project/ros2_ws/install/kortex_api/share/kortex_api/package.dsv'
[14.291s] INFO:colcon.colcon_core.shell:Creating package script '/home/rama/Documents/code/Docker/moonshot_project/ros2_ws/install/kortex_api/share/kortex_api/package.sh'
[14.291s] INFO:colcon.colcon_core.shell:Creating package script '/home/rama/Documents/code/Docker/moonshot_project/ros2_ws/install/kortex_api/share/kortex_api/package.bash'
[14.291s] INFO:colcon.colcon_core.shell:Creating package script '/home/rama/Documents/code/Docker/moonshot_project/ros2_ws/install/kortex_api/share/kortex_api/package.zsh'
[14.292s] Level 1:colcon.colcon_core.environment:create_file_with_runtime_dependencies(/home/rama/Documents/code/Docker/moonshot_project/ros2_ws/install/kortex_api/share/colcon-core/packages/kortex_api)
[14.292s] Level 1:colcon.colcon_core.environment:create_environment_scripts_only(kortex_api)
[14.292s] Level 1:colcon.colcon_core.environment:checking '/home/rama/Documents/code/Docker/moonshot_project/ros2_ws/install/kortex_api' for CMake module files
[14.292s] Level 1:colcon.colcon_core.environment:checking '/home/rama/Documents/code/Docker/moonshot_project/ros2_ws/install/kortex_api' for CMake config files
[14.293s] Level 1:colcon.colcon_core.shell:create_environment_hook('kortex_api', 'cmake_prefix_path')
[14.293s] INFO:colcon.colcon_core.shell:Creating environment hook '/home/rama/Documents/code/Docker/moonshot_project/ros2_ws/install/kortex_api/share/kortex_api/hook/cmake_prefix_path.ps1'
[14.293s] INFO:colcon.colcon_core.shell:Creating environment descriptor '/home/rama/Documents/code/Docker/moonshot_project/ros2_ws/install/kortex_api/share/kortex_api/hook/cmake_prefix_path.dsv'
[14.293s] INFO:colcon.colcon_core.shell:Creating environment hook '/home/rama/Documents/code/Docker/moonshot_project/ros2_ws/install/kortex_api/share/kortex_api/hook/cmake_prefix_path.sh'
[14.294s] Level 1:colcon.colcon_core.environment:checking '/home/rama/Documents/code/Docker/moonshot_project/ros2_ws/install/kortex_api/bin'
[14.294s] Level 1:colcon.colcon_core.environment:checking '/home/rama/Documents/code/Docker/moonshot_project/ros2_ws/install/kortex_api/lib/pkgconfig/kortex_api.pc'
[14.294s] Level 1:colcon.colcon_core.environment:checking '/home/rama/Documents/code/Docker/moonshot_project/ros2_ws/install/kortex_api/lib/python3.10/site-packages'
[14.294s] Level 1:colcon.colcon_core.environment:checking '/home/rama/Documents/code/Docker/moonshot_project/ros2_ws/install/kortex_api/bin'
[14.294s] INFO:colcon.colcon_core.shell:Creating package script '/home/rama/Documents/code/Docker/moonshot_project/ros2_ws/install/kortex_api/share/kortex_api/package.ps1'
[14.294s] INFO:colcon.colcon_core.shell:Creating package descriptor '/home/rama/Documents/code/Docker/moonshot_project/ros2_ws/install/kortex_api/share/kortex_api/package.dsv'
[14.295s] INFO:colcon.colcon_core.shell:Creating package script '/home/rama/Documents/code/Docker/moonshot_project/ros2_ws/install/kortex_api/share/kortex_api/package.sh'
[14.295s] INFO:colcon.colcon_core.shell:Creating package script '/home/rama/Documents/code/Docker/moonshot_project/ros2_ws/install/kortex_api/share/kortex_api/package.bash'
[14.295s] INFO:colcon.colcon_core.shell:Creating package script '/home/rama/Documents/code/Docker/moonshot_project/ros2_ws/install/kortex_api/share/kortex_api/package.zsh'
[14.295s] Level 1:colcon.colcon_core.environment:create_file_with_runtime_dependencies(/home/rama/Documents/code/Docker/moonshot_project/ros2_ws/install/kortex_api/share/colcon-core/packages/kortex_api)
[14.296s] INFO:colcon.colcon_ros.task.ament_cmake.build:Building ROS package in '/home/rama/Documents/code/Docker/moonshot_project/ros2_ws/src/ros2_kortex/kortex_driver' with build type 'ament_cmake'
[14.296s] INFO:colcon.colcon_cmake.task.cmake.build:Building CMake package in '/home/rama/Documents/code/Docker/moonshot_project/ros2_ws/src/ros2_kortex/kortex_driver'
[14.296s] INFO:colcon.colcon_core.shell:Skip shell extension 'powershell' for command environment: Not usable outside of PowerShell
[14.296s] DEBUG:colcon.colcon_core.shell:Skip shell extension 'dsv' for command environment
[14.302s] DEBUG:colcon.colcon_core.event_handler.log_command:Invoking command in '/home/rama/Documents/code/Docker/moonshot_project/ros2_ws/build/kortex_driver': CMAKE_PREFIX_PATH=/home/rama/Documents/code/Docker/moonshot_project/ros2_ws/install/kortex_api:/home/rama/Documents/code/Docker/moonshot_project/ros2_ws/install/moving_table_interfaces:/home/rama/Documents/code/Docker/moonshot_project/ros2_ws/install/livox_ros_driver2:/home/rama/Documents/code/Docker/moonshot_project/ros2_ws/install/kortex_bringup:/home/rama/Documents/code/Docker/moonshot_project/ros2_ws/install/kortex_driver:/home/rama/Documents/code/Docker/moonshot_project/ros2_ws/install/kinova_gen3_lite_moveit_config:/home/rama/Documents/code/Docker/moonshot_project/ros2_ws/install/kinova_gen3_7dof_robotiq_2f_85_moveit_config:/home/rama/Documents/code/Docker/moonshot_project/ros2_ws/install/kinova_gen3_6dof_robotiq_2f_85_moveit_config:/home/rama/Documents/code/Docker/moonshot_project/ros2_ws/install/kortex_description:/opt/openrobots:/opt/openrobots:/home/rama/Documents/code/Docker/moonshot_project/ros2_ws/install/moving_table_pkg:/opt/ros/humble /usr/bin/cmake /home/rama/Documents/code/Docker/moonshot_project/ros2_ws/src/ros2_kortex/kortex_driver -DROS_EDITION=ROS2 -DHUMBLE_ROS=humble -DCMAKE_INSTALL_PREFIX=/home/rama/Documents/code/Docker/moonshot_project/ros2_ws/install/kortex_driver
[19.422s] DEBUG:colcon.colcon_core.event_handler.log_command:Invoked command in '/home/rama/Documents/code/Docker/moonshot_project/ros2_ws/build/kortex_driver' returned '0': CMAKE_PREFIX_PATH=/home/rama/Documents/code/Docker/moonshot_project/ros2_ws/install/kortex_api:/home/rama/Documents/code/Docker/moonshot_project/ros2_ws/install/moving_table_interfaces:/home/rama/Documents/code/Docker/moonshot_project/ros2_ws/install/livox_ros_driver2:/home/rama/Documents/code/Docker/moonshot_project/ros2_ws/install/kortex_bringup:/home/rama/Documents/code/Docker/moonshot_project/ros2_ws/install/kortex_driver:/home/rama/Documents/code/Docker/moonshot_project/ros2_ws/install/kinova_gen3_lite_moveit_config:/home/rama/Documents/code/Docker/moonshot_project/ros2_ws/install/kinova_gen3_7dof_robotiq_2f_85_moveit_config:/home/rama/Documents/code/Docker/moonshot_project/ros2_ws/install/kinova_gen3_6dof_robotiq_2f_85_moveit_config:/home/rama/Documents/code/Docker/moonshot_project/ros2_ws/install/kortex_description:/opt/openrobots:/opt/openrobots:/home/rama/Documents/code/Docker/moonshot_project/ros2_ws/install/moving_table_pkg:/opt/ros/humble /usr/bin/cmake /home/rama/Documents/code/Docker/moonshot_project/ros2_ws/src/ros2_kortex/kortex_driver -DROS_EDITION=ROS2 -DHUMBLE_ROS=humble -DCMAKE_INSTALL_PREFIX=/home/rama/Documents/code/Docker/moonshot_project/ros2_ws/install/kortex_driver
[19.423s] DEBUG:colcon.colcon_core.event_handler.log_command:Invoking command in '/home/rama/Documents/code/Docker/moonshot_project/ros2_ws/build/kortex_driver': CMAKE_PREFIX_PATH=/home/rama/Documents/code/Docker/moonshot_project/ros2_ws/install/kortex_api:/home/rama/Documents/code/Docker/moonshot_project/ros2_ws/install/moving_table_interfaces:/home/rama/Documents/code/Docker/moonshot_project/ros2_ws/install/livox_ros_driver2:/home/rama/Documents/code/Docker/moonshot_project/ros2_ws/install/kortex_bringup:/home/rama/Documents/code/Docker/moonshot_project/ros2_ws/install/kortex_driver:/home/rama/Documents/code/Docker/moonshot_project/ros2_ws/install/kinova_gen3_lite_moveit_config:/home/rama/Documents/code/Docker/moonshot_project/ros2_ws/install/kinova_gen3_7dof_robotiq_2f_85_moveit_config:/home/rama/Documents/code/Docker/moonshot_project/ros2_ws/install/kinova_gen3_6dof_robotiq_2f_85_moveit_config:/home/rama/Documents/code/Docker/moonshot_project/ros2_ws/install/kortex_description:/opt/openrobots:/opt/openrobots:/home/rama/Documents/code/Docker/moonshot_project/ros2_ws/install/moving_table_pkg:/opt/ros/humble /usr/bin/cmake --build /home/rama/Documents/code/Docker/moonshot_project/ros2_ws/build/kortex_driver -- -j16 -l16
[22.883s] DEBUG:colcon.colcon_core.event_handler.log_command:Invoked command in '/home/rama/Documents/code/Docker/moonshot_project/ros2_ws/build/kortex_driver' returned '0': CMAKE_PREFIX_PATH=/home/rama/Documents/code/Docker/moonshot_project/ros2_ws/install/kortex_api:/home/rama/Documents/code/Docker/moonshot_project/ros2_ws/install/moving_table_interfaces:/home/rama/Documents/code/Docker/moonshot_project/ros2_ws/install/livox_ros_driver2:/home/rama/Documents/code/Docker/moonshot_project/ros2_ws/install/kortex_bringup:/home/rama/Documents/code/Docker/moonshot_project/ros2_ws/install/kortex_driver:/home/rama/Documents/code/Docker/moonshot_project/ros2_ws/install/kinova_gen3_lite_moveit_config:/home/rama/Documents/code/Docker/moonshot_project/ros2_ws/install/kinova_gen3_7dof_robotiq_2f_85_moveit_config:/home/rama/Documents/code/Docker/moonshot_project/ros2_ws/install/kinova_gen3_6dof_robotiq_2f_85_moveit_config:/home/rama/Documents/code/Docker/moonshot_project/ros2_ws/install/kortex_description:/opt/openrobots:/opt/openrobots:/home/rama/Documents/code/Docker/moonshot_project/ros2_ws/install/moving_table_pkg:/opt/ros/humble /usr/bin/cmake --build /home/rama/Documents/code/Docker/moonshot_project/ros2_ws/build/kortex_driver -- -j16 -l16
[22.884s] DEBUG:colcon.colcon_core.event_handler.log_command:Invoking command in '/home/rama/Documents/code/Docker/moonshot_project/ros2_ws/build/kortex_driver': CMAKE_PREFIX_PATH=/home/rama/Documents/code/Docker/moonshot_project/ros2_ws/install/kortex_api:/home/rama/Documents/code/Docker/moonshot_project/ros2_ws/install/moving_table_interfaces:/home/rama/Documents/code/Docker/moonshot_project/ros2_ws/install/livox_ros_driver2:/home/rama/Documents/code/Docker/moonshot_project/ros2_ws/install/kortex_bringup:/home/rama/Documents/code/Docker/moonshot_project/ros2_ws/install/kortex_driver:/home/rama/Documents/code/Docker/moonshot_project/ros2_ws/install/kinova_gen3_lite_moveit_config:/home/rama/Documents/code/Docker/moonshot_project/ros2_ws/install/kinova_gen3_7dof_robotiq_2f_85_moveit_config:/home/rama/Documents/code/Docker/moonshot_project/ros2_ws/install/kinova_gen3_6dof_robotiq_2f_85_moveit_config:/home/rama/Documents/code/Docker/moonshot_project/ros2_ws/install/kortex_description:/opt/openrobots:/opt/openrobots:/home/rama/Documents/code/Docker/moonshot_project/ros2_ws/install/moving_table_pkg:/opt/ros/humble /usr/bin/cmake --install /home/rama/Documents/code/Docker/moonshot_project/ros2_ws/build/kortex_driver
[22.898s] Level 1:colcon.colcon_core.environment:create_environment_scripts_only(kortex_driver)
[22.898s] Level 1:colcon.colcon_core.environment:checking '/home/rama/Documents/code/Docker/moonshot_project/ros2_ws/install/kortex_driver' for CMake module files
[22.898s] DEBUG:colcon.colcon_core.event_handler.log_command:Invoked command in '/home/rama/Documents/code/Docker/moonshot_project/ros2_ws/build/kortex_driver' returned '0': CMAKE_PREFIX_PATH=/home/rama/Documents/code/Docker/moonshot_project/ros2_ws/install/kortex_api:/home/rama/Documents/code/Docker/moonshot_project/ros2_ws/install/moving_table_interfaces:/home/rama/Documents/code/Docker/moonshot_project/ros2_ws/install/livox_ros_driver2:/home/rama/Documents/code/Docker/moonshot_project/ros2_ws/install/kortex_bringup:/home/rama/Documents/code/Docker/moonshot_project/ros2_ws/install/kortex_driver:/home/rama/Documents/code/Docker/moonshot_project/ros2_ws/install/kinova_gen3_lite_moveit_config:/home/rama/Documents/code/Docker/moonshot_project/ros2_ws/install/kinova_gen3_7dof_robotiq_2f_85_moveit_config:/home/rama/Documents/code/Docker/moonshot_project/ros2_ws/install/kinova_gen3_6dof_robotiq_2f_85_moveit_config:/home/rama/Documents/code/Docker/moonshot_project/ros2_ws/install/kortex_description:/opt/openrobots:/opt/openrobots:/home/rama/Documents/code/Docker/moonshot_project/ros2_ws/install/moving_table_pkg:/opt/ros/humble /usr/bin/cmake --install /home/rama/Documents/code/Docker/moonshot_project/ros2_ws/build/kortex_driver
[22.898s] Level 1:colcon.colcon_core.environment:checking '/home/rama/Documents/code/Docker/moonshot_project/ros2_ws/install/kortex_driver' for CMake config files
[22.898s] Level 1:colcon.colcon_core.shell:create_environment_hook('kortex_driver', 'cmake_prefix_path')
[22.899s] INFO:colcon.colcon_core.shell:Creating environment hook '/home/rama/Documents/code/Docker/moonshot_project/ros2_ws/install/kortex_driver/share/kortex_driver/hook/cmake_prefix_path.ps1'
[22.899s] INFO:colcon.colcon_core.shell:Creating environment descriptor '/home/rama/Documents/code/Docker/moonshot_project/ros2_ws/install/kortex_driver/share/kortex_driver/hook/cmake_prefix_path.dsv'
[22.899s] INFO:colcon.colcon_core.shell:Creating environment hook '/home/rama/Documents/code/Docker/moonshot_project/ros2_ws/install/kortex_driver/share/kortex_driver/hook/cmake_prefix_path.sh'
[22.899s] Level 1:colcon.colcon_core.environment:checking '/home/rama/Documents/code/Docker/moonshot_project/ros2_ws/install/kortex_driver/lib'
[22.899s] Level 1:colcon.colcon_core.shell:create_environment_hook('kortex_driver', 'ld_library_path_lib')
[22.900s] INFO:colcon.colcon_core.shell:Creating environment hook '/home/rama/Documents/code/Docker/moonshot_project/ros2_ws/install/kortex_driver/share/kortex_driver/hook/ld_library_path_lib.ps1'
[22.900s] INFO:colcon.colcon_core.shell:Creating environment descriptor '/home/rama/Documents/code/Docker/moonshot_project/ros2_ws/install/kortex_driver/share/kortex_driver/hook/ld_library_path_lib.dsv'
[22.900s] INFO:colcon.colcon_core.shell:Creating environment hook '/home/rama/Documents/code/Docker/moonshot_project/ros2_ws/install/kortex_driver/share/kortex_driver/hook/ld_library_path_lib.sh'
[22.900s] Level 1:colcon.colcon_core.environment:checking '/home/rama/Documents/code/Docker/moonshot_project/ros2_ws/install/kortex_driver/bin'
[22.900s] Level 1:colcon.colcon_core.environment:checking '/home/rama/Documents/code/Docker/moonshot_project/ros2_ws/install/kortex_driver/lib/pkgconfig/kortex_driver.pc'
[22.900s] Level 1:colcon.colcon_core.environment:checking '/home/rama/Documents/code/Docker/moonshot_project/ros2_ws/install/kortex_driver/lib/python3.10/site-packages'
[22.901s] Level 1:colcon.colcon_core.environment:checking '/home/rama/Documents/code/Docker/moonshot_project/ros2_ws/install/kortex_driver/bin'
[22.901s] INFO:colcon.colcon_core.shell:Creating package script '/home/rama/Documents/code/Docker/moonshot_project/ros2_ws/install/kortex_driver/share/kortex_driver/package.ps1'
[22.901s] INFO:colcon.colcon_core.shell:Creating package descriptor '/home/rama/Documents/code/Docker/moonshot_project/ros2_ws/install/kortex_driver/share/kortex_driver/package.dsv'
[22.901s] INFO:colcon.colcon_core.shell:Creating package script '/home/rama/Documents/code/Docker/moonshot_project/ros2_ws/install/kortex_driver/share/kortex_driver/package.sh'
[22.901s] INFO:colcon.colcon_core.shell:Creating package script '/home/rama/Documents/code/Docker/moonshot_project/ros2_ws/install/kortex_driver/share/kortex_driver/package.bash'
[22.902s] INFO:colcon.colcon_core.shell:Creating package script '/home/rama/Documents/code/Docker/moonshot_project/ros2_ws/install/kortex_driver/share/kortex_driver/package.zsh'
[22.902s] Level 1:colcon.colcon_core.environment:create_file_with_runtime_dependencies(/home/rama/Documents/code/Docker/moonshot_project/ros2_ws/install/kortex_driver/share/colcon-core/packages/kortex_driver)
[22.902s] Level 1:colcon.colcon_core.environment:create_environment_scripts_only(kortex_driver)
[22.902s] Level 1:colcon.colcon_core.environment:checking '/home/rama/Documents/code/Docker/moonshot_project/ros2_ws/install/kortex_driver' for CMake module files
[22.903s] Level 1:colcon.colcon_core.environment:checking '/home/rama/Documents/code/Docker/moonshot_project/ros2_ws/install/kortex_driver' for CMake config files
[22.903s] Level 1:colcon.colcon_core.shell:create_environment_hook('kortex_driver', 'cmake_prefix_path')
[22.903s] INFO:colcon.colcon_core.shell:Creating environment hook '/home/rama/Documents/code/Docker/moonshot_project/ros2_ws/install/kortex_driver/share/kortex_driver/hook/cmake_prefix_path.ps1'
[22.903s] INFO:colcon.colcon_core.shell:Creating environment descriptor '/home/rama/Documents/code/Docker/moonshot_project/ros2_ws/install/kortex_driver/share/kortex_driver/hook/cmake_prefix_path.dsv'
[22.903s] INFO:colcon.colcon_core.shell:Creating environment hook '/home/rama/Documents/code/Docker/moonshot_project/ros2_ws/install/kortex_driver/share/kortex_driver/hook/cmake_prefix_path.sh'
[22.903s] Level 1:colcon.colcon_core.environment:checking '/home/rama/Documents/code/Docker/moonshot_project/ros2_ws/install/kortex_driver/lib'
[22.903s] Level 1:colcon.colcon_core.shell:create_environment_hook('kortex_driver', 'ld_library_path_lib')
[22.904s] INFO:colcon.colcon_core.shell:Creating environment hook '/home/rama/Documents/code/Docker/moonshot_project/ros2_ws/install/kortex_driver/share/kortex_driver/hook/ld_library_path_lib.ps1'
[22.904s] INFO:colcon.colcon_core.shell:Creating environment descriptor '/home/rama/Documents/code/Docker/moonshot_project/ros2_ws/install/kortex_driver/share/kortex_driver/hook/ld_library_path_lib.dsv'
[22.904s] INFO:colcon.colcon_core.shell:Creating environment hook '/home/rama/Documents/code/Docker/moonshot_project/ros2_ws/install/kortex_driver/share/kortex_driver/hook/ld_library_path_lib.sh'
[22.904s] Level 1:colcon.colcon_core.environment:checking '/home/rama/Documents/code/Docker/moonshot_project/ros2_ws/install/kortex_driver/bin'
[22.904s] Level 1:colcon.colcon_core.environment:checking '/home/rama/Documents/code/Docker/moonshot_project/ros2_ws/install/kortex_driver/lib/pkgconfig/kortex_driver.pc'
[22.905s] Level 1:colcon.colcon_core.environment:checking '/home/rama/Documents/code/Docker/moonshot_project/ros2_ws/install/kortex_driver/lib/python3.10/site-packages'
[22.905s] Level 1:colcon.colcon_core.environment:checking '/home/rama/Documents/code/Docker/moonshot_project/ros2_ws/install/kortex_driver/bin'
[22.905s] INFO:colcon.colcon_core.shell:Creating package script '/home/rama/Documents/code/Docker/moonshot_project/ros2_ws/install/kortex_driver/share/kortex_driver/package.ps1'
[22.905s] INFO:colcon.colcon_core.shell:Creating package descriptor '/home/rama/Documents/code/Docker/moonshot_project/ros2_ws/install/kortex_driver/share/kortex_driver/package.dsv'
[22.906s] INFO:colcon.colcon_core.shell:Creating package script '/home/rama/Documents/code/Docker/moonshot_project/ros2_ws/install/kortex_driver/share/kortex_driver/package.sh'
[22.906s] INFO:colcon.colcon_core.shell:Creating package script '/home/rama/Documents/code/Docker/moonshot_project/ros2_ws/install/kortex_driver/share/kortex_driver/package.bash'
[22.906s] INFO:colcon.colcon_core.shell:Creating package script '/home/rama/Documents/code/Docker/moonshot_project/ros2_ws/install/kortex_driver/share/kortex_driver/package.zsh'
[22.907s] Level 1:colcon.colcon_core.environment:create_file_with_runtime_dependencies(/home/rama/Documents/code/Docker/moonshot_project/ros2_ws/install/kortex_driver/share/colcon-core/packages/kortex_driver)
[22.907s] INFO:colcon.colcon_ros.task.ament_cmake.build:Building ROS package in '/home/rama/Documents/code/Docker/moonshot_project/ros2_ws/src/ros2_kortex/kortex_bringup' with build type 'ament_cmake'
[22.907s] INFO:colcon.colcon_cmake.task.cmake.build:Building CMake package in '/home/rama/Documents/code/Docker/moonshot_project/ros2_ws/src/ros2_kortex/kortex_bringup'
[22.907s] INFO:colcon.colcon_core.shell:Skip shell extension 'powershell' for command environment: Not usable outside of PowerShell
[22.907s] DEBUG:colcon.colcon_core.shell:Skip shell extension 'dsv' for command environment
[22.915s] DEBUG:colcon.colcon_core.event_handler.log_command:Invoking command in '/home/rama/Documents/code/Docker/moonshot_project/ros2_ws/build/kortex_bringup': CMAKE_PREFIX_PATH=/home/rama/Documents/code/Docker/moonshot_project/ros2_ws/install/kortex_driver:/home/rama/Documents/code/Docker/moonshot_project/ros2_ws/install/kortex_description:/home/rama/Documents/code/Docker/moonshot_project/ros2_ws/install/kortex_api:/home/rama/Documents/code/Docker/moonshot_project/ros2_ws/install/moving_table_interfaces:/home/rama/Documents/code/Docker/moonshot_project/ros2_ws/install/livox_ros_driver2:/home/rama/Documents/code/Docker/moonshot_project/ros2_ws/install/kortex_bringup:/home/rama/Documents/code/Docker/moonshot_project/ros2_ws/install/kinova_gen3_lite_moveit_config:/home/rama/Documents/code/Docker/moonshot_project/ros2_ws/install/kinova_gen3_7dof_robotiq_2f_85_moveit_config:/home/rama/Documents/code/Docker/moonshot_project/ros2_ws/install/kinova_gen3_6dof_robotiq_2f_85_moveit_config:/opt/openrobots:/opt/openrobots:/home/rama/Documents/code/Docker/moonshot_project/ros2_ws/install/moving_table_pkg:/opt/ros/humble LD_LIBRARY_PATH=/home/rama/Documents/code/Docker/moonshot_project/ros2_ws/install/kortex_driver/lib:/home/rama/Documents/code/Docker/moonshot_project/ros2_ws/install/moving_table_interfaces/lib:/home/rama/Documents/code/Docker/moonshot_project/ros2_ws/install/livox_ros_driver2/lib:/opt/ros/humble/opt/rviz_ogre_vendor/lib:/opt/ros/humble/lib/x86_64-linux-gnu:/opt/ros/humble/lib:/opt/openrobots/lib:/opt/openrobots/lib /usr/bin/cmake /home/rama/Documents/code/Docker/moonshot_project/ros2_ws/src/ros2_kortex/kortex_bringup -DROS_EDITION=ROS2 -DHUMBLE_ROS=humble -DCMAKE_INSTALL_PREFIX=/home/rama/Documents/code/Docker/moonshot_project/ros2_ws/install/kortex_bringup
[23.322s] DEBUG:colcon.colcon_core.event_handler.log_command:Invoked command in '/home/rama/Documents/code/Docker/moonshot_project/ros2_ws/build/kortex_bringup' returned '0': CMAKE_PREFIX_PATH=/home/rama/Documents/code/Docker/moonshot_project/ros2_ws/install/kortex_driver:/home/rama/Documents/code/Docker/moonshot_project/ros2_ws/install/kortex_description:/home/rama/Documents/code/Docker/moonshot_project/ros2_ws/install/kortex_api:/home/rama/Documents/code/Docker/moonshot_project/ros2_ws/install/moving_table_interfaces:/home/rama/Documents/code/Docker/moonshot_project/ros2_ws/install/livox_ros_driver2:/home/rama/Documents/code/Docker/moonshot_project/ros2_ws/install/kortex_bringup:/home/rama/Documents/code/Docker/moonshot_project/ros2_ws/install/kinova_gen3_lite_moveit_config:/home/rama/Documents/code/Docker/moonshot_project/ros2_ws/install/kinova_gen3_7dof_robotiq_2f_85_moveit_config:/home/rama/Documents/code/Docker/moonshot_project/ros2_ws/install/kinova_gen3_6dof_robotiq_2f_85_moveit_config:/opt/openrobots:/opt/openrobots:/home/rama/Documents/code/Docker/moonshot_project/ros2_ws/install/moving_table_pkg:/opt/ros/humble LD_LIBRARY_PATH=/home/rama/Documents/code/Docker/moonshot_project/ros2_ws/install/kortex_driver/lib:/home/rama/Documents/code/Docker/moonshot_project/ros2_ws/install/moving_table_interfaces/lib:/home/rama/Documents/code/Docker/moonshot_project/ros2_ws/install/livox_ros_driver2/lib:/opt/ros/humble/opt/rviz_ogre_vendor/lib:/opt/ros/humble/lib/x86_64-linux-gnu:/opt/ros/humble/lib:/opt/openrobots/lib:/opt/openrobots/lib /usr/bin/cmake /home/rama/Documents/code/Docker/moonshot_project/ros2_ws/src/ros2_kortex/kortex_bringup -DROS_EDITION=ROS2 -DHUMBLE_ROS=humble -DCMAKE_INSTALL_PREFIX=/home/rama/Documents/code/Docker/moonshot_project/ros2_ws/install/kortex_bringup
[23.323s] DEBUG:colcon.colcon_core.event_handler.log_command:Invoking command in '/home/rama/Documents/code/Docker/moonshot_project/ros2_ws/build/kortex_bringup': CMAKE_PREFIX_PATH=/home/rama/Documents/code/Docker/moonshot_project/ros2_ws/install/kortex_driver:/home/rama/Documents/code/Docker/moonshot_project/ros2_ws/install/kortex_description:/home/rama/Documents/code/Docker/moonshot_project/ros2_ws/install/kortex_api:/home/rama/Documents/code/Docker/moonshot_project/ros2_ws/install/moving_table_interfaces:/home/rama/Documents/code/Docker/moonshot_project/ros2_ws/install/livox_ros_driver2:/home/rama/Documents/code/Docker/moonshot_project/ros2_ws/install/kortex_bringup:/home/rama/Documents/code/Docker/moonshot_project/ros2_ws/install/kinova_gen3_lite_moveit_config:/home/rama/Documents/code/Docker/moonshot_project/ros2_ws/install/kinova_gen3_7dof_robotiq_2f_85_moveit_config:/home/rama/Documents/code/Docker/moonshot_project/ros2_ws/install/kinova_gen3_6dof_robotiq_2f_85_moveit_config:/opt/openrobots:/opt/openrobots:/home/rama/Documents/code/Docker/moonshot_project/ros2_ws/install/moving_table_pkg:/opt/ros/humble LD_LIBRARY_PATH=/home/rama/Documents/code/Docker/moonshot_project/ros2_ws/install/kortex_driver/lib:/home/rama/Documents/code/Docker/moonshot_project/ros2_ws/install/moving_table_interfaces/lib:/home/rama/Documents/code/Docker/moonshot_project/ros2_ws/install/livox_ros_driver2/lib:/opt/ros/humble/opt/rviz_ogre_vendor/lib:/opt/ros/humble/lib/x86_64-linux-gnu:/opt/ros/humble/lib:/opt/openrobots/lib:/opt/openrobots/lib /usr/bin/cmake --build /home/rama/Documents/code/Docker/moonshot_project/ros2_ws/build/kortex_bringup -- -j16 -l16
[23.346s] DEBUG:colcon.colcon_core.event_handler.log_command:Invoked command in '/home/rama/Documents/code/Docker/moonshot_project/ros2_ws/build/kortex_bringup' returned '0': CMAKE_PREFIX_PATH=/home/rama/Documents/code/Docker/moonshot_project/ros2_ws/install/kortex_driver:/home/rama/Documents/code/Docker/moonshot_project/ros2_ws/install/kortex_description:/home/rama/Documents/code/Docker/moonshot_project/ros2_ws/install/kortex_api:/home/rama/Documents/code/Docker/moonshot_project/ros2_ws/install/moving_table_interfaces:/home/rama/Documents/code/Docker/moonshot_project/ros2_ws/install/livox_ros_driver2:/home/rama/Documents/code/Docker/moonshot_project/ros2_ws/install/kortex_bringup:/home/rama/Documents/code/Docker/moonshot_project/ros2_ws/install/kinova_gen3_lite_moveit_config:/home/rama/Documents/code/Docker/moonshot_project/ros2_ws/install/kinova_gen3_7dof_robotiq_2f_85_moveit_config:/home/rama/Documents/code/Docker/moonshot_project/ros2_ws/install/kinova_gen3_6dof_robotiq_2f_85_moveit_config:/opt/openrobots:/opt/openrobots:/home/rama/Documents/code/Docker/moonshot_project/ros2_ws/install/moving_table_pkg:/opt/ros/humble LD_LIBRARY_PATH=/home/rama/Documents/code/Docker/moonshot_project/ros2_ws/install/kortex_driver/lib:/home/rama/Documents/code/Docker/moonshot_project/ros2_ws/install/moving_table_interfaces/lib:/home/rama/Documents/code/Docker/moonshot_project/ros2_ws/install/livox_ros_driver2/lib:/opt/ros/humble/opt/rviz_ogre_vendor/lib:/opt/ros/humble/lib/x86_64-linux-gnu:/opt/ros/humble/lib:/opt/openrobots/lib:/opt/openrobots/lib /usr/bin/cmake --build /home/rama/Documents/code/Docker/moonshot_project/ros2_ws/build/kortex_bringup -- -j16 -l16
[23.348s] DEBUG:colcon.colcon_core.event_handler.log_command:Invoking command in '/home/rama/Documents/code/Docker/moonshot_project/ros2_ws/build/kortex_bringup': CMAKE_PREFIX_PATH=/home/rama/Documents/code/Docker/moonshot_project/ros2_ws/install/kortex_driver:/home/rama/Documents/code/Docker/moonshot_project/ros2_ws/install/kortex_description:/home/rama/Documents/code/Docker/moonshot_project/ros2_ws/install/kortex_api:/home/rama/Documents/code/Docker/moonshot_project/ros2_ws/install/moving_table_interfaces:/home/rama/Documents/code/Docker/moonshot_project/ros2_ws/install/livox_ros_driver2:/home/rama/Documents/code/Docker/moonshot_project/ros2_ws/install/kortex_bringup:/home/rama/Documents/code/Docker/moonshot_project/ros2_ws/install/kinova_gen3_lite_moveit_config:/home/rama/Documents/code/Docker/moonshot_project/ros2_ws/install/kinova_gen3_7dof_robotiq_2f_85_moveit_config:/home/rama/Documents/code/Docker/moonshot_project/ros2_ws/install/kinova_gen3_6dof_robotiq_2f_85_moveit_config:/opt/openrobots:/opt/openrobots:/home/rama/Documents/code/Docker/moonshot_project/ros2_ws/install/moving_table_pkg:/opt/ros/humble LD_LIBRARY_PATH=/home/rama/Documents/code/Docker/moonshot_project/ros2_ws/install/kortex_driver/lib:/home/rama/Documents/code/Docker/moonshot_project/ros2_ws/install/moving_table_interfaces/lib:/home/rama/Documents/code/Docker/moonshot_project/ros2_ws/install/livox_ros_driver2/lib:/opt/ros/humble/opt/rviz_ogre_vendor/lib:/opt/ros/humble/lib/x86_64-linux-gnu:/opt/ros/humble/lib:/opt/openrobots/lib:/opt/openrobots/lib /usr/bin/cmake --install /home/rama/Documents/code/Docker/moonshot_project/ros2_ws/build/kortex_bringup
[23.355s] Level 1:colcon.colcon_core.environment:create_environment_scripts_only(kortex_bringup)
[23.355s] Level 1:colcon.colcon_core.environment:checking '/home/rama/Documents/code/Docker/moonshot_project/ros2_ws/install/kortex_bringup' for CMake module files
[23.355s] DEBUG:colcon.colcon_core.event_handler.log_command:Invoked command in '/home/rama/Documents/code/Docker/moonshot_project/ros2_ws/build/kortex_bringup' returned '0': CMAKE_PREFIX_PATH=/home/rama/Documents/code/Docker/moonshot_project/ros2_ws/install/kortex_driver:/home/rama/Documents/code/Docker/moonshot_project/ros2_ws/install/kortex_description:/home/rama/Documents/code/Docker/moonshot_project/ros2_ws/install/kortex_api:/home/rama/Documents/code/Docker/moonshot_project/ros2_ws/install/moving_table_interfaces:/home/rama/Documents/code/Docker/moonshot_project/ros2_ws/install/livox_ros_driver2:/home/rama/Documents/code/Docker/moonshot_project/ros2_ws/install/kortex_bringup:/home/rama/Documents/code/Docker/moonshot_project/ros2_ws/install/kinova_gen3_lite_moveit_config:/home/rama/Documents/code/Docker/moonshot_project/ros2_ws/install/kinova_gen3_7dof_robotiq_2f_85_moveit_config:/home/rama/Documents/code/Docker/moonshot_project/ros2_ws/install/kinova_gen3_6dof_robotiq_2f_85_moveit_config:/opt/openrobots:/opt/openrobots:/home/rama/Documents/code/Docker/moonshot_project/ros2_ws/install/moving_table_pkg:/opt/ros/humble LD_LIBRARY_PATH=/home/rama/Documents/code/Docker/moonshot_project/ros2_ws/install/kortex_driver/lib:/home/rama/Documents/code/Docker/moonshot_project/ros2_ws/install/moving_table_interfaces/lib:/home/rama/Documents/code/Docker/moonshot_project/ros2_ws/install/livox_ros_driver2/lib:/opt/ros/humble/opt/rviz_ogre_vendor/lib:/opt/ros/humble/lib/x86_64-linux-gnu:/opt/ros/humble/lib:/opt/openrobots/lib:/opt/openrobots/lib /usr/bin/cmake --install /home/rama/Documents/code/Docker/moonshot_project/ros2_ws/build/kortex_bringup
[23.356s] Level 1:colcon.colcon_core.environment:checking '/home/rama/Documents/code/Docker/moonshot_project/ros2_ws/install/kortex_bringup' for CMake config files
[23.356s] Level 1:colcon.colcon_core.shell:create_environment_hook('kortex_bringup', 'cmake_prefix_path')
[23.356s] INFO:colcon.colcon_core.shell:Creating environment hook '/home/rama/Documents/code/Docker/moonshot_project/ros2_ws/install/kortex_bringup/share/kortex_bringup/hook/cmake_prefix_path.ps1'
[23.356s] INFO:colcon.colcon_core.shell:Creating environment descriptor '/home/rama/Documents/code/Docker/moonshot_project/ros2_ws/install/kortex_bringup/share/kortex_bringup/hook/cmake_prefix_path.dsv'
[23.356s] INFO:colcon.colcon_core.shell:Creating environment hook '/home/rama/Documents/code/Docker/moonshot_project/ros2_ws/install/kortex_bringup/share/kortex_bringup/hook/cmake_prefix_path.sh'
[23.357s] Level 1:colcon.colcon_core.environment:checking '/home/rama/Documents/code/Docker/moonshot_project/ros2_ws/install/kortex_bringup/lib'
[23.357s] Level 1:colcon.colcon_core.environment:checking '/home/rama/Documents/code/Docker/moonshot_project/ros2_ws/install/kortex_bringup/bin'
[23.357s] Level 1:colcon.colcon_core.environment:checking '/home/rama/Documents/code/Docker/moonshot_project/ros2_ws/install/kortex_bringup/lib/pkgconfig/kortex_bringup.pc'
[23.357s] Level 1:colcon.colcon_core.environment:checking '/home/rama/Documents/code/Docker/moonshot_project/ros2_ws/install/kortex_bringup/lib/python3.10/site-packages'
[23.357s] Level 1:colcon.colcon_core.environment:checking '/home/rama/Documents/code/Docker/moonshot_project/ros2_ws/install/kortex_bringup/bin'
[23.357s] INFO:colcon.colcon_core.shell:Creating package script '/home/rama/Documents/code/Docker/moonshot_project/ros2_ws/install/kortex_bringup/share/kortex_bringup/package.ps1'
[23.357s] INFO:colcon.colcon_core.shell:Creating package descriptor '/home/rama/Documents/code/Docker/moonshot_project/ros2_ws/install/kortex_bringup/share/kortex_bringup/package.dsv'
[23.358s] INFO:colcon.colcon_core.shell:Creating package script '/home/rama/Documents/code/Docker/moonshot_project/ros2_ws/install/kortex_bringup/share/kortex_bringup/package.sh'
[23.358s] INFO:colcon.colcon_core.shell:Creating package script '/home/rama/Documents/code/Docker/moonshot_project/ros2_ws/install/kortex_bringup/share/kortex_bringup/package.bash'
[23.358s] INFO:colcon.colcon_core.shell:Creating package script '/home/rama/Documents/code/Docker/moonshot_project/ros2_ws/install/kortex_bringup/share/kortex_bringup/package.zsh'
[23.358s] Level 1:colcon.colcon_core.environment:create_file_with_runtime_dependencies(/home/rama/Documents/code/Docker/moonshot_project/ros2_ws/install/kortex_bringup/share/colcon-core/packages/kortex_bringup)
[23.359s] Level 1:colcon.colcon_core.environment:create_environment_scripts_only(kortex_bringup)
[23.359s] Level 1:colcon.colcon_core.environment:checking '/home/rama/Documents/code/Docker/moonshot_project/ros2_ws/install/kortex_bringup' for CMake module files
[23.359s] Level 1:colcon.colcon_core.environment:checking '/home/rama/Documents/code/Docker/moonshot_project/ros2_ws/install/kortex_bringup' for CMake config files
[23.359s] Level 1:colcon.colcon_core.shell:create_environment_hook('kortex_bringup', 'cmake_prefix_path')
[23.359s] INFO:colcon.colcon_core.shell:Creating environment hook '/home/rama/Documents/code/Docker/moonshot_project/ros2_ws/install/kortex_bringup/share/kortex_bringup/hook/cmake_prefix_path.ps1'
[23.359s] INFO:colcon.colcon_core.shell:Creating environment descriptor '/home/rama/Documents/code/Docker/moonshot_project/ros2_ws/install/kortex_bringup/share/kortex_bringup/hook/cmake_prefix_path.dsv'
[23.360s] INFO:colcon.colcon_core.shell:Creating environment hook '/home/rama/Documents/code/Docker/moonshot_project/ros2_ws/install/kortex_bringup/share/kortex_bringup/hook/cmake_prefix_path.sh'
[23.360s] Level 1:colcon.colcon_core.environment:checking '/home/rama/Documents/code/Docker/moonshot_project/ros2_ws/install/kortex_bringup/lib'
[23.360s] Level 1:colcon.colcon_core.environment:checking '/home/rama/Documents/code/Docker/moonshot_project/ros2_ws/install/kortex_bringup/bin'
[23.360s] Level 1:colcon.colcon_core.environment:checking '/home/rama/Documents/code/Docker/moonshot_project/ros2_ws/install/kortex_bringup/lib/pkgconfig/kortex_bringup.pc'
[23.360s] Level 1:colcon.colcon_core.environment:checking '/home/rama/Documents/code/Docker/moonshot_project/ros2_ws/install/kortex_bringup/lib/python3.10/site-packages'
[23.360s] Level 1:colcon.colcon_core.environment:checking '/home/rama/Documents/code/Docker/moonshot_project/ros2_ws/install/kortex_bringup/bin'
[23.361s] INFO:colcon.colcon_core.shell:Creating package script '/home/rama/Documents/code/Docker/moonshot_project/ros2_ws/install/kortex_bringup/share/kortex_bringup/package.ps1'
[23.361s] INFO:colcon.colcon_core.shell:Creating package descriptor '/home/rama/Documents/code/Docker/moonshot_project/ros2_ws/install/kortex_bringup/share/kortex_bringup/package.dsv'
[23.361s] INFO:colcon.colcon_core.shell:Creating package script '/home/rama/Documents/code/Docker/moonshot_project/ros2_ws/install/kortex_bringup/share/kortex_bringup/package.sh'
[23.361s] INFO:colcon.colcon_core.shell:Creating package script '/home/rama/Documents/code/Docker/moonshot_project/ros2_ws/install/kortex_bringup/share/kortex_bringup/package.bash'
[23.362s] INFO:colcon.colcon_core.shell:Creating package script '/home/rama/Documents/code/Docker/moonshot_project/ros2_ws/install/kortex_bringup/share/kortex_bringup/package.zsh'
[23.362s] Level 1:colcon.colcon_core.environment:create_file_with_runtime_dependencies(/home/rama/Documents/code/Docker/moonshot_project/ros2_ws/install/kortex_bringup/share/colcon-core/packages/kortex_bringup)
[23.362s] DEBUG:colcon.colcon_parallel_executor.executor.parallel:closing loop
[23.362s] DEBUG:colcon.colcon_parallel_executor.executor.parallel:loop closed
[23.363s] DEBUG:colcon.colcon_parallel_executor.executor.parallel:run_until_complete finished with '0'
[23.363s] DEBUG:colcon.colcon_core.event_reactor:joining thread
[23.366s] INFO:colcon.colcon_core.plugin_system:Skipping extension 'colcon_notification.desktop_notification.terminal_notifier': Not used on non-Darwin systems
[23.366s] INFO:colcon.colcon_core.plugin_system:Skipping extension 'colcon_notification.desktop_notification.win32': Not used on non-Windows systems
[23.366s] INFO:colcon.colcon_notification.desktop_notification:Sending desktop notification using 'notify2'
[23.374s] DEBUG:colcon.colcon_core.event_reactor:joined thread
[23.375s] INFO:colcon.colcon_core.shell:Creating prefix script '/home/rama/Documents/code/Docker/moonshot_project/ros2_ws/install/local_setup.ps1'
[23.375s] INFO:colcon.colcon_core.shell:Creating prefix util module '/home/rama/Documents/code/Docker/moonshot_project/ros2_ws/install/_local_setup_util_ps1.py'
[23.376s] INFO:colcon.colcon_core.shell:Creating prefix chain script '/home/rama/Documents/code/Docker/moonshot_project/ros2_ws/install/setup.ps1'
[23.377s] INFO:colcon.colcon_core.shell:Creating prefix script '/home/rama/Documents/code/Docker/moonshot_project/ros2_ws/install/local_setup.sh'
[23.378s] INFO:colcon.colcon_core.shell:Creating prefix util module '/home/rama/Documents/code/Docker/moonshot_project/ros2_ws/install/_local_setup_util_sh.py'
[23.378s] INFO:colcon.colcon_core.shell:Creating prefix chain script '/home/rama/Documents/code/Docker/moonshot_project/ros2_ws/install/setup.sh'
[23.379s] INFO:colcon.colcon_core.shell:Creating prefix script '/home/rama/Documents/code/Docker/moonshot_project/ros2_ws/install/local_setup.bash'
[23.379s] INFO:colcon.colcon_core.shell:Creating prefix chain script '/home/rama/Documents/code/Docker/moonshot_project/ros2_ws/install/setup.bash'
[23.380s] INFO:colcon.colcon_core.shell:Creating prefix script '/home/rama/Documents/code/Docker/moonshot_project/ros2_ws/install/local_setup.zsh'
[23.380s] INFO:colcon.colcon_core.shell:Creating prefix chain script '/home/rama/Documents/code/Docker/moonshot_project/ros2_ws/install/setup.zsh'
